stacked_hh_uid,data_year,exposed_prob_mass,chosen_alt_exposed
100000000600,2015,0.002822353174761436,1
100000001600,2015,0.00023283326139112549,1
100000002100,2015,0.0016678497137573773,1
100000002300,2015,6.116714017632554e-05,1
100000002700,2015,0.000294921904470994,1
100000004200,2015,3.0411691655632088e-06,1
100000004300,2015,0.00048648894115676085,1
100000004700,2015,0.00013524806077084975,1
100000004900,2015,0.0013708797954877553,1
100000005200,2015,0.0009238772112418347,1
100000005500,2015,0.0014755545924828616,1
100000006400,2015,0.0003633358526411994,1
100000007000,2015,1.273550344361068e-05,1
100000007400,2015,5.6690582115005193e-05,1
100000007700,2015,0.00017014988409588325,1
100000008100,2015,0.0016581694246542904,1
100000008300,2015,0.00043639171143577873,1
100000009400,2015,0.0004345303221477855,1
100000009600,2015,0.00012903536557853736,1
100000010200,2015,0.0012156754491971218,1
100000010800,2015,2.7894271879144548e-05,1
100000010900,2015,0.0009005350337163414,1
100000011200,2015,8.480683247012388e-05,1
100000011500,2015,0.00023115478890034036,1
100000012300,2015,3.620532393336215e-05,1
100000012600,2015,0.00031940112140645783,1
100000012800,2015,4.642961447561138e-05,1
100000012900,2015,0.00018271895214047804,1
100000013800,2015,5.195302391824285e-06,1
100000014000,2015,0.00034358580516325794,1
100000014500,2015,3.2444615751313954e-05,1
100000015100,2015,0.0017870501311909597,1
100000015200,2015,0.00018056226577388667,1
100000015600,2015,0.0016210456020007019,1
100000015800,2015,6.69283572350412e-05,1
100000016600,2015,9.5724309680651e-05,1
100000017100,2015,0.0006028605630049466,1
100000017200,2015,0.00046484988138581376,1
100000017600,2015,0.0002784037671326863,1
100000018700,2015,3.795117598802381e-05,1
100000019600,2015,0.0009325859705490141,1
100000019700,2015,5.716014615728234e-06,1
100000020700,2015,0.0001827596618606933,1
100000021400,2015,0.004047662017014595,1
100000021800,2015,0.00016514266096105798,1
100000022300,2015,0.002523911428024083,1
100000022600,2015,0.0012569866205326245,1
100000022900,2015,2.5425448072233466e-05,1
100000023200,2015,2.848275571432766e-05,1
100000023500,2015,1.0781792858051662e-05,1
100000023800,2015,0.0012401305546628195,1
100000023900,2015,0.007185661395296572,1
100000024300,2015,0.0003053593498570779,1
100000024600,2015,0.0005889039867032544,1
100000024700,2015,0.00012614712535004988,1
100000025200,2015,3.908532635294883e-05,1
100000026200,2015,8.255042802149638e-05,1
100000027100,2015,0.00011930178664166719,1
100000027300,2015,0.0008820511547780589,1
100000027500,2015,0.00011425954258911519,1
100000028000,2015,0.000745831823976333,1
100000028300,2015,0.0010701757615628163,1
100000028400,2015,0.0001898258810151173,1
100000029000,2015,2.8800016532637054e-05,1
100000029100,2015,0.002545353894462523,1
100000029600,2015,0.0007760649997333515,1
100000029800,2015,1.17066883742948e-05,1
100000029900,2015,8.188344100466699e-05,1
100000031400,2015,3.12106177368296e-05,1
100000031700,2015,2.5553927556475876e-05,1
100000032000,2015,5.5006018672081935e-05,1
100000033100,2015,3.389257229226979e-05,1
100000033400,2015,0.0012244303852621684,1
100000034000,2015,0.0005162519738772959,1
100000034900,2015,0.0002511647742766808,1
100000035000,2015,1.5002457648488599e-05,1
100000036600,2015,2.2522079428696665e-05,1
100000036900,2015,0.0005659460909946748,1
100000038500,2015,0.0004231091034826783,1
100000039800,2015,0.00034317918651537166,1
100000042100,2015,9.914396998114683e-05,1
100000042300,2015,0.00077843763719438,1
100000042500,2015,0.00038726438753487323,1
100000043000,2015,0.00020249548864846663,1
100000045600,2015,0.00014313578305467575,1
100000046600,2015,0.00039444170546712345,1
100000046700,2015,6.408422891034866e-05,1
100000046800,2015,0.009441073102861897,1
100000047100,2015,0.0013880128436660972,1
100000049200,2015,4.4922201736381955e-06,1
100000049500,2015,3.6127436347741205e-05,1
100000051100,2015,0.0008394283727871303,1
100000051800,2015,0.00024372262918232149,1
100000052500,2015,0.0037808922174955655,1
100000052900,2015,2.8520353525809417e-05,1
100000054000,2015,0.00018273919967361416,1
100000054100,2015,4.122451125129523e-05,1
100000054200,2015,0.0003154448650025637,1
100000054500,2015,0.0002568611061168701,1
100000054900,2015,3.867210350532518e-05,1
100000055900,2015,0.001045065938453816,1
100000056700,2015,0.00012170408130504761,1
100000056800,2015,3.452631105624174e-05,1
100000057900,2015,7.194991756007177e-05,1
100000058600,2015,0.0005658732153808846,1
100000058700,2015,0.00034075805886721707,1
100000058900,2015,0.00018201518643074625,1
100000059400,2015,0.00013833796397514592,1
100000061300,2015,0.003272767749158103,1
100000061600,2015,2.9055869861282033e-05,1
100000062300,2015,1.5053194669176959e-05,1
100000063500,2015,1.5390333227840763e-08,1
100000063800,2015,2.8239639960795543e-05,1
100000063900,2015,0.0006635533262292171,1
100000064600,2015,0.0001657709628655097,1
100000065500,2015,0.00017828888509755335,1
100000065900,2015,0.0012449630975152014,1
100000067700,2015,0.0005215213993807798,1
100000067900,2015,0.0012259111330314547,1
100000068100,2015,3.338918172939423e-05,1
100000068300,2015,0.023938682797949324,1
100000068400,2015,6.72364700971191e-05,1
100000068500,2015,0.00018113732967378707,1
100000069000,2015,0.00021726185392186362,1
100000070200,2015,0.0001629521503890017,1
100000070500,2015,0.0007079215759591912,1
100000071100,2015,1.1175976387269745e-05,1
100000071300,2015,1.406394985105133e-05,1
100000071700,2015,0.0015591135730776506,1
100000072400,2015,4.396671118226501e-05,1
100000072700,2015,0.00012061134277856649,1
100000072800,2015,5.47076296264074e-06,1
100000073500,2015,6.098843776127965e-05,1
100000074000,2015,0.000408116916918233,1
100000074600,2015,7.675847310671865e-05,1
100000075500,2015,0.00012119792144616863,1
100000076400,2015,0.0002855785122252683,1
100000076500,2015,0.00022967719994211952,1
100000076700,2015,0.002471679513681552,1
100000077300,2015,9.321926799128288e-06,1
100000077700,2015,0.00015941738589047533,1
100000077900,2015,0.00028111231607478286,1
100000078900,2015,0.00013306030919821827,1
100000079000,2015,4.713288799125081e-05,1
100000079500,2015,0.00024784593690628135,1
100000079800,2015,2.1094252970970237e-05,1
100000080800,2015,2.732248604648519e-05,1
100000081600,2015,5.777371214545417e-05,1
100000082000,2015,5.515378160927191e-05,1
100000082400,2015,3.2498582629732574e-06,1
100000082600,2015,9.091649535929317e-05,1
100000083600,2015,0.00016080094407979148,1
100000083700,2015,4.831540180255348e-05,1
100000083900,2015,8.930705060835103e-06,1
100000084400,2015,2.1130907079587934e-05,1
100000084500,2015,0.00018618172427854884,1
100000086200,2015,0.05358712478581069,1
100000086300,2015,0.0034781577484786024,1
100000086400,2015,7.180351298380102e-05,1
100000086500,2015,1.3005245649805656e-05,1
100000087000,2015,3.716018796698224e-05,1
100000088000,2015,0.0022790148094082607,1
100000088100,2015,0.000554514430011596,1
100000088400,2015,9.152048646100648e-05,1
100000088700,2015,0.0006184552753641647,1
100000089200,2015,0.0006472018823791004,1
100000089300,2015,0.002734293635019749,1
100000089500,2015,0.010768887441751482,1
100000089700,2015,0.00010854503977537242,1
100000090700,2015,0.00034214286686015514,1
100000092500,2015,2.13146654314943e-05,1
100000092600,2015,0.00029155294982065663,1
100000093300,2015,0.0006756318597355251,1
100000094800,2015,3.146929382396242e-05,1
100000095300,2015,0.0017431866187375225,1
100000095500,2015,0.0003239358013018081,1
100000095700,2015,1.9188863771789432e-05,1
100000096500,2015,0.0019368225238319133,1
100000096700,2015,0.001808942980198835,1
100000097500,2015,0.002580501544097842,1
100000098300,2015,0.00114540220022904,1
100000099400,2015,8.724324441917813e-05,1
100000100200,2015,0.0006151152270882804,1
100000101400,2015,1.6472963036117964e-05,1
100000103100,2015,0.0005587579545520199,1
100000103900,2015,9.899143757693691e-05,1
100000104200,2015,0.0010098335292013884,1
100000104400,2015,4.3081278478671475e-05,1
100000105000,2015,0.00020313645203795175,1
100000105100,2015,0.0012428106320826059,1
100000106200,2015,0.0003483808667368427,1
100000108500,2015,0.0007519975980985835,1
100000108700,2015,0.00022029389473759712,1
100000109000,2015,5.717458681551728e-05,1
100000109100,2015,0.00034844950789528775,1
100000109400,2015,9.797539599817865e-05,1
100000110600,2015,0.0002563553278480431,1
100000110900,2015,0.002651686353866406,1
100000111000,2015,0.00021551356857192622,1
100000111100,2015,0.001544356854358803,1
100000111600,2015,0.00031968810934207515,1
100000112800,2015,0.0005399477937731329,1
100000113200,2015,0.0001658597211782614,1
100000113600,2015,0.0002572844940815547,1
100000113900,2015,8.665353439713914e-05,1
100000114100,2015,0.0046606633389970715,1
100000114800,2015,3.299400691677313e-05,1
100000115100,2015,0.00029022719898103943,1
100000115300,2015,1.2732996662289438e-05,1
100000115700,2015,7.244982245002963e-05,1
100000116100,2015,0.00012777850989367502,1
100000116200,2015,4.141702898180204e-05,1
100000116500,2015,2.4542943330394813e-05,1
100000116800,2015,0.0004173517764144892,1
100000117600,2015,8.998247210485372e-06,1
100000117800,2015,0.0002909604295401762,1
100000118600,2015,2.2132371920581305e-05,1
100000119000,2015,0.0017991126811929446,1
100000119400,2015,2.479974256349963e-05,1
100000119500,2015,6.596329443515807e-06,1
100000119900,2015,2.8546570454633876e-05,1
100000120500,2015,1.6526269804821474e-05,1
100000121000,2015,0.000624052090169096,1
100000121800,2015,2.0395415949149456e-05,1
100000122500,2015,7.084198379489927e-06,1
100000122700,2015,0.00030593866699685413,1
100000123500,2015,0.0021681518688192606,1
100000123600,2015,8.687745429298686e-06,1
100000124000,2015,0.00030532557219578924,1
100000124500,2015,9.662113114685624e-05,1
100000125100,2015,0.004174398152763932,1
100000126200,2015,0.0003463685964162527,1
100000126500,2015,0.00012640845493889762,1
100000126600,2015,3.2419262951910314e-06,1
100000127200,2015,0.008398918133759406,1
100000127700,2015,0.00030926979164594236,1
100000129100,2015,0.00023879684871929178,1
100000130600,2015,7.136471991797624e-05,1
100000130700,2015,0.00012033657800413386,1
100000131700,2015,0.001373718526173814,1
100000132900,2015,0.000976673352252301,1
100000133400,2015,0.0038632767862937533,1
100000133900,2015,9.038088427259671e-05,1
100000134400,2015,0.0003519397817627769,1
100000135500,2015,0.00020326825325267314,1
100000135700,2015,0.0038090966076032564,1
100000135800,2015,0.0002530875521139277,1
100000136000,2015,0.00010301474102563517,1
100000136100,2015,1.9445802846397223e-05,1
100000136800,2015,0.0004397405848698822,1
100000137800,2015,1.1897219361273605e-05,1
100000138300,2015,0.0011190007288215652,1
100000138800,2015,1.7979128045740113e-05,1
100000139200,2015,0.0003073004515728267,1
100000139500,2015,0.0025263071004469257,1
100000140000,2015,6.548139789801906e-05,1
100000140600,2015,5.049691971849174e-05,1
100000141000,2015,0.0008239542591363305,1
100000141100,2015,2.028060712943486e-05,1
100000141200,2015,0.0010664260430220478,1
100000141600,2015,0.00031974840008966497,1
100000142200,2015,6.496975338243849e-05,1
100000142600,2015,0.0001803777062730511,1
100000143200,2015,1.88243820840963e-05,1
100000143500,2015,1.959075399699109e-05,1
100000144000,2015,0.005554980985365467,1
100000144700,2015,0.0012662135607274577,1
100000144800,2015,0.0001376110938182944,1
100000145100,2015,0.00012605220827484307,1
100000146400,2015,4.8505179530143116e-05,1
100000146600,2015,0.0005137022906870382,1
100000146900,2015,1.5122578659720472e-05,1
100000148000,2015,1.085767860329433e-05,1
100000148900,2015,8.967832234406949e-05,1
100000149200,2015,0.0004468271445213805,1
100000150300,2015,3.2672407547577136e-05,1
100000151800,2015,0.0006535038240030874,1
100000153300,2015,0.022220402900925796,1
100000153600,2015,0.000774304613973075,1
100000154200,2015,0.00037368421374076765,1
100000154700,2015,3.056828448360885e-05,1
100000154800,2015,0.0005177466523384811,1
100000156300,2015,0.0002839661243737365,1
100000156400,2015,3.061177222983915e-05,1
100000156600,2015,4.357316425718832e-05,1
100000156700,2015,0.0038978385491277847,1
100000157200,2015,0.0008696627834624348,1
100000158800,2015,0.00017418003359749346,1
100000159400,2015,4.148889580002605e-06,1
100000161800,2015,4.429956946900167e-05,1
100000161900,2015,0.0008493865327852162,1
100000162000,2015,5.7228716428295895e-05,1
100000162800,2015,0.0004772196331995504,1
100000163100,2015,0.0011830870204427068,1
100000163600,2015,2.0863058900922886e-05,1
100000163700,2015,0.00011216751597535111,1
100000163800,2015,3.176802193768486e-05,1
100000164000,2015,0.002056548829224458,1
100000164100,2015,0.00011100677274444084,1
100000164400,2015,0.00014649555338698794,1
100000164600,2015,0.00045063428381367774,1
100000164800,2015,6.136012048536283e-05,1
100000165000,2015,1.6678869630317866e-05,1
100000165300,2015,0.00013085310448237704,1
100000165800,2015,0.0007093020458612662,1
100000166500,2015,5.55213084624016e-05,1
100000166600,2015,0.007783389541832775,1
100000167100,2015,3.7757115079649814e-05,1
100000167400,2015,0.0011114902258491262,1
100000167500,2015,5.657017975618448e-05,1
100000168100,2015,0.00020164960523046195,1
100000168700,2015,0.002245051364841967,1
100000170200,2015,8.729745889966103e-06,1
100000170400,2015,0.00010894972771838574,1
100000170700,2015,0.00020049794481895436,1
100000171800,2015,0.007570790804604473,1
100000172900,2015,2.439317474986298e-05,1
100000173100,2015,0.0006104828232143534,1
100000173300,2015,6.742301391777047e-05,1
100000173700,2015,0.00029376911317767625,1
100000174100,2015,5.158050889338073e-05,1
100000174200,2015,9.3584471585138e-06,1
100000175400,2015,0.023212207694342304,1
100000176400,2015,0.0006474173922608796,1
100000176900,2015,1.1411930174540765e-05,1
100000177500,2015,0.003898290230000187,1
100000177800,2015,1.8929273168388698e-05,1
100000178400,2015,0.014411869499350683,1
100000179000,2015,0.008326296311921472,1
100000180500,2015,0.0030858091479569988,1
100000180700,2015,9.768792721848186e-05,1
100000182100,2015,2.183554294686582e-05,1
100000182200,2015,0.0029096011135310742,1
100000182700,2015,0.00023100085428865292,1
100000183000,2015,0.00032357089273372713,1
100000183100,2015,7.83804619708608e-05,1
100000183800,2015,0.0008440318189266398,1
100000184100,2015,0.0005759295543543001,1
100000185200,2015,9.365905587080303e-05,1
100000186300,2015,3.30403425137415e-05,1
100000187100,2015,0.0015325486637600492,1
100000187300,2015,0.0005738186507447901,1
100000187500,2015,8.244050994568068e-05,1
100000187900,2015,1.525619110923002e-05,1
100000188400,2015,0.00010464330276091128,1
100000188500,2015,0.00028592408096249475,1
100000189500,2015,5.971890592349963e-05,1
100000190300,2015,0.001224970564632585,1
100000191000,2015,0.00038789296819585506,1
100000191300,2015,2.2104584058978675e-05,1
100000191500,2015,6.871613778502895e-05,1
100000191600,2015,0.0005334638851111603,1
100000191900,2015,0.0010998166431767482,1
100000192700,2015,0.0006155885796507078,1
100000193500,2015,1.5239343178065991e-05,1
100000194300,2015,0.0005303814836313326,1
100000194900,2015,0.0005338676372738775,1
100000196200,2015,2.8058363153764633e-05,1
100000196300,2015,0.00014830418121872173,1
100000197000,2015,0.00030740287736988635,1
100000197200,2015,9.21741719156113e-06,1
100000197300,2015,0.000206595571849785,1
100000197700,2015,0.00041876684108784916,1
100000198500,2015,8.606236925095764e-05,1
100000198700,2015,5.821207108831902e-06,1
100000199100,2015,0.00026813033933119975,1
100000199300,2015,0.007196895736793427,1
100000199700,2015,7.261679313692907e-06,1
100000199900,2015,7.61284333600315e-05,1
100000200000,2015,0.0001396325882784017,1
100000200300,2015,0.00045116253085692685,1
100000200800,2015,0.00025476625853342895,1
100000201400,2015,0.0004214447739119694,1
100000201500,2015,0.0005970249786695522,1
100000202000,2015,7.625150909305859e-05,1
100000202800,2015,7.973016392268738e-05,1
100000203400,2015,6.787712432261194e-05,1
100000203700,2015,1.751513408653638e-05,1
100000204400,2015,0.00013015189933331825,1
100000207000,2015,0.0002707358042841448,1
100000207600,2015,0.00011813840216079727,1
100000208000,2015,4.480825773395967e-05,1
100000208300,2015,9.534999528811749e-06,1
100000209100,2015,7.014412969214586e-05,1
100000209800,2015,0.0010882166107028714,1
100000210100,2015,0.00020067688059551293,1
100000212300,2015,0.001075424300068265,1
100000212900,2015,0.0025571961829647864,1
100000214500,2015,0.00030933237691428787,1
100000215600,2015,0.0001278870072526174,1
100000218800,2015,4.7956562524365445e-06,1
100000219100,2015,0.0013435880520358283,1
100000219200,2015,0.001621916799330319,1
100000219700,2015,3.599287294023492e-05,1
100000220600,2015,0.0004753906707795914,1
100000221000,2015,1.0475349524044436e-05,1
100000221200,2015,4.584998770768724e-05,1
100000221400,2015,9.61198197902394e-05,1
100000221500,2015,8.261349675516161e-05,1
100000222100,2015,2.0305527287424128e-05,1
100000222600,2015,0.001020931226712694,1
100000222700,2015,8.812146746479743e-05,1
100000223700,2015,0.0014631013438047473,1
100000224500,2015,1.7465305163146498e-05,1
100000224900,2015,7.305268804703908e-05,1
100000225100,2015,3.283137462634097e-05,1
100000225400,2015,0.00013778063461821903,1
100000226800,2015,5.697327189827129e-06,1
100000227500,2015,9.958365940722579e-05,1
100000227900,2015,2.1732280151220322e-05,1
100000228500,2015,8.846632504098855e-06,1
100000228700,2015,0.0006201514071403077,1
100000229200,2015,0.023009388929448173,1
100000230000,2015,0.00017484286803712862,1
100000230400,2015,1.5360761809051394e-06,1
100000230500,2015,0.0009256372012082024,1
100000231100,2015,5.049918625462782e-05,1
100000231600,2015,0.00016761767003076392,1
100000231900,2015,0.0024795621268397785,1
100000232800,2015,0.00014571869911967708,1
100000233700,2015,0.002965339378691042,1
100000235400,2015,1.667508303770791e-05,1
100000235700,2015,0.0004568751908403499,1
100000236700,2015,3.601954291097627e-05,1
100000236800,2015,0.00012958114664618492,1
100000237500,2015,0.0006823760040910274,1
100000238600,2015,0.00010780783840894187,1
100000238800,2015,0.00011440677965692115,1
100000239000,2015,0.0012906822670658655,1
100000240300,2015,0.000989995085195857,1
100000240700,2015,0.0004526114230702929,1
100000241100,2015,4.59182372198804e-06,1
100000241900,2015,1.845546817334423e-05,1
100000242800,2015,2.0388813429556306e-05,1
100000243600,2015,0.003209680242497483,1
100000243700,2015,0.0018332942115632047,1
100000244000,2015,0.0010081323060691255,1
100000245100,2015,3.516105552300973e-05,1
100000245800,2015,0.001200550559447327,1
100000246400,2015,0.00018680846564189113,1
100000246700,2015,2.1983324116668694e-05,1
100000247000,2015,0.0003046225466497312,1
100000248200,2015,0.006156113669590201,1
100000248900,2015,3.0950415403669164e-06,1
100000249200,2015,0.002015346578146966,1
100000250100,2015,0.0004385999519197923,1
100000251000,2015,0.00013839282072271953,1
100000252200,2015,0.03707501569842536,1
100000252400,2015,7.015507295199596e-05,1
100000252800,2015,5.8036067050037344e-06,1
100000253100,2015,6.36715583327149e-06,1
100000253200,2015,1.1245928364385693e-05,1
100000253300,2015,9.371584590994496e-06,1
100000253800,2015,0.00016579966587751106,1
100000253900,2015,3.2176916980822625e-05,1
100000254200,2015,0.0011668897703063883,1
100000254400,2015,0.00026956533334381044,1
100000254600,2015,0.0004827565663167873,1
100000255100,2015,3.378587162824532e-05,1
100000255600,2015,6.914603106848937e-06,1
100000255700,2015,0.0003495778894638215,1
100000256500,2015,3.42875779189766e-05,1
100000257300,2015,0.00016117200316763202,1
100000257600,2015,0.0005174329685191043,1
100000257700,2015,0.0003653957681040437,1
100000258300,2015,0.0006217377034830467,1
100000258500,2015,5.4008157147342335e-05,1
100000258700,2015,4.332745220610956e-05,1
100000259200,2015,1.7267940890907865e-05,1
100000259800,2015,0.000442362161113746,1
100000259900,2015,0.002698044557780201,1
100000261500,2015,6.18413719778943e-06,1
100000261800,2015,0.00014720228404610565,1
100000262000,2015,0.00013804171829507266,1
100000262800,2015,0.0005271394237459414,1
100000264300,2015,0.0002819018538542524,1
100000265100,2015,3.3221802718314466e-05,1
100000265800,2015,2.2936434057572906e-05,1
100000266100,2015,0.0001740745602571631,1
100000266200,2015,0.0005680447478212788,1
100000266600,2015,0.00011169762451145595,1
100000267600,2015,9.112261798902662e-05,1
100000267700,2015,2.6080282002936788e-05,1
100000267800,2015,6.408884229445841e-05,1
100000268100,2015,1.0126697324146616e-05,1
100000268800,2015,3.7216407883362317e-05,1
100000270600,2015,7.826882076810625e-06,1
100000271000,2015,5.598061719716706e-05,1
100000271700,2015,0.000947305748386978,1
100000272300,2015,9.749360807731911e-05,1
100000272600,2015,0.00010846814928965141,1
100000272700,2015,0.000224669817322476,1
100000273800,2015,0.0006118490096672979,1
100000274100,2015,0.00015879107488422982,1
100000275000,2015,1.864930095002384e-05,1
100000275200,2015,0.00022775487343123583,1
100000275900,2015,0.0002277560772004875,1
100000276000,2015,7.978252151442188e-06,1
100000276100,2015,0.0004529600414561027,1
100000276700,2015,0.0003018701391900177,1
100000276800,2015,0.00600527259463666,1
100000276900,2015,0.001243446808605043,1
100000277000,2015,0.00012289647887736444,1
100000277100,2015,0.002118126379378869,1
100000277300,2015,7.336884050238847e-06,1
100000278000,2015,0.002730663649112907,1
100000278200,2015,1.9599261027242227e-05,1
100000279000,2015,0.00021317389352288593,1
100000280000,2015,3.344773346659223e-05,1
100000280400,2015,0.00023468492340209129,1
100000281400,2015,0.000629401348191826,1
100000281500,2015,1.908793881403967e-05,1
100000281600,2015,3.536444748050492e-05,1
100000281700,2015,2.8260755185307596e-05,1
100000282200,2015,0.00019675022495332334,1
100000283100,2015,6.742357305754076e-05,1
100000284000,2015,0.001950635221099091,1
100000285100,2015,4.3875274358829684e-05,1
100000285400,2015,5.756371635020564e-05,1
100000285500,2015,0.00012594505987971387,1
100000286100,2015,7.235342432526805e-05,1
100000286400,2015,0.00023404138992995737,1
100000286500,2015,0.00051407865827383,1
100000286900,2015,0.00034115901835584734,1
100000287100,2015,8.243358526007873e-06,1
100000287200,2015,0.0002531189920061917,1
100000287500,2015,0.02164714739518541,1
100000287900,2015,0.00022210632911809112,1
100000288800,2015,0.0004425414004001081,1
100000289500,2015,0.011340669245877948,1
100000290000,2015,4.1910907014718225e-05,1
100000290400,2015,0.0003652875995196722,1
100000290800,2015,8.18359048221774e-06,1
100000291100,2015,4.0911582322101506e-06,1
100000291600,2015,0.0068229801107284735,1
100000291900,2015,0.00019532138710491085,1
100000292700,2015,9.001826955433434e-05,1
100000293200,2015,0.0011745057935226139,1
100000293400,2015,9.626358245983265e-05,1
100000293700,2015,0.00016040153933146811,1
100000295000,2015,6.039385485897429e-05,1
100000295200,2015,6.542615564618108e-05,1
100000296600,2015,1.444745852745309e-05,1
100000296800,2015,0.00021558642576442998,1
100000296900,2015,0.0018649145023115952,1
100000297000,2015,0.00020381891124493726,1
100000297100,2015,0.00034649708419264686,1
100000297500,2015,0.00037258969132522726,1
100000298900,2015,9.489218640006602e-05,1
100000299000,2015,9.278994317326561e-05,1
100000299600,2015,2.5330503521269282e-05,1
100000299700,2015,0.0002105702711928839,1
100000299800,2015,3.1142737658731e-05,1
100000300000,2015,0.00011751228011446973,1
100000300600,2015,0.0023637496991628744,1
100000301200,2015,4.299921081609085e-05,1
100000301600,2015,0.013585262689926247,1
100000301900,2015,0.00047698889668387566,1
100000303000,2015,0.022829495098499825,1
100000303200,2015,1.84655707144094e-05,1
100000304100,2015,5.558150613115205e-05,1
100000304200,2015,1.2902928708426563e-05,1
100000305000,2015,2.871978609542297e-05,1
100000305900,2015,2.822285164460874e-05,1
100000307200,2015,0.00020957097214703173,1
100000307300,2015,0.0008499574779426079,1
100000307800,2015,6.931295291728734e-06,1
100000308300,2015,1.5696420814061836e-05,1
100000308500,2015,0.00023542613762014795,1
100000309200,2015,0.00017992037052221393,1
100000309900,2015,4.216952901790152e-05,1
100000310000,2015,2.209566826014521e-05,1
100000310200,2015,0.00019257822805771074,1
100000310800,2015,6.688873127337207e-06,1
100000311700,2015,6.525933898024138e-05,1
100000314400,2015,0.0006312816420967707,1
100000314500,2015,0.0005741167096959579,1
100000314800,2015,0.0004177582638184173,1
100000314900,2015,0.00018767988824858165,1
100000315500,2015,0.0007411638350346601,1
100000315700,2015,0.0005279185063188934,1
100000316300,2015,0.0016341233347415027,1
100000317100,2015,0.008076544463793798,1
100000317300,2015,2.6533310984333413e-05,1
100000317700,2015,0.027630141259535574,1
100000319100,2015,2.458018285893435e-05,1
100000319900,2015,0.00024785733015812353,1
100000320000,2015,4.585606976004138e-05,1
100000320400,2015,1.2591154578288085e-05,1
100000321000,2015,2.920574054910804e-05,1
100000321800,2015,0.0003882473275028297,1
100000322100,2015,0.0006974374513472896,1
100000322300,2015,0.00021005106530950636,1
100000322500,2015,3.0388320443329116e-05,1
100000322900,2015,0.0013200596055881128,1
100000323000,2015,0.00013654980972277816,1
100000323400,2015,3.760795112388227e-05,1
100000324300,2015,1.87264375147369e-05,1
100000326900,2015,3.635013580674664e-05,1
100000328900,2015,0.00011601914768298245,1
100000329900,2015,0.0007832815854418011,1
100000330700,2015,0.00037378682400808396,1
100000330800,2015,9.486724849088797e-05,1
100000332400,2015,4.264010699881853e-05,1
100000332900,2015,0.00030478708901700513,1
100000333300,2015,0.00010385995777291105,1
100000333400,2015,0.0010269535699013945,1
100000333900,2015,0.0015685605333495376,1
100000334400,2015,5.106519064542151e-05,1
100000335200,2015,0.00010478979460831707,1
100000335400,2015,0.0008557117934783262,1
100000335900,2015,0.00018714481421258254,1
100000336100,2015,0.0012112645063831777,1
100000337300,2015,0.000493889010514991,1
100000339600,2015,0.00013499774450241242,1
100000339700,2015,9.480295833783717e-05,1
100000339900,2015,0.0002393544786834258,1
100000341000,2015,1.914362735902691e-05,1
100000341200,2015,5.83344850066868e-05,1
100000341500,2015,0.0008376186337848234,1
100000341600,2015,0.00034432850854875836,1
100000341800,2015,0.00023401757454912558,1
100000342600,2015,0.0002941459373222644,1
100000342900,2015,0.0011802711148844519,1
100000343100,2015,0.0002933599452818591,1
100000343800,2015,0.000231110171611975,1
100000344800,2015,5.602395888642307e-05,1
100000345600,2015,0.0003783190780843409,1
100000346500,2015,8.913279334699136e-05,1
100000347800,2015,3.730335583277797e-05,1
100000348400,2015,0.00024216214711501966,1
100000351000,2015,0.0010812011027680557,1
100000351300,2015,0.0001800373642319046,1
100000352200,2015,0.000105414940695785,1
100000354200,2015,0.0001807925004909961,1
100000354600,2015,0.0015701821371337183,1
100000354700,2015,8.060782492746524e-05,1
100000355000,2015,0.00020268699653508805,1
100000355400,2015,0.0006260320313875299,1
100000356900,2015,8.710561602348496e-05,1
100000359700,2015,1.0898024783848569e-06,1
100000359800,2015,5.215972997964251e-05,1
100000360800,2015,0.00021409491418904677,1
100000361900,2015,2.6589899247240414e-06,1
100000363000,2015,0.00031274372223171035,1
100000363600,2015,0.0001303716498117238,1
100000364500,2015,0.0005098586042421349,1
100000364900,2015,4.5139684622432316e-05,1
100000365100,2015,0.0006496491653743956,1
100000366200,2015,1.1758674321995786e-05,1
100000366700,2015,0.0012040314253879158,1
100000366800,2015,9.807871808825501e-05,1
100000367100,2015,0.000737010616092061,1
100000367300,2015,2.4212105522644758e-05,1
100000367600,2015,4.379078074155109e-05,1
100000368000,2015,1.496170290033771e-05,1
100000368100,2015,0.0015692882951819237,1
100000368700,2015,0.00023277587880718849,1
100000368900,2015,0.0003006758019122621,1
100000369200,2015,0.0006819750010182117,1
100000369800,2015,2.1332433117789262e-05,1
100000370300,2015,0.00024794627841679757,1
100000370700,2015,4.4134539194525395e-05,1
100000371200,2015,0.0003418069442552842,1
100000371700,2015,0.0009472935165697247,1
100000372000,2015,0.00015905332468173835,1
100000372200,2015,8.131405138962708e-05,1
100000372500,2015,0.0014349979001492986,1
100000372600,2015,7.10589556499495e-06,1
100000372700,2015,2.626777518240959e-05,1
100000375300,2015,0.0004883295600005591,1
100000376300,2015,0.00011062946342292448,1
100000378200,2015,0.0006624533862362045,1
100000378300,2015,0.0009166502787837372,1
100000379000,2015,5.6915013161080474e-05,1
100000379500,2015,0.00011381073603010135,1
100000379700,2015,0.0010645155097162597,1
100000379800,2015,0.00045053420495322566,1
100000380400,2015,0.0011213107252017027,1
100000380800,2015,4.011332264736488e-05,1
100000381100,2015,0.00019436698269989503,1
100000381800,2015,0.0008104701367148347,1
100000382000,2015,1.931952803744978e-05,1
100000383000,2015,4.84158863603944e-06,1
100000383300,2015,3.06690727068566e-06,1
100000384800,2015,6.525699569918251e-05,1
100000385100,2015,0.0018290795335122406,1
100000385600,2015,0.0007201014653939882,1
100000385700,2015,1.4224626835230272e-05,1
100000386000,2015,0.0005201346645054841,1
100000386100,2015,0.0037051990977372893,1
100000386700,2015,0.00023390968394030855,1
100000388100,2015,0.001177656328591615,1
100000388800,2015,6.677364389147605e-05,1
100000389000,2015,0.00013311903622767164,1
100000389400,2015,2.187440116841862e-05,1
100000390200,2015,3.224516465373681e-05,1
100000390500,2015,0.001173100694190606,1
100000390700,2015,0.00045541220461666767,1
100000392300,2015,3.929658004215481e-05,1
100000392600,2015,0.005526275365697558,1
100000394300,2015,3.2330197949599566e-05,1
100000396300,2015,7.646149121713859e-05,1
100000396600,2015,0.00014135594452217525,1
100000396700,2015,0.0009157469850152031,1
100000397700,2015,6.357074531202609e-05,1
100000398000,2015,0.0001275377848432248,1
100000399100,2015,4.0160366246605324e-05,1
100000399500,2015,0.005394552181376874,1
100000399900,2015,3.204931822355572e-05,1
100000400100,2015,0.0002087640793200048,1
100000400600,2015,0.0006323344203668664,1
100000400900,2015,0.0004670678074349944,1
100000401100,2015,0.0014690681113303165,1
100000401400,2015,0.0001108411017093879,1
100000401700,2015,0.007161397732042466,1
100000401800,2015,0.00039594800950769083,1
100000401900,2015,1.4368930572003371e-05,1
100000402500,2015,0.000190785233981005,1
100000403200,2015,6.863023629115538e-05,1
100000403400,2015,1.374605330042188e-05,1
100000404100,2015,2.8577997303025547e-06,1
100000404200,2015,1.0266702377931466e-05,1
100000405900,2015,0.0012183164599865685,1
100000406000,2015,0.0001881703739999733,1
100000406600,2015,0.00014416538552752334,1
100000406900,2015,8.970348783541111e-05,1
100000407000,2015,0.00018185596942994132,1
100000407500,2015,0.0007938886170802628,1
100000407700,2015,0.00013822017256069372,1
100000408600,2015,3.9030725090288177e-05,1
100000409500,2015,9.737095731417446e-05,1
100000409600,2015,0.0009382484840007981,1
100000409900,2015,0.0004402275250117842,1
100000412100,2015,8.164310910297897e-05,1
100000413900,2015,4.672195669954499e-06,1
100000415500,2015,0.0007017594237452559,1
100000416000,2015,0.016618252360964293,1
100000416400,2015,0.00011329435148674916,1
100000417200,2015,4.2984179052035894e-05,1
100000417600,2015,0.0008148769669410859,1
100000417900,2015,9.956439363838964e-05,1
100000418400,2015,0.00012850999035304145,1
100000418500,2015,3.171086778082955e-05,1
100000419100,2015,0.00012636597584722104,1
100000419300,2015,2.9927271794248135e-05,1
100000419600,2015,0.0007044990647764177,1
100000420200,2015,0.0001220851873616015,1
100000420400,2015,0.0001269514000983291,1
100000422100,2015,4.554354069989791e-06,1
100000422200,2015,0.00013124083035872289,1
100000422700,2015,0.00026081753340402185,1
100000422800,2015,0.00024581445213306933,1
100000422900,2015,0.0005337107011493407,1
100000423200,2015,3.952152618131525e-05,1
100000424300,2015,3.276500815629279e-05,1
100000424700,2015,7.423210097960856e-05,1
100000424800,2015,5.055778748893033e-05,1
100000425400,2015,2.0256411173984093e-05,1
100000426400,2015,0.0004587012150406495,1
100000426800,2015,2.37396909487936e-05,1
100000426900,2015,0.0004525234990952512,1
100000427100,2015,0.00020089366870561213,1
100000429300,2015,1.102022942859699e-05,1
100000429800,2015,0.00045337540261921786,1
100000430100,2015,0.0013493538900306629,1
100000430800,2015,0.00011129631749095327,1
100000430900,2015,0.00021538032007418166,1
100000431400,2015,0.041112435831717434,1
100000432000,2015,0.000472250766173284,1
100000432300,2015,3.48030613374406e-05,1
100000432900,2015,0.0004041001204783958,1
100000433300,2015,3.3165136206003756e-05,1
100000433400,2015,7.911458434409233e-05,1
100000434400,2015,0.0001465206002280606,1
100000435300,2015,0.0001344800266229392,1
100000436000,2015,3.80138005901104e-05,1
100000437100,2015,0.0019671312725419994,1
100000437200,2015,0.001316747313489412,1
100000437300,2015,0.0005976197923146857,1
100000437400,2015,0.0007929844833573513,1
100000438200,2015,4.518918047072958e-05,1
100000438900,2015,2.601844158040836e-05,1
100000439000,2015,0.0001613723839790008,1
100000440700,2015,5.890793497735078e-07,1
100000441700,2015,0.006671606638678009,1
100000442500,2015,3.234225894927041e-05,1
100000442600,2015,2.3071245468665722e-05,1
100000442800,2015,0.00019502031318461416,1
100000444100,2015,7.892193972617989e-05,1
100000444800,2015,0.00014501797965296682,1
100000444900,2015,0.0001398249248858758,1
100000445000,2015,0.0005233321693616657,1
100000445500,2015,0.0003047572095256909,1
100000445800,2015,0.0011221615450951533,1
100000447200,2015,1.3186411058430018e-05,1
100000447800,2015,3.751625598304274e-06,1
100000448100,2015,0.00024000196914725872,1
100000448500,2015,4.49579054765683e-05,1
100000448700,2015,1.6386317492611088e-05,1
100000449000,2015,0.00010542152634308075,1
100000449500,2015,0.00020357590159667593,1
100000449800,2015,6.731913079696484e-05,1
100000449900,2015,3.898503754657577e-05,1
100000450100,2015,0.0004971655498977601,1
100000451000,2015,0.0002405174818959058,1
100000452600,2015,1.8625310818791924e-05,1
100000452700,2015,3.643467213561686e-05,1
100000454000,2015,0.00012847607814081818,1
100000454200,2015,1.4417900330344003e-05,1
100000454700,2015,1.3889065065081968e-05,1
100000455100,2015,1.1395290049214529e-05,1
100000455400,2015,4.021228357769877e-05,1
100000455600,2015,0.00011588688098046036,1
100000455700,2015,3.917811115144197e-05,1
100000455800,2015,0.00010320382643571653,1
100000455900,2015,0.0007414037609801793,1
100000456300,2015,9.56726963166327e-05,1
100000457000,2015,0.00017716259693064212,1
100000457900,2015,0.0007520096307435681,1
100000458100,2015,0.0001560613116561405,1
100000458700,2015,0.00015153929997540906,1
100000458800,2015,3.2035382645460735e-05,1
100000459200,2015,4.01293667462708e-06,1
100000461700,2015,0.00026171314472981055,1
100000463400,2015,0.00014842392181862302,1
100000464800,2015,0.00018996542582819993,1
100000465300,2015,2.6952423450705692e-05,1
100000467200,2015,2.673498246177617e-05,1
100000468600,2015,0.007308553503168259,1
100000468800,2015,4.9197018061091444e-05,1
100000470300,2015,0.00036827053651126594,1
100000470800,2015,0.0004459933075904598,1
100000471100,2015,0.0004093635949803909,1
100000471900,2015,2.307273064154396e-05,1
100000472200,2015,4.020908643407512e-06,1
100000472600,2015,0.0001634505057983594,1
100000472700,2015,0.0005065662482696657,1
100000476000,2015,1.2894522965592603e-05,1
100000476100,2015,0.00013030306953860926,1
100000476200,2015,0.000497519682408725,1
100000477500,2015,8.747557617298008e-05,1
100000479700,2015,0.0011725104519442545,1
100000480100,2015,0.00016452573108996816,1
100000480200,2015,0.0004560059461918923,1
100000482200,2015,3.156778227815163e-05,1
100000482700,2015,2.831206767730498e-05,1
100000483000,2015,0.00044120041998875443,1
100000483500,2015,2.6308620407859177e-05,1
100000483600,2015,0.000421979570838657,1
100000485000,2015,0.00016795579827905577,1
100000485800,2015,0.0004738626593926917,1
100000486600,2015,0.00035380394671190643,1
100000487400,2015,2.3870882425434715e-05,1
100000488600,2015,0.026458410257973946,1
100000489100,2015,2.2704867705890875e-05,1
100000490500,2015,0.0004102825474616227,1
100000491500,2015,0.0051611043784713356,1
100000493900,2015,2.4257764773375797e-05,1
100000494200,2015,0.0001482484012034671,1
100000495500,2015,0.0005051492634599294,1
100000496100,2015,2.7940763002500435e-05,1
100000496200,2015,0.00019693108546849013,1
100000496800,2015,8.240208022609577e-05,1
100000496900,2015,0.0014222607736078707,1
100000497600,2015,0.00022986916025600278,1
100000497900,2015,0.0002578866605904895,1
100000498200,2015,0.00015070374980389838,1
100000498600,2015,1.0140842444651197e-05,1
100000499100,2015,0.00012783313505507636,1
100000499400,2015,8.395043539953104e-05,1
100000500600,2015,2.9473875630973512e-05,1
100000501300,2015,0.008839643995940514,1
100000502300,2015,0.00044714397100621375,1
100000503600,2015,0.00010467509810830662,1
100000504100,2015,7.205779180898122e-06,1
100000504800,2015,7.349058086217768e-05,1
100000506100,2015,0.008147804326257483,1
100000507800,2015,0.0002286884476122999,1
100000508400,2015,0.00056508749205008,1
100000509100,2015,0.00010136442912241714,1
100000510800,2015,0.00022763787079435764,1
100000511000,2015,0.00028573831805130936,1
100000511800,2015,0.0008007505582929334,1
100000512200,2015,5.643123294282309e-06,1
100000514700,2015,2.46207528478186e-05,1
100000515200,2015,7.25729741112224e-05,1
100000516000,2015,0.0834207106746427,1
100000516700,2015,1.153085786169594e-05,1
100000517400,2015,0.0007561040070753305,1
100000517600,2015,0.00026040793990665586,1
100000517800,2015,0.0009412274633302648,1
100000518200,2015,8.940788556920043e-05,1
100000519300,2015,0.00023145218571983485,1
100000519500,2015,0.003439040054743338,1
100000519800,2015,7.682402052934867e-06,1
100000520400,2015,0.0008911773421326643,1
100000521300,2015,0.0008775796954683932,1
100000521400,2015,0.0003511487823144868,1
100000521600,2015,3.175021479919162e-05,1
100000521700,2015,0.0004615097566253507,1
100000522000,2015,5.605387154009144e-05,1
100000522800,2015,0.00010258824095680994,1
100000522900,2015,0.009307448378235965,1
100000523600,2015,0.0001337271349558568,1
100000524000,2015,2.3414712635342887e-05,1
100000524500,2015,0.005839783810669522,1
100000524700,2015,2.7323147842684132e-05,1
100000524900,2015,0.0009471384806493627,1
100000525200,2015,0.00019547037660604095,1
100000525500,2015,5.494642761074532e-05,1
100000526400,2015,0.0002371149843999994,1
100000526900,2015,6.46819426115922e-05,1
100000527300,2015,0.00022717848448035606,1
100000527700,2015,0.0005641397876615668,1
100000528000,2015,0.0009210325853878103,1
100000528300,2015,3.459999154385123e-05,1
100000529900,2015,0.00010486213187931686,1
100000531100,2015,0.00014201551864767963,1
100000531900,2015,0.008331854933719404,1
100000532000,2015,0.0018331018659228857,1
100000532100,2015,0.00010484516819620711,1
100000532700,2015,7.471860527007775e-05,1
100000533700,2015,4.239920618898661e-05,1
100000534100,2015,0.0001467684862632549,1
100000534700,2015,0.00024228351101082769,1
100000535500,2015,5.13391960119604e-05,1
100000535700,2015,0.00020679458401649518,1
100000536400,2015,0.008321979850759335,1
100000537100,2015,0.003025052813624966,1
100000537400,2015,0.0005517628525537557,1
100000537800,2015,7.719299069655546e-05,1
100000538900,2015,3.0290637652987944e-05,1
100000539200,2015,3.1086223567885816e-05,1
100000540200,2015,8.499161522855441e-05,1
100000540300,2015,0.00019680949339191632,1
100000540500,2015,0.00011877590743328861,1
100000541500,2015,0.0009167500301521937,1
100000541600,2015,0.0006052152992229823,1
100000541700,2015,0.0001463196345171122,1
100000544700,2015,0.0002082272757695609,1
100000545800,2015,6.056745476464542e-05,1
100000546800,2015,0.00023990195530193277,1
100000547300,2015,2.3475674898008076e-05,1
100000547600,2015,1.758066464823535e-05,1
100000549400,2015,0.00019965513469400275,1
100000550400,2015,1.660225037993747e-05,1
100000551200,2015,0.002328232693978195,1
100000552300,2015,0.00020599069495975828,1
100000552600,2015,8.74376746816383e-06,1
100000552700,2015,0.00011205857646752099,1
100000553300,2015,0.00020433701134524163,1
100000553500,2015,0.0013355232088894536,1
100000553600,2015,0.0006155678163280784,1
100000554000,2015,0.0005426550078507011,1
100000554200,2015,0.0030315443591498,1
100000554800,2015,3.0336517750467976e-05,1
100000555600,2015,8.876913013916534e-05,1
100000556200,2015,0.0005282901058464776,1
100000556300,2015,0.001542948448193203,1
100000556400,2015,0.0001100706106675731,1
100000557000,2015,4.688906939585758e-05,1
100000559800,2015,0.00011819678541729838,1
100000561700,2015,3.1354817151866814e-05,1
100000561900,2015,0.00041672821928738843,1
100000562100,2015,0.006414203693019927,1
100000562200,2015,0.00015417255387940217,1
100000563600,2015,4.7034698847565155e-05,1
100000563700,2015,0.003555116234572516,1
100000564400,2015,5.044716862992114e-06,1
100000564600,2015,0.0001809088294520765,1
100000564800,2015,0.0002845427348680722,1
100000565300,2015,0.00010860396104856656,1
100000565400,2015,0.0033586517533001673,1
100000568000,2015,0.008655441137408428,1
100000568400,2015,9.967522991324442e-05,1
100000569000,2015,0.00014691192830129738,1
100000569100,2015,4.496474895398105e-06,1
100000572100,2015,0.0004346784051549027,1
100000573700,2015,0.000154589593701868,1
100000574100,2015,8.536486256876312e-05,1
100000574400,2015,0.00024576450610466446,1
100000574600,2015,0.0022998148710468985,1
100000574900,2015,0.00023881606016904212,1
100000575700,2015,9.978091211132955e-05,1
100000576500,2015,6.852625838431769e-05,1
100000576600,2015,0.0005187632601828889,1
100000577100,2015,5.423788776577165e-05,1
100000577700,2015,0.0011962446690496748,1
100000578400,2015,0.005139027271183346,1
100000579100,2015,6.685749691918149e-05,1
100000579200,2015,0.0005995798948094813,1
100000579300,2015,0.002450351290361792,1
100000581800,2015,0.004744229839047065,1
100000581900,2015,5.364619832728293e-06,1
100000585700,2015,8.301830368505896e-05,1
100000585800,2015,0.0028795894942986303,1
100000586100,2015,0.00015508305368418024,1
100000586800,2015,0.0008697123031386258,1
100000587000,2015,0.0003992774112652747,1
100000589200,2015,8.187303975050811e-05,1
100000589700,2015,0.000982064343373072,1
100000590000,2015,2.4114380209601463e-05,1
100000592100,2015,0.0002295456884077969,1
100000592200,2015,0.00023329019464307554,1
100000593000,2015,7.250751404742082e-05,1
100000593400,2015,0.00019127868424378717,1
100000593900,2015,7.62210859051316e-05,1
100000594300,2015,0.0025550427006619907,1
100000594700,2015,0.000338323975625106,1
100000595500,2015,0.0003180942078250799,1
100000596200,2015,0.0036557706404442575,1
100000597300,2015,0.0011881086751939747,1
100000597400,2015,0.0014711915597515723,1
100000598900,2015,2.9657380604877012e-05,1
100000599400,2015,0.001161755643339561,1
100000600300,2015,0.018976940340280437,1
100000600500,2015,9.323672577771142e-05,1
100000600600,2015,0.00011767574826685057,1
100000600700,2015,0.00011592594181644051,1
100000601600,2015,0.00011328010264748441,1
100000601900,2015,0.00022320758295818336,1
100000602400,2015,5.628515030523658e-06,1
100000602500,2015,0.0009283674756442273,1
100000602600,2015,2.750510374075376e-05,1
100000603000,2015,3.062435950851092e-05,1
100000603500,2015,1.2266690874470786e-05,1
100000604900,2015,2.0150188959991207e-05,1
100000606100,2015,0.0004100108478868741,1
100000606700,2015,0.0015162048241174283,1
100000607200,2015,0.00019152908598073806,1
100000607700,2015,0.0009134405641080928,1
100000607800,2015,4.251274839445878e-05,1
100000608000,2015,0.00034099444691523616,1
100000608600,2015,0.02232089580759229,1
100000609400,2015,0.001538035789716415,1
100000609800,2015,0.0006290617724077807,1
100000610000,2015,0.003306475970516952,1
100000611200,2015,0.0032062713441119296,1
100000611400,2015,0.0001279771339811266,1
100000611500,2015,0.00825019343275185,1
100000611600,2015,6.0122811274845376e-05,1
100000612600,2015,1.0499904058546516e-05,1
100000614200,2015,1.2026264218109315e-05,1
100000614500,2015,0.0025045247199728996,1
100000614800,2015,0.00023996556596812826,1
100000615700,2015,1.669616058105736e-06,1
100000616100,2015,4.391475968020861e-06,1
100000616500,2015,6.46842336836419e-05,1
100000617200,2015,0.012457771844580169,1
100000617400,2015,0.0003279720136994039,1
100000617900,2015,0.0042801902715933725,1
100000618000,2015,8.551829846689267e-05,1
100000618100,2015,0.0006975102053737528,1
100000618800,2015,4.2691002373354776e-05,1
100000619300,2015,1.1689025777477598e-05,1
100000620800,2015,0.0006583084033700363,1
100000620900,2015,0.0004395909523524181,1
100000621300,2015,2.473342287865591e-05,1
100000621600,2015,0.0010704909477572998,1
100000621800,2015,3.8621187955260136e-05,1
100000622200,2015,0.0002982656754346041,1
100000622600,2015,0.0017246457248485557,1
100000622700,2015,0.0003587205141237907,1
100000623800,2015,7.234238501215677e-05,1
100000624400,2015,5.2439929280225074e-05,1
100000625200,2015,7.178302521590448e-05,1
100000625800,2015,0.0010079670665213954,1
100000626000,2015,2.5119843136555268e-05,1
100000626500,2015,0.0005578770535495577,1
100000626700,2015,9.572265895312879e-05,1
100000627700,2015,1.8592628240358757e-05,1
100000628300,2015,0.00011867677930623447,1
100000629300,2015,0.004177180336287252,1
100000629400,2015,1.346775406912129e-05,1
100000629700,2015,5.590289799712289e-05,1
100000630200,2015,1.8196634616097228e-05,1
100000630500,2015,9.0566036430368e-06,1
100000630800,2015,0.00013436008130382807,1
100000632200,2015,2.5734314916743725e-05,1
100000633100,2015,3.3716363797528066e-05,1
100000633200,2015,7.733121816732621e-05,1
100000633800,2015,0.0007814746467854812,1
100000634500,2015,1.1645302812876375e-05,1
100000636400,2015,0.0005284745882474829,1
100000638100,2015,6.782559848483704e-05,1
100000638200,2015,0.0006723049428330217,1
100000638900,2015,3.2880394331283166e-05,1
100000639500,2015,0.0002761755955302123,1
100000640000,2015,0.0019386417050274703,1
100000640700,2015,0.0007354947555259262,1
100000641200,2015,0.00011110920989016525,1
100000641700,2015,0.00020362007658298968,1
100000641800,2015,0.00036271789934511626,1
100000642600,2015,6.517654119796521e-05,1
100000642700,2015,0.00024569423915521047,1
100000643400,2015,0.0002893953294781392,1
100000643500,2015,0.04221191995970754,1
100000643700,2015,1.2356553307065816e-05,1
100000643900,2015,0.00010027249850640466,1
100000645600,2015,8.38069985802833e-05,1
100000646600,2015,0.0001397593281728112,1
100000647200,2015,0.001837257077945664,1
100000647300,2015,2.0824189191217555e-05,1
100000648000,2015,2.813775241936889e-05,1
100000648300,2015,0.0010312552528687485,1
100000649200,2015,1.8717872850455563e-05,1
100000649500,2015,6.371223533582453e-05,1
100000650000,2015,0.0018084123296542485,1
100000650100,2015,0.0005479362449348288,1
100000650400,2015,0.0007301847811556795,1
100000651400,2015,8.025916594985369e-06,1
100000651700,2015,0.0007260654249349794,1
100000652300,2015,0.0014989657445285275,1
100000652600,2015,0.00014530747186090233,1
100000652800,2015,6.360017330626075e-05,1
100000652900,2015,6.544348966923431e-05,1
100000653000,2015,0.0009556357137913676,1
100000653400,2015,5.5191358565122236e-05,1
100000653800,2015,0.00027193913194229044,1
100000653900,2015,0.0001350616370610129,1
100000654200,2015,1.0226266591653263e-05,1
100000654500,2015,3.221691342449483e-05,1
100000655500,2015,2.1816491135563045e-05,1
100000656000,2015,0.00026806058380129613,1
100000656200,2015,2.2925009472627298e-05,1
100000656300,2015,5.637556436252884e-05,1
100000656700,2015,0.0013413843550501188,1
100000658600,2015,0.0006891146224010195,1
100000658700,2015,1.7904666134021282e-05,1
100000659200,2015,0.0004896182550734795,1
100000659400,2015,0.00022713490531312702,1
100000659600,2015,0.0020872868014152664,1
100000660000,2015,0.00010601324843256599,1
100000660900,2015,0.00018144965688765013,1
100000661000,2015,0.002053413044790888,1
100000661200,2015,7.602997744601889e-05,1
100000661300,2015,0.0017175927698271681,1
100000662000,2015,0.00018158829198157363,1
100000662900,2015,0.0016544648130621853,1
100000663600,2015,0.00018856468900237887,1
100000663900,2015,0.0053072462956297375,1
100000664600,2015,3.3976528012679845e-05,1
100000665100,2015,6.188498114283881e-05,1
100000665300,2015,1.474351611640463e-06,1
100000668100,2015,6.531626956519109e-06,1
100000668600,2015,0.00031320625053066664,1
100000669100,2015,6.5871320431450394e-06,1
100000669200,2015,0.00013555000774437663,1
100000670300,2015,0.0019132163725576205,1
100000670400,2015,0.00012073545659562726,1
100000671100,2015,9.043494852457076e-06,1
100000671200,2015,0.00027498671411304676,1
100000671800,2015,0.00021528822077026508,1
100000672900,2015,0.00038015345599912663,1
100000673900,2015,0.013277263695352268,1
100000674400,2015,0.000139173659102733,1
100000675100,2015,3.473452980984751e-05,1
100000675700,2015,0.0001494947236418224,1
100000676500,2015,2.57732956428792e-05,1
100000676700,2015,6.306390494351702e-05,1
100000677100,2015,7.746055407425028e-06,1
100000677400,2015,7.664501472629726e-05,1
100000678900,2015,0.0009039351022445211,1
100000679100,2015,6.322231049517448e-05,1
100000682000,2015,0.0012591557401163875,1
100000683400,2015,0.00011687362832769317,1
100000683600,2015,0.000262903162962033,1
100000683800,2015,0.00018589906973078642,1
100000684900,2015,0.00023380278339490816,1
100000685400,2015,0.00011951776824905172,1
100000685600,2015,0.0005058247594016838,1
100000686100,2015,8.606596434659941e-06,1
100000687500,2015,0.0003163701040647028,1
100000687600,2015,0.00010052907297683765,1
100000688500,2015,6.0698583675159204e-05,1
100000689000,2015,7.570481962111362e-05,1
100000689200,2015,0.005311863509515084,1
100000690100,2015,6.583551412372851e-06,1
100000690800,2015,8.417952034404172e-05,1
100000691300,2015,0.0005285315445119908,1
100000691500,2015,0.00030939684165477986,1
100000691700,2015,3.316194355789773e-05,1
100000691800,2015,4.624142920486513e-05,1
100000692000,2015,9.273193184941557e-05,1
100000692100,2015,1.2240371377782955e-05,1
100000692300,2015,8.651886211927043e-06,1
100000693100,2015,9.231243543768609e-05,1
100000693200,2015,0.0006911917726506418,1
100000693700,2015,0.00010657455486031308,1
100000694000,2015,2.425483060482661e-05,1
100000694500,2015,8.317806822225046e-05,1
100000694600,2015,0.00019003089026832124,1
100000695100,2015,0.0002765391233256747,1
100000695200,2015,0.00015448217800397482,1
100000695300,2015,0.0006576678690640695,1
100000695400,2015,1.9111004104358523e-05,1
100000695700,2015,0.0010118127191096004,1
100000696400,2015,8.823254812904702e-06,1
100000697100,2015,5.979508531813526e-06,1
100000697200,2015,2.518127328334277e-05,1
100000697600,2015,6.562009965547127e-05,1
100000697800,2015,0.0006989788216392444,1
100000697900,2015,0.0008431868091446319,1
100000698900,2015,0.0006836567640651673,1
100000699600,2015,1.1591839365410826e-05,1
100000700400,2015,2.229731618145546e-05,1
100000700600,2015,0.00021532153094608016,1
100000701300,2015,2.40006315434402e-05,1
100000701500,2015,0.00013682979149836803,1
100000702700,2015,6.319722455781855e-05,1
100000703000,2015,8.210052446685038e-05,1
100000703300,2015,0.00020841341076451692,1
100000703500,2015,0.0010749269728265397,1
100000703700,2015,0.0007579504015572033,1
100000703800,2015,1.4104275444091432e-05,1
100000704300,2015,0.000673847326115714,1
100000704400,2015,0.0003375145967166567,1
100000705000,2015,5.2085533216017855e-06,1
100000705100,2015,0.00024182691128664459,1
100000705600,2015,0.0006740434501933158,1
100000705800,2015,1.745382537725162e-05,1
100000706000,2015,0.00011138669600353133,1
100000706600,2015,0.0025332715271737328,1
100000706800,2015,0.0005636425951256053,1
100000708200,2015,0.00010684838764119031,1
100000708300,2015,0.00014341563336785532,1
100000709000,2015,9.19288670386103e-05,1
100000709100,2015,3.937853415770165e-05,1
100000709600,2015,0.0017200987239539365,1
100000709800,2015,0.00014109769788325557,1
100000710200,2015,0.00016854949126617408,1
100000710500,2015,9.371324975042552e-06,1
100000710700,2015,5.03546824992236e-05,1
100000712000,2015,0.00027415521754709155,1
100000712300,2015,0.00018665241366621477,1
100000712600,2015,0.0010672306029142944,1
100000713000,2015,5.957419456145311e-05,1
100000713800,2015,6.32140294250763e-06,1
100000714400,2015,0.00273137818333906,1
100000715000,2015,0.002456992951116873,1
100000716300,2015,0.0003637934172341565,1
100000716400,2015,0.0068969209376290525,1
100000718800,2015,0.0003282483944832855,1
100000719200,2015,0.025385811837435816,1
100000720100,2015,0.00021335177590834172,1
100000720300,2015,0.000262524759032501,1
100000720400,2015,4.555173838131188e-05,1
100000720900,2015,0.0016678000599879177,1
100000721400,2015,0.00021444550778023736,1
100000721500,2015,0.000939594023069681,1
100000721900,2015,0.0001516750392805466,1
100000722200,2015,0.00047472579702967995,1
100000722400,2015,0.0021825468129085465,1
100000724200,2015,0.0005687897887415416,1
100000725000,2015,0.0004070554888434601,1
100000725700,2015,0.00010576338604926022,1
100000725800,2015,3.842520360313033e-05,1
100000726400,2015,9.732023922001063e-05,1
100000726700,2015,0.0006509299483153374,1
100000727400,2015,0.000871988993320929,1
100000728500,2015,1.8551830360316784e-05,1
100000729000,2015,0.002444527744178045,1
100000729200,2015,5.683144103829888e-05,1
100000729500,2015,3.465838147533601e-05,1
100000731000,2015,9.460950485191036e-05,1
100000732000,2015,2.7052481465300884e-05,1
100000732200,2015,0.00010489962036326023,1
100000733400,2015,0.0005283265625008899,1
100000734300,2015,0.0002987076606847686,1
100000734600,2015,0.0051715273875226645,1
100000735600,2015,0.0007067025516009894,1
100000736900,2015,0.00015064554859376626,1
100000737000,2015,9.742169138742211e-05,1
100000737100,2015,0.001077590005145943,1
100000738000,2015,0.00027978805108745366,1
100000738300,2015,0.0004348350535734675,1
100000738600,2015,0.00043704082770886356,1
100000738800,2015,0.003987143644508886,1
100000739800,2015,0.022873534695435918,1
100000740000,2015,5.031653922342934e-05,1
100000740200,2015,0.0020706560001590465,1
100000740600,2015,3.454953027964993e-05,1
100000741900,2015,2.0850224834657443e-06,1
100000742400,2015,0.0008579112998141938,1
100000742500,2015,4.7775972360641883e-05,1
100000742800,2015,0.0002831979862209278,1
100000743100,2015,4.63444843128166e-05,1
100000743200,2015,0.00017082331131562138,1
100000743500,2015,8.992872247647612e-05,1
100000743600,2015,0.0008896605148384168,1
100000744100,2015,0.0031624333973847424,1
100000745300,2015,1.6827030641914028e-05,1
100000746100,2015,0.0002490241161866625,1
100000747700,2015,1.3610279892778339e-05,1
100000748600,2015,1.4985337465177284e-05,1
100000749300,2015,0.001349033787339846,1
100000750000,2015,0.00012634457084359906,1
100000750400,2015,0.00013718103611849462,1
100000750700,2015,0.0002717370855460115,1
100000751300,2015,0.00014662261841244206,1
100000751600,2015,0.0004975965188815365,1
100000752100,2015,0.00012200962143124245,1
100000752500,2015,4.453151297627183e-05,1
100000753000,2015,5.4135360405410955e-05,1
100000753400,2015,7.674946186457696e-05,1
100000755600,2015,0.0001518661473134042,1
100000755700,2015,0.03575782051486779,1
100000755900,2015,6.608462673774187e-06,1
100000756000,2015,2.8871227575241385e-05,1
100000757000,2015,0.000157859526330058,1
100000757200,2015,3.086647635885108e-05,1
100000757600,2015,2.6148431715087017e-06,1
100000757800,2015,0.00027888594658702945,1
100000758400,2015,4.14027445600355e-05,1
100000759500,2015,3.062561282756069e-05,1
100000760700,2015,3.654065192134486e-05,1
100000761000,2015,4.866303332197859e-05,1
100000761400,2015,0.0006622507653406863,1
100000761600,2015,0.00012608508062406454,1
100000761700,2015,0.0022614827614969627,1
100000762600,2015,0.00041993439151966137,1
100000762700,2015,6.0713131906553876e-05,1
100000763500,2015,0.0006045145316262262,1
100000763700,2015,0.0020323590275556115,1
100000764000,2015,0.0005154423337388657,1
100000764100,2015,7.852610406084006e-05,1
100000765400,2015,3.0958449589212095e-05,1
100000766700,2015,0.000680109035215949,1
100000767800,2015,0.00016914656876146434,1
100000767900,2015,3.31342390724774e-05,1
100000768500,2015,1.283933887330206e-05,1
100000769400,2015,5.611430971664099e-05,1
100000769900,2015,5.762147185723499e-05,1
100000771600,2015,0.0001463912806797709,1
100000772300,2015,5.151902819895033e-05,1
100000773200,2015,2.1055071596026048e-05,1
100000773300,2015,0.00010708710374129927,1
100000774400,2015,7.128320796077392e-05,1
100000775100,2015,5.928147281344395e-05,1
100000775500,2015,1.4598788358693774e-05,1
100000775700,2015,0.00011279113128203412,1
100000776300,2015,0.00016512112588140673,1
100000776800,2015,0.00020410523970676583,1
100000777100,2015,0.0002544600096288567,1
100000777200,2015,4.2321652114208705e-05,1
100000777600,2015,0.0004933386448154745,1
100000777900,2015,0.00019357136174092483,1
100000779600,2015,0.0026575039334793315,1
100000780300,2015,0.0003417174545516779,1
100000780500,2015,0.00015011238920680021,1
100000780800,2015,0.0008410797145402167,1
100000781700,2015,0.00015908613418341271,1
100000782600,2015,5.947697121404507e-05,1
100000784500,2015,1.1243125067919826e-05,1
100000784600,2015,0.0001922807808016436,1
100000784800,2015,0.00044990037687569714,1
100000785600,2015,0.0006642132023923406,1
100000785700,2015,7.817035287479185e-05,1
100000785800,2015,0.001607618139550419,1
100000786300,2015,5.3731183967303635e-05,1
100000787200,2015,9.829633617617021e-06,1
100000787500,2015,0.0029078603064508738,1
100000787800,2015,7.216439161595272e-05,1
100000788300,2015,0.00012016532204110324,1
100000788400,2015,1.064883410771336e-05,1
100000789700,2015,3.2599431302091905e-05,1
100000789900,2015,0.0013017465528205568,1
100000790400,2015,3.990177475923834e-05,1
100000791600,2015,4.253607222804265e-05,1
100000792100,2015,2.944508949495684e-05,1
100000792300,2015,0.00036894574614672885,1
100000793800,2015,0.00010067613731651379,1
100000794300,2015,0.0032835685693050646,1
100000795400,2015,0.01637082569789497,1
100000795900,2015,7.223153315433788e-05,1
100000796100,2015,0.00021324924434984086,1
100000797000,2015,6.873545037152635e-05,1
100000800200,2015,1.451543125493559e-05,1
100000800500,2015,2.4861500073318114e-05,1
100000801200,2015,6.784074438336501e-05,1
100000802600,2015,2.316162362456576e-05,1
100000803200,2015,0.00014571203193750832,1
100000803600,2015,2.769826879367622e-05,1
100000804100,2015,0.0003170701103117215,1
100000804200,2015,0.0014241067607868956,1
100000804700,2015,0.00254239233031832,1
100000804900,2015,3.843064458421788e-05,1
100000806100,2015,4.248742242219737e-05,1
100000806300,2015,0.002267180043415435,1
100000806800,2015,1.4144158817003602e-05,1
100000807100,2015,0.0009808163853868162,1
100000807200,2015,5.413964763168103e-05,1
100000807600,2015,0.005247257334197969,1
100000809400,2015,0.0062277266809248315,1
100000809700,2015,0.006703342828518824,1
100000810900,2015,0.0015842526297386729,1
100000811400,2015,0.0026397380587236644,1
100000811600,2015,0.00013064882603353495,1
100000813400,2015,3.0479163794490826e-05,1
100000813800,2015,3.24718877464156e-05,1
100000814000,2015,0.00021266687611140345,1
100000814400,2015,0.0003973327937222259,1
100000814500,2015,2.4477567338902355e-05,1
100000815200,2015,0.0016191054042090812,1
100000815400,2015,0.00011180510605761536,1
100000815600,2015,0.0018454512250535668,1
100000815800,2015,0.00026541475950913983,1
100000816000,2015,0.00023424094585414618,1
100000816300,2015,0.0001755273696674811,1
100000816500,2015,8.332425375274377e-05,1
100000816800,2015,0.00013300154662976776,1
100000816900,2015,0.00025434895719532295,1
100000817000,2015,0.0010665051797699898,1
100000818200,2015,0.00022951176442746957,1
100000818900,2015,0.0009206024387138127,1
100000820200,2015,1.5536562517546284e-05,1
100000822200,2015,0.0007159423849841325,1
100000822300,2015,0.0006422470206931031,1
100000823600,2015,0.0001312535432330461,1
100000825500,2015,0.00021032220524459284,1
100000826400,2015,0.0007174763682687079,1
100000826800,2015,0.00011398132937240802,1
100000827000,2015,4.2989900858364764e-05,1
100000827200,2015,0.0001852365849256495,1
100000827400,2015,0.0018678710430350492,1
100000827800,2015,0.00017605852687242488,1
100000828000,2015,0.00016729189194906422,1
100000828200,2015,4.529125201632684e-05,1
100000828900,2015,3.830289008965713e-05,1
100000829900,2015,0.0023253062152410347,1
100000830400,2015,0.00012896632008683055,1
100000831700,2015,0.000567197864185392,1
100000832400,2015,6.573385662655291e-05,1
100000832600,2015,1.3947799502325814e-05,1
100000832800,2015,0.0001734731150028047,1
100000833800,2015,1.4747827641305676e-06,1
100000834600,2015,0.0013826060942420167,1
100000835000,2015,8.500164097644178e-06,1
100000835600,2015,0.0020635579385507798,1
100000836700,2015,0.0006308153943934189,1
100000836800,2015,5.362076908355879e-06,1
100000836900,2015,0.00011419484029332223,1
100000837700,2015,0.00011747097402877133,1
100000838000,2015,0.002021319486559352,1
100000838200,2015,0.0002844165443520705,1
100000838800,2015,2.9170946331531055e-05,1
100000839000,2015,5.232830254948193e-05,1
100000839300,2015,1.4950910731597264e-05,1
100000839400,2015,7.851740106698581e-05,1
100000839500,2015,0.001448309611473067,1
100000839600,2015,2.564645132746666e-05,1
100000841000,2015,0.002554877930996989,1
100000841100,2015,0.0002286601038191276,1
100000841800,2015,0.00048562439392483376,1
100000842100,2015,4.3151883068369284e-05,1
100000842600,2015,9.428219211080138e-05,1
100000843100,2015,0.0008098525672242345,1
100000843500,2015,1.0484829936509716e-05,1
100000843800,2015,0.0007442315729611015,1
100000844100,2015,0.001161689430767621,1
100000844200,2015,4.796708217811854e-05,1
100000846400,2015,6.79919832464007e-05,1
100000848100,2015,0.00043144096863827127,1
100000848500,2015,0.0013057552554861492,1
100000848600,2015,0.00023874293974178166,1
100000849300,2015,0.019355123866673186,1
100000849400,2015,2.0690972211422465e-05,1
100000850600,2015,4.373678298209734e-05,1
100000851100,2015,0.00041350216308232016,1
100000851300,2015,0.00010993631676595975,1
100000852000,2015,0.00032067382527930464,1
100000852600,2015,0.00011778015466556616,1
100000853100,2015,0.00012923938887419997,1
100000853200,2015,0.00027421638190669803,1
100000853400,2015,3.947691317557584e-05,1
100000854400,2015,0.0008237836079679097,1
100000855000,2015,8.783909629032537e-05,1
100000855100,2015,0.00046947924795844747,1
100000855500,2015,6.550275915079988e-05,1
100000856300,2015,9.913949881312159e-05,1
100000858300,2015,0.0036588015169593223,1
100000858600,2015,0.0004730889519358281,1
100000859300,2015,3.329634482986765e-05,1
100000859600,2015,0.0003290842976326319,1
100000859700,2015,6.437739532286185e-06,1
100000860300,2015,6.131383997053842e-05,1
100000860500,2015,1.7599081425033835e-05,1
100000861400,2015,0.0002420817628490334,1
100000861700,2015,0.0003999220068941472,1
100000862200,2015,0.00012538710128043044,1
100000862400,2015,0.0005278549938165291,1
100000863000,2015,0.019690769927267975,1
100000863200,2015,0.011363367592153421,1
100000863500,2015,5.99300738818568e-06,1
100000864200,2015,0.0011041379805294903,1
100000864600,2015,5.861849943766708e-05,1
100000864900,2015,3.2160018554676645e-05,1
100000866100,2015,2.485096491243415e-05,1
100000866300,2015,1.1641356427752121e-05,1
100000867000,2015,0.0011669987851305277,1
100000867700,2015,0.023605867103522766,1
100000868300,2015,0.00015451172960214628,1
100000868600,2015,0.00010922781794564582,1
100000868800,2015,7.17828494390345e-05,1
100000869100,2015,0.0005296604731921996,1
100000869500,2015,9.171505745935769e-06,1
100000869600,2015,8.202687567733789e-06,1
100000869700,2015,8.421465786188986e-05,1
100000870300,2015,2.1392151327045803e-06,1
100000870500,2015,8.187100310235644e-05,1
100000871100,2015,0.0006829578952083899,1
100000871300,2015,0.0004702313853483123,1
100000871500,2015,1.991963760427486e-05,1
100000873900,2015,2.8364429919122243e-05,1
100000874100,2015,4.219630466057722e-06,1
100000875400,2015,1.512818831019077e-05,1
100000875800,2015,7.778643561092613e-06,1
100000876200,2015,2.2148261518383834e-05,1
100000876300,2015,0.0015403542978439726,1
100000876500,2015,3.48573934096065e-06,1
100000876700,2015,0.0003709589750757673,1
100000876800,2015,0.0013217833342272602,1
100000877800,2015,7.152789315407595e-05,1
100000877900,2015,0.0010691603305308095,1
100000878500,2015,2.992620190093538e-06,1
100000879500,2015,0.003550589874035075,1
100000881100,2015,0.000510270110970269,1
100000881600,2015,0.0003343627975413118,1
100000883400,2015,2.0113683887010314e-05,1
100000884000,2015,0.001672848815417695,1
100000884100,2015,0.0021309958664334316,1
100000884400,2015,1.3619608695232325e-05,1
100000884500,2015,4.315307969147702e-05,1
100000885400,2015,0.0001249970374312112,1
100000885900,2015,0.00022182653547819943,1
100000886600,2015,0.00022737905419860924,1
100000887700,2015,0.00044421838338155645,1
100000888300,2015,3.20922722933369e-06,1
100000892500,2015,0.0001083787943140394,1
100000892600,2015,0.0002239241123950139,1
100000893000,2015,0.000121010994793018,1
100000894000,2015,0.00026957742423564706,1
100000894400,2015,0.00031808760299527436,1
100000894500,2015,0.0010012429403287162,1
100000896300,2015,0.00034936661701445053,1
100000897300,2015,1.5755521464995873e-05,1
100000897800,2015,7.402842695099897e-05,1
100000898300,2015,0.0022761253390078335,1
100000899000,2015,0.00023920234151563616,1
100000899200,2015,0.0011298963501326323,1
100000900100,2015,6.229393815604896e-05,1
100000900400,2015,8.046237078166906e-05,1
100000900700,2015,9.60972564689722e-06,1
100000902000,2015,1.949918273958668e-05,1
100000902300,2015,0.00015508410904496527,1
100000902700,2015,1.2507733646859378e-05,1
100000903600,2015,0.0009153419567336676,1
100000904600,2015,0.0016539097171162796,1
100000904800,2015,0.001936945704927281,1
100000905000,2015,8.009073509332093e-05,1
100000905400,2015,0.007734053816571098,1
100000906900,2015,6.009061622400084e-05,1
100000907100,2015,0.0013438342700966767,1
100000907200,2015,2.8747380388740837e-06,1
100000907300,2015,0.0005847444924602005,1
100000908000,2015,0.0002814913274902259,1
100000908100,2015,1.4769409525860421e-05,1
100000908300,2015,0.00010931781134524768,1
100000908400,2015,0.00024371113172489024,1
100000908700,2015,1.7535845685410005e-06,1
100000909100,2015,0.0006952519179984893,1
100000909900,2015,0.002635209329793163,1
100000910500,2015,0.0017602668495586573,1
100000910900,2015,0.000912552142497271,1
100000911000,2015,0.0021964554868951734,1
100000912000,2015,0.00015354828365090402,1
100000912100,2015,0.0002597988644228914,1
100000912600,2015,0.00036448185969132713,1
100000913700,2015,2.8647116217671397e-05,1
100000913900,2015,1.7315746482915042e-05,1
100000915000,2015,0.0001052813251826588,1
100000915300,2015,0.00010623504923166708,1
100000916200,2015,0.001685865410913018,1
100000917100,2015,0.0019283371892281336,1
100000917200,2015,0.0005030515440932006,1
100000918200,2015,7.930618688891031e-06,1
100000919100,2015,0.00038951118809407985,1
100000919200,2015,0.005138983130011303,1
100000919600,2015,0.004683780832463924,1
100000921400,2015,0.0005673116110353836,1
100000922400,2015,0.0005962041393388378,1
100000922700,2015,2.5751500160303363e-05,1
100000923600,2015,4.8856975513373425e-06,1
100000924000,2015,7.663318452305883e-06,1
100000924100,2015,0.0008996802413116832,1
100000925000,2015,0.0008015084588252064,1
100000925100,2015,0.0001523908524424604,1
100000925300,2015,0.0010849722968424614,1
100000926500,2015,0.002369606246132264,1
100000927300,2015,1.571991440658323e-05,1
100000928200,2015,1.885776735709176e-05,1
100000929000,2015,2.226977886052707e-05,1
100000929200,2015,0.0002218760975346806,1
100000929400,2015,0.0009146686979045849,1
100000929900,2015,0.0016339404458933424,1
100000930600,2015,3.770029100898689e-05,1
100000932200,2015,0.00011572785450542749,1
100000932300,2015,4.852944502712759e-05,1
100000932400,2015,1.9226641520057334e-05,1
100000933400,2015,0.0020630824196048083,1
100000933800,2015,0.0006608013345484566,1
100000933900,2015,0.00033659976101190235,1
100000934200,2015,0.0006233117920893374,1
100000934700,2015,0.0003241681400687444,1
100000935800,2015,4.66083847083801e-05,1
100000936000,2015,0.0004715328583676744,1
100000936200,2015,3.998610795349451e-05,1
100000936700,2015,0.0002621879627238891,1
100000937800,2015,0.00011345602627869757,1
100000938000,2015,3.2703855392696496e-05,1
100000938100,2015,0.0007989930455294042,1
100000938700,2015,0.0009394858416951256,1
100000939500,2015,9.285603755639451e-05,1
100000939900,2015,0.0015267385135830844,1
100000940500,2015,1.7615834367697542e-05,1
100000940600,2015,0.0007991083324509154,1
100000940700,2015,0.00020610782042705024,1
100000941100,2015,0.003477470906641333,1
100000941400,2015,0.00013583778473714845,1
100000941800,2015,5.4494400992052257e-05,1
100000941900,2015,3.2254087664207355e-05,1
100000943500,2015,6.536927979148671e-05,1
100000943600,2015,0.0002542304531078499,1
100000944500,2015,3.3422604776918465e-05,1
100000945600,2015,3.084723405824059e-05,1
100000945900,2015,0.00013748531552555551,1
100000946200,2015,0.000132464911190345,1
100000948500,2015,0.00010522723146909853,1
100000949500,2015,0.0015067403720007136,1
100000949900,2015,3.4012685106343174e-06,1
100000950100,2015,0.0008605297566387785,1
100000950300,2015,0.0009206393557624113,1
100000950400,2015,0.000484355439878918,1
100000951600,2015,1.4324959561142792e-05,1
100000952000,2015,4.708943397467946e-05,1
100000953600,2015,0.004294547816081065,1
100000954700,2015,0.003321747634405129,1
100000954800,2015,0.00010923179343133907,1
100000954900,2015,0.00037791323674508346,1
100000956200,2015,1.2502938345002697e-05,1
100000956300,2015,9.523632280419931e-05,1
100000957100,2015,5.6407668589313264e-05,1
100000957400,2015,0.0457630198646555,1
100000958200,2015,0.0002006677403940546,1
100000959300,2015,0.0004913337755048083,1
100000959400,2015,0.0011397126978698576,1
100000960300,2015,2.186038008935219e-06,1
100000960600,2015,0.0008176469425030927,1
100000961100,2015,0.0006461616883496321,1
100000962700,2015,3.358867518430578e-05,1
100000963100,2015,5.17744441071039e-05,1
100000967700,2015,3.706562491781173e-05,1
100000969400,2015,0.0003661236492615165,1
100000971500,2015,0.0005898699060479434,1
100000972000,2015,0.00019797348877044789,1
100000972200,2015,2.6252798602057285e-06,1
100000974100,2015,0.0012578304092920487,1
100000974500,2015,0.0007232695304702979,1
100000975200,2015,3.743771543704988e-06,1
100000975400,2015,7.968024677826831e-05,1
100000975700,2015,0.0004470584478949226,1
100000977400,2015,1.0495475492633232e-05,1
100000977500,2015,6.230580288605076e-05,1
100000978300,2015,1.9194420714290066e-05,1
100000978400,2015,0.0002224595736607142,1
100000978500,2015,2.9847980248173316e-05,1
100000980000,2015,3.834380465477858e-05,1
100000980100,2015,0.00023849852083560844,1
100000980600,2015,3.79414999634622e-05,1
100000980900,2015,4.119650981307325e-05,1
100000981300,2015,3.10620571925113e-05,1
100000981500,2015,0.0001803535410574469,1
100000981700,2015,1.8691790127971773e-05,1
100000982300,2015,0.0002791628729789711,1
100000983300,2015,0.00014129667153627536,1
100000984300,2015,0.0011269590149074408,1
100000984800,2015,5.80065304961568e-05,1
100000986200,2015,2.0385913802091825e-05,1
100000986300,2015,0.009016800691732885,1
100000986800,2015,4.3931961348769874e-05,1
100000987200,2015,2.578140628876336e-05,1
100000988100,2015,2.019235238869156e-05,1
100000989800,2015,0.00034798072887996486,1
100000992000,2015,0.00038799609661505346,1
100000992200,2015,0.00041918087157481943,1
100000992400,2015,1.2257552615957026e-05,1
100000994300,2015,3.801539106879134e-05,1
100000994700,2015,0.00014062314088231277,1
100000994800,2015,0.0015941425491589804,1
100000995000,2015,0.01860361836369269,1
100000995200,2015,4.656696520394209e-05,1
100000995400,2015,0.0016925679303374083,1
100000995800,2015,0.0001104881319813691,1
100000996200,2015,5.783155831712541e-05,1
100000996600,2015,0.0019030833469090896,1
100000998300,2015,0.009463494747004123,1
100001000100,2015,1.7402833991075514e-05,1
100001000300,2015,0.0003420797194405195,1
100001000800,2015,1.4648446261902409e-05,1
100001001600,2015,7.47343456321463e-06,1
100001001800,2015,0.00011416448032881787,1
100001002000,2015,1.085848759912792e-05,1
100001002700,2015,0.00014961430859879518,1
100001002800,2015,5.494534194248997e-05,1
100001003000,2015,8.668190236722675e-05,1
100001003400,2015,1.8743342828229577e-05,1
100001004000,2015,0.0001754863805143184,1
100001004100,2015,0.00025116343354554776,1
100001004300,2015,0.0002840360124484883,1
100001004500,2015,0.0001094551101591078,1
100001004700,2015,0.001016538857522326,1
100001005400,2015,0.002262648519541964,1
100001006500,2015,0.0001621389188177498,1
100001006700,2015,0.0010168732249384,1
100001007700,2015,0.00011411511536145523,1
100001007900,2015,3.858581177542482e-06,1
100001008400,2015,1.6505036339105338e-06,1
100001008600,2015,3.853485748992396e-05,1
100001010200,2015,2.9503577540156362e-06,1
100001010400,2015,0.0007426061945391012,1
100001010500,2015,2.007927668427037e-05,1
100001010900,2015,0.00023161955858773896,1
100001011000,2015,0.0001492047810801474,1
100001012700,2015,0.004545385186079924,1
100001012900,2015,1.505042461585064e-05,1
100001013100,2015,1.2721766492201163e-05,1
100001013400,2015,2.201122682344312e-05,1
100001013600,2015,6.90153914525625e-05,1
100001014200,2015,0.0001412077340831014,1
100001015400,2015,7.132942101566119e-06,1
100001015800,2015,0.004642484411821477,1
100001017000,2015,0.0007668220072481722,1
100001019000,2015,5.957067934441802e-05,1
100001019200,2015,0.00022389535332455855,1
100001019400,2015,3.953612326909216e-05,1
100001020600,2015,2.662521512063844e-05,1
100001021000,2015,0.0002974197574974614,1
100001021200,2015,7.211897812472759e-05,1
100001022000,2015,5.891455832012425e-05,1
100001022300,2015,0.0015409595719229991,1
100001022700,2015,2.3679756444437506e-05,1
100001023800,2015,0.0002948594859331115,1
100001024000,2015,1.843777150068663e-05,1
100001024200,2015,0.0021229210966524793,1
100001024400,2015,6.05677220840375e-05,1
100001024700,2015,0.00010221097549337004,1
100001024900,2015,0.0003734873698005798,1
100001025900,2015,0.03576892514388747,1
100001026400,2015,0.002977954600235528,1
100001026800,2015,0.0002565492534255792,1
100001027900,2015,2.5950788060438138e-05,1
100001029000,2015,5.9015420409509285e-05,1
100001030200,2015,2.9894701074833694e-05,1
100001030500,2015,4.28162598446275e-05,1
100001030800,2015,6.066194221396717e-05,1
100001031600,2015,0.000775268019501667,1
100001031900,2015,1.3997482124016218e-05,1
100001033300,2015,1.2267624575266194e-05,1
100001034000,2015,1.5155879530242716e-05,1
100001034800,2015,0.00019122245505207212,1
100001037300,2015,3.902968614448314e-05,1
100001037400,2015,0.00047546894640914994,1
100001037500,2015,7.455521295242801e-05,1
100001038100,2015,2.0818119982613122e-05,1
100001038400,2015,0.003295403283334089,1
100001039600,2015,0.007759339867285963,1
100001040100,2015,0.00017475871047333322,1
100001040200,2015,2.7820500365743798e-05,1
100001040400,2015,8.364251477214098e-05,1
100001040500,2015,0.00011924082235642868,1
100001041400,2015,9.0095586581466e-05,1
100001041800,2015,0.00013133162263039835,1
100001042300,2015,0.0012226834262855587,1
100001043400,2015,9.537615026691224e-05,1
100001044000,2015,1.3251567883477885e-05,1
100001044400,2015,3.6608863999127735e-05,1
100001044500,2015,0.001044130968920475,1
100001045500,2015,0.00024291850102708238,1
100001046100,2015,0.002728539502343142,1
100001048000,2015,0.00010063090443629278,1
100001049800,2015,4.3378259202360486e-05,1
100001049900,2015,0.0019866980135462018,1
100001050500,2015,8.114546139849176e-06,1
100001050800,2015,8.141537631833121e-05,1
100001051200,2015,0.00013728070831186783,1
100001054100,2015,4.9416202367109956e-05,1
100001054900,2015,0.000370934640053402,1
100001055800,2015,0.00023223453566019098,1
100001056800,2015,0.0026687640678809067,1
100001057300,2015,0.00023786273421137557,1
100001057600,2015,0.00013220946892059863,1
100001058300,2015,0.00012920925121035002,1
100001059400,2015,0.00034835879779569317,1
100001059500,2015,4.405836889907815e-05,1
100001061000,2015,0.00011731343562498206,1
100001061600,2015,4.3069056112444034e-05,1
100001062100,2015,0.0007544100067631758,1
100001062500,2015,2.3743265899960863e-05,1
100001062700,2015,0.00012219862433394507,1
100001063300,2015,0.0002932332999136928,1
100001063500,2015,1.0644260632335543e-05,1
100001063600,2015,0.00030468076576544524,1
100001064700,2015,0.00047150549812671657,1
100001065500,2015,1.2796717766960699e-05,1
100001065900,2015,9.728373468426421e-05,1
100001066100,2015,9.271572570463668e-05,1
100001066400,2015,0.0001494144819622447,1
100001066600,2015,1.2798665453786522e-05,1
100001068000,2015,0.0002464641680636718,1
100001069900,2015,0.00010939255397467252,1
100001070000,2015,7.289852256405134e-05,1
100001070200,2015,0.0004828741236836271,1
100001071100,2015,0.001355479491858631,1
100001071900,2015,0.00021342705810524653,1
100001072500,2015,5.501731917615011e-06,1
100001074400,2015,1.4465103795053057e-05,1
100001074700,2015,0.00019980724674591816,1
100001075200,2015,0.0001257727383439487,1
100001075300,2015,0.001124402670660337,1
100001075700,2015,0.0001256860470283899,1
100001077500,2015,4.162956899373293e-05,1
100001077600,2015,0.0031200741875690996,1
100001077700,2015,0.0006341087137335153,1
100001078300,2015,0.0019840139929071833,1
100001078400,2015,0.0016098155962729033,1
100001079100,2015,0.00010255560669885886,1
100001079300,2015,0.00015846419898436136,1
100001080900,2015,0.0014484349382086795,1
100001081000,2015,0.010201543909483742,1
100001081500,2015,3.331963214548299e-05,1
100001082100,2015,9.175591570240823e-05,1
100001083200,2015,0.00023190001338361843,1
100001083600,2015,2.4425801847021707e-05,1
100001084100,2015,0.0006601359030277449,1
100001085100,2015,6.681337907654225e-06,1
100001085400,2015,0.000105648699343141,1
100001087800,2015,0.0004058965687250202,1
100001088300,2015,0.00043196285925178776,1
100001088600,2015,6.342510057720863e-05,1
100001088800,2015,8.615713581152676e-06,1
100001089400,2015,3.6888813282601566e-05,1
100001089500,2015,2.7088621599383655e-05,1
100001089800,2015,0.0011886649246496473,1
100001090000,2015,7.706193313412396e-06,1
100001090500,2015,0.00010734362177166126,1
100001090800,2015,2.0041072338435135e-05,1
100001091000,2015,0.0003466375595162068,1
100001091200,2015,7.115746806797457e-05,1
100001092100,2015,9.464298415877395e-05,1
100001092400,2015,0.0002762457470918342,1
100001092700,2015,5.110580250518859e-05,1
100001093000,2015,0.04264652464610626,1
100001093100,2015,1.0037851870395722e-05,1
100001093300,2015,0.0007583109290581902,1
100001093800,2015,0.00028528551316850224,1
100001095300,2015,2.62970151267335e-05,1
100001096600,2015,0.00020288904938676284,1
100001097100,2015,2.6105481215735132e-05,1
100001098200,2015,2.0803677831908885e-05,1
100001099300,2015,0.0008085020406430689,1
100001099900,2015,0.00022064803381668976,1
100001100100,2015,0.008135406153471173,1
100001100600,2015,0.00012324378158122561,1
100001100700,2015,0.0001138074661400184,1
100001101200,2015,4.248118048867953e-05,1
100001102200,2015,0.0005915632662399867,1
100001102300,2015,2.8177801626175733e-05,1
100001103000,2015,0.00011691384551505508,1
100001103700,2015,0.0006951018876855488,1
100001104200,2015,0.004550585199604376,1
100001105100,2015,0.00033059785623418985,1
100001105700,2015,0.0002323522419301616,1
100001106100,2015,0.00018240390659009104,1
100001106600,2015,1.4710775146332727e-05,1
100001107300,2015,0.001047488017666551,1
100001107400,2015,0.014429004752099683,1
100001107500,2015,7.413988210526276e-06,1
100001107700,2015,9.23751938748395e-05,1
100001107800,2015,0.0007212087800291469,1
100001109300,2015,0.0006598157727167916,1
100001109500,2015,7.296833685931168e-05,1
100001111500,2015,0.00029706267918538324,1
100001111800,2015,2.316119903930097e-05,1
100001112600,2015,0.00011581392168184141,1
100001113400,2015,8.392029996378624e-05,1
100001113800,2015,0.00029158994510492496,1
100001114400,2015,0.0001695942925898204,1
100001114500,2015,0.00022940465101523166,1
100001114700,2015,0.00047197671338895927,1
100001115100,2015,3.617685372302513e-05,1
100001115300,2015,4.880425681500611e-05,1
100001115400,2015,0.0008127836256707922,1
100001116200,2015,0.02545245294425828,1
100001116400,2015,0.001048785593627087,1
100001116500,2015,2.7033054864720076e-07,1
100001117300,2015,0.00036161084881831853,1
100001117900,2015,0.01499246153075753,1
100001118900,2015,6.194691542486054e-05,1
100001119500,2015,0.0005536974777226918,1
100001120000,2015,0.00042514815008019293,1
100001121000,2015,0.0013627432891682473,1
100001121200,2015,0.00025332820438056264,1
100001121600,2015,0.00015574343600973213,1
100001122100,2015,5.890357810573167e-05,1
100001123300,2015,3.3472886156485727e-06,1
100001123600,2015,2.497010638209957e-05,1
100001123900,2015,0.0003258329788071045,1
100001124100,2015,6.405555634473823e-05,1
100001124500,2015,0.0008009319912582616,1
100001124800,2015,5.1552833227158565e-05,1
100001125300,2015,0.0029853695169495724,1
100001126100,2015,0.00021847799613764905,1
100001126500,2015,0.000653066302673273,1
100001126600,2015,0.00012538951839789276,1
100001127700,2015,2.7799652122987096e-06,1
100001128100,2015,0.0009155911142122507,1
100001128400,2015,4.5031510336926855e-05,1
100001129600,2015,0.0026458526539186273,1
100001130000,2015,3.5538592961977714e-05,1
100001131500,2015,0.0005681150997162476,1
100001131900,2015,0.0001351572822470329,1
100001132500,2015,0.00012565813952269064,1
100001133100,2015,0.00014773234205379994,1
100001133400,2015,0.0003051561771319773,1
100001133600,2015,2.450811738045328e-05,1
100001135400,2015,0.006473782037090835,1
100001135500,2015,0.01174547971201763,1
100001135700,2015,0.0011419779149478722,1
100001137000,2015,0.00044058657163826653,1
100001137400,2015,7.028403861036774e-05,1
100001137800,2015,5.954421603828844e-05,1
100001138000,2015,4.672680972921849e-05,1
100001138600,2015,0.0023017667320162356,1
100001138700,2015,0.0007049921512883085,1
100001139700,2015,7.277346995479303e-05,1
100001140400,2015,3.3036114790085125e-05,1
100001141000,2015,0.0005897375434660931,1
100001141800,2015,0.00017371712864415245,1
100001142000,2015,0.0009908899890928664,1
100001142300,2015,2.0458710050441397e-06,1
100001143000,2015,0.00015725855714072702,1
100001143300,2015,5.6999041647217184e-05,1
100001143600,2015,0.00014070098022081514,1
100001143700,2015,0.0004459514118043142,1
100001144300,2015,0.0007430920225972713,1
100001144500,2015,0.0014284441842650915,1
100001144600,2015,2.244160175166083e-05,1
100001145200,2015,0.0006166015715181816,1
100001145900,2015,0.0003278986801962586,1
100001146100,2015,0.00042888407104006064,1
100001146400,2015,0.0001587899663247752,1
100001147000,2015,0.0005688239675430549,1
100001147400,2015,0.0001781493913305742,1
100001147800,2015,2.0862329866352887e-06,1
100001147900,2015,0.0008493299435892471,1
100001148100,2015,0.00022709221458091873,1
100001148900,2015,0.00015575836435496786,1
100001149000,2015,0.000546315645187255,1
100001150400,2015,0.00028053168928053124,1
100001150600,2015,0.0005400450941980111,1
100001151300,2015,0.0005394331410965498,1
100001151500,2015,1.1759322591426244e-05,1
100001152500,2015,1.6589745918514828e-05,1
100001152700,2015,8.855561675934137e-06,1
100001152800,2015,0.002165569596868044,1
100001153100,2015,4.8882893579889e-05,1
100001153300,2015,3.671552037162869e-05,1
100001153800,2015,0.0002997790796402049,1
100001154100,2015,6.802704476912857e-05,1
100001154200,2015,3.412994918527393e-05,1
100001155100,2015,0.010308994918856696,1
100001155200,2015,2.6033814636166808e-06,1
100001156500,2015,0.00039622629333217036,1
100001156600,2015,0.0005006253090697459,1
100001157900,2015,0.0010012775830047923,1
100001158400,2015,0.00013041217015474478,1
100001159600,2015,3.094555246144099e-05,1
100001160100,2015,0.0001507732954251497,1
100001160800,2015,0.0003113807475611051,1
100001161200,2015,3.1455629687762486e-05,1
100001162800,2015,2.7902299754274484e-05,1
100001163800,2015,0.00013735754804938054,1
100001164300,2015,4.5955615902371526e-05,1
100001164700,2015,0.0015296241701413496,1
100001164900,2015,0.0004792660005650099,1
100001165100,2015,4.363633093350267e-05,1
100001165300,2015,5.5869517164350634e-05,1
100001165600,2015,0.0004632481873098467,1
100001166100,2015,0.00045021147518958945,1
100001167500,2015,3.363502720984693e-05,1
100001168500,2015,3.2521802621550916e-05,1
100001168700,2015,3.8487568270486934e-05,1
100001168800,2015,1.2497130151907327e-05,1
100001169200,2015,0.0003083895190239958,1
100001169500,2015,0.0005878283222933628,1
100001169700,2015,1.7095952280845987e-05,1
100001170000,2015,0.0033390618752865814,1
100001170400,2015,5.234706429237403e-05,1
100001170600,2015,5.6392652748352526e-05,1
100001171600,2015,0.000695756144237508,1
100001171900,2015,0.0017635325166409756,1
100001173000,2015,0.00010824297408573122,1
100001173900,2015,0.0008331523214885067,1
100001174300,2015,4.9686774456560614e-05,1
100001174500,2015,0.0002002008794204316,1
100001176700,2015,0.00040635346815339065,1
100001176800,2015,2.9972220492683038e-05,1
100001176900,2015,1.4730087787869816e-05,1
100001177400,2015,0.001558695153650376,1
100001177600,2015,2.473758185493975e-06,1
100001177900,2015,4.959098888748276e-05,1
100001178600,2015,0.001523009746528945,1
100001178700,2015,0.000478805712152466,1
100001179700,2015,5.5849541731550013e-05,1
100001180900,2015,2.587605160627601e-05,1
100001181200,2015,1.8478536162654125e-05,1
100001181900,2015,0.00014605482808501615,1
100001182000,2015,0.005164411674012004,1
100001184800,2015,0.00110644382450408,1
100001185100,2015,0.00011090887323223575,1
100001185800,2015,0.03223340852899028,1
100001186400,2015,0.00045444551126470114,1
100001186600,2015,0.00016697843518076902,1
100001188100,2015,1.2411617860914452e-05,1
100001188200,2015,0.00020442044422046897,1
100001188400,2015,8.240938661309943e-06,1
100001189000,2015,5.415948686240577e-05,1
100001189100,2015,2.9295759547834794e-05,1
100001189400,2015,0.0017114102058833494,1
100001189500,2015,0.0006616077600056754,1
100001189900,2015,0.004679686773154233,1
100001190000,2015,0.0006124009941631673,1
100001190200,2015,9.230078672325904e-05,1
100001190500,2015,0.00020907230893074525,1
100001190800,2015,3.061862502605292e-05,1
100001191700,2015,0.001592649432084873,1
100001192800,2015,0.0001533556264695807,1
100001193000,2015,3.150343655633493e-05,1
100001193400,2015,0.012324724385455108,1
100001193800,2015,0.00028862391418908273,1
100001194200,2015,8.309170633902542e-06,1
100001195800,2015,0.00019137033650186238,1
100001195900,2015,0.0005971752246386559,1
100001196900,2015,4.986606071344258e-06,1
100001197600,2015,0.008521451427858389,1
100001198300,2015,0.0022233269764834443,1
100001201000,2015,5.438014828636211e-05,1
100001201100,2015,0.00028956028352429097,1
100001201700,2015,2.7117852510195993e-05,1
100001202600,2015,2.7142197226265554e-05,1
100001202900,2015,0.0002594390022725799,1
100001203300,2015,7.854247640022101e-05,1
100001203400,2015,6.483559920476682e-05,1
100001203700,2015,0.0002778374713001526,1
100001203800,2015,4.675881844149351e-05,1
100001204000,2015,2.352411931506271e-05,1
100001204300,2015,0.001943623115679742,1
100001204700,2015,0.00011277083719317113,1
100001204800,2015,0.00017535306096691638,1
100001204900,2015,0.001503977146271426,1
100001205200,2015,0.0016584077586514433,1
100001205400,2015,5.4573849408384145e-05,1
100001206000,2015,0.00035749418688433974,1
100001206800,2015,0.00011788393445708987,1
100001206900,2015,3.2707953230144236e-05,1
100001207500,2015,0.00040005200027015876,1
100001208600,2015,6.64277622740566e-05,1
100001209200,2015,0.0010194691522491881,1
100001210600,2015,0.00023503359987256064,1
100001210700,2015,0.0024921811677357814,1
100001210800,2015,3.0323938970248543e-05,1
100001211200,2015,0.0010042892729203094,1
100001211700,2015,3.6225744014561826e-05,1
100001212100,2015,0.00021513355378686386,1
100001213800,2015,3.717406335758208e-05,1
100001214200,2015,3.531031039849191e-05,1
100001214500,2015,0.00018782500604959051,1
100001214900,2015,0.0022520925344240387,1
100001215500,2015,0.0007664635360350303,1
100001215600,2015,9.405758205477608e-05,1
100001215700,2015,5.250123233276725e-06,1
100001216800,2015,0.0005095150676502216,1
100001218500,2015,4.4511130403022454e-05,1
100001218600,2015,5.928526677061276e-05,1
100001218900,2015,6.765291323241992e-05,1
100001219300,2015,9.34372790121321e-05,1
100001220200,2015,3.678385174335556e-05,1
100001220400,2015,8.725526682121476e-05,1
100001220700,2015,0.0005065225597753683,1
100001221000,2015,5.032282905032761e-05,1
100001221700,2015,0.0011700248418657312,1
100001221800,2015,9.036462011886171e-05,1
100001222000,2015,2.7604515524676257e-05,1
100001222400,2015,3.2128349493561046e-05,1
100001222800,2015,0.00029042280141240625,1
100001223000,2015,0.0012551662893338206,1
100001223200,2015,0.0006270794658811064,1
100001224000,2015,0.001021581472042839,1
100001225500,2015,2.630365527967246e-05,1
100001226700,2015,0.003744745051926461,1
100001228000,2015,0.00017809298129890563,1
100001228200,2015,0.00034015897213680255,1
100001228700,2015,4.6808094153998505e-05,1
100001228900,2015,0.006420406007888422,1
100001229900,2015,0.00013303618533203675,1
100001230100,2015,2.155974293715537e-05,1
100001230300,2015,0.00014574169515940594,1
100001230600,2015,0.00014833813555543846,1
100001231300,2015,0.0015997598051626708,1
100001231500,2015,0.00101696971511879,1
100001231800,2015,0.00019419450841455773,1
100001232100,2015,0.00021808338013902797,1
100001232400,2015,6.871756058854009e-05,1
100001233100,2015,4.8837477787251644e-05,1
100001233700,2015,5.1911316517975415e-05,1
100001234000,2015,0.00019536652743401195,1
100001234500,2015,0.00011432063048679635,1
100001234900,2015,0.0008209367171270294,1
100001235700,2015,0.001991480904094392,1
100001236300,2015,0.0001695619829323053,1
100001236900,2015,4.5742871021273645e-06,1
100001237100,2015,5.268877533514942e-06,1
100001238400,2015,4.5544615710003005e-05,1
100001239400,2015,0.00010726180539589466,1
100001240100,2015,0.00011222544599117306,1
100001240300,2015,5.795528248073545e-05,1
100001241400,2015,0.0009124720000083957,1
100001242200,2015,2.661308280966238e-06,1
100001242700,2015,0.0017069554145825161,1
100001243900,2015,0.0003494905795441272,1
100001244100,2015,0.001312783089763791,1
100001244700,2015,1.5753209709824003e-05,1
100001245700,2015,5.832432044722406e-05,1
100001246500,2015,0.011653208128759949,1
100001246800,2015,6.205292983397923e-05,1
100001248100,2015,4.4451141244371584e-05,1
100001248600,2015,0.0010511503806773738,1
100001248900,2015,7.400445873365317e-05,1
100001249100,2015,1.830590328545248e-05,1
100001249500,2015,0.00021686907966877718,1
100001249700,2015,0.0002740123811785988,1
100001249900,2015,1.1024788855603986e-05,1
100001250300,2015,1.2902660740416761e-05,1
100001251500,2015,1.717862682735904e-05,1
100001252600,2015,0.000955197449379094,1
100001252900,2015,6.261847085974084e-05,1
100001254100,2015,0.00016059551854193894,1
100001254200,2015,0.010138805784743753,1
100001254300,2015,0.00034632388409566153,1
100001254700,2015,6.600371414093587e-05,1
100001254900,2015,3.4788382636271958e-06,1
100001255000,2015,0.003660696896925546,1
100001255200,2015,6.5148924366328515e-06,1
100001257700,2015,6.733361302147447e-05,1
100001258000,2015,0.0002972074293897679,1
100001258500,2015,4.030594946114347e-05,1
100001258600,2015,9.231233276798765e-05,1
100001259100,2015,0.00020452917776097996,1
100001259200,2015,4.9817028829415845e-05,1
100001259400,2015,5.813762894472852e-06,1
100001259900,2015,0.00010698932590851714,1
100001260100,2015,0.00013307518820496701,1
100001260200,2015,4.6826331921377504e-05,1
100001260300,2015,0.0001412450436883374,1
100001260700,2015,1.5353998018367476e-05,1
100001261300,2015,4.090925288796542e-05,1
100001261700,2015,3.392583345752746e-05,1
100001262100,2015,3.1832824143984824e-05,1
100001264600,2015,0.0015454541190105613,1
100001265200,2015,0.001391065014422849,1
100001265400,2015,0.0016671724452675975,1
100001267900,2015,0.0022607424846296017,1
100001268000,2015,1.2268535023976245e-05,1
100001268300,2015,2.2976784597811933e-05,1
100001268600,2015,1.4022404557781437e-05,1
100001268800,2015,6.22687043378379e-05,1
100001268900,2015,1.3200141620747355e-05,1
100001269600,2015,0.0011046378944206718,1
100001269800,2015,1.7136309538776355e-05,1
100001270400,2015,1.5009739041900453e-05,1
100001271700,2015,0.0015773357439075844,1
100001272100,2015,5.591218098707797e-06,1
100001272400,2015,7.379661531599725e-06,1
100001272600,2015,6.432762437079814e-05,1
100001272700,2015,0.004518811710385058,1
100001272800,2015,0.0010504515805740144,1
100001273300,2015,0.0007547947382710838,1
100001274800,2015,0.00018951242287052324,1
100001275000,2015,0.00019702273220849169,1
100001275300,2015,0.005079511107264852,1
100001275600,2015,0.00014397334231489956,1
100001275700,2015,0.0008721079899626173,1
100001276800,2015,0.0008403222083065024,1
100001276900,2015,0.0012239871524348102,1
100001277200,2015,0.0006415404682597426,1
100001278200,2015,0.001957744492866385,1
100001279000,2015,0.0005491350422340624,1
100001280100,2015,0.0048260545290002305,1
100001280300,2015,1.7881743828905168e-05,1
100001280600,2015,0.0009228375243730981,1
100001280800,2015,0.014112062333780508,1
100001281500,2015,0.003966837976183467,1
100001281700,2015,0.004526627892719967,1
100001282500,2015,5.85142624684186e-06,1
100001283400,2015,1.5204979414796065e-05,1
100001283700,2015,0.0024730318661395274,1
100001283800,2015,7.785803144270747e-05,1
100001284100,2015,0.00028357769894351225,1
100001285300,2015,8.605719262717026e-06,1
100001285600,2015,0.0004344101652590229,1
100001285900,2015,0.00015402949788934905,1
100001286000,2015,0.0021793630635298412,1
100001287000,2015,5.5886871272870155e-05,1
100001287100,2015,0.00021888273661470846,1
100001288100,2015,4.15173345289891e-06,1
100001288200,2015,0.0007380210804843625,1
100001288300,2015,3.0349872010485877e-05,1
100001288700,2015,0.0005049542500154996,1
100001289400,2015,0.0003178615850118847,1
100001290100,2015,3.9954887811738863e-05,1
100001290500,2015,8.756564417614092e-05,1
100001291300,2015,0.00011546568904516653,1
100001291400,2015,0.00045190174548914204,1
100001292100,2015,0.0004173904057223709,1
100001292200,2015,0.0007174506814930119,1
100001293300,2015,0.0008669690455401837,1
100001293600,2015,2.0365179169664215e-05,1
100001296100,2015,0.0004945321457344043,1
100001296300,2015,0.0003330009829828939,1
100001296400,2015,0.001439941124411105,1
100001297600,2015,1.3018420184088149e-05,1
100001297700,2015,4.119573706557718e-05,1
100001297800,2015,0.00023700690774381124,1
100001298000,2015,8.122019556737128e-05,1
100001298400,2015,8.113626467104814e-05,1
100001298900,2015,8.228606402682797e-05,1
100001300500,2015,0.00232022253898078,1
100001302400,2015,1.36076705242812e-05,1
100001303000,2015,0.0001729280183681419,1
100001303200,2015,0.007046744735901826,1
100001303300,2015,5.7260681877425885e-05,1
100001303700,2015,0.004236600375322592,1
100001305400,2015,9.541959549949293e-05,1
100001306000,2015,0.0009022133915342002,1
100001307000,2015,6.951393059366663e-05,1
100001307800,2015,9.663492213644546e-05,1
100001308900,2015,4.569147798893393e-05,1
100001309300,2015,0.0006712362780329948,1
100001310300,2015,4.421350682021e-05,1
100001311600,2015,3.238915993901366e-05,1
100001312000,2015,0.00010834747156393967,1
100001312500,2015,8.655801103239598e-05,1
100001313100,2015,0.0017542852088797494,1
100001313300,2015,0.0016741695674422643,1
100001313600,2015,0.0007436715208505791,1
100001314200,2015,0.00039242317055107536,1
100001314700,2015,7.428876741990749e-05,1
100001315000,2015,0.0006079620164706894,1
100001315100,2015,0.001635125023933033,1
100001315800,2015,0.0006724732766710097,1
100001316100,2015,0.00030477999213590113,1
100001316800,2015,4.7060855676841225e-05,1
100001316900,2015,1.5671720134454255e-05,1
100001317700,2015,0.00025084141044702204,1
100001317900,2015,0.000363053328308241,1
100001318100,2015,0.0013711667550903794,1
100001318700,2015,0.00020951176025959257,1
100001318800,2015,0.0008765238609467984,1
100001319500,2015,5.006138091726649e-06,1
100001319700,2015,0.0005782136777026367,1
100001320000,2015,1.3475186720415256e-05,1
100001320800,2015,2.2933549971583762e-05,1
100001321500,2015,4.120405496496557e-05,1
100001322000,2015,1.4212104249774905e-05,1
100001322100,2015,0.000345551977026233,1
100001322200,2015,0.00010320581479525623,1
100001322600,2015,0.0005224605472429455,1
100001323100,2015,1.014724783001152e-05,1
100001323200,2015,0.0002514844723396751,1
100001323800,2015,0.0015427974475674018,1
100001324200,2015,0.00203820898437639,1
100001324500,2015,7.012154245440553e-05,1
100001324800,2015,6.0952610109358415e-05,1
100001324900,2015,0.00022320806593645868,1
100001325100,2015,0.0030707530478366846,1
100001326100,2015,0.00020002389679860588,1
100001326200,2015,0.00010079450432217577,1
100001326700,2015,2.7404591842340307e-05,1
100001326900,2015,0.00010934717273758428,1
100001327900,2015,6.128422998500469e-06,1
100001328000,2015,0.000364308330236943,1
100001328300,2015,1.7291613025455493e-05,1
100001328400,2015,0.00027651775081629824,1
100001328500,2015,9.152992559292689e-05,1
100001329500,2015,3.6936237470328015e-05,1
100001330100,2015,0.0004616062029553666,1
100001330200,2015,0.00211009146695435,1
100001331600,2015,7.672015791341212e-05,1
100001332100,2015,2.8301725614930275e-05,1
100001332500,2015,0.00019408359894268598,1
100001333300,2015,5.7962349518552804e-05,1
100001333700,2015,3.051879749989809e-05,1
100001333900,2015,0.00010016694371730298,1
100001334500,2015,3.1793319199768456e-05,1
100001335400,2015,0.000519720424476783,1
100001337000,2015,0.0007129803113546614,1
100001337100,2015,4.9513031726179245e-05,1
100001337200,2015,0.00012211399931186118,1
100001337500,2015,2.4928481452341044e-05,1
100001338100,2015,0.0004111178576943583,1
100001338500,2015,0.0005276566110297289,1
100001339200,2015,0.0031394985813606303,1
100001339600,2015,0.00010020963279811896,1
100001340500,2015,3.163312063972091e-05,1
100001340800,2015,5.561965821235331e-05,1
100001341000,2015,0.0011317806303928696,1
100001341300,2015,6.920225415377251e-05,1
100001341600,2015,0.00015513173673476218,1
100001342400,2015,0.0001789058422412829,1
100001342500,2015,4.081213689762032e-05,1
100001344500,2015,0.004524760779749292,1
100001345100,2015,0.0005357378605874506,1
100001345800,2015,0.00040597024612167357,1
100001347000,2015,5.83152697497397e-05,1
100001349800,2015,0.00031675489032871774,1
100001350100,2015,0.005427502655900249,1
100001350200,2015,0.0008419521099433275,1
100001350400,2015,1.9154494287721843e-05,1
100001351200,2015,6.329265759710594e-05,1
100001351500,2015,0.00025223865055419207,1
100001352300,2015,2.125101803661943e-06,1
100001353400,2015,1.1506416494325188e-05,1
100001354200,2015,0.0010363340016901416,1
100001354900,2015,0.00030782972641766113,1
100001356000,2015,1.0934796066745225e-05,1
100001356200,2015,0.0003016479471578407,1
100001356600,2015,0.0003069590428078311,1
100001357500,2015,9.115710675026955e-05,1
100001358500,2015,2.5799095962977824e-05,1
100001358600,2015,0.00016632005187317955,1
100001359200,2015,7.98301727048781e-05,1
100001360600,2015,1.698439145293208e-05,1
100001361400,2015,0.0010292364988629798,1
100001361500,2015,0.00039755157487250263,1
100001362400,2015,8.511529399809059e-05,1
100001362800,2015,0.000402907926283931,1
100001363000,2015,9.382942313043363e-06,1
100001363100,2015,9.80698584724199e-05,1
100001363300,2015,1.5082686345278331e-05,1
100001363700,2015,8.697172582871854e-05,1
100001363900,2015,0.0005234793585181046,1
100001364500,2015,0.0012612893836183013,1
100001364700,2015,0.000472011031356231,1
100001364900,2015,0.000264436160152088,1
100001365000,2015,0.0001735391710509603,1
100001365100,2015,0.00018746366865159055,1
100001365300,2015,3.495386052803252e-05,1
100001365900,2015,4.516632541160147e-05,1
100001366900,2015,7.898554187481671e-06,1
100001367800,2015,0.0007066337694008944,1
100001367900,2015,3.820406774234754e-05,1
100001368000,2015,0.00013386179173742411,1
100001368300,2015,0.044388222243573784,1
100001369000,2015,0.0004389341135140233,1
100001369500,2015,0.000447584763601894,1
100001369700,2015,9.32765627744957e-05,1
100001370200,2015,8.106171481577005e-05,1
100001370300,2015,5.358517261418624e-05,1
100001370600,2015,5.6835895047845525e-05,1
100001371200,2015,2.0727469301519385e-05,1
100001371300,2015,0.0013250099827267986,1
100001372900,2015,0.00082542633818812,1
100001374700,2015,0.0008549092664347905,1
100001375900,2015,1.3289618848099844e-05,1
100001377000,2015,3.783268602686972e-05,1
100001377300,2015,4.8958723010164354e-05,1
100001377500,2015,8.60846123823695e-05,1
100001378400,2015,0.00010053665216593119,1
100001381200,2015,0.00641646398812872,1
100001381300,2015,8.890258366843292e-05,1
100001382200,2015,0.00020793618121102455,1
100001382300,2015,3.0655732709058374e-05,1
100001382900,2015,0.0009705239372184016,1
100001383300,2015,0.00035217714235521205,1
100001383800,2015,0.00024170067959903508,1
100001384000,2015,2.9429466865017934e-05,1
100001384200,2015,1.5316510618189834e-05,1
100001384500,2015,0.001279364493063513,1
100001384800,2015,0.00012810428570117624,1
100001385200,2015,0.0019140654420103042,1
100001385400,2015,0.0001050502617459446,1
100001385700,2015,0.0002524606578904527,1
100001386800,2015,0.0011439631376929998,1
100001387800,2015,0.0007505741784485584,1
100001388700,2015,0.00011118561972329845,1
100001390000,2015,9.342845475954182e-06,1
100001391200,2015,1.1826814996419335e-05,1
100001391400,2015,0.00027499578350917696,1
100001392700,2015,0.0002221823721241264,1
100001393100,2015,7.89136750722091e-05,1
100001393700,2015,1.2995583540699668e-05,1
100001393900,2015,0.00104439402447672,1
100001395800,2015,0.00109573652511307,1
100001395900,2015,0.014948176647877558,1
100001396000,2015,5.272120277185325e-05,1
100001396200,2015,0.004801398084775682,1
100001396500,2015,0.0003433110765684937,1
100001396600,2015,6.83058810900406e-05,1
100001397200,2015,3.7485826288764296e-05,1
100001397300,2015,7.878744650454913e-06,1
100001398300,2015,0.001059663775439532,1
100001399000,2015,7.832800846491479e-05,1
100001399500,2015,7.514622897268557e-05,1
100001399700,2015,2.1049736852739108e-05,1
100001400000,2015,0.0019321885728854776,1
100001401000,2015,6.340073049507243e-05,1
100001401400,2015,0.0010078771037501293,1
100001401800,2015,0.00019628648660610594,1
100001403000,2015,0.00011394561889269417,1
100001403300,2015,0.00025116302017130055,1
100001403500,2015,0.0004640291256597387,1
100001404500,2015,0.00245621015943797,1
100001404900,2015,0.0007081146859981535,1
100001405200,2015,0.004281627514801428,1
100001405400,2015,7.416644881009797e-05,1
100001405900,2015,2.2240251153424515e-05,1
100001406100,2015,0.00013349818351875349,1
100001406600,2015,0.00019769163261589508,1
100001407300,2015,0.001485636102635784,1
100001407900,2015,0.0007160703251543162,1
100001408000,2015,0.00016968300337604929,1
100001408200,2015,0.0005714385624859191,1
100001409300,2015,0.0003480574027310323,1
100001410000,2015,2.7713869821080973e-05,1
100001411100,2015,4.688838140484579e-05,1
100001411600,2015,0.00128434611781854,1
100001411900,2015,0.0012105618164884424,1
100001412000,2015,0.01301052104182175,1
100001412100,2015,1.3648488751078284e-05,1
100001412900,2015,2.1982425063760032e-05,1
100001414300,2015,0.0003131902931281403,1
100001415900,2015,6.086424279953266e-05,1
100001417800,2015,0.00014913543709196318,1
100001418100,2015,0.0006420942016766475,1
100001418700,2015,0.00031230398499906115,1
100001418900,2015,0.0006537818979418829,1
100001419200,2015,1.8841049650240413e-05,1
100001419300,2015,0.00012944974233984176,1
100001421200,2015,1.592193688965252e-05,1
100001421400,2015,0.00032378096579663285,1
100001421600,2015,8.073018929673911e-06,1
100001421800,2015,0.0004184936061807369,1
100001422000,2015,0.0008586148149805961,1
100001422100,2015,0.0005310345727725426,1
100001422400,2015,0.00016050428373422934,1
100001422600,2015,2.5213884327028483e-05,1
100001422800,2015,0.0014335913514283852,1
100001423400,2015,1.7560964222483166e-05,1
100001423700,2015,1.6925830444514792e-06,1
100001425600,2015,0.0011527496958028108,1
100001426000,2015,0.0007214070313384141,1
100001426100,2015,9.865719709828344e-05,1
100001427300,2015,0.00016684001963259077,1
100001427600,2015,0.0003440517482407633,1
100001428000,2015,0.0001410322435664754,1
100001428300,2015,0.0003526643934005109,1
100001429000,2015,1.6576447342358525e-05,1
100001429300,2015,9.590178179675617e-05,1
100001429400,2015,0.006080657954523633,1
100001429600,2015,2.2119024544084822e-05,1
100001431000,2015,0.0002479548603970062,1
100001432800,2015,1.078442858152303e-05,1
100001433400,2015,5.613911435242738e-06,1
100001433600,2015,5.9273900421590465e-05,1
100001435200,2015,9.080095193292734e-05,1
100001435600,2015,0.0009677076256286466,1
100001435800,2015,0.0001598018868164885,1
100001436200,2015,0.002864421625039618,1
100001436300,2015,0.002156448377429356,1
100001436400,2015,0.0006728428819323505,1
100001437500,2015,6.582670871799033e-05,1
100001438100,2015,1.715180691636017e-05,1
100001438900,2015,5.826725539107835e-05,1
100001440000,2015,0.0005245712161206768,1
100001440600,2015,0.000916568153887708,1
100001441200,2015,0.004185699513954924,1
100001442200,2015,7.616005563428643e-05,1
100001443100,2015,1.689678402412574e-05,1
100001443300,2015,2.0001045764443783e-05,1
100001444000,2015,0.03332755220011164,1
100001444300,2015,2.2851239317630558e-05,1
100001444700,2015,0.00035562313099602594,1
100001445300,2015,0.0002882592834958392,1
100001448900,2015,4.241736796196688e-05,1
100001449000,2015,0.00687216640055262,1
100001449200,2015,9.133359780693952e-05,1
100001450000,2015,0.003496785120697673,1
100001450400,2015,0.00010925586046515343,1
100001450700,2015,0.00012208432991624738,1
100001450800,2015,0.00023107828612482616,1
100001451100,2015,8.443773412429371e-06,1
100001451300,2015,0.00022909898897780545,1
100001451700,2015,0.0008221667244879121,1
100001452000,2015,1.360871920417504e-05,1
100001453000,2015,0.0002855232799793764,1
100001453100,2015,0.00035133624995905253,1
100001453300,2015,0.00039763134038449475,1
100001454200,2015,4.56065477676816e-05,1
100001454400,2015,0.0002771777820166669,1
100001455900,2015,0.00016121164493288932,1
100001456200,2015,0.00010853854199079858,1
100001456400,2015,1.6492899716528514e-05,1
100001456900,2015,4.6868486230014055e-05,1
100001457200,2015,0.0010579886197312717,1
100001457600,2015,5.8079947754211006e-05,1
100001458000,2015,7.988132045921557e-06,1
100001458300,2015,0.0011748929122765098,1
100001458900,2015,2.185655063816082e-05,1
100001459600,2015,0.006018567858206029,1
100001460100,2015,6.71833138297616e-05,1
100001460500,2015,0.0006839335689125483,1
100001460600,2015,0.0008036092251741798,1
100001460700,2015,0.001118261629508273,1
100001461000,2015,0.00023798094447987318,1
100001461500,2015,0.0005916885882278964,1
100001462100,2015,0.007582910470934756,1
100001462800,2015,0.0007045153157469855,1
100001462900,2015,0.010934778819149893,1
100001463500,2015,0.0023241515856032326,1
100001463900,2015,0.0003340502562474385,1
100001464300,2015,9.441894653902235e-05,1
100001464700,2015,4.2393693668229755e-05,1
100001466600,2015,0.0003556924393270617,1
100001467000,2015,0.00011070905813962759,1
100001467200,2015,1.8832217716358327e-05,1
100001467600,2015,8.039816452876894e-05,1
100001467700,2015,0.001019093778528977,1
100001468500,2015,7.117362984488159e-05,1
100001468700,2015,0.0014946857251993916,1
100001469300,2015,0.0015496100095935806,1
100001469700,2015,0.00036628687075914134,1
100001470000,2015,0.0008099333826520002,1
100001470400,2015,0.00021245886348743634,1
100001470900,2015,0.0002529089557289982,1
100001471000,2015,0.0017148911649738888,1
100001471700,2015,0.005003689375920787,1
100001473000,2015,0.00010584625835294834,1
100001473300,2015,0.00038511878364358367,1
100001474200,2015,4.599741088950448e-05,1
100001475000,2015,0.002550346267335102,1
100001476100,2015,6.326423733860563e-05,1
100001476500,2015,1.967775125686449e-05,1
100001477000,2015,0.0028519995086114247,1
100001477100,2015,4.544685080008096e-05,1
100001478200,2015,0.0006309899885531664,1
200001483000,2016,4.172248396678749e-05,1
200001485200,2016,0.00019601044624059104,1
200001485300,2016,2.5267855029075662e-05,1
200001487600,2016,1.955853221484037e-05,1
200001498600,2016,8.669458232792393e-05,1
200001500001,2016,0.0001807152713740282,1
200001501900,2016,0.0006382642531864633,1
200001502700,2016,0.0006113224930689272,1
200001505900,2016,0.020922197682177245,1
200001511600,2016,2.1991890602204076e-05,1
200001513000,2016,8.855729823933873e-05,1
200001515400,2016,1.4211316550952868e-05,1
200001515600,2016,0.0055305217158734795,1
200001520600,2016,0.0001466473791756826,1
200001523100,2016,0.0021147288419644784,1
200001527700,2016,8.874655442386899e-05,1
200001528400,2016,0.0007353266018468518,1
200001528700,2016,1.2069161376288931e-05,1
200001528800,2016,0.0006620569010332016,1
200001531000,2016,5.649412178267045e-05,1
200001531600,2016,1.8664465267792067e-05,1
200001531900,2016,2.921174029541365e-05,1
200001532600,2016,0.00012718260995187,1
200001534000,2016,0.005099754742786842,1
200001534200,2016,0.00015392688823127984,1
200001534501,2016,6.157459082777736e-05,1
200001534800,2016,0.0009643050639670393,1
200001534901,2016,8.327209934622294e-05,1
200001535500,2016,0.001065853459542866,1
200001535800,2016,5.9158160066618765e-05,1
200001536501,2016,0.00024269460876706785,1
200001537700,2016,0.0007167250658435457,1
200001537900,2016,8.510197535180687e-05,1
200001549100,2016,5.03968747334589e-05,1
200001549700,2016,0.0001356119699319805,1
200001551300,2016,1.824662451992881e-05,1
200001553600,2016,2.9257549714789078e-05,1
200001557800,2016,6.181078043926723e-05,1
200001559700,2016,0.0015446438633878385,1
200001563900,2016,1.6904658717784457e-05,1
200001564200,2016,1.0981645123249799e-05,1
200001567001,2016,0.002197438894667097,1
200001567200,2016,0.0012553066454913874,1
200001568000,2016,0.0015007757097694682,1
200001569000,2016,0.000531147921037031,1
200001572400,2016,7.319816138556816e-05,1
200001575600,2016,0.000606723547872828,1
200001577802,2016,6.242287688994037e-05,1
200001577900,2016,4.170206328125904e-05,1
200001578801,2016,0.00014309672123092088,1
200001579001,2016,1.7940894204567703e-05,1
200001582501,2016,0.0001556222168732529,1
200001582800,2016,0.00015366569327074717,1
200001584600,2016,0.0015227144666169227,1
200001587900,2016,7.644968028999757e-05,1
200001588500,2016,0.011723401953479618,1
200001589100,2016,2.4142616303588513e-05,1
200001589101,2016,2.5363335125255472e-05,1
200001592000,2016,0.00022375136681226628,1
200001592100,2016,9.004736385344671e-05,1
200001593600,2016,0.0012529237670842802,1
200001596200,2016,2.503722383269385e-06,1
200001596800,2016,0.0014846540019912667,1
200001597301,2016,0.003614985522058076,1
200001600700,2016,0.00034920854696952934,1
200001602901,2016,0.021091084856572247,1
200001603900,2016,0.0005496618659879997,1
200001606001,2016,4.281335623991528e-05,1
200001608100,2016,0.00014202105777126248,1
200001610600,2016,0.005271674382795271,1
200001612000,2016,0.0001709290848263668,1
200001614202,2016,0.00022695150752257234,1
200001615000,2016,0.0003044323440863782,1
200001615900,2016,0.0006908405364582933,1
200001619100,2016,9.495113141561726e-05,1
200001619600,2016,3.99079962799561e-05,1
200001623100,2016,6.679555494535489e-06,1
200001623900,2016,0.014030099246467738,1
200001624700,2016,0.0017919881789382342,1
200001628400,2016,3.504210895597923e-05,1
200001630000,2016,9.265670195710156e-05,1
200001630800,2016,4.282379094438801e-06,1
200001631200,2016,7.919408240629003e-05,1
200001635000,2016,0.0002887676256837649,1
200001635100,2016,0.00043206592193885895,1
200001635300,2016,0.0011689846900381476,1
200001635900,2016,4.332984113640041e-05,1
200001636000,2016,5.720325404094016e-05,1
200001637200,2016,0.0032119208962533637,1
200001637600,2016,4.770628784695697e-05,1
200001637700,2016,1.701368304568981e-05,1
200001638700,2016,4.59910323282287e-05,1
200001639601,2016,0.0007980403017222343,1
200001640100,2016,3.6778749164167184e-05,1
200001640200,2016,0.0010479986868138936,1
200001641400,2016,0.0005524698439661904,1
200001641401,2016,3.550399457043124e-05,1
200001641700,2016,0.00019376876809685937,1
200001642600,2016,0.00034524055776799766,1
200001642700,2016,3.08158606370629e-05,1
200001642900,2016,0.0004351840981409412,1
200001643500,2016,0.0009254224746583663,1
200001646300,2016,0.00019962476255654408,1
200001653300,2016,0.0001409621068232178,1
200001654000,2016,0.00010972576202149694,1
200001654001,2016,7.517548649227423e-06,1
200001654400,2016,2.863137637413288e-05,1
200001655200,2016,0.00012455893217882443,1
200001656400,2016,1.994348308036309e-05,1
200001657300,2016,0.0002363184472767199,1
200001657900,2016,0.0034649317604146922,1
200001658500,2016,0.001853983686183267,1
200001659100,2016,0.0002728392495065141,1
200001661300,2016,8.796480453571958e-05,1
200001661400,2016,9.44091258739859e-05,1
200001662900,2016,0.00048205439190189596,1
200001665100,2016,0.0012572795946367379,1
200001667201,2016,0.0001737954070402904,1
200001667202,2016,4.853789980150484e-05,1
200001667400,2016,4.058455014108915e-05,1
200001667500,2016,0.0011802889108328762,1
200001667900,2016,0.00016230333382294808,1
200001668101,2016,0.00030554261467735595,1
200001668700,2016,0.0005327175942470592,1
200001668701,2016,0.0017493146669487238,1
200001670800,2016,0.00032934846735090004,1
200001672300,2016,0.0002663625142882796,1
200001673600,2016,0.0001629817696279806,1
200001674300,2016,0.0004617503164376218,1
200001674800,2016,0.00017441468043182236,1
200001675500,2016,0.0007052408693808208,1
200001677200,2016,0.00012686891580429623,1
200001677500,2016,8.398400684997407e-06,1
200001679600,2016,3.299700987203029e-05,1
200001680200,2016,0.0009090537237664162,1
200001681000,2016,0.00017534508334573394,1
200001681200,2016,0.0003003979217766227,1
200001682201,2016,0.0011141840496302932,1
200001683300,2016,5.3920063819624104e-05,1
200001683400,2016,0.000257665531517465,1
200001686001,2016,0.002219763410738076,1
200001686200,2016,1.5744753941023704e-05,1
200001689300,2016,5.563698079406466e-05,1
200001690500,2016,1.487223657465346e-05,1
200001695400,2016,4.540043619700506e-05,1
200001698700,2016,5.635304356565811e-06,1
200001704400,2016,0.00020117729647590646,1
200001706900,2016,0.12009886285116499,1
200001708700,2016,0.0005058962769022627,1
200001711201,2016,0.0010666890142260344,1
200001712000,2016,0.00026509818251779153,1
200001719100,2016,2.4050970875563716e-05,1
200001719400,2016,2.5198177108843553e-05,1
200001720400,2016,0.00046419180017287276,1
200001721600,2016,0.00038222762241369796,1
200001725400,2016,0.0014908751902645814,1
200001728000,2016,0.0001512985970375141,1
200001729600,2016,0.00013013261555286395,1
200001729900,2016,0.0008414079116788256,1
200001732900,2016,2.880587264422511e-05,1
200001734200,2016,4.15157036342855e-05,1
200001737000,2016,0.0013011890916662227,1
200001740200,2016,4.672092670914568e-05,1
200001740900,2016,4.6295843506078004e-05,1
200001742000,2016,1.4402213112539575e-05,1
200001742400,2016,3.238272678745289e-05,1
200001744000,2016,0.0012263272832237354,1
200001745500,2016,0.0006713678458726462,1
200001745900,2016,1.6006443173888723e-05,1
200001746300,2016,0.0001063641516143341,1
200001747000,2016,0.001019315300570482,1
200001749300,2016,0.00019044985033656178,1
200001752900,2016,0.0004572194267559897,1
200001753100,2016,0.00021952923505508802,1
200001757700,2016,3.9891279840127065e-05,1
200001766100,2016,0.01549720556698066,1
200001769300,2016,1.3162010549438515e-05,1
200001769500,2016,7.616558589824638e-05,1
200001771800,2016,3.155300420633403e-06,1
200001775400,2016,0.00027728300752180704,1
200001782700,2016,0.000629125017453169,1
200001783400,2016,3.225595736053505e-05,1
200001784700,2016,0.0002867525814827726,1
200001786900,2016,0.00014704126775398824,1
200001787300,2016,0.00022611626779677732,1
200001787401,2016,9.250244835436414e-06,1
200001787403,2016,2.536019984626837e-05,1
200001790400,2016,0.0005370226265551021,1
200001793300,2016,0.0005307940510525784,1
200001799400,2016,0.00014040290177488204,1
200001801900,2016,7.892795035824669e-05,1
200001803200,2016,9.238257892963033e-05,1
200001804500,2016,0.00010910720895562536,1
200001804700,2016,1.0931804155054397e-05,1
200001808200,2016,3.172491277919177e-05,1
200001809300,2016,6.2007682298119995e-06,1
200001812100,2016,0.00015635551794670446,1
200001813000,2016,0.0001466505611247149,1
200001818400,2016,0.00029703134178471556,1
200001822300,2016,3.884360450443627e-05,1
200001825600,2016,0.0004761449758627617,1
200001826700,2016,0.0010646593251902763,1
200001828300,2016,0.009838004068839131,1
200001829700,2016,2.927554995758326e-06,1
200001831000,2016,1.2905054456232116e-06,1
200001831100,2016,5.97481882458726e-05,1
200001832600,2016,0.0070759004869534615,1
200001833400,2016,2.512884600585055e-05,1
200001833401,2016,5.414776479637018e-05,1
200001833800,2016,0.00015245445338197072,1
200001834600,2016,0.0006120435145438364,1
200001835200,2016,0.0011123181924504694,1
200001836300,2016,9.370192603566412e-06,1
200001837600,2016,2.9380710482986476e-05,1
200001838300,2016,0.00035707637008345423,1
200001840400,2016,0.0001825039783857903,1
200001841100,2016,0.0004797710681851649,1
200001842200,2016,0.0005543335611366007,1
200001851000,2016,0.0012525039163743177,1
200001852900,2016,0.00018602634593455856,1
200001853100,2016,0.0005164175338711964,1
200001853600,2016,3.826274060496344e-05,1
200001858200,2016,0.00013286331326172103,1
200001859200,2016,0.0002643909368238462,1
200001859600,2016,2.6838765055351108e-05,1
200001860100,2016,0.005349941516271428,1
200001860400,2016,9.930759058462921e-06,1
200001861601,2016,0.0005840270365970652,1
200001863702,2016,0.005864284593629242,1
200001863703,2016,0.0003001806743008724,1
200001864000,2016,0.00011360661581917087,1
200001865502,2016,0.0002589311475955986,1
200001867100,2016,0.0006697104847495776,1
200001868400,2016,0.00012338780290710224,1
200001870900,2016,0.013958015242760947,1
200001874700,2016,0.0009052079475477143,1
200001874800,2016,6.23340197946441e-05,1
200001877100,2016,0.00044379135451022637,1
200001878100,2016,0.0001766911739665286,1
200001878200,2016,3.665711387238916e-06,1
200001879700,2016,0.0006253988269447114,1
200001881300,2016,8.311349030337085e-05,1
200001881400,2016,0.005753232608004846,1
200001884200,2016,0.0016225128555263542,1
200001884700,2016,0.0001331806068209372,1
200001888600,2016,0.003859381091812197,1
200001888900,2016,0.0014969534822844275,1
200001891300,2016,0.005028009660921108,1
200001891400,2016,0.0014948263317660273,1
200001893000,2016,0.000498370296128692,1
200001893101,2016,9.578823623731126e-05,1
200001893700,2016,0.0010607110298254412,1
200001894400,2016,0.00014860609193979393,1
200001897400,2016,0.0003071830644759773,1
200001898800,2016,7.499898381669099e-06,1
200001899000,2016,9.595118700556422e-06,1
200001901401,2016,0.00023196411008268575,1
200001904200,2016,3.836477211435134e-05,1
200001905100,2016,2.6626903626875202e-05,1
200001905700,2016,0.00021421448867646288,1
200001911700,2016,0.001723520912827556,1
200001911701,2016,0.00018486556625658675,1
200001912000,2016,0.0036948679171263173,1
200001912900,2016,4.391012605605058e-05,1
200001919300,2016,0.0006315251255494387,1
200001919500,2016,0.0004152462996014694,1
200001919801,2016,0.00010439354538448389,1
200001921200,2016,7.014043737493908e-06,1
200001921600,2016,0.0007493410652330076,1
200001927800,2016,0.00011457183226469451,1
200001928600,2016,1.8930575728772883e-05,1
200001933501,2016,0.0003632942212803806,1
200001934000,2016,0.00033779787086254704,1
200001935300,2016,3.3178404499876e-05,1
200001935800,2016,0.00015607827929928488,1
200001936000,2016,0.013918136103416391,1
200001938800,2016,1.7551348139923695e-06,1
200001939000,2016,0.0003775957044369841,1
200001940700,2016,1.1002412307789026e-05,1
200001941901,2016,7.963943559850385e-06,1
200001942200,2016,0.0003722004749981729,1
200001943100,2016,0.00022819088822399525,1
200001944200,2016,0.0005290663520932528,1
200001946100,2016,5.2588077204160334e-05,1
200001946901,2016,8.461522852794453e-07,1
200001947900,2016,0.00010826450054779383,1
200001947901,2016,8.839368537410796e-05,1
200001948000,2016,0.00012004469552601556,1
200001948900,2016,0.00013164886027406712,1
200001950201,2016,0.009379336011685026,1
200001950900,2016,0.014053440023158684,1
200001951300,2016,4.037804669801578e-05,1
200001952000,2016,4.0391754301448024e-05,1
200001953700,2016,0.0024314633232294055,1
200001954901,2016,0.0006774137156284228,1
200001955500,2016,3.0403692533247474e-05,1
200001955800,2016,0.00023813421793329368,1
200001956001,2016,3.2550787506100165e-05,1
200001957200,2016,3.0421313355247355e-05,1
200001959000,2016,0.0001853445411485288,1
200001961000,2016,5.3426639340260475e-05,1
200001961800,2016,0.00041173949370667005,1
200001962800,2016,0.00010306870414610652,1
200001964000,2016,8.126967957410136e-06,1
200001966500,2016,1.2519389844128162e-05,1
200001967400,2016,0.00032581024533453925,1
200001968900,2016,2.601796724543257e-05,1
200001968901,2016,2.6240806369572876e-05,1
200001970000,2016,9.421684387105093e-06,1
200001970200,2016,2.4657320505503466e-05,1
200001970601,2016,0.0008253203191668062,1
200001974200,2016,3.601976933145049e-05,1
200001975000,2016,0.00019277983516164906,1
200001975200,2016,0.00030005385895036916,1
200001976700,2016,4.638710377279156e-05,1
200001976900,2016,0.0002046410293611973,1
200001980700,2016,6.908694618668873e-05,1
200001986100,2016,3.0481724899268435e-05,1
200001986300,2016,4.654528248513092e-05,1
200001987000,2016,0.00016308731739920194,1
200001988401,2016,4.989837694332673e-05,1
200001990000,2016,1.7728459899484317e-05,1
200001990100,2016,3.2922129421104836e-05,1
200001992200,2016,0.00036180968337563184,1
200001993800,2016,0.0004423855464330625,1
200001995200,2016,2.0237089658291455e-05,1
200001995300,2016,0.00018355954887396223,1
200001997400,2016,0.0006160227189469499,1
200001997700,2016,0.0024216577826048405,1
200001998100,2016,0.00014145012115258706,1
200002001100,2016,0.00044957295145766913,1
200002001400,2016,0.0013541495051804012,1
200002002800,2016,1.6423512397474597e-05,1
200002007600,2016,0.00044564991689030793,1
200002009402,2016,0.0020629844904433603,1
200002010000,2016,0.005577583000118506,1
200002011000,2016,0.0018381241586605446,1
200002012201,2016,0.0001200975194182627,1
200002013600,2016,8.957902096883728e-05,1
200002013602,2016,0.00013712095311391132,1
200002017700,2016,0.0001790112050096854,1
200002018100,2016,0.00011815310039463127,1
200002018900,2016,0.001333762771247523,1
200002020400,2016,0.0006045479168693382,1
200002021602,2016,0.0004621443812172914,1
200002023200,2016,0.00039233407565992216,1
200002025900,2016,0.05394184881970225,1
200002031000,2016,0.0002160370415097859,1
200002032100,2016,4.0949847486548695e-05,1
200002032300,2016,0.00010389920119868883,1
200002033200,2016,0.0024815495019467494,1
200002038400,2016,1.521858866100008e-05,1
200002044000,2016,0.0022994867561896234,1
200002047100,2016,0.013507588012061898,1
200002049001,2016,0.0003380506714312826,1
200002049201,2016,0.00023906572604799446,1
200002049400,2016,4.9836637624439375e-06,1
200002054000,2016,0.00041317942487282335,1
200002055400,2016,0.0018614915190244578,1
200002057400,2016,0.00012740188322062882,1
200002062600,2016,5.4420307417500064e-05,1
200002064800,2016,0.0001404898695047651,1
200002085000,2016,3.915801534116885e-05,1
200002086600,2016,2.2054225878245344e-05,1
200002087200,2016,0.00022613545393607937,1
200002087400,2016,0.000141243218280886,1
200002100100,2016,0.00015750157543514292,1
200002109500,2016,0.0002434419662805541,1
200002111500,2016,0.00043324048169654766,1
200002113200,2016,6.242720700174705e-06,1
200002114100,2016,0.0004965671042571552,1
200002115000,2016,9.837312091005995e-05,1
200002116400,2016,0.0003295289120659262,1
200002116700,2016,1.067676705428847e-05,1
200002122600,2016,0.00022876019343849924,1
200002125601,2016,0.0009351003269452625,1
200002125800,2016,0.00014022381140881945,1
200002128200,2016,1.617543098953384e-05,1
200002128300,2016,0.00012272818312453142,1
200002130700,2016,0.00019558856243008472,1
200002131100,2016,7.626545263470148e-05,1
200002137400,2016,0.0013249720640021122,1
200002137800,2016,0.00031861053209683403,1
200002138700,2016,6.47151619947894e-05,1
200002140901,2016,0.0003778486829270696,1
200002142901,2016,6.0448178498501985e-05,1
200002145800,2016,3.964692607106289e-05,1
200002146600,2016,0.0011136363971021575,1
200002149300,2016,2.4064215257256073e-05,1
200002150400,2016,0.0003419266797735285,1
200002150600,2016,0.0005171378057553088,1
200002151101,2016,0.0005322774197415988,1
200002153200,2016,0.0006199413245800771,1
200002153901,2016,2.7528781831340725e-05,1
200002156100,2016,1.2856506819198468e-05,1
200002157300,2016,0.0007788888201236424,1
200002158500,2016,8.28910429283172e-06,1
200002159600,2016,4.9269460753517214e-05,1
200002163201,2016,2.3334747052236675e-05,1
200002164100,2016,0.0003787691758013909,1
200002164300,2016,7.996479062018364e-05,1
200002165200,2016,5.472218631608162e-05,1
200002165900,2016,7.02356846740177e-05,1
200002166900,2016,7.637119409536895e-05,1
200002171300,2016,0.0008068189814334656,1
200002171900,2016,0.0003509300258135716,1
200002173500,2016,0.0005490533963117698,1
200002178000,2016,1.6148526001451426e-05,1
200002183100,2016,3.479750982001352e-05,1
200002185900,2016,9.03195515484341e-05,1
200002188200,2016,5.06924823647638e-06,1
200002188201,2016,2.6681571129046804e-05,1
200002190500,2016,4.968348805702068e-05,1
200002194100,2016,8.530940259060604e-05,1
200002194101,2016,0.00019239319012294033,1
200002195700,2016,0.0003106302390228009,1
200002198400,2016,0.00018536947142397688,1
200002201000,2016,0.00016799989585596878,1
200002201800,2016,0.0003663527526643503,1
200002202101,2016,2.930290626742344e-05,1
200002203700,2016,7.745132745397431e-05,1
200002204201,2016,8.467766730099668e-05,1
200002204500,2016,0.002046309708394525,1
200002205900,2016,0.001155452008127686,1
200002212300,2016,0.00012428486554952567,1
200002212800,2016,3.4215039606176752e-06,1
200002214901,2016,0.00018705542061497345,1
200002214902,2016,0.00025819727214795857,1
200002215100,2016,0.0002083710306803076,1
200002215800,2016,0.003011531679012932,1
200002217000,2016,4.0751841233476626e-05,1
200002217300,2016,3.242070475567112e-05,1
200002218500,2016,0.0005518150541229224,1
200002219700,2016,3.052545212668278e-05,1
200002220900,2016,0.003164080340375347,1
200002221400,2016,0.00041972603184532465,1
200002222500,2016,0.0002467060328673829,1
200002223000,2016,6.761641714827717e-05,1
200002223400,2016,3.6803634894006936e-05,1
200002223701,2016,0.0003068746578564755,1
200002226600,2016,3.230729999993767e-05,1
200002229401,2016,1.5148088795325328e-05,1
200002229600,2016,0.00010889071452501787,1
200002235001,2016,0.00025441616438158727,1
200002235002,2016,0.00022972445991740657,1
200002235600,2016,6.407084995127605e-06,1
200002236600,2016,3.505021998577498e-05,1
200002236701,2016,0.0003404978130925678,1
200002236900,2016,0.00048144512711584833,1
200002238200,2016,0.0008070615017608457,1
200002239203,2016,8.896265324456645e-06,1
200002241700,2016,5.172749993533269e-05,1
200002247600,2016,0.0004900082399981741,1
200002254000,2016,0.0008973749512597247,1
200002254900,2016,0.00017631873023109295,1
200002255500,2016,0.0010551175196186313,1
200002257000,2016,0.00020086143564560638,1
200002257300,2016,0.00023475121265111783,1
200002259601,2016,4.9265913585437895e-05,1
200002262001,2016,0.0003139147238427023,1
200002262200,2016,0.0001937190371873658,1
200002262400,2016,0.00021232092198699234,1
200002264900,2016,0.0007520370252651566,1
200002265101,2016,0.000602241966775466,1
200002268701,2016,1.3982209336883754e-05,1
200002272000,2016,1.9985012045894077e-05,1
200002272800,2016,1.0053145829897188e-05,1
200002273400,2016,1.742175619206644e-05,1
200002273500,2016,2.6783330088074994e-05,1
200002274900,2016,0.00011768364180437845,1
200002275100,2016,0.000759632607491737,1
200002275201,2016,8.486083181079197e-06,1
200002276400,2016,8.376199743249806e-05,1
200002276600,2016,0.0008062346510088073,1
200002280400,2016,9.493264294012356e-05,1
200002281100,2016,0.0012467979232649387,1
200002281300,2016,0.0019733095812215257,1
200002284601,2016,0.003559947717814894,1
200002285700,2016,5.140431671295127e-06,1
200002286601,2016,1.4806795921413314e-05,1
200002288700,2016,5.906809666493989e-06,1
200002289000,2016,0.0019463821554815196,1
200002290400,2016,0.0006348417516093781,1
200002290401,2016,0.0003937409293720421,1
200002290402,2016,0.011706465840561347,1
200002290800,2016,0.001057974741718867,1
200002290900,2016,0.00033398570985119174,1
200002294500,2016,0.00025096562958953434,1
200002294600,2016,0.00017230603568864917,1
200002294701,2016,0.007448962604634558,1
200002294800,2016,8.768360788352697e-05,1
200002295900,2016,0.000177320010229909,1
200002296100,2016,0.0002907556100231382,1
200002296600,2016,0.0013768997001310746,1
200002297602,2016,6.577709231538025e-05,1
200002300100,2016,6.064280196382995e-06,1
200002302001,2016,2.779874387725545e-05,1
200002302100,2016,0.0005668488150365023,1
200002302601,2016,0.00021925785018688394,1
200002302800,2016,7.041481111451044e-05,1
200002304701,2016,0.00014086633371856257,1
200002305200,2016,0.000792425024455362,1
200002306600,2016,0.0010348258585566497,1
200002306800,2016,0.001401089299254016,1
200002307900,2016,5.105744416579399e-06,1
200002308100,2016,2.577688786724908e-05,1
200002311700,2016,8.393032914194286e-05,1
200002312202,2016,0.00021919194787711725,1
200002316700,2016,5.053483262038232e-05,1
200002319400,2016,0.019694890422503226,1
200002321300,2016,0.000538267024643006,1
200002322600,2016,0.001834698995390533,1
200002326200,2016,0.00010806739213390328,1
200002326600,2016,0.00011451455591111713,1
200002326601,2016,3.4630812416198477e-06,1
200002327000,2016,7.570741432102069e-05,1
200002329901,2016,3.402844217004444e-05,1
200002330400,2016,0.052651648284261984,1
200002330600,2016,3.396531455222265e-05,1
200002335900,2016,0.00036762957374995457,1
200002336000,2016,0.00036820871844540947,1
200002336200,2016,0.00012380709888553843,1
200002337502,2016,0.0003030625221987271,1
200002337600,2016,1.6358996302483115e-05,1
200002339300,2016,0.001864817840886374,1
200002339400,2016,7.257444867316847e-05,1
200002339800,2016,0.0003155222339843965,1
200002340200,2016,0.00013051836276555895,1
200002340201,2016,4.768703021195276e-05,1
200002340300,2016,1.5045541906405946e-05,1
200002340900,2016,5.241626965821172e-06,1
200002341900,2016,1.0400486537308047e-05,1
200002342800,2016,0.00018681658157647455,1
200002346100,2016,7.158597831543283e-05,1
200002348100,2016,0.0005884184212720882,1
200002348501,2016,2.7789617401616104e-05,1
200002352800,2016,8.969648277349963e-05,1
200002354600,2016,0.0004983792913664063,1
200002355800,2016,4.785749766945985e-05,1
200002356000,2016,0.00021425025742671298,1
200002356500,2016,0.002445424001168074,1
200002358100,2016,9.714508727695019e-05,1
200002358101,2016,2.3300435520596052e-05,1
200002358900,2016,0.0002170937119720819,1
200002362700,2016,6.877886527318039e-06,1
200002363000,2016,0.00019008652508520907,1
200002363200,2016,3.959271946393781e-05,1
200002365700,2016,9.59088481114645e-05,1
200002366900,2016,0.004644869060780783,1
200002367500,2016,3.2224062678684314e-06,1
200002367600,2016,4.486510782942398e-05,1
200002369100,2016,0.00011166276035736311,1
200002372300,2016,5.9608985124200906e-05,1
200002374500,2016,0.00011642647012220191,1
200002375401,2016,0.0013536617650808922,1
200002376900,2016,0.0010368298058379684,1
200002379000,2016,0.0003212917605336889,1
200002379800,2016,3.2477375194660165e-05,1
200002380600,2016,0.0001241245181911472,1
200002381200,2016,2.618180496342089e-05,1
200002387400,2016,8.923633905090877e-05,1
200002387900,2016,0.0001485073624545541,1
200002391400,2016,0.0002630152691648799,1
200002391700,2016,2.2278344736461087e-05,1
200002399800,2016,0.0003291859892425828,1
200002400200,2016,6.175452123771993e-06,1
200002401800,2016,3.882503676404204e-05,1
200002402000,2016,0.0005932474801325211,1
200002402200,2016,0.00016086144257558075,1
200002404800,2016,0.00040778151463339207,1
200002406300,2016,0.0004410620639805291,1
200002409200,2016,4.289322571653162e-05,1
200002409500,2016,0.0008987436812884111,1
200002412900,2016,2.183539667418123e-05,1
200002414300,2016,6.331097593589367e-05,1
200002423600,2016,5.499739874980012e-05,1
200002424900,2016,0.00016893946350262517,1
200002424901,2016,0.001359266079372985,1
200002427201,2016,4.36776584377954e-05,1
200002430400,2016,0.0003630569403540155,1
200002432400,2016,3.5440343874383544e-05,1
200002432500,2016,5.213961913384972e-05,1
200002436000,2016,0.0007979230734784257,1
200002437900,2016,0.0007426959210926777,1
200002441100,2016,0.0006270372293358689,1
200002441300,2016,0.0002032311409170383,1
200002442300,2016,0.00013083381967906124,1
200002443300,2016,3.565143385383805e-06,1
200002447602,2016,0.00025834851950475474,1
200002449800,2016,1.6026396784788977e-05,1
200002450200,2016,0.0005215655159733383,1
200002452300,2016,1.6962738156132245e-05,1
200002452800,2016,0.0002827822668907106,1
200002455400,2016,0.0002735087599089232,1
200002456600,2016,0.00011085252907088595,1
200002457300,2016,0.00017870638466367398,1
200002457700,2016,0.00017813328747343852,1
200002458400,2016,1.161480350727419e-05,1
200002465300,2016,2.851618244508306e-06,1
200002465500,2016,6.672267532525762e-05,1
200002467000,2016,0.0001988853578554308,1
200002468700,2016,0.0009359772556794197,1
200002468900,2016,2.721266974627074e-05,1
200002470100,2016,0.0037848398411355184,1
200002470300,2016,9.770537636320181e-05,1
200002471300,2016,0.00038335419156026405,1
200002471400,2016,0.001296651182608831,1
200002473900,2016,0.001735754201541891,1
200002475100,2016,0.00034060472147699034,1
200002475200,2016,0.00015837918244282465,1
200002476400,2016,0.0007168749035261197,1
200002476501,2016,0.00026725126676289046,1
200002479100,2016,0.00010280447103641398,1
200002481000,2016,1.7597605207431084e-05,1
200002485700,2016,0.0004928013800779992,1
200002486000,2016,0.00030782625104217335,1
200002486400,2016,1.1863261279985921e-05,1
200002486500,2016,0.00012331093091737802,1
200002487100,2016,9.384253213496268e-05,1
200002487800,2016,2.8049649054555485e-05,1
200002487900,2016,3.790982470219802e-05,1
200002493400,2016,1.4715919889991336e-05,1
200002493500,2016,0.0007495917590039829,1
200002497900,2016,2.6266966436035717e-05,1
200002499500,2016,1.7403585101469993e-05,1
200002500201,2016,7.497987202885359e-05,1
200002500500,2016,0.0002182037676482417,1
200002501100,2016,0.001340107462021969,1
200002504900,2016,0.001508792799902776,1
200002506000,2016,9.465071348380859e-06,1
200002507400,2016,0.00019093629079988995,1
200002513700,2016,1.4916276084227626e-05,1
200002514300,2016,7.027183328422362e-05,1
200002515300,2016,0.0009922084227728383,1
200002516700,2016,0.0008054931500893546,1
200002516900,2016,0.00033886140133281375,1
200002518000,2016,0.002059622031787611,1
200002521300,2016,3.439172084292413e-05,1
200002525100,2016,0.00015468569665396027,1
200002525800,2016,1.1971200931931908e-05,1
200002526800,2016,0.0003092419108176133,1
200002526801,2016,0.0009857932995543071,1
200002526900,2016,0.0001486248171559518,1
200002527200,2016,0.0002858493242325191,1
200002528100,2016,0.00023242477155549008,1
200002528200,2016,0.00018211624891583704,1
200002528800,2016,0.003963622145624171,1
200002534900,2016,0.0005675454670400053,1
200002535600,2016,3.513444868931191e-05,1
200002539700,2016,0.0003277711747685248,1
200002540000,2016,0.0021141352633345205,1
200002540100,2016,2.9755294988061825e-05,1
200002540400,2016,0.0012777466926800695,1
200002542900,2016,0.00014997399352053176,1
200002543400,2016,5.877817262537061e-05,1
200002543700,2016,6.679579081252855e-05,1
200002545300,2016,9.398070792327528e-05,1
200002546400,2016,0.0002528808224229652,1
200002547100,2016,2.6991973300801015e-05,1
200002547801,2016,1.8170068795309287e-05,1
200002548400,2016,0.00022625155871508774,1
200002549600,2016,2.6395852418264884e-05,1
200002551100,2016,2.632196582798382e-05,1
200002556100,2016,0.0009549532016723526,1
200002557800,2016,0.0009531936450797809,1
200002558402,2016,5.469020203470419e-05,1
200002558900,2016,3.114520362441717e-05,1
200002559600,2016,3.316707518566805e-05,1
200002561200,2016,0.005294368394602122,1
200002561900,2016,4.2903549825377135e-05,1
200002563400,2016,5.795678580994053e-05,1
200002565800,2016,7.444007286626974e-06,1
200002568300,2016,0.00022579450755086424,1
200002568700,2016,2.3400304853628086e-05,1
200002569102,2016,0.00021281164667549352,1
200002571401,2016,7.472098859697585e-05,1
200002571800,2016,8.816828689335265e-05,1
200002576600,2016,0.0035830201132531518,1
200002576700,2016,2.8909624766204087e-05,1
200002576800,2016,0.0008989070849522806,1
200002578200,2016,2.4198734385182414e-05,1
200002578600,2016,0.0036157334873383046,1
200002578700,2016,0.0004729209550458592,1
200002579000,2016,0.000490445270175949,1
200002579101,2016,2.1680267350620208e-05,1
200002581300,2016,0.00016225868854118352,1
200002582400,2016,0.00010107450076903459,1
200002584600,2016,0.0011459206914723838,1
200002585100,2016,3.1484930079030494e-05,1
200002585401,2016,0.0006393413825769811,1
200002586100,2016,2.2936478597880177e-05,1
200002586700,2016,0.0005180341977859801,1
200002587802,2016,4.51309096193109e-05,1
200002590400,2016,0.0006159418608937088,1
200002590600,2016,0.0002404969307918583,1
200002591200,2016,0.00015401293515412832,1
200002591500,2016,0.00023583459403496594,1
200002592400,2016,5.081948355684486e-05,1
200002594501,2016,0.0008273319451272732,1
200002595500,2016,0.00019033634773912546,1
200002595700,2016,0.00041678447953667487,1
200002595900,2016,0.0009990989216328379,1
200002596000,2016,5.7385840770753434e-05,1
200002598100,2016,0.027942561693749028,1
200002599000,2016,0.0009267028482360744,1
200002599300,2016,0.0007642130438743797,1
200002601200,2016,0.00024170367085894754,1
200002604200,2016,0.00020377848168412138,1
200002604401,2016,0.00010993802075374008,1
200002605200,2016,1.3986913342696187e-05,1
200002605300,2016,8.264779463789472e-05,1
200002606100,2016,0.00018886867550584646,1
200002606500,2016,0.00021993419379977408,1
200002606900,2016,0.00023517766343706965,1
200002606901,2016,0.00033525065122657775,1
200002607000,2016,2.2341133630314044e-05,1
200002607100,2016,0.0008004321675873596,1
200002608701,2016,0.0001140813817789558,1
200002609300,2016,4.098321990801898e-05,1
200002612000,2016,0.000878205513357163,1
200002612400,2016,0.00030296216125355916,1
200002613600,2016,4.544378384818109e-06,1
200002614100,2016,0.0001247716101272726,1
200002615700,2016,0.0004153830308279684,1
200002616700,2016,0.0007842505417078663,1
200002617200,2016,6.556493662420713e-05,1
200002618400,2016,0.000822554696511561,1
200002620900,2016,0.00029548433451241803,1
200002622000,2016,0.001445529344889451,1
200002622300,2016,0.00021343216359512153,1
200002624000,2016,0.00012223193280507715,1
200002627400,2016,0.00010989549505064962,1
200002630600,2016,0.0006171768955135335,1
200002630800,2016,0.00012355849386124645,1
200002636300,2016,0.00010466978620955235,1
200002637000,2016,0.0009311268105241182,1
200002637300,2016,0.000213817968784694,1
200002638500,2016,0.0013695235737628633,1
200002638800,2016,0.00030020420320405193,1
200002639300,2016,0.0007098037794297967,1
200002640500,2016,0.0001260327740389468,1
200002641000,2016,0.0007410659953218747,1
200002642300,2016,0.0007106524689610632,1
200002645400,2016,8.559244606923303e-05,1
200002648600,2016,0.0002553508723670839,1
200002650200,2016,3.040775945350417e-05,1
200002651900,2016,3.7699283452338396e-05,1
200002653100,2016,0.00011750290662991474,1
200002656700,2016,1.202491129131822e-05,1
200002659500,2016,0.002251802675290651,1
200002660100,2016,0.000694061478457927,1
200002663100,2016,0.00010696907038141102,1
200002664900,2016,0.0022613214623725623,1
200002665900,2016,3.877378766505832e-06,1
200002666100,2016,1.9081755452150803e-05,1
200002669200,2016,2.08139751696226e-05,1
200002670700,2016,3.448113278324022e-05,1
200002671200,2016,0.0008435510519780216,1
200002672900,2016,2.1904292198862595e-05,1
200002675801,2016,2.2309660396595596e-05,1
200002675900,2016,1.749321540392126e-05,1
200002677300,2016,0.0005356002317728197,1
200002677800,2016,0.00025609030871697993,1
200002678200,2016,0.0001259597874740533,1
200002684300,2016,5.047008829263915e-05,1
200002684700,2016,0.00017441666036384994,1
200002685700,2016,7.302888953307805e-05,1
200002688300,2016,0.0005705397377377432,1
200002690500,2016,0.008192681995590045,1
200002692400,2016,0.00011786034690665791,1
200002693000,2016,0.0008410009288680118,1
200002697900,2016,2.5949547754251735e-05,1
200002698100,2016,9.561013752894753e-05,1
200002698500,2016,0.003569360870806981,1
200002699600,2016,0.0008246997748601125,1
200002702700,2016,2.223750568749802e-05,1
200002703101,2016,0.002725261798702709,1
200002704500,2016,0.00019372450811418275,1
200002704800,2016,0.00014449867080306046,1
200002705200,2016,8.433270529756965e-05,1
200002705202,2016,0.0009862563767988066,1
200002705600,2016,1.6217931203119474e-05,1
200002706200,2016,0.004221377358381497,1
200002707400,2016,7.584606145388149e-05,1
200002714900,2016,2.5291364402041262e-05,1
200002714901,2016,0.003330293074811998,1
200002717300,2016,0.0005594410245943942,1
200002720100,2016,0.0004530977616758792,1
200002722000,2016,0.00015178248799939598,1
200002724900,2016,0.0005394443891622236,1
200002726600,2016,0.015832290406073913,1
200002727100,2016,3.03428160525175e-06,1
200002732100,2016,3.765353622396853e-05,1
200002737600,2016,0.0024585455844980835,1
200002738300,2016,3.5327612013493834e-05,1
200002738800,2016,0.0006249619791049349,1
200002739900,2016,0.000892936160151232,1
200002742900,2016,0.003150239865588448,1
200002743600,2016,0.0005147679270967424,1
200002745800,2016,3.178224110165817e-05,1
200002748000,2016,0.0003184372455986086,1
200002748600,2016,5.3725174222381196e-05,1
200002750300,2016,8.659991959599633e-05,1
200002750500,2016,0.0002781969369845615,1
200002751200,2016,4.142238337827013e-06,1
200002752100,2016,0.0004509561683574681,1
200002752400,2016,7.934786194597595e-05,1
200002754400,2016,4.426569430185521e-05,1
200002757500,2016,0.00013956061812421525,1
200002758900,2016,0.0003182756540630695,1
200002760800,2016,0.00038560883738580996,1
200002761100,2016,0.00010220617818944633,1
200002761600,2016,9.013910931533779e-05,1
200002763100,2016,4.949330875749515e-06,1
200002763700,2016,8.809852760946679e-05,1
200002763800,2016,2.0208008028078436e-05,1
200002765100,2016,6.78195537536468e-06,1
200002765600,2016,0.00023563289561129517,1
200002766600,2016,1.039190209774956e-05,1
200002767800,2016,0.00013483685503937214,1
200002768900,2016,0.0005102363817471306,1
200002773200,2016,7.412207379757724e-05,1
200002774303,2016,0.0005319825709566138,1
200002776900,2016,5.071769296539209e-05,1
200002780100,2016,0.0014957351058333403,1
200002780200,2016,5.6284559613292756e-05,1
200002781300,2016,4.575072578958288e-05,1
200002781400,2016,0.00028433541959872754,1
200002781700,2016,0.00024308303782473784,1
200002781800,2016,0.00017421832321518733,1
200002781900,2016,1.8000473939310774e-05,1
200002782200,2016,1.3279763589378357e-05,1
200002783600,2016,0.0012412694141637403,1
200002783800,2016,0.006902356966279513,1
200002784001,2016,0.00016003095645624428,1
200002784600,2016,1.8281926913041794e-05,1
200002787500,2016,0.00032737777968834287,1
200002788200,2016,0.003991770779085124,1
200002788400,2016,1.054458963008684e-05,1
200002789200,2016,0.0006899099763558196,1
200002789800,2016,2.680977031293978e-05,1
200002790900,2016,2.1951830512004533e-05,1
200002793300,2016,0.0007930820560548093,1
200002794100,2016,4.707913567631191e-05,1
200002794700,2016,0.00014505436556802012,1
200002796000,2016,0.001257758501753716,1
200002797700,2016,1.682470522029809e-05,1
200002799700,2016,0.0021585936381389105,1
200002800200,2016,9.936319022098072e-05,1
200002800400,2016,0.0001909809939714112,1
200002801300,2016,0.00108664469923978,1
200002801500,2016,0.0007423718099058759,1
200002802900,2016,3.2900630732572924e-06,1
200002803000,2016,0.00021324287678281716,1
200002803100,2016,1.6768275250302374e-05,1
200002804600,2016,0.00024792404779895106,1
200002804700,2016,0.0043342250608742455,1
200002805700,2016,0.0007952181520069279,1
200002805900,2016,0.0022114445204444414,1
200002807400,2016,0.00031553305815286577,1
200002807500,2016,4.325917261928892e-06,1
200002807700,2016,0.00012693746771512974,1
200002809300,2016,0.0012235277249714842,1
200002809900,2016,0.00028707110466417296,1
200002811200,2016,0.0017254576352591954,1
200002811600,2016,0.00027909634364385626,1
200002812600,2016,1.0982103773991054e-05,1
200002813200,2016,3.642061514124783e-05,1
200002813600,2016,0.0004833152730126181,1
200002814400,2016,8.735250360112414e-05,1
200002814700,2016,0.002009728079805058,1
200002817000,2016,2.754286346211661e-05,1
200002819000,2016,0.0016374450346537642,1
200002820800,2016,0.000561170719355959,1
200002821000,2016,0.0016899425211737158,1
200002822100,2016,0.004514549223262553,1
200002823700,2016,0.005874826938960511,1
200002823800,2016,8.086007945435602e-06,1
200002825201,2016,0.0003783835059819349,1
200002825400,2016,1.5230653949563305e-05,1
200002826100,2016,8.017141709445034e-05,1
200002827100,2016,0.0005749478886422038,1
200002827900,2016,7.469075633552933e-06,1
200002828100,2016,1.525982859491666e-05,1
200002828400,2016,1.4136833266504861e-05,1
200002830400,2016,0.00018788801558126999,1
200002830500,2016,4.752853375472869e-05,1
200002830900,2016,3.012612285423632e-05,1
200002832000,2016,0.0006805363793788978,1
200002832400,2016,3.9307397976828245e-05,1
200002833300,2016,0.0002532726808807904,1
200002834300,2016,1.401389530211681e-05,1
200002835000,2016,0.000562101381313944,1
200002835900,2016,9.676585678565429e-05,1
200002837700,2016,0.00044824099599232597,1
200002839900,2016,0.0013197918703752097,1
200002840500,2016,0.0007444446310808048,1
200002841100,2016,1.2535732009214089e-05,1
200002841300,2016,0.00014596848803116654,1
200002842200,2016,8.519977319511994e-05,1
200002843200,2016,0.006622354862291478,1
200002843601,2016,0.00016428640114475696,1
200002843800,2016,0.0003447502959741031,1
200002844900,2016,0.00015142739267060416,1
200002846700,2016,0.0003439862236494202,1
200002846900,2016,0.000717609764435667,1
200002849900,2016,0.0004684834800187019,1
200002850000,2016,5.339675507552005e-06,1
200002851600,2016,7.368526761729707e-05,1
200002851700,2016,5.4610053557914716e-05,1
200002852601,2016,9.304002437990276e-05,1
200002853400,2016,0.001366667323978928,1
200002853600,2016,0.0001906319923676768,1
200002854100,2016,4.171063967410278e-05,1
200002854200,2016,0.0001045643378982808,1
200002856000,2016,2.642449855409506e-05,1
200002857300,2016,0.00048677226348569497,1
200002857600,2016,1.7294863106326682e-05,1
200002861000,2016,2.1653113676793372e-05,1
200002861500,2016,0.00012101913220281352,1
200002861800,2016,0.00016060085682235225,1
200002862200,2016,0.0008408770303316435,1
200002864201,2016,4.644042050677023e-05,1
200002864300,2016,6.053053406346507e-05,1
200002867100,2016,2.0964296464013044e-06,1
200002867400,2016,0.0002769293280932313,1
200002867700,2016,0.00015606981855085237,1
200002868000,2016,4.595061892484949e-05,1
200002869300,2016,0.0002028618557710788,1
200002869700,2016,6.651704930401187e-05,1
200002876500,2016,4.565051428953936e-05,1
200002879000,2016,0.0005814033170878905,1
200002882000,2016,0.013906144243066,1
200002882401,2016,0.0050388820927286864,1
200002883000,2016,2.0078619802919976e-05,1
200002884300,2016,0.000777604915371904,1
200002884600,2016,4.89013961361705e-06,1
200002885800,2016,4.024708407818685e-05,1
200002886100,2016,0.00048136949910640106,1
200002887600,2016,0.00017042657768290701,1
200002887701,2016,0.0002881355665951248,1
200002887702,2016,6.006869324095009e-05,1
200002890500,2016,0.001219343692210954,1
200002891400,2016,8.49811150669548e-05,1
200002891800,2016,4.696877137790796e-05,1
200002891900,2016,0.0007067257693041934,1
200002894100,2016,1.7453656855628856e-05,1
200002895600,2016,0.0006765893358067151,1
200002897400,2016,0.0001562445459182388,1
200002898100,2016,0.00011834909832434514,1
200002898400,2016,0.0001516885460649384,1
200002900000,2016,0.00020771678795529334,1
200002901800,2016,0.000505789067756441,1
200002901900,2016,0.00017073155928909003,1
200002902200,2016,0.0002600156754446305,1
200002903300,2016,0.0003928571972627747,1
200002906200,2016,7.305894445961455e-05,1
200002906900,2016,0.00027589310501608094,1
200002907001,2016,0.001234393802873829,1
200002907300,2016,1.3633033615377605e-05,1
200002907400,2016,0.000157990063867964,1
200002908000,2016,0.002896385439241959,1
200002908200,2016,6.996645609996571e-05,1
200002908900,2016,4.2362139569096325e-06,1
200002909100,2016,0.0006565220160174862,1
200002909400,2016,0.00023465298410604155,1
200002910300,2016,0.0058327751176090546,1
200002911600,2016,0.0005501440749633902,1
200002913301,2016,0.00012396978131320845,1
200002913700,2016,1.2808796475859375e-05,1
200002915100,2016,2.3927001725985857e-05,1
200002916800,2016,2.700041636235636e-05,1
200002917500,2016,0.003166419697237407,1
200002918000,2016,0.001310637818916589,1
200002918200,2016,0.0004955161008695032,1
200002918500,2016,4.0168720099026136e-05,1
200002918600,2016,9.96274426360551e-06,1
200002919500,2016,5.6117001106968654e-05,1
200002919800,2016,1.9318604369449062e-05,1
200002922003,2016,1.4396663610216517e-05,1
200002922801,2016,2.756367982922846e-05,1
200002924700,2016,0.00012923653336824407,1
200002925500,2016,0.00023918930040255413,1
200002925700,2016,0.0006916180916193114,1
200002928200,2016,0.00016777557299275543,1
200002928600,2016,0.0152236706329588,1
200002930300,2016,0.008705271112072916,1
200002930500,2016,0.0008863859118908166,1
200002931400,2016,0.00047105854405892194,1
200002931500,2016,3.177763135180761e-05,1
200002931900,2016,1.526148374247318e-05,1
200002932500,2016,0.0006149077974356743,1
200002933300,2016,0.00010887647079782503,1
200002938000,2016,0.0008597395502309375,1
200002938900,2016,0.00042146545066157364,1
200002939300,2016,1.030460267169374e-05,1
200002942000,2016,1.0317300567901166e-05,1
200002942301,2016,0.00022290365917326476,1
200002942500,2016,0.003645291204898384,1
200002942900,2016,0.00036935824391145497,1
200002943900,2016,0.0015869017882557319,1
200002944200,2016,1.0825179942146963e-05,1
200002944900,2016,0.00014038615585742838,1
200002945701,2016,1.8136730600342476e-05,1
200002950400,2016,6.73696547994128e-05,1
200002952300,2016,7.102566932884652e-05,1
200002954500,2016,1.957177185690496e-05,1
200002954700,2016,0.0005160408215119538,1
200002956100,2016,0.00032143470339504913,1
200002957000,2016,0.00040604450990055455,1
200002957400,2016,7.0255546798347405e-06,1
200002958400,2016,0.00011850676070583295,1
200002962300,2016,3.3164701588661844e-05,1
200002962600,2016,0.0009036026303907779,1
200002962700,2016,0.003404044206200749,1
200002963000,2016,6.885146346808799e-05,1
200002963200,2016,0.00015382305694488054,1
200002963800,2016,5.235577675930541e-05,1
200002964400,2016,0.00019356374033756196,1
200002964900,2016,0.0005686603004906553,1
200002966800,2016,1.73258249029113e-05,1
200002966900,2016,0.0014210927424617196,1
200002967100,2016,0.0006029710571359715,1
200002967300,2016,0.002342057145375486,1
200002967400,2016,0.0005611452562429018,1
200002969200,2016,0.0009254022648303417,1
200002969600,2016,9.489389015728014e-05,1
200002970500,2016,4.37304352263413e-05,1
200002974100,2016,1.229381523079084e-05,1
200002975600,2016,0.00027110694347569385,1
200002976600,2016,0.0003822292252555987,1
200002976900,2016,1.436123991444933e-05,1
200002977600,2016,0.0001721180625557084,1
200002977700,2016,3.284536479663543e-05,1
200002978200,2016,0.0007130512431169591,1
200002983800,2016,0.00012576747408100437,1
200002984700,2016,0.0003048250252487463,1
200002985200,2016,3.6322430239154486e-05,1
200002985300,2016,1.1509716628870873e-05,1
200002986300,2016,0.00021609122993778167,1
200002987500,2016,0.0008314297383877975,1
200002987600,2016,0.0001123536574265752,1
200002988900,2016,1.2187823550549434e-05,1
200002989000,2016,3.08436823855077e-05,1
200002989700,2016,0.00011095640505403397,1
200002991300,2016,8.194494079233123e-05,1
200002992300,2016,0.00040588303685179863,1
200002993200,2016,0.00021289270977680982,1
200002997000,2016,0.0042202180535005915,1
200002997900,2016,0.0002621700383751237,1
200002998000,2016,0.0003111312207794069,1
200003000600,2016,0.00019748404044262787,1
200003001300,2016,1.8270969209997703e-05,1
200003001700,2016,0.001581948717313525,1
200003003200,2016,2.1763320801273846e-05,1
200003004800,2016,6.717132186216338e-05,1
200003004900,2016,0.00041412644459387415,1
200003005500,2016,3.9003313938612024e-05,1
200003007700,2016,8.919862438549204e-05,1
200003008500,2016,0.0002654500704103332,1
200003008800,2016,0.00309051276207486,1
200003010900,2016,0.0005461952412785541,1
200003011800,2016,0.004528241956086262,1
200003013800,2016,2.7803597792329175e-05,1
200003015200,2016,9.533743246378951e-05,1
200003017400,2016,0.0006582931554001637,1
200003019700,2016,6.545048296299198e-05,1
200003024000,2016,0.0002596092166772072,1
200003026000,2016,0.0009392741248395654,1
200003026800,2016,0.0012378839815382675,1
200003027000,2016,2.9079673894840413e-05,1
200003027501,2016,0.00026315504899267363,1
200003029900,2016,4.7324838739279354e-05,1
200003030200,2016,0.00011724562150900705,1
200003030300,2016,0.0001825871046243088,1
200003030400,2016,0.006636833872781376,1
200003032600,2016,1.9300884293638662e-05,1
200003034300,2016,3.38992093066153e-05,1
200003034800,2016,5.122747927725079e-06,1
200003035100,2016,8.182366244334267e-05,1
200003038500,2016,0.00010331468057651384,1
200003040900,2016,7.462554413446538e-05,1
200003042700,2016,0.00028272814085284853,1
200003047000,2016,2.2209145380461494e-05,1
200003050100,2016,0.0012501171183574623,1
200003052700,2016,1.8439526448769385e-05,1
200003056100,2016,0.0003195542982139408,1
200003057000,2016,0.0003390725443534527,1
200003057200,2016,5.638889863319943e-05,1
200003060400,2016,1.3193789147094417e-05,1
200003066500,2016,7.736894475568969e-05,1
200003069600,2016,0.00019431276790277116,1
200003071700,2016,0.00010683814785930731,1
200003073000,2016,6.661871239450908e-05,1
200003073200,2016,0.00044610823162332205,1
200003075800,2016,2.1433129374296415e-05,1
200003077500,2016,0.00014999519698023585,1
200003078100,2016,1.9261066938457717e-05,1
200003084500,2016,7.12169665395837e-06,1
200003087500,2016,0.002327811928348852,1
200003087900,2016,8.683366312897065e-05,1
200003089100,2016,0.00013834379568329443,1
200003090600,2016,5.6605152021683976e-05,1
200003093500,2016,0.00030065216839461503,1
200003094100,2016,1.0848354428943824e-05,1
200003094700,2016,1.380917863081097e-05,1
200003095200,2016,2.995361946280732e-05,1
200003095300,2016,0.00034437363072264125,1
200003096100,2016,0.005950444293035427,1
200003097000,2016,0.00020660387729350992,1
200003097400,2016,5.714631732110716e-05,1
200003100400,2016,6.344492969058169e-05,1
200003101100,2016,0.0005392930653739698,1
200003102100,2016,0.00036380194758743264,1
200003102200,2016,0.0004239344660289311,1
200003102300,2016,7.145920878790093e-05,1
200003106100,2016,8.973759169238707e-05,1
200003107400,2016,9.943393129809091e-06,1
200003108400,2016,0.0006717182095106438,1
200003108800,2016,0.0001616256521047121,1
200003109400,2016,0.00012014411621853232,1
200003109800,2016,0.00020545823157546697,1
200003109901,2016,0.008521691773165587,1
200003110000,2016,2.1823392722543058e-05,1
200003110600,2016,0.0004674889954185962,1
200003111200,2016,3.630874379578263e-05,1
200003111600,2016,0.004238958967777315,1
200003112900,2016,6.880046459257321e-05,1
200003113100,2016,0.0005942910338223136,1
200003114500,2016,0.0003566947640833621,1
200003114600,2016,1.7580613627535978e-05,1
200003115500,2016,0.005353729326400755,1
200003115900,2016,4.477061612152188e-05,1
200003116300,2016,3.71897520348497e-05,1
200003116900,2016,0.0003336264125236435,1
200003118300,2016,1.56411306659152e-05,1
200003118700,2016,0.0008961397524110732,1
200003119600,2016,0.00030581249464549696,1
200003122600,2016,0.0008135949935609709,1
200003123400,2016,0.0009204224352604565,1
200003125500,2016,0.008769248612965606,1
200003128100,2016,0.0002553246928469026,1
200003131000,2016,0.0002143131600266513,1
200003131500,2016,0.00044396020276794347,1
200003131600,2016,0.00011901898157245249,1
200003132300,2016,0.0006077797613674128,1
200003132600,2016,0.0022619254894758046,1
200003133800,2016,0.0002014793394476601,1
200003134100,2016,0.00010022914830725622,1
200003135200,2016,0.00021625787496378976,1
200003135900,2016,0.00017189071623590705,1
200003138300,2016,6.936553681457344e-05,1
200003138500,2016,0.0005647703465974014,1
200003141000,2016,0.0002988475859638919,1
200003141900,2016,0.0003860052614979642,1
200003142100,2016,0.0014566590920399695,1
200003143700,2016,5.706687923312247e-05,1
200003145800,2016,0.0010925781275216858,1
200003146500,2016,2.2019658571617163e-05,1
200003147300,2016,7.526004935418851e-05,1
200003149300,2016,8.819543052883733e-05,1
200003149400,2016,0.00012596979878466312,1
200003150200,2016,0.0005595777724714723,1
200003150300,2016,7.957174378642862e-05,1
200003150400,2016,0.0003112478868865132,1
200003150600,2016,0.0005555242689453857,1
200003150900,2016,3.7756887890772714e-06,1
200003151500,2016,4.732720191955557e-05,1
200003151600,2016,0.000883466416490644,1
200003153700,2016,0.0009194457569695793,1
200003154100,2016,0.00016240715308703046,1
200003155100,2016,6.104681579666922e-06,1
200003156300,2016,0.0032659328051641624,1
200003156500,2016,0.00010756368849970264,1
200003157000,2016,8.721594105832022e-05,1
200003157800,2016,0.0005009301964981332,1
200003158600,2016,0.00010511268040466073,1
200003159700,2016,0.042786477646218825,1
200003160700,2016,0.000292094497271008,1
200003161600,2016,0.0008211173050720836,1
200003164000,2016,0.014818996108898688,1
200003165900,2016,4.440848623161009e-05,1
200003166900,2016,0.0002547304206070595,1
200003167300,2016,5.597243402071771e-06,1
200003168000,2016,3.3405244380573255e-06,1
200003168500,2016,0.0033671714159791946,1
200003168700,2016,7.995549683478634e-05,1
200003168800,2016,0.0012976093334624648,1
200003170600,2016,0.00045857483135707677,1
200003171300,2016,0.00026224720189890646,1
200003171500,2016,2.9437249895095888e-05,1
200003171800,2016,0.00025648530020987826,1
200003173800,2016,2.000628992804504e-05,1
200003174400,2016,0.001353293444716524,1
200003174500,2016,0.0004683416830766017,1
200003175400,2016,0.007762964565704625,1
200003175700,2016,0.0006969835057697586,1
200003180000,2016,0.00031212685465779514,1
200003180100,2016,0.00023337983076264523,1
200003180300,2016,4.521922619319596e-05,1
200003180600,2016,0.0001712513535603431,1
200003181700,2016,6.74486843200618e-06,1
200003182500,2016,0.0001368631929933816,1
200003183101,2016,0.00023039642608204395,1
200003185501,2016,3.815185170876678e-05,1
200003185700,2016,5.1886599275125425e-05,1
200003185800,2016,8.766987688607657e-05,1
200003186400,2016,3.19753405101427e-06,1
200003186500,2016,2.7490621908825293e-05,1
200003187800,2016,0.0006701094061017449,1
200003188200,2016,0.00010626837732447399,1
200003189800,2016,0.007532742046222953,1
200003189900,2016,4.838168526928506e-05,1
200003190600,2016,0.0003318130103180364,1
200003191300,2016,0.00013505300060868072,1
200003191500,2016,0.0002033855730032944,1
200003191600,2016,0.0003679250606974497,1
200003192500,2016,0.0002011022153037465,1
200003192600,2016,6.330509151784872e-05,1
200003193300,2016,4.47234159737402e-05,1
200003194200,2016,5.691779696036447e-05,1
200003195700,2016,0.0005812778388454826,1
200003197200,2016,0.007392760325840966,1
200003199500,2016,9.966973590197491e-05,1
200003200100,2016,0.00023222849262198928,1
200003204400,2016,0.007798803406005207,1
200003204800,2016,0.0001877704914944418,1
200003205900,2016,5.3186063437989815e-05,1
200003206100,2016,0.0008937521485264032,1
200003206800,2016,1.287291869358325e-05,1
200003207400,2016,0.00013576841668856425,1
200003209400,2016,0.0005936150113933471,1
200003210500,2016,0.003815448385541437,1
200003210700,2016,0.0007101143371772841,1
200003211000,2016,0.0009668992830921827,1
200003212700,2016,0.0013150219491566404,1
200003213400,2016,5.7110384101346954e-06,1
200003213900,2016,0.00019377798464795772,1
200003214500,2016,0.00046117879474725344,1
200003214800,2016,8.646588407015669e-05,1
200003216100,2016,3.862386993738356e-05,1
200003216300,2016,1.0851862230919452e-05,1
200003217400,2016,0.0030903188985142716,1
200003217700,2016,5.530928852969657e-05,1
200003218000,2016,0.008199105655294758,1
200003218100,2016,0.013426008516318148,1
200003218600,2016,4.688571354853521e-05,1
200003218800,2016,8.064030211531206e-06,1
200003219600,2016,0.0004523016991901911,1
200003219800,2016,2.7905017718299682e-05,1
200003220600,2016,0.00010481352587298638,1
200003221800,2016,0.0006676841474577838,1
200003221900,2016,0.00019266415632322818,1
200003223000,2016,0.0011073748207973252,1
200003223300,2016,7.627535504125135e-05,1
200003225900,2016,8.494750512837426e-06,1
200003227000,2016,0.0007433653256987131,1
200003227100,2016,0.00014169124543654419,1
200003228500,2016,2.6463654396281897e-05,1
200003228800,2016,0.0002159495472496683,1
200003229600,2016,0.0014007763888344558,1
200003230200,2016,0.002968131737880476,1
200003231700,2016,4.674540340955494e-05,1
200003233100,2016,0.0007461379682103952,1
200003233800,2016,0.00013229696776880559,1
200003234000,2016,0.005114377804310159,1
200003234400,2016,5.776454399169644e-07,1
200003236000,2016,1.9508216831393183e-05,1
200003236600,2016,0.00044811820605185115,1
200003237100,2016,0.0007466613124185515,1
200003237300,2016,4.648922635250764e-06,1
200003239400,2016,3.776609183770778e-05,1
200003239600,2016,0.00015417813094828982,1
200003240000,2016,0.00028643293383521514,1
200003240700,2016,0.00011137466096951136,1
200003242000,2016,5.174461735479409e-05,1
200003242500,2016,2.0093564668562606e-05,1
200003242600,2016,0.001652533917933863,1
200003243300,2016,0.0009033510975776926,1
200003243800,2016,0.00014823224365407937,1
200003244900,2016,8.877646610608177e-05,1
200003245000,2016,0.0003731428831655765,1
200003245201,2016,9.127719538784608e-05,1
200003245300,2016,1.4527674292683684e-05,1
200003246000,2016,0.0037918444369581,1
200003246100,2016,0.0022211594798878173,1
200003246500,2016,0.000497741746652336,1
200003247100,2016,2.626291278604949e-05,1
200003248000,2016,4.4761678290885305e-05,1
200003249600,2016,0.00016062372372805447,1
200003249800,2016,0.0001150066173365136,1
200003251001,2016,0.00011318028182088993,1
200003251600,2016,0.00042214091882531016,1
200003253000,2016,8.269966240153528e-05,1
200003254000,2016,0.00018450552412472738,1
200003254200,2016,0.0001573985242560168,1
200003254600,2016,3.567973924027234e-05,1
200003256300,2016,0.000628973652645796,1
200003257300,2016,7.474383723695793e-05,1
200003257600,2016,8.535532266928883e-06,1
200003258000,2016,0.00023730929234739887,1
200003258200,2016,6.982160995420729e-06,1
200003258400,2016,0.00018712398302610057,1
200003259400,2016,0.0009441580651608873,1
200003262000,2016,0.0008467084693484867,1
200003262400,2016,1.8772156796717743e-05,1
200003262701,2016,0.00034111064859045944,1
200003263300,2016,2.9663946560905155e-05,1
200003263500,2016,0.001973385312704968,1
200003264300,2016,0.0002488288016876377,1
200003268000,2016,2.042396852908361e-05,1
200003268400,2016,0.004910160956642369,1
200003269000,2016,0.001133608973085485,1
200003269100,2016,5.579116582967573e-05,1
200003270400,2016,0.008361076426387316,1
200003271200,2016,0.0001414395169791783,1
200003272900,2016,0.0008296617243944953,1
200003273400,2016,0.0004238046753112513,1
200003274800,2016,4.5231253048262196e-05,1
200003278700,2016,0.00019479383556867853,1
200003278900,2016,8.618647266727128e-05,1
200003280300,2016,1.437272372464501e-05,1
200003283700,2016,5.134839041863774e-05,1
200003285500,2016,0.0005908824319672893,1
200003286000,2016,0.011555668038286624,1
200003286900,2016,4.352251214167273e-06,1
200003287200,2016,0.0008250359777523451,1
200003287500,2016,2.5615531700743507e-05,1
200003288900,2016,0.0015789070635861206,1
200003290900,2016,7.716827947960988e-05,1
200003291600,2016,0.06018210425164968,1
200003291700,2016,0.00021787096028234548,1
200003291800,2016,0.000165638703697004,1
200003292100,2016,0.0006443263601402275,1
200003292200,2016,0.0002471139180326365,1
200003293100,2016,9.758603620652668e-05,1
200003293300,2016,0.004854003904845276,1
200003293400,2016,6.040855763440759e-05,1
200003293600,2016,0.00010696611529252587,1
200003294500,2016,4.906307952030547e-05,1
200003294800,2016,4.589115229863913e-05,1
200003294900,2016,7.1218968815864165e-06,1
200003295401,2016,0.0006317616174337495,1
200003295600,2016,0.00015552467285136754,1
200003298900,2016,3.059042716915146e-05,1
200003299200,2016,6.173139308342935e-05,1
200003299300,2016,6.786893780662243e-05,1
200003300200,2016,0.00020338686043185023,1
200003302600,2016,1.311973399764564e-06,1
200003303200,2016,0.0005465221173862031,1
200003305000,2016,0.00028053726499598254,1
200003305100,2016,0.00039995886270746613,1
200003307000,2016,0.00026893258662593163,1
200003309100,2016,5.64856138627148e-06,1
200003309400,2016,0.0004089099707253876,1
200003311300,2016,0.0013501882087905133,1
200003317201,2016,0.00022971599470483355,1
200003317900,2016,0.004475978194710079,1
200003317901,2016,0.00020378726399740047,1
200003319100,2016,0.00014278188938363494,1
200003319200,2016,0.00016944957096201566,1
200003319800,2016,0.00015284905628651618,1
200003320200,2016,0.0001495891705595558,1
200003321600,2016,0.002115303199733012,1
200003323201,2016,2.5009268648758344e-05,1
200003324100,2016,3.1724040918440235e-06,1
200003327000,2016,0.002621447374762852,1
200003327600,2016,7.66743758222316e-05,1
200003328100,2016,0.00038908003992513344,1
200003329500,2016,0.02368068817916678,1
200003329600,2016,0.030894947129435146,1
200003330100,2016,5.892020097956011e-05,1
200003330400,2016,0.002508045843658811,1
200003331400,2016,0.0007364428416886877,1
200003332600,2016,6.102753971967752e-05,1
200003334000,2016,7.874555118068038e-05,1
200003334300,2016,0.0001274270344607417,1
200003337000,2016,0.00010883032301768755,1
200003337100,2016,0.005992587890262303,1
200003341700,2016,0.0011595293254953434,1
200003343600,2016,9.745014867097071e-05,1
200003345400,2016,0.00019183711795755633,1
200003347100,2016,6.042147634853831e-05,1
200003350700,2016,0.00762054112464053,1
200003351100,2016,0.000597954767687254,1
200003351300,2016,2.6300473893109567e-05,1
200003352200,2016,0.0007182642475220555,1
200003352700,2016,4.399902536883445e-05,1
200003355000,2016,0.0014736998288157226,1
200003355200,2016,0.0002318232639094969,1
200003355300,2016,0.0009756352750712818,1
200003355800,2016,6.098656295121599e-08,1
200003359400,2016,0.002506845560265786,1
200003360700,2016,2.689947315681938e-06,1
200003362500,2016,0.00033183326410295036,1
200003362800,2016,0.0001905979347770933,1
200003363600,2016,7.0172060948109474e-06,1
200003363700,2016,4.6963809833781703e-05,1
200003366500,2016,0.00011601722298198895,1
200003366700,2016,0.00016692877147629664,1
200003368300,2016,0.0017210860595736417,1
200003369100,2016,0.00011960533523670862,1
200003370400,2016,0.00015374158824353956,1
200003371500,2016,0.0003651428669715053,1
200003371700,2016,1.4192140112133967e-05,1
200003371900,2016,1.6101669033158305e-05,1
200003373600,2016,0.00016337519364340228,1
200003376200,2016,0.00041186743015264506,1
200003376800,2016,4.12556148578164e-05,1
200003378300,2016,0.00042159082361954475,1
200003379200,2016,0.00024620270356065933,1
200003379400,2016,7.610243639816845e-05,1
200003380500,2016,0.0002853662609699656,1
200003384000,2016,1.9600938515358235e-05,1
200003390800,2016,9.591708231254251e-05,1
200003396900,2016,0.00018785082436555042,1
200003398200,2016,0.0002332716253633534,1
200003400600,2016,0.0001600340503607427,1
200003401500,2016,0.000631722399173635,1
200003402200,2016,0.0011658235584656544,1
200003402700,2016,0.00038544749627740125,1
200003403100,2016,0.00024349411755838558,1
200003403601,2016,2.846284512521766e-05,1
200003405000,2016,0.00013646062817551476,1
200003407400,2016,0.0005128495593541324,1
200003409100,2016,4.470519909618781e-05,1
200003413300,2016,0.00016841923218161213,1
200003414000,2016,0.000385981424662481,1
200003414100,2016,0.0005701191565867132,1
200003415500,2016,0.0002428975967185541,1
200003418000,2016,0.00011516204482742261,1
200003418500,2016,1.330508781806205e-05,1
200003422000,2016,2.1334568003823683e-05,1
200003423000,2016,0.0039984132724963746,1
200003424000,2016,0.0007632375126640544,1
200003424300,2016,0.000559772882951683,1
200003424800,2016,6.942953085618514e-05,1
200003425400,2016,0.00020422349327442493,1
200003428400,2016,0.0004006741894684782,1
200003429300,2016,5.593818511412644e-05,1
200003429900,2016,1.6214828724010657e-05,1
200003430400,2016,3.4980429144593946e-05,1
200003432200,2016,0.0008126255902724737,1
200003432500,2016,0.003555813498803885,1
200003432600,2016,0.000215023880502947,1
200003432800,2016,8.961252222012057e-06,1
200003433500,2016,0.0008116480050494973,1
200003433600,2016,9.210083880750303e-05,1
200003434400,2016,0.00030489127370666097,1
200003434600,2016,0.0007415884679490771,1
200003435200,2016,0.0004281998582773111,1
200003435301,2016,2.1179351666799256e-05,1
200003435500,2016,0.00035867879200152667,1
200003435700,2016,0.004057423282705075,1
200003437700,2016,9.045827243950127e-06,1
200003438000,2016,0.0006289465417418962,1
200003439100,2016,0.0010140807779146542,1
200003439700,2016,0.00010362583318153689,1
200003442800,2016,3.0154372454477497e-05,1
200003443000,2016,0.0002376470901399974,1
200003444100,2016,9.036015116475293e-06,1
200003444300,2016,6.0788290972014144e-05,1
200003447200,2016,4.731310043290581e-05,1
200003449800,2016,4.764632638801883e-05,1
200003450800,2016,7.005476176638603e-05,1
200003451300,2016,2.8295239642874398e-05,1
200003451700,2016,8.510577880234955e-05,1
200003452500,2016,0.0007245391419005857,1
200003453000,2016,0.0001088359108099761,1
200003455100,2016,0.0018809359576931375,1
200003455600,2016,4.474774353108254e-06,1
200003456400,2016,0.0007755771989888733,1
200003457000,2016,0.000683199094703747,1
200003457300,2016,8.999919865905214e-05,1
200003458000,2016,2.1697200116969903e-05,1
200003458100,2016,2.081574241618117e-05,1
200003458200,2016,0.00011450685253386362,1
200003458300,2016,0.0004226252130907299,1
200003459400,2016,0.00010486055333380939,1
200003461100,2016,9.576262316047192e-05,1
200003462400,2016,0.0008245414013599616,1
200003465400,2016,5.0797675906485886e-05,1
200003468700,2016,0.00020358532125125316,1
200003470400,2016,1.9375440916602176e-05,1
200003471000,2016,5.2765433572217897e-05,1
200003472900,2016,2.404998285171267e-05,1
200003474200,2016,9.722191149644272e-05,1
200003475200,2016,3.453666272474148e-05,1
200003477100,2016,1.2709471146553517e-05,1
200003477300,2016,3.4618148019321944e-05,1
200003478400,2016,0.00018286008228812414,1
200003479000,2016,0.00020669829110731794,1
200003480500,2016,1.6598625551577402e-05,1
200003480700,2016,7.024247283977086e-05,1
200003481400,2016,0.000768174902577377,1
200003483200,2016,0.00013191117650545383,1
200003484500,2016,0.00011502931033016803,1
200003486000,2016,0.0009179633147106777,1
200003486900,2016,5.240246322416326e-05,1
200003487700,2016,0.00024177952563154251,1
200003487800,2016,1.420995114480144e-05,1
200003490800,2016,1.190170769130267e-05,1
200003492300,2016,2.2098931052796662e-05,1
200003493700,2016,0.0004351108046775456,1
200003494600,2016,0.0005376990329449075,1
200003495500,2016,0.004197674692200832,1
200003495700,2016,0.0019392873728278789,1
200003498200,2016,0.00033242424308410965,1
200003498800,2016,0.00030904924836410347,1
200003499300,2016,0.0010937429865224733,1
200003500600,2016,1.3659629665062174e-05,1
200003500700,2016,0.0007493354328403167,1
200003501000,2016,0.0011518591339597112,1
200003501300,2016,7.313453470452964e-05,1
200003503500,2016,0.0058275665701834085,1
200003503900,2016,8.88244640945558e-05,1
200003504200,2016,1.2245968886820302e-05,1
200003506000,2016,0.0008660418496213463,1
200003507100,2016,0.00012235491057000482,1
200003507300,2016,3.601420440732899e-05,1
200003507500,2016,9.117462051933445e-05,1
200003507600,2016,7.215810678034806e-05,1
200003507900,2016,6.797784464154905e-07,1
200003508300,2016,3.8608475802620875e-05,1
200003508800,2016,0.0002473684704597442,1
200003508900,2016,9.353690289445592e-05,1
200003510000,2016,3.0156974172161764e-06,1
200003510401,2016,5.977394068383628e-05,1
200003510500,2016,0.0007291840317470738,1
200003510700,2016,0.0010714530115539876,1
200003510901,2016,1.9727273843239784e-05,1
200003511100,2016,0.00035932179750468226,1
200003511200,2016,0.00015663341940281626,1
200003512000,2016,0.0010158262347383404,1
200003512100,2016,2.7961758093407235e-05,1
200003512800,2016,1.3529865274823158e-05,1
200003513400,2016,5.259131183630442e-05,1
200003513900,2016,0.000483179136290136,1
200003515800,2016,0.0008567695519570633,1
200003516400,2016,0.00041454074642091035,1
200003517700,2016,0.00031035565127889654,1
200003518000,2016,1.0865825069622543e-05,1
200003518100,2016,0.0005205132480123694,1
200003519400,2016,0.00037859652164514996,1
200003519700,2016,2.229580732984001e-05,1
200003521500,2016,6.312208308707725e-05,1
200003522001,2016,0.0001662588810828415,1
200003524300,2016,1.1726118847969156e-05,1
200003524600,2016,2.7488740341816242e-05,1
200003525900,2016,2.4636412918931692e-05,1
200003526500,2016,3.484539937902704e-05,1
200003527600,2016,0.00043782446822662253,1
200003528800,2016,1.8573912167865977e-05,1
200003529500,2016,0.0019242484902628608,1
200003530100,2016,0.0006527088564898907,1
200003530400,2016,0.0024581407949543876,1
200003531800,2016,0.0016789545113218341,1
200003532000,2016,0.004168747215265269,1
200003532500,2016,0.0001607264418612218,1
200003532501,2016,0.0002975019427465763,1
200003532600,2016,0.001943218481272212,1
200003533500,2016,3.4034134114922076e-05,1
200003534400,2016,0.016093726127260403,1
200003534700,2016,0.0011282428317945428,1
200003537100,2016,0.0006939029742784093,1
200003538900,2016,0.0027366215420064582,1
200003540400,2016,4.695111510155786e-05,1
200003540900,2016,0.00019573857961618785,1
200003541000,2016,4.7567390705393664e-05,1
200003541400,2016,0.00020590097823157256,1
200003541900,2016,0.00014572379669571325,1
200003542100,2016,0.0002901721284826328,1
200003542500,2016,0.00027524088711169124,1
200003543400,2016,0.002656521592224942,1
200003545800,2016,0.001557035548775983,1
200003546100,2016,0.0022504141490678363,1
200003547300,2016,0.0014780377508722474,1
200003547400,2016,0.00276044367276678,1
200003550600,2016,0.00029582398636175184,1
200003553300,2016,1.3056825122123632e-05,1
200003553800,2016,5.895128036586012e-05,1
200003554300,2016,0.002736975709111871,1
200003554600,2016,0.004608675760954773,1
200003554800,2016,0.0004997436992528241,1
200003555000,2016,0.00028157479024685497,1
200003556300,2016,5.405347955063893e-05,1
200003556500,2016,6.692035589042714e-05,1
200003556600,2016,0.0015069770595665301,1
200003557400,2016,2.787242334245806e-05,1
200003557700,2016,4.285516332612198e-05,1
200003558300,2016,0.00331039037484521,1
200003558700,2016,7.602539577531323e-05,1
200003559000,2016,0.006860735394892412,1
200003559600,2016,0.0015922482838202025,1
200003559601,2016,0.00025401826403321126,1
200003559900,2016,4.584723017189775e-05,1
200003561000,2016,0.00010010110633935233,1
200003561001,2016,0.000308445545085639,1
200003561900,2016,6.150143934737863e-05,1
200003562700,2016,1.700491146142288e-05,1
200003562800,2016,7.352154856042597e-05,1
200003563500,2016,2.5004159631600374e-05,1
200003563900,2016,0.00019420618474360558,1
200003564000,2016,0.0013475274340886715,1
200003564300,2016,0.0003456147068193629,1
200003564900,2016,2.2679617120204382e-05,1
200003565300,2016,3.4737806572308125e-05,1
200003565600,2016,0.00017974887021565924,1
200003565700,2016,2.3184202701185464e-05,1
200003566600,2016,0.0001144144369930679,1
200003566800,2016,4.711029665683021e-05,1
200003567400,2016,0.0019892377704642658,1
200003568400,2016,1.6505322206084535e-05,1
200003569200,2016,0.000251674441386027,1
200003571700,2016,6.890658859990416e-05,1
200003574300,2016,0.007083515004910519,1
200003574701,2016,7.741520367073294e-05,1
200003574900,2016,0.0005351323976466209,1
200003575000,2016,9.23039681333733e-05,1
200003575100,2016,2.965219203393678e-05,1
200003576000,2016,0.0004171648738092488,1
200003576800,2016,0.005527550156167506,1
200003577100,2016,0.00016676268630219274,1
200003577400,2016,7.041164080627552e-05,1
200003577500,2016,5.885456379632358e-05,1
200003577900,2016,7.647498930826404e-05,1
200003579000,2016,0.00018633890890977189,1
200003579101,2016,4.658135665206922e-06,1
200003581700,2016,0.004764625003316012,1
200003582000,2016,0.00014647707703778433,1
200003583101,2016,6.256244775023949e-05,1
200003584100,2016,7.740208580864148e-05,1
200003585600,2016,0.0006531174822633741,1
200003585900,2016,0.0011294259278620876,1
200003586100,2016,9.912806502387678e-06,1
200003586400,2016,8.703795054484573e-05,1
200003586800,2016,0.0002501337204113213,1
200003588100,2016,0.00020455781393780912,1
200003588700,2016,0.00040184158831367675,1
200003589200,2016,4.68024087057222e-06,1
200003589401,2016,0.0003409521281532066,1
200003591200,2016,0.00041668506935448946,1
200003591500,2016,1.6816343838229064e-05,1
200003592300,2016,2.0278290219062305e-05,1
200003594000,2016,5.110758733272728e-05,1
200003594300,2016,0.0015056728626461995,1
200003595800,2016,0.0001158495828481014,1
200003595900,2016,7.13565809292747e-05,1
200003597100,2016,7.889843171392998e-06,1
200003597400,2016,0.0006349112624919152,1
200003597700,2016,9.576899616369539e-05,1
200003598800,2016,0.00014475624990893112,1
200003599100,2016,0.00014185460684055146,1
200003600000,2016,0.0007051685577767357,1
200003600700,2016,0.00017898667089758717,1
200003602900,2016,0.0001505254932987056,1
200003604700,2016,6.599382238733082e-05,1
200003605300,2016,9.581714645506493e-05,1
200003605900,2016,1.2888657739883359e-05,1
200003606100,2016,4.66784233169667e-05,1
200003609700,2016,3.11269734581794e-05,1
200003611900,2016,5.951108202851108e-05,1
200003613900,2016,6.01563247416009e-05,1
200003614100,2016,2.2925249572767205e-05,1
200003614800,2016,0.0005050054524507588,1
200003615900,2016,0.0004227421783919348,1
200003616000,2016,0.0002965967008670664,1
200003619000,2016,0.00013771860338704494,1
200003619200,2016,5.195373767235737e-05,1
200003619600,2016,0.00020845444408623738,1
200003620400,2016,0.0016552696925688129,1
200003620800,2016,3.681279850957136e-05,1
200003621300,2016,4.3324222814191035e-05,1
200003625100,2016,3.460012409110774e-05,1
200003625900,2016,6.992613411437788e-05,1
200003626500,2016,0.00011590736530650923,1
200003626900,2016,0.0010050819497940226,1
200003627000,2016,0.0029910291350495116,1
200003629000,2016,0.00020580771504349963,1
200003629100,2016,0.0008231087078297755,1
200003629300,2016,4.624375100261571e-05,1
200003630200,2016,0.0033839735913600627,1
200003630500,2016,0.0001083433788522676,1
200003632000,2016,9.379961809828462e-05,1
200003633300,2016,0.0011517036815630029,1
200003633500,2016,6.284065199084238e-05,1
200003634400,2016,0.0005330810522848493,1
200003634500,2016,0.0001072083835718939,1
200003635400,2016,0.0004240898980380851,1
200003638400,2016,0.030736486443601857,1
200003638800,2016,9.022203671561939e-05,1
200003639000,2016,3.8104237866266336e-05,1
200003639100,2016,8.313560635950499e-06,1
200003639400,2016,0.00037048853700396265,1
200003640700,2016,1.8830121260322026e-05,1
200003641200,2016,0.0021772601750650374,1
200003642200,2016,0.0037096586677042276,1
200003642800,2016,8.703819909846447e-05,1
200003644000,2016,1.064743626065168e-05,1
200003644700,2016,8.526119117736025e-05,1
200003645100,2016,0.0011404983645400184,1
200003645300,2016,6.106185920028904e-05,1
200003645700,2016,0.00016769505627568885,1
200003648500,2016,8.245462078289597e-05,1
200003648900,2016,2.8101270357794763e-05,1
200003649400,2016,1.4213820262812274e-05,1
200003653000,2016,0.00020195077107038766,1
200003653200,2016,0.0008332772383902073,1
200003654500,2016,0.00016419123069203096,1
200003655200,2016,0.0033529307139165006,1
200003656900,2016,0.002095615062169097,1
200003657800,2016,0.0015494398100752847,1
200003658300,2016,9.35374879318914e-05,1
200003659200,2016,0.0005233709986424432,1
200003659700,2016,0.00032685447892750997,1
200003660400,2016,0.0087835918269331,1
200003661500,2016,0.00017845885566292302,1
200003662200,2016,2.6147476508012612e-05,1
200003662500,2016,0.0024356493957623927,1
200003662900,2016,7.761790072082223e-05,1
200003663200,2016,0.00027044631467430704,1
200003663400,2016,0.00021100034680146141,1
200003664100,2016,4.049537444659412e-05,1
200003665400,2016,5.5717154580102443e-05,1
200003666300,2016,6.754606964730375e-06,1
200003668100,2016,1.4616382714171683e-05,1
200003669000,2016,0.000784582032898763,1
200003673300,2016,0.0005402524254950981,1
200003673600,2016,0.00018010400825315824,1
200003673900,2016,2.9973042267890433e-05,1
200003674900,2016,6.890466096190498e-05,1
200003676800,2016,3.923514855640397e-06,1
200003679100,2016,0.013676711913006921,1
200003682600,2016,0.009296832610054165,1
200003683100,2016,5.135997084758715e-06,1
200003683900,2016,2.3826061835675752e-05,1
200003685900,2016,0.00017219378696950888,1
200003687700,2016,0.0004823415627499708,1
200003688000,2016,6.768557120491415e-05,1
200003688200,2016,0.0003623003660514208,1
200003690700,2016,0.000899619266459582,1
200003691800,2016,0.0005341936508789365,1
200003692200,2016,6.48924338839772e-05,1
200003698300,2016,0.023800526830369394,1
200003701100,2016,0.0002485534827184733,1
200003701800,2016,0.00033876230458781655,1
200003704900,2016,0.00013298377521458356,1
200003707300,2016,0.001592326217299453,1
200003707500,2016,0.00016227652693061233,1
200003708200,2016,0.00013775033673328979,1
200003708800,2016,0.0002042536149087812,1
200003709500,2016,0.00010314935386428341,1
200003709900,2016,0.011234448020371301,1
200003712500,2016,2.490197404394763e-05,1
200003715100,2016,0.000762937724353995,1
200003715400,2016,6.480948748407322e-05,1
200003719900,2016,2.552640415984732e-05,1
200003720300,2016,9.245194378679218e-06,1
200003720400,2016,0.00023467350110941684,1
200003721300,2016,0.0002759856844302209,1
200003721600,2016,6.488671107284713e-05,1
200003722800,2016,0.017424510988094683,1
200003723600,2016,4.378840933176023e-06,1
200003724200,2016,0.0002193942152230554,1
200003726400,2016,0.00012047133278640957,1
200003727100,2016,0.00023804748624899955,1
200003727600,2016,0.0027993329747309677,1
200003727900,2016,0.0006077073588069703,1
200003729300,2016,2.468788871987009e-05,1
200003729700,2016,2.6295527823887965e-05,1
200003730200,2016,0.0009438999933770218,1
200003730500,2016,2.1462227093993908e-05,1
200003732600,2016,0.00048067397132618266,1
200003733800,2016,7.222997889415016e-05,1
200003734400,2016,0.002391535861465022,1
200003735400,2016,0.00016936252202881934,1
200003739000,2016,0.00036515304406071813,1
200003739500,2016,2.1849668125601066e-06,1
200003739600,2016,0.00014077456532722265,1
200003740500,2016,0.0004752043971891437,1
200003740700,2016,0.00014775014078520775,1
200003741000,2016,0.000355706379883235,1
200003743600,2016,0.0004597435554018089,1
200003745000,2016,9.780578107772504e-05,1
200003746700,2016,0.00020302801013433788,1
200003747400,2016,0.00024945123079120243,1
200003748700,2016,4.861730505143783e-05,1
200003749700,2016,1.4252114302593122e-05,1
200003750500,2016,8.178594364620769e-06,1
200003750800,2016,0.00017492277431797236,1
200003752400,2016,0.00026387804321923,1
200003753200,2016,0.0005694956397487624,1
200003753600,2016,0.0033769356739619615,1
200003754300,2016,0.0024158253799350118,1
200003754500,2016,0.0009044118329033186,1
200003754600,2016,0.0004884541620431402,1
200003754700,2016,9.150145599476775e-05,1
200003754900,2016,1.0492004175856998e-05,1
200003755700,2016,0.0001210829420746716,1
200003755800,2016,0.0020679211615910803,1
200003757000,2016,0.000832051718048364,1
200003757300,2016,3.139410150317533e-05,1
200003757900,2016,8.206781824287339e-05,1
200003759700,2016,0.0024794389018140055,1
200003759900,2016,5.809322170152967e-05,1
200003760200,2016,3.119414549242777e-05,1
200003761800,2016,3.475210254453011e-05,1
200003762100,2016,0.00024125631681985095,1
200003762400,2016,0.00017256108211881013,1
200003762600,2016,3.767420976352045e-05,1
200003763500,2016,0.00047761652256650395,1
200003765200,2016,0.00016732282053943294,1
200003765700,2016,0.013971789852500327,1
200003765800,2016,3.979057143780641e-05,1
200003766100,2016,8.053834908852053e-06,1
200003767100,2016,1.2562006684726736e-05,1
200003767900,2016,4.83005260425436e-05,1
200003768900,2016,3.377068832683481e-05,1
200003769400,2016,4.651654568993506e-06,1
200003769600,2016,2.8194684876628315e-05,1
200003770500,2016,0.0001078167457340055,1
200003772100,2016,0.00148268446877234,1
200003772200,2016,0.00020472869837461426,1
200003773100,2016,8.988684564959279e-06,1
200003773600,2016,0.00041610399580326734,1
200003773900,2016,3.407276601644712e-05,1
200003774900,2016,0.013144188201559588,1
200003777300,2016,0.00010765506176919074,1
200003778200,2016,0.00040140154671114864,1
200003782000,2016,0.00047756428522725754,1
200003782300,2016,0.00020008129453040255,1
200003782700,2016,4.4553895011001284e-05,1
200003783700,2016,0.0001575054702951015,1
200003783900,2016,3.582723027218062e-05,1
200003784800,2016,4.893576801242792e-05,1
200003785900,2016,9.48593313445429e-05,1
200003787000,2016,0.00018560921790235994,1
200003787200,2016,0.00015429757932638826,1
200003789900,2016,4.09538008382382e-05,1
200003790600,2016,0.00012176530138098363,1
200003791600,2016,0.0057205354402247435,1
200003792300,2016,0.00015537200643506123,1
200003792400,2016,0.00014935584973828648,1
200003792800,2016,4.501566563917335e-05,1
200003793200,2016,0.0006101337690099717,1
200003794400,2016,2.6694416394737964e-05,1
200003794800,2016,4.126407196647717e-05,1
200003795500,2016,0.00020628734454445667,1
200003796000,2016,4.5112972354541974e-05,1
200003798000,2016,0.00031061957204627747,1
200003799000,2016,0.00292615199781095,1
200003799200,2016,0.0007550843628379766,1
200003800900,2016,0.00951136774289768,1
200003803800,2016,2.905069910293547e-05,1
200003804600,2016,1.1158207576287284e-05,1
200003805400,2016,0.0008332168410498076,1
200003806600,2016,2.1492694784862798e-05,1
200003808000,2016,9.63255747260198e-05,1
200003809100,2016,0.0008012740695305772,1
200003809500,2016,3.469686023403937e-05,1
200003809800,2016,0.0008440089505984346,1
200003809900,2016,1.8144192867860945e-05,1
200003811000,2016,0.000888215823782265,1
200003812000,2016,0.01839333483245362,1
200003812900,2016,0.00030897974256653975,1
200003814000,2016,7.575856909263804e-06,1
200003814300,2016,0.00010526693398749211,1
200003815200,2016,2.998849374382401e-05,1
200003816000,2016,0.000251525001320963,1
200003816100,2016,0.0004448103777111013,1
200003817800,2016,1.7670201658803312e-05,1
200003819000,2016,0.003658911205811505,1
200003820700,2016,0.00015088998611389684,1
200003823100,2016,2.3623311078991892e-05,1
200003823600,2016,5.5540697428149995e-06,1
200003825300,2016,0.0007646018582684062,1
200003825800,2016,0.0022466420707558583,1
200003826200,2016,1.2418485227131043e-05,1
200003826300,2016,0.0013127383738935048,1
200003826701,2016,6.027216220817771e-05,1
200003826900,2016,7.249242151421016e-05,1
200003827100,2016,0.000892536108753046,1
200003827600,2016,0.0003374987421784493,1
200003827900,2016,0.0008106187320088246,1
200003827901,2016,0.0002910813446055708,1
200003829000,2016,7.632032675439119e-05,1
200003829800,2016,0.00019886973154199732,1
200003831700,2016,4.9061294732318355e-05,1
200003831800,2016,0.0004222855258577977,1
200003832300,2016,3.5166956404147056e-05,1
200003833900,2016,0.00017054388170625984,1
200003834000,2016,3.696754764487484e-05,1
200003834100,2016,0.0005113868608696778,1
200003835100,2016,7.3748293411076474e-06,1
200003836000,2016,8.752590803500935e-06,1
200003838600,2016,1.3076217834722155e-05,1
200003839700,2016,0.0001118794882202369,1
200003840700,2016,0.00025421261283733695,1
200003841000,2016,8.117133583788442e-06,1
200003841600,2016,7.240615715427077e-05,1
200003842400,2016,2.997878332921283e-05,1
200003843500,2016,2.3848129577327105e-05,1
200003843800,2016,0.0007195890482134786,1
200003844200,2016,1.699122251022072e-06,1
200003845500,2016,0.015087813063656405,1
200003845800,2016,0.00021334512067186487,1
200003845900,2016,6.899638656606045e-05,1
200003846200,2016,0.0010558372942894865,1
200003847200,2016,1.612714312954028e-05,1
200003847600,2016,0.00010599963046362346,1
200003847700,2016,1.642264643708463e-05,1
200003847800,2016,6.668169610334587e-05,1
200003847900,2016,5.3170415380076405e-05,1
200003850000,2016,3.3029753222479422e-06,1
200003851100,2016,0.0009324762381086441,1
200003852800,2016,0.04351166777462406,1
200003852900,2016,0.00024873643433798355,1
200003853200,2016,0.0011393758360522634,1
200003854900,2016,0.00010649914883870536,1
200003855500,2016,3.092014523005639e-05,1
200003856100,2016,0.0008153769670367849,1
200003856700,2016,0.00038504901151670506,1
200003857200,2016,0.00038174637998364673,1
200003858000,2016,0.00034790653080346546,1
200003860200,2016,0.00023004695346623796,1
200003861501,2016,0.00020173582163141758,1
200003861900,2016,0.0004906446341774153,1
200003862700,2016,2.221417467087777e-05,1
200003862900,2016,0.0010076173514513614,1
200003864000,2016,0.00043427887541103036,1
200003864300,2016,6.792861133452256e-05,1
200003864301,2016,0.010774688398983847,1
200003865600,2016,0.0027456766826327817,1
200003865700,2016,0.0004330199630204486,1
200003868100,2016,0.00046507203121295634,1
200003868400,2016,0.0004103202095614784,1
200003868500,2016,0.0022074347442351187,1
200003869100,2016,0.0003607150756815424,1
200003869300,2016,0.00011612914061157868,1
200003869400,2016,0.000123669149802629,1
200003870000,2016,0.00015253772574336767,1
200003870400,2016,0.00016124944471179717,1
200003871000,2016,7.451597789190169e-06,1
200003871200,2016,7.31553229764877e-05,1
200003871900,2016,0.002363440148951776,1
200003873100,2016,0.0005197479360327455,1
200003873200,2016,0.0005200298158876978,1
200003873400,2016,0.00011166106504198403,1
200003874100,2016,0.00011073090582396005,1
200003874200,2016,0.00015130349231675628,1
200003874900,2016,0.00014045657129148806,1
200003875200,2016,4.515018238375414e-08,1
200003875400,2016,4.849332946545215e-05,1
200003877500,2016,0.0011018757246410904,1
200003877900,2016,0.1166028447078561,1
200003880100,2016,0.00017322290535510385,1
200003880900,2016,0.0005157572289836294,1
200003881100,2016,0.001075838718618615,1
200003881200,2016,0.0022166090515994942,1
200003881800,2016,0.0006969193519587429,1
200003882700,2016,0.0001557618185696482,1
200003883300,2016,1.9282408458264935e-05,1
200003884200,2016,0.00032250808820574837,1
200003884600,2016,0.0027332618467666193,1
200003886700,2016,4.2913415358004664e-05,1
200003887400,2016,2.7338378840301816e-05,1
200003887700,2016,0.000622680783111754,1
200003888700,2016,0.00012453139647908317,1
200003889100,2016,0.0010069490982338415,1
200003889400,2016,6.9014654177218865e-06,1
200003890000,2016,0.0070109150281888345,1
200003890900,2016,0.00035694474043129857,1
200003891100,2016,0.004765875317491322,1
200003891900,2016,7.277483703003836e-06,1
200003892300,2016,0.0014550065338988223,1
200003892501,2016,6.998115759582039e-06,1
200003892600,2016,0.0008505873870066197,1
200003892900,2016,0.0008668517764099781,1
200003893900,2016,1.6827804568391616e-05,1
200003894100,2016,4.752186680495977e-05,1
200003894500,2016,0.0006400894738629881,1
200003896100,2016,2.7432186446542925e-05,1
200003896300,2016,0.0019332670318730713,1
200003896600,2016,7.747030264269017e-06,1
200003896700,2016,0.00020490172630394817,1
200003897400,2016,0.006224569771707756,1
200003897900,2016,1.963396767148843e-05,1
200003898000,2016,0.0005671182641125189,1
200003898800,2016,6.609614605937622e-05,1
200003900600,2016,0.00010519544977345967,1
200003903000,2016,0.0003447731219080294,1
200003903900,2016,4.702663126766911e-06,1
200003904400,2016,0.0005506237317054795,1
200003904600,2016,0.0066412567025219155,1
200003905800,2016,0.0002327162286735585,1
200003906200,2016,1.5438418790874202e-05,1
200003907000,2016,0.00021699057309911644,1
200003907200,2016,1.9300966197445976e-05,1
200003907900,2016,0.0003212857151170787,1
200003908300,2016,3.065332639984087e-05,1
200003909300,2016,7.879373287787131e-05,1
200003910000,2016,0.0007084685450516628,1
200003912900,2016,2.127104634426956e-05,1
200003915400,2016,2.8447733812059417e-05,1
200003917100,2016,4.6096206769711854e-05,1
200003917500,2016,0.000623094969913867,1
200003918800,2016,0.0006577521883912238,1
200003920201,2016,0.00019470522292967633,1
200003920500,2016,3.753737271812228e-05,1
200003920700,2016,0.00016929682393066072,1
200003920900,2016,0.0004849922011794347,1
200003921000,2016,9.184070604611823e-06,1
200003921200,2016,0.0009600918774358237,1
200003921400,2016,2.0770879195410427e-05,1
200003923900,2016,0.0005416727184740297,1
200003924200,2016,0.0002529919482944423,1
200003924700,2016,0.0005360281156633145,1
200003925100,2016,8.51426930300024e-05,1
200003926700,2016,0.0007106086567965821,1
200003927600,2016,0.001048326669989393,1
200003928600,2016,0.001218215616794554,1
200003929200,2016,0.00022907057715028834,1
200003930100,2016,0.0001926185187435792,1
200003930200,2016,0.009245415978764063,1
200003930300,2016,0.004035924272333966,1
200003930600,2016,0.010156235753028396,1
200003931400,2016,0.001346967935338296,1
200003931800,2016,9.32986807244208e-06,1
200003932200,2016,0.00015399345365732481,1
200003932400,2016,1.446737662662908e-05,1
200003934700,2016,0.0006849872653039118,1
200003938800,2016,0.00020899702035594137,1
200003940300,2016,9.60147416945472e-05,1
200003940500,2016,2.381104571635708e-05,1
200003942100,2016,0.00010779332298327739,1
200003942800,2016,0.0016423932971959634,1
200003943500,2016,0.0005749863774033741,1
200003943800,2016,0.001598100043828786,1
200003944500,2016,2.6543722825933358e-05,1
200003944600,2016,0.00043888742022243395,1
200003945200,2016,0.0002790696902194137,1
200003945400,2016,0.00015157391127447044,1
200003945600,2016,0.0019652570037607623,1
200003945700,2016,0.00048243523360644357,1
200003945800,2016,8.317716535220643e-05,1
200003945900,2016,9.699147035607138e-06,1
200003946400,2016,1.496592339328313e-05,1
200003946800,2016,9.652101831713665e-06,1
200003948300,2016,0.00042366327296105,1
200003949400,2016,1.8722949062071236e-05,1
200003950000,2016,0.00012473255532167998,1
200003950900,2016,2.9890336260622662e-05,1
200003951100,2016,2.8956889629481426e-05,1
200003951700,2016,0.0003672217461813259,1
200003952000,2016,6.374873064497261e-05,1
200003952300,2016,3.64016860000145e-05,1
200003952900,2016,0.00015217030205609693,1
200003953200,2016,0.00012138033785377392,1
200003953300,2016,3.2635267068132436e-05,1
200003953400,2016,0.008378055037615082,1
200003954000,2016,1.7134511467068706e-05,1
200003954600,2016,6.895556905790957e-06,1
200003955200,2016,9.416405633792512e-06,1
200003958100,2016,0.0005499972457056851,1
200003958900,2016,7.1921622057959725e-06,1
200003959000,2016,0.00012534011141306745,1
200003959300,2016,0.013268151337585321,1
200003959700,2016,0.0003779347064556958,1
200003961200,2016,0.00011900891117264014,1
200003961700,2016,0.0001038861787643348,1
200003962700,2016,7.414587431070717e-06,1
200003963400,2016,0.0001555915381310577,1
200003964200,2016,0.00028269415751301066,1
200003964400,2016,0.00027966298904452176,1
200003964900,2016,8.24577319384737e-05,1
200003965000,2016,0.0018363646534350912,1
200003967000,2016,7.93856882129031e-05,1
200003967600,2016,0.0007725491839227971,1
200003968500,2016,4.884416860727893e-05,1
200003971500,2016,0.0010011925461202123,1
200003971900,2016,0.0024981022618294057,1
200003972500,2016,0.004075337041969856,1
200003973600,2016,7.953141050511153e-05,1
200003974100,2016,1.4275484675688255e-05,1
200003975200,2016,9.283815841890944e-06,1
200003975600,2016,6.784264017392434e-06,1
200003977100,2016,0.0011009085489217172,1
200003977200,2016,0.00040390307536764176,1
200003977300,2016,1.790123013493969e-06,1
200003978100,2016,0.0005799513400208161,1
200003980400,2016,0.00014420672679327362,1
200003980700,2016,0.00036551350037330294,1
200003981600,2016,3.265588669434693e-05,1
200003983000,2016,0.0026261285943381457,1
200003983400,2016,0.0001365019238659217,1
200003983500,2016,0.0013064753409394515,1
200003983600,2016,1.580462971518262e-05,1
200003984700,2016,0.0001818987429822732,1
200003985000,2016,0.00024023186243842383,1
200003987100,2016,0.0011528620326348882,1
200003987800,2016,8.848079006075553e-05,1
200003989800,2016,0.0007713259640341671,1
200003992300,2016,5.589376559756465e-05,1
200003993400,2016,0.0008287093986328087,1
200003995200,2016,7.36680566005287e-05,1
200003995600,2016,0.0003293536686696378,1
200003996600,2016,3.966387958268269e-05,1
200003998600,2016,6.238055751244036e-05,1
200003999000,2016,0.00038391252173909944,1
200003999100,2016,7.16451541652977e-05,1
200004000100,2016,0.00018127586704964863,1
200004001800,2016,9.450387802298785e-05,1
200004002800,2016,1.174161800147277e-05,1
200004003100,2016,3.698810778064464e-06,1
200004003900,2016,1.1224617541063641e-05,1
200004004600,2016,0.00023721676948118607,1
200004005900,2016,0.0005458563127799551,1
200004008700,2016,0.0014871357982166036,1
200004008800,2016,0.00017590365980653207,1
200004009200,2016,3.640547083457413e-05,1
200004010100,2016,0.000204445463981592,1
200004010700,2016,0.0026449327527715855,1
200004011200,2016,0.00014278245455950583,1
200004011300,2016,0.00037226071108126827,1
200004012500,2016,0.0003177383859681741,1
200004012900,2016,7.726047235573536e-06,1
200004013600,2016,9.106152464710903e-06,1
200004015900,2016,0.0005079934982403225,1
200004017200,2016,0.0003008295579389689,1
200004017400,2016,0.002109939480788932,1
200004018000,2016,5.746132722802054e-06,1
200004018700,2016,0.0001034752079164708,1
200004019000,2016,0.003963273805726844,1
200004023400,2016,0.0010653409338326886,1
200004023500,2016,9.965498640442154e-05,1
200004023700,2016,0.0005875818576597324,1
200004023800,2016,0.00014629393400527463,1
200004024200,2016,0.00016331179974840088,1
200004027400,2016,3.88684941996634e-05,1
200004027800,2016,0.00020367577994566288,1
200004030100,2016,0.003004048858861911,1
200004030800,2016,0.000495435073974663,1
200004031000,2016,0.00034339794639863395,1
200004033000,2016,6.884286709871572e-05,1
200004033900,2016,6.78286707261692e-05,1
200004034300,2016,1.8392229068685183e-05,1
200004034500,2016,1.646409457256211e-05,1
200004035400,2016,0.0013984976174888741,1
200004035900,2016,0.0005177730269978487,1
200004038400,2016,0.00024117112875798836,1
200004041300,2016,9.298869505073993e-05,1
200004042200,2016,0.0002609456337495224,1
200004042900,2016,7.968399541491739e-05,1
200004044100,2016,4.696443530608502e-05,1
200004044200,2016,1.4868022536778478e-05,1
200004045500,2016,0.00036854731935934376,1
200004045900,2016,0.00025926087514573846,1
200004047100,2016,1.804876382694399e-05,1
200004047600,2016,2.9941614201450804e-05,1
200004049000,2016,3.190446143065424e-05,1
200004049100,2016,0.030161000977619996,1
200004049300,2016,2.4381557072266127e-05,1
200004050200,2016,3.0480103272358543e-05,1
200004051500,2016,8.579013669307353e-06,1
200004052300,2016,0.0005453920522633014,1
200004054200,2016,0.000637146288726306,1
200004054300,2016,0.0004519254030940535,1
200004054800,2016,0.001143121913452001,1
200004056300,2016,0.00012848494838964947,1
200004057800,2016,0.00054951240924538,1
200004058100,2016,7.47173467387624e-05,1
200004058600,2016,6.511885123861046e-06,1
200004058700,2016,6.184950908557815e-05,1
200004060600,2016,7.5324033580190885e-06,1
200004064400,2016,9.396714926157664e-05,1
200004065100,2016,0.00010008747186871804,1
200004068400,2016,7.986721874894039e-05,1
200004068700,2016,0.008943037379292293,1
200004068800,2016,0.00026282151936400503,1
200004070700,2016,0.0005184468779249838,1
200004071400,2016,1.782804397462894e-05,1
200004071900,2016,0.0007755552724400332,1
200004072100,2016,0.00017388031681865178,1
200004072200,2016,0.00026498453836443757,1
200004072400,2016,0.0028829347390111025,1
200004072600,2016,0.0048445475572263304,1
200004074300,2016,2.0454887847464057e-05,1
200004074500,2016,0.00035719367043303933,1
200004075300,2016,3.037905799359742e-05,1
200004076900,2016,9.103593709613218e-06,1
200004078700,2016,0.0018066610903567783,1
200004078800,2016,0.0006339246202565589,1
200004078900,2016,0.0006539438104177001,1
200004079200,2016,0.00014293224060351543,1
200004080600,2016,0.0014114050755048657,1
200004082700,2016,6.105766424307201e-05,1
200004082900,2016,0.009258231018202676,1
200004083600,2016,0.0001266643327307083,1
200004083700,2016,1.5617774189093492e-05,1
200004085000,2016,0.00024965405599688083,1
200004085400,2016,0.00027881148222340147,1
200004087300,2016,0.0011915620340742707,1
200004087600,2016,5.724001163994683e-06,1
200004087700,2016,0.0006409133870728542,1
200004088100,2016,0.01726087437445979,1
200004088700,2016,0.012175854843719684,1
200004088900,2016,0.00014335553112018975,1
200004089900,2016,4.887289583069363e-05,1
200004090100,2016,0.000507660529714934,1
200004090300,2016,1.6945387924674874e-05,1
200004090800,2016,0.001195621111741405,1
200004091600,2016,3.309579089682718e-05,1
200004092400,2016,3.7545265810672546e-05,1
200004092800,2016,4.540991059523738e-05,1
200004093100,2016,0.00012207538247155155,1
200004093200,2016,0.0011287375330485629,1
200004094500,2016,3.851300201185767e-05,1
200004094900,2016,0.004772993496369436,1
200004095700,2016,0.00017493141309319937,1
200004095900,2016,0.0001394828378142652,1
200004096200,2016,4.222437436505542e-05,1
200004096500,2016,5.8966307526717976e-05,1
200004096600,2016,0.00018312167022589977,1
200004096900,2016,2.293698277138141e-05,1
200004097300,2016,0.0002596287684596056,1
200004097500,2016,0.00027192226770168375,1
200004099000,2016,0.0002346168768268889,1
200004099900,2016,0.00013880201907322552,1
200004100700,2016,0.0024546269209020145,1
200004101100,2016,0.00025973876684744646,1
200004101700,2016,0.00014684904411648656,1
200004102300,2016,0.00046036632211802906,1
200004102400,2016,0.001419360475618673,1
200004103000,2016,5.796509590522904e-05,1
200004103400,2016,4.518780856417484e-05,1
200004105400,2016,0.002162166245605448,1
200004106000,2016,3.8957811291955653e-05,1
200004106300,2016,4.172075898299838e-05,1
200004106400,2016,0.00025220985192766685,1
200004107000,2016,3.5785614193581896e-05,1
200004107500,2016,0.00017464058289523975,1
200004107700,2016,1.4473993858945024e-05,1
200004107800,2016,0.00031760712471095876,1
200004109100,2016,1.0602779359503245e-05,1
200004109200,2016,0.006254220861375287,1
200004110500,2016,4.281664996584342e-05,1
200004111200,2016,0.0004597126042847019,1
200004111500,2016,0.00010960151057761122,1
200004112500,2016,0.00011276514908733661,1
200004112600,2016,8.115032924580339e-05,1
200004113500,2016,1.8907609218226197e-05,1
200004113600,2016,0.00035929219731304913,1
200004113800,2016,0.00024383954519440759,1
200004114300,2016,8.956776577491672e-05,1
200004114700,2016,0.00012512644930639565,1
200004115100,2016,0.00047178071787579704,1
200004115400,2016,0.0010689282818264025,1
200004117800,2016,1.3293808586429949e-05,1
200004118400,2016,0.00017249020629605437,1
200004118700,2016,2.566445520836854e-05,1
200004119300,2016,3.81667057539451e-05,1
200004119500,2016,4.67341131010842e-05,1
200004119600,2016,1.4064593051093444e-06,1
200004120200,2016,0.00039629576832115167,1
200004120300,2016,4.946003621393803e-05,1
200004120500,2016,0.00011844778953200161,1
200004121200,2016,0.00018690215739308353,1
200004121300,2016,0.0003035888001478395,1
200004121500,2016,6.267052389982029e-05,1
200004122000,2016,8.188917028732465e-05,1
200004122500,2016,0.003295108621731681,1
200004122700,2016,0.0001151782857912227,1
200004122900,2016,0.0005423439977203843,1
200004123800,2016,4.82836174087214e-06,1
200004124200,2016,2.210720158450649e-05,1
200004128000,2016,2.8764971671357264e-05,1
200004128300,2016,0.004019830567956353,1
200004128500,2016,0.0003703067324569639,1
200004128800,2016,0.0011365304866219677,1
200004130100,2016,0.00012690296471008073,1
200004131900,2016,9.459909554454406e-06,1
200004132600,2016,0.00010959136045189559,1
200004132900,2016,3.652993981197649e-05,1
200004133300,2016,5.141848135288174e-05,1
200004133700,2016,0.0054578425336736375,1
200004134600,2016,1.2952527537492528e-05,1
200004134900,2016,0.0017643199484933727,1
200004135800,2016,0.0006637222305810651,1
200004136300,2016,2.1709794195922797e-05,1
200004136700,2016,0.0001226715341880236,1
200004137300,2016,4.541952992692029e-05,1
200004138500,2016,2.8572189768259632e-05,1
200004139600,2016,0.00012292748821434506,1
200004139700,2016,0.008234262520880284,1
200004140100,2016,0.0005578757630966344,1
200004140500,2016,6.055628464077997e-06,1
200004142000,2016,0.00025892823682958243,1
200004145300,2016,0.0007069987668229504,1
200004146200,2016,0.0009380130728717668,1
200004146600,2016,0.000412645053636337,1
200004147300,2016,0.00011364190417360058,1
200004148600,2016,0.00032638902215363034,1
200004149300,2016,0.0002384696275331317,1
200004150100,2016,0.004575442139956361,1
200004151100,2016,3.9108055148431536e-05,1
200004151800,2016,0.00012363221471963575,1
200004152200,2016,0.00010608789484677824,1
200004153000,2016,0.0002940133158524876,1
200004154700,2016,5.0644737887819055e-05,1
200004155700,2016,0.00044391233583719597,1
200004156200,2016,0.002536612836512627,1
200004156400,2016,0.0014063657667573019,1
200004157100,2016,0.0016961191314996704,1
200004157200,2016,8.192756169072795e-05,1
200004161100,2016,4.658865842903213e-05,1
200004161500,2016,1.2073454133614856e-05,1
200004161900,2016,0.00010757823521891018,1
200004162100,2016,0.0076824484833551586,1
200004162200,2016,0.0002898730483897423,1
200004163000,2016,0.0001875393754856065,1
200004163400,2016,4.184234048593368e-05,1
200004163500,2016,0.011959804640476508,1
200004164500,2016,8.004319832342399e-05,1
200004165500,2016,4.5618086096029776e-05,1
200004166000,2016,4.4772050454156834e-05,1
200004166900,2016,0.00032888878675170285,1
200004167100,2016,0.0045289256230921365,1
200004167500,2016,0.0010864255069374864,1
200004168100,2016,0.0021729461084356184,1
200004169700,2016,0.00013397326116839508,1
200004170200,2016,0.0009792349893370782,1
200004170700,2016,0.0004855764796066973,1
200004171700,2016,0.001128103451463735,1
200004172100,2016,0.00013223131372466993,1
200004173100,2016,0.002885410297884232,1
200004173300,2016,6.28190726810457e-05,1
200004174600,2016,0.000617486124774548,1
200004175100,2016,0.12858711607580103,1
200004175500,2016,4.354794166206128e-05,1
200004175600,2016,0.0039062115483133176,1
200004176600,2016,0.0005337311679511045,1
200004177000,2016,0.00023719055817552476,1
200004180400,2016,8.704673351333763e-05,1
200004181200,2016,0.012482499114321593,1
200004181600,2016,1.680000393297356e-05,1
200004181900,2016,0.0003344134813977466,1
200004182000,2016,0.0001883923668966198,1
200004182800,2016,0.0002184510853343625,1
200004183000,2016,0.0007099665844818967,1
200004183100,2016,0.0002540752289135084,1
200004183400,2016,0.00019025420869174251,1
200004183900,2016,0.00020377396415936414,1
200004185000,2016,0.00024076222455856374,1
200004185200,2016,2.3924356904385274e-05,1
200004187400,2016,0.0012010258750132828,1
200004187500,2016,0.0008498403841646668,1
200004187900,2016,0.00017865994105209317,1
200004189600,2016,1.0457104277660027e-05,1
200004190200,2016,0.0019178181407746376,1
200004190700,2016,2.5025120515286927e-05,1
200004190900,2016,0.0016574432555630234,1
200004192900,2016,0.003440483138169142,1
200004193300,2016,3.4220218647777763e-06,1
200004193900,2016,0.00043310066751726044,1
200004194500,2016,3.8244852410271974e-05,1
200004194800,2016,0.0005960262216100005,1
200004195000,2016,1.8395560247525542e-05,1
200004196300,2016,1.7029444174121917e-05,1
200004197100,2016,1.8771883242652617e-05,1
200004197600,2016,0.0012417012199113545,1
200004198100,2016,3.270855305383236e-05,1
200004199200,2016,0.00012384137817270848,1
200004200600,2016,3.2850968262886996e-05,1
200004201400,2016,0.00024418652455455314,1
200004201500,2016,5.960400966149908e-05,1
200004202000,2016,4.194863125450826e-05,1
200004202400,2016,0.0018337645080348736,1
200004202800,2016,0.000291529678230204,1
200004203900,2016,7.3051391220677465e-06,1
200004204600,2016,0.00011298934570326715,1
200004204700,2016,0.00024110542094416896,1
200004205500,2016,0.002785634029787951,1
200004206100,2016,9.724050840349939e-05,1
200004206200,2016,0.00029173250935358454,1
200004206400,2016,4.438043164487634e-05,1
200004206900,2016,0.00024347294586985429,1
200004207100,2016,0.0005333785917383201,1
200004207200,2016,0.0026165209960004932,1
200004208400,2016,4.6557748373473335e-05,1
200004209100,2016,0.00014793037310848657,1
200004212200,2016,0.0002808690073601298,1
200004213200,2016,0.001477654912089303,1
200004213800,2016,0.00017666456706490034,1
200004214600,2016,0.00020205320282773353,1
200004216100,2016,8.54395732999203e-05,1
200004216600,2016,0.00011560212334233667,1
200004216700,2016,0.00044805443704658586,1
200004216900,2016,0.00021109262176440607,1
200004217100,2016,0.0007574847603390816,1
200004217700,2016,3.769211790308418e-05,1
200004218300,2016,0.0007592399960740056,1
200004220000,2016,0.0005871344131187663,1
200004220100,2016,4.631180606576787e-05,1
200004220400,2016,0.00018622596720299954,1
200004220500,2016,0.0011192429572551674,1
200004221200,2016,3.510649572829204e-05,1
200004221900,2016,0.0030630711249931782,1
200004222300,2016,0.00016640985857988136,1
200004222500,2016,7.390638471007665e-05,1
200004223400,2016,0.010180661323210419,1
200004224100,2016,3.372416498366257e-05,1
200004227100,2016,3.2461584061400535e-05,1
200004228100,2016,0.0008531972836805441,1
200004228300,2016,0.0001889198269626634,1
200004228600,2016,0.0006908978077653651,1
200004229000,2016,0.0008680636691896941,1
200004231100,2016,0.00022628290584589383,1
200004231200,2016,6.1034179584449e-05,1
200004231500,2016,0.00016288082923727185,1
200004232100,2016,0.0013359975419428862,1
200004232200,2016,0.00041822124454550926,1
200004232500,2016,1.3616032933509154e-05,1
200004233300,2016,0.00024683829321438234,1
200004234100,2016,0.0010817916681280654,1
200004234300,2016,2.010777647326088e-05,1
200004234400,2016,0.014878886942266294,1
200004234600,2016,0.0006445570099632309,1
200004235300,2016,8.759236057759176e-06,1
200004235400,2016,0.0003733040969452176,1
200004236600,2016,1.007478300724416e-05,1
200004238500,2016,0.00011131320550258935,1
200004239000,2016,5.095062124362783e-05,1
200004239600,2016,0.0066265492488599516,1
200004240500,2016,0.00011973316084688829,1
200004240800,2016,0.000352321947899168,1
200004241200,2016,9.060215225936169e-05,1
200004243000,2016,6.073152259903979e-05,1
200004243700,2016,0.003027431740094794,1
200004244200,2016,2.035799760658986e-05,1
200004244500,2016,2.9903327500607662e-05,1
200004245100,2016,0.00021267296016016306,1
200004246100,2016,0.0005537590100579946,1
200004246600,2016,0.0001927504239222819,1
200004248200,2016,0.0001412988909280406,1
200004250900,2016,0.0142988282598844,1
200004252700,2016,0.0008452385529749695,1
200004253100,2016,1.974574235458615e-05,1
200004253200,2016,3.595221346956703e-05,1
200004254900,2016,0.002231140992155298,1
200004255300,2016,0.0008203747995104825,1
200004255900,2016,0.0011494692229008252,1
200004256800,2016,0.00028076955987624226,1
200004257700,2016,0.0001764452930869548,1
200004258000,2016,0.000570586108782722,1
200004258500,2016,8.902273013625231e-05,1
200004259300,2016,0.0006708956122236845,1
200004259500,2016,0.0011651469314693018,1
200004259800,2016,1.6671521971616276e-05,1
200004261700,2016,0.0006932046536413277,1
200004262800,2016,0.0017596143258106838,1
200004263100,2016,0.00027008617931725484,1
200004264600,2016,0.023234750145494917,1
200004265900,2016,8.330531735271295e-05,1
200004266800,2016,3.081185818274462e-06,1
200004268500,2016,0.00030389854130975135,1
200004268800,2016,0.000288386769374707,1
200004270600,2016,0.0021690945775663865,1
200004271600,2016,0.0005446603657465058,1
200004272300,2016,0.0001858915615620382,1
200004272600,2016,3.4101435585368506e-05,1
200004272900,2016,6.713640898601742e-05,1
200004274000,2016,0.001381636842672674,1
200004274100,2016,0.0017755292255434143,1
200004274600,2016,6.842881044075876e-05,1
200004275100,2016,0.0004270498932099483,1
200004275900,2016,1.3332929535086463e-05,1
200004276300,2016,0.0002870139172585622,1
200004276400,2016,0.00022099612005601097,1
200004277000,2016,0.0004305940186706088,1
200004280700,2016,0.0004952224762147458,1
200004280900,2016,0.00023761072189851584,1
200004281100,2016,8.101207021354229e-05,1
200004282400,2016,0.00020765456706351457,1
200004282700,2016,0.004487365983415333,1
200004282800,2016,0.0036476037229561317,1
200004284800,2016,4.6235695171769196e-05,1
200004286000,2016,3.9470201474271165e-05,1
200004286300,2016,0.001055896377021121,1
200004286500,2016,0.0024446346913751683,1
200004286900,2016,0.0009658608948217437,1
200004287100,2016,0.001508415633134726,1
200004288200,2016,0.00010368670073040078,1
200004288400,2016,0.0004288553459097732,1
200004289400,2016,0.0011755307561724915,1
200004289800,2016,0.00015751380203182138,1
200004290500,2016,0.00024289038490951585,1
200004290900,2016,0.0006075539729394885,1
200004291200,2016,3.9054445559297874e-05,1
200004291700,2016,0.0018061647779397917,1
200004291900,2016,9.378312774537203e-05,1
200004292000,2016,0.00011848524040216964,1
200004292500,2016,0.0016023858876876033,1
200004294500,2016,0.0005405092446308712,1
200004295400,2016,0.0008568100767577135,1
200004295700,2016,7.152046925840872e-05,1
200004295800,2016,3.670446861328421e-05,1
200004296100,2016,0.0001395925056059964,1
200004296800,2016,2.6520833489632158e-05,1
200004297300,2016,0.0016995421780911782,1
200004297400,2016,0.0067700382951496624,1
200004298000,2016,3.2614455534091124e-05,1
200004298300,2016,0.00014787859809311455,1
200004300200,2016,0.00011627701487533813,1
200004300600,2016,9.348676646684621e-05,1
200004301000,2016,0.0005573507520267739,1
200004301100,2016,1.5695864329204493e-05,1
200004301700,2016,0.00011495931001030534,1
200004302100,2016,0.00040304354695857686,1
200004304500,2016,2.550389384543689e-05,1
200004305000,2016,0.00016967927622133216,1
200004305800,2016,2.8745797969944818e-05,1
200004308900,2016,0.00019422773114513426,1
200004309000,2016,3.943955072964324e-05,1
200004309800,2016,2.6917153979403074e-05,1
200004311100,2016,0.001753611187214457,1
200004311500,2016,3.721218402367501e-05,1
200004311900,2016,0.00010331470050001189,1
200004312000,2016,0.0005252724236338385,1
200004312300,2016,0.0006191759588684352,1
200004312500,2016,0.0004225998184627941,1
200004313200,2016,5.495740678026872e-05,1
200004314500,2016,0.0012666408210559568,1
200004315200,2016,0.00033036030499554746,1
200004315400,2016,0.0004846593899816761,1
200004316200,2016,6.721614973595205e-05,1
200004316500,2016,0.0006910458700050812,1
200004318600,2016,0.0004890466419645863,1
200004318700,2016,2.5607471063692787e-05,1
200004318800,2016,0.00031388493487700763,1
200004318900,2016,0.0003494562646684105,1
200004320100,2016,9.138958797831136e-05,1
200004322700,2016,0.0008729044860650349,1
200004323300,2016,8.556702800480248e-06,1
200004325000,2016,6.56964636415684e-05,1
200004326400,2016,4.6250037854474186e-05,1
200004326800,2016,1.6132854679685004e-06,1
200004327200,2016,0.00011513111479337655,1
200004330100,2016,4.1901189387690235e-06,1
200004330200,2016,0.00037667685802985436,1
200004331200,2016,0.0003457672769581125,1
200004331500,2016,1.2870284889675605e-05,1
200004331700,2016,0.0033656340947699147,1
200004331800,2016,2.6369451316479175e-05,1
200004332800,2016,3.7771044106342175e-06,1
200004332900,2016,4.3265276495663645e-05,1
200004333000,2016,0.0003556024117401978,1
200004333800,2016,9.808454165905069e-05,1
200004334000,2016,0.00020355676074571604,1
200004335300,2016,1.4254518170922394e-05,1
200004335800,2016,3.240698789023722e-05,1
200004336500,2016,1.2853344584834288e-05,1
200004337100,2016,0.00010361335207077856,1
200004337200,2016,6.434869628865243e-05,1
200004337300,2016,7.555318391015058e-05,1
200004339700,2016,0.00010553100357056225,1
200004340200,2016,0.00040782803332820825,1
200004341000,2016,6.324042530523216e-05,1
200004341800,2016,0.002474040854569369,1
200004343700,2016,1.6830432191802715e-05,1
200004344200,2016,0.0001034065461587924,1
200004345800,2016,7.592624026213273e-06,1
200004346500,2016,0.00019294430782532232,1
200004348000,2016,0.008160124126516581,1
200004348200,2016,0.0005137986454740078,1
200004348300,2016,3.591689009723658e-05,1
200004349200,2016,8.592336866347335e-05,1
200004350300,2016,0.0001822738279411462,1
300001790400,2017,0.00010122922960089197,1
300001793300,2017,8.946256637909913e-05,1
300001799400,2017,0.0005063303130675566,1
300001801900,2017,0.0002485633986715726,1
300001803200,2017,0.0022978307526960854,1
300001804500,2017,6.721492009098365e-05,1
300001804700,2017,0.0001408665652969669,1
300001808200,2017,0.00021001726462602433,1
300001809300,2017,0.0003983784627808112,1
300001812100,2017,3.786037065861081e-05,1
300001822300,2017,0.0003441542466619672,1
300001825600,2017,0.004637524192889205,1
300001828300,2017,0.005975064643807398,1
300001830700,2017,0.0009515871395657669,1
300001831000,2017,2.1003630565948376e-05,1
300001832600,2017,0.0008070599659023718,1
300001833400,2017,0.00014280967563561457,1
300001833401,2017,0.00024173933602552962,1
300001833800,2017,3.502137106054524e-05,1
300001835200,2017,0.00133719168298762,1
300001836300,2017,0.0006947314264710144,1
300001838300,2017,0.00019127546597097337,1
300001840400,2017,5.558313486370377e-05,1
300001841100,2017,0.0001475786936572196,1
300001842200,2017,6.735170478852954e-05,1
300001847400,2017,2.4489975872195253e-05,1
300001851000,2017,0.00012444335309027185,1
300001853600,2017,4.840982642498871e-05,1
300001858200,2017,0.02875392604216219,1
300001859200,2017,0.0018417268061089213,1
300001859600,2017,2.235536005908284e-05,1
300001860100,2017,6.024188914626425e-05,1
300001860400,2017,4.5814238361273426e-05,1
300001863702,2017,0.0003449497296128747,1
300001863703,2017,0.00036266981033092344,1
300001864000,2017,0.00021887225707034326,1
300001865502,2017,0.0004422449558351756,1
300001867100,2017,0.0002953870582213554,1
300001868400,2017,5.132015313592634e-05,1
300001870900,2017,6.502399649570383e-05,1
300001874700,2017,0.0004006336447181427,1
300001877100,2017,0.0014213851242157922,1
300001878100,2017,6.726016750421805e-05,1
300001878200,2017,9.33533783181206e-05,1
300001879700,2017,0.00024396124975563163,1
300001881300,2017,2.0615475924928267e-05,1
300001881400,2017,0.00024257957674128164,1
300001884200,2017,0.00014344895103851998,1
300001884700,2017,2.9338491494820736e-05,1
300001888600,2017,4.9331286918195785e-05,1
300001890900,2017,0.0005131581180324472,1
300001891300,2017,0.0004487761590747916,1
300001891400,2017,2.778261868519445e-05,1
300001893101,2017,2.2919840109678888e-05,1
300001893700,2017,6.994296987790024e-05,1
300001894400,2017,1.5513809288475547e-05,1
300001899000,2017,9.709979570161821e-05,1
300001904200,2017,0.0018416240836403289,1
300001905100,2017,7.971563920382802e-05,1
300001905700,2017,0.00017383428782715189,1
300001911700,2017,0.0009500644747163055,1
300001911701,2017,0.0012412310532782013,1
300001912000,2017,0.00014016441717863048,1
300001912900,2017,0.0005859812642410782,1
300001919300,2017,7.998818461845551e-06,1
300001919500,2017,9.46321005890323e-05,1
300001919801,2017,0.00029067228032081177,1
300001921200,2017,0.0003447579638559598,1
300001926500,2017,0.00022092517567577776,1
300001927800,2017,0.001269148951010766,1
300001935800,2017,0.0004744395735710721,1
300001938800,2017,6.129791399541954e-05,1
300001939000,2017,7.278136937133204e-05,1
300001941901,2017,5.619064182681602e-05,1
300001942200,2017,0.00019572466052429678,1
300001943100,2017,0.0003097755582468171,1
300001944200,2017,4.056647507295064e-06,1
300001946901,2017,0.009678273079077808,1
300001947901,2017,4.097644388787213e-05,1
300001948000,2017,0.00029438119490253164,1
300001948900,2017,0.0007283854949445484,1
300001949000,2017,0.00015052478699046083,1
300001950900,2017,8.699693740947905e-05,1
300001951300,2017,7.293366858305921e-05,1
300001952000,2017,7.04770820582035e-05,1
300001952100,2017,7.138270575741157e-05,1
300001954901,2017,5.0801087145211224e-05,1
300001955500,2017,3.834552310008155e-05,1
300001955800,2017,0.0016628959047347155,1
300001957200,2017,0.00010929042466049814,1
300001959000,2017,0.00016667564115680988,1
300001961000,2017,3.274425857280215e-05,1
300001961300,2017,0.0005941719240845095,1
300001961800,2017,0.00017556055549846866,1
300001964000,2017,0.0010678387116890202,1
300001966500,2017,0.0011728221009283063,1
300001967200,2017,7.937805540164711e-05,1
300001967400,2017,9.586327909093965e-05,1
300001970000,2017,0.00010318309591631413,1
300001974200,2017,0.000496185118253893,1
300001975000,2017,3.0238809651332982e-05,1
300001976700,2017,3.422147974392741e-06,1
300001976800,2017,0.005946203943952387,1
300001976900,2017,0.000507936523357924,1
300001980700,2017,0.007691706867345441,1
300001981200,2017,0.005389914865098665,1
300001986100,2017,0.010737914194134682,1
300001986300,2017,7.139369830442965e-05,1
300001987000,2017,0.001112611177690781,1
300001989900,2017,0.00020685269092006098,1
300001990000,2017,0.00020147433218254272,1
300001992200,2017,5.5060630537799795e-06,1
300001993800,2017,9.83350204900414e-05,1
300001995200,2017,0.0004661064235373953,1
300001996000,2017,0.0004502383865354508,1
300001997400,2017,0.0008792349262555204,1
300001997700,2017,0.002129286291348347,1
300002001100,2017,0.00018264196705834854,1
300002001400,2017,5.5538605100189e-05,1
300002002800,2017,0.0002661753208207283,1
300002007600,2017,2.1786528066930086e-05,1
300002009402,2017,3.585374850480848e-05,1
300002011000,2017,5.615174924026283e-06,1
300002013600,2017,0.0010199564302372502,1
300002013602,2017,1.7224298373853446e-05,1
300002017700,2017,7.696720897839359e-06,1
300002018900,2017,0.0009900978683090142,1
300002021602,2017,0.010242800654286791,1
300002031000,2017,0.0017843120494313114,1
300002032100,2017,3.743596981699251e-05,1
300002032300,2017,0.00035508550536962255,1
300002033200,2017,0.0016126882396017442,1
300002034000,2017,0.00010953666246246775,1
300002047000,2017,0.00023877084638307668,1
300002047100,2017,0.00013137360219923387,1
300002047300,2017,0.0001089615944185882,1
300002049001,2017,6.141058163218215e-05,1
300002049201,2017,0.00025126402458037377,1
300002049400,2017,2.0374645347595335e-06,1
300002052902,2017,8.051772022677545e-05,1
300002054000,2017,0.0001353855549721151,1
300002055400,2017,9.263789136677061e-05,1
300002057400,2017,0.00015317515614552449,1
300002057600,2017,0.0038474795792290337,1
300002058500,2017,0.0002909173254162347,1
300002062600,2017,0.00025390272962606835,1
300002064800,2017,5.718367454899528e-05,1
300002069401,2017,2.723376920919763e-05,1
300002085000,2017,0.00036163024068961065,1
300002086600,2017,0.00016213687014717814,1
300002087200,2017,4.9134652066619546e-05,1
300002092700,2017,0.0009241517602189759,1
300002100100,2017,1.617861584422895e-05,1
300002109500,2017,1.6499157241898276e-05,1
300002111500,2017,9.506860465646141e-05,1
300002115000,2017,5.249544688335054e-05,1
300002116400,2017,0.000635160458759907,1
300002122600,2017,7.2070856920494966e-06,1
300002125800,2017,0.0002650485687019208,1
300002128200,2017,2.0704208640621117e-05,1
300002130700,2017,0.00047855527749968905,1
300002132700,2017,7.830438983624834e-06,1
300002135700,2017,6.142991521047914e-06,1
300002137400,2017,0.0004913790579973439,1
300002137800,2017,0.0006343699189320134,1
300002138700,2017,0.00045992502840526715,1
300002140901,2017,0.0012269503661592475,1
300002142901,2017,6.695669640431543e-06,1
300002145800,2017,2.7596050093208842e-05,1
300002146600,2017,4.5749844546719036e-05,1
300002149300,2017,8.12413094056432e-05,1
300002156100,2017,3.720725007555288e-05,1
300002156800,2017,0.00024536460167273147,1
300002157300,2017,0.00025205196126132986,1
300002158500,2017,0.006031296840591657,1
300002161200,2017,0.0004817301202506758,1
300002161201,2017,0.0001687304969613382,1
300002163201,2017,0.00029884589563026136,1
300002164100,2017,8.034442285258918e-05,1
300002164300,2017,9.115111284165587e-05,1
300002164800,2017,1.6748170293035342e-05,1
300002165100,2017,0.0019840806173828753,1
300002165900,2017,0.00017502142945621183,1
300002166900,2017,0.0032118176309548587,1
300002177700,2017,0.024995045075163928,1
300002178000,2017,5.373905407105638e-05,1
300002183100,2017,0.0002594126437128992,1
300002185900,2017,0.0001766596700881452,1
300002187500,2017,0.00046221862730924987,1
300002188200,2017,0.0351716233495458,1
300002188201,2017,4.770338369043519e-05,1
300002194100,2017,0.0005429457931367715,1
300002195700,2017,1.5069287469728144e-05,1
300002201800,2017,0.0010891692167314501,1
300002202101,2017,0.00143217693958674,1
300002204201,2017,0.0008244588248144593,1
300002204500,2017,0.00012282318242895512,1
300002205900,2017,8.21665552073719e-06,1
300002207800,2017,7.221363475283643e-05,1
300002211900,2017,0.0006804934067754073,1
300002212300,2017,0.00016313324390369082,1
300002212800,2017,2.411614188393121e-05,1
300002214901,2017,1.255942579526922e-05,1
300002214902,2017,0.00025935093132295066,1
300002215100,2017,0.00036545249341238446,1
300002217000,2017,0.0009002044052234499,1
300002217300,2017,6.009833083731928e-05,1
300002218500,2017,0.00018746558459862837,1
300002218900,2017,0.0010326890987238156,1
300002220900,2017,0.0004213912693585594,1
300002221400,2017,5.0081971037605105e-05,1
300002226600,2017,0.0004898235964132646,1
300002229401,2017,0.0001051828063525073,1
300002229600,2017,6.830405610402582e-05,1
300002230300,2017,0.0015817105283367134,1
300002235001,2017,1.0553504037081616e-05,1
300002235002,2017,6.308767587632936e-05,1
300002235600,2017,0.00045557089076802556,1
300002236900,2017,6.090888442752604e-05,1
300002239203,2017,0.002725286894707185,1
300002241700,2017,0.0012999884596130084,1
300002257000,2017,0.0001265701012859189,1
300002257300,2017,4.7303922214174307e-05,1
300002262001,2017,0.0001628605236413502,1
300002262200,2017,0.00432577685679844,1
300002262400,2017,2.745475921679367e-06,1
300002264900,2017,0.0011033977361854079,1
300002268701,2017,0.0935462789114623,1
300002272000,2017,1.8717277095186274e-05,1
300002272800,2017,0.030050149356891112,1
300002273400,2017,0.005903693772679868,1
300002273500,2017,0.00010956106873638413,1
300002276400,2017,0.001228009938515842,1
300002276600,2017,0.00043847502688273434,1
300002280800,2017,5.076191689375564e-05,1
300002281100,2017,0.00021208570183667747,1
300002281300,2017,0.0018107827954950287,1
300002284601,2017,0.001615188043386036,1
300002286601,2017,0.004165684378419716,1
300002288700,2017,1.3862326128274626e-05,1
300002289000,2017,3.948169860110166e-06,1
300002290400,2017,6.716599738034873e-05,1
300002290402,2017,0.0013900849287148207,1
300002291000,2017,8.900422294050453e-05,1
300002294500,2017,8.054646573919821e-05,1
300002294600,2017,0.0003068249734571243,1
300002294701,2017,0.0005794463455256985,1
300002294800,2017,0.00035215300314914806,1
300002296100,2017,0.000652813741183903,1
300002300100,2017,0.00010064879514053377,1
300002302100,2017,0.00019819440848579581,1
300002302601,2017,0.00048081111647469956,1
300002304701,2017,5.640777372641247e-05,1
300002305200,2017,1.8701765262296443e-05,1
300002306800,2017,0.002443948674134093,1
300002307900,2017,2.3150187388483233e-06,1
300002308100,2017,0.00016908028657930727,1
300002316700,2017,2.6828624917043725e-05,1
300002319400,2017,0.0005414462949059593,1
300002324300,2017,0.00040112517020748543,1
300002324900,2017,7.078166365569908e-05,1
300002326200,2017,8.271725807477187e-06,1
300002326600,2017,5.5453174798498314e-05,1
300002326601,2017,4.1525070155493854e-05,1
300002327000,2017,1.5092565309568354e-05,1
300002330400,2017,0.0016119155870298269,1
300002330900,2017,1.724249948935612e-05,1
300002335900,2017,0.00020007018622153814,1
300002336000,2017,1.3927991101336526e-05,1
300002336200,2017,4.800150134924053e-05,1
300002337500,2017,0.0024331932254949657,1
300002337501,2017,0.0013533190261865776,1
300002337502,2017,9.07014532696577e-05,1
300002339300,2017,0.00022755052173501793,1
300002339800,2017,9.510762771561417e-05,1
300002340201,2017,4.8468360699227774e-05,1
300002341900,2017,0.004983091920500411,1
300002342800,2017,0.00017122761825486842,1
300002343600,2017,0.0004220502697637996,1
300002348501,2017,2.037379291926071e-05,1
300002350600,2017,0.0009452946027301611,1
300002352800,2017,2.1517143369303247e-05,1
300002354600,2017,8.226630785909813e-05,1
300002355800,2017,0.0009183318148556583,1
300002356000,2017,0.0017029577166977816,1
300002357600,2017,0.0002288667956343684,1
300002358100,2017,0.0004948580049052257,1
300002358101,2017,7.295405528669332e-06,1
300002358300,2017,0.00019336985029323246,1
300002358900,2017,4.363873053931035e-05,1
300002361701,2017,0.0019144900551527181,1
300002362700,2017,3.357116297251667e-05,1
300002363000,2017,2.36078322428981e-05,1
300002363200,2017,3.270079625988271e-05,1
300002365700,2017,0.0003412082489004299,1
300002367500,2017,9.183484813690316e-06,1
300002367600,2017,3.5038744380047606e-06,1
300002369100,2017,5.342739503481227e-05,1
300002372300,2017,0.00021418840334688487,1
300002375401,2017,0.00015692349085254573,1
300002376900,2017,0.0004989968812838785,1
300002379000,2017,0.0027525570686990153,1
300002379800,2017,2.1048593636465445e-06,1
300002380600,2017,0.0001000516506326099,1
300002381200,2017,0.0010902073861094753,1
300002387900,2017,0.0050869793479373935,1
300002388601,2017,3.363280357668324e-07,1
300002396600,2017,3.755771442701803e-05,1
300002399800,2017,0.0008570274652679464,1
300002400200,2017,0.00038590512749221267,1
300002401800,2017,0.0001479643567616733,1
300002402000,2017,4.774288004755327e-05,1
300002402200,2017,7.846548714597784e-06,1
300002406300,2017,3.19672216732826e-05,1
300002412900,2017,0.00019175712643287516,1
300002418000,2017,1.618693398543597e-05,1
300002422900,2017,0.00452941770071826,1
300002423600,2017,0.0006023398555149883,1
300002427201,2017,1.558196382678901e-05,1
300002432500,2017,0.00042361377505218995,1
300002434200,2017,8.858259143245527e-05,1
300002436000,2017,0.0005108096008691438,1
300002437900,2017,0.0006316845505631777,1
300002438601,2017,7.272627707715852e-05,1
300002441100,2017,7.06608877350875e-06,1
300002443300,2017,0.0009843586756932035,1
300002447602,2017,0.00027688064412674285,1
300002449800,2017,0.00012595032164751158,1
300002450200,2017,0.0003884848348713758,1
300002451400,2017,0.0002347720055844987,1
300002452300,2017,0.0010094931181477468,1
300002452800,2017,7.197199643661708e-05,1
300002454201,2017,5.484546137605504e-06,1
300002457300,2017,2.3442975300866632e-05,1
300002457700,2017,0.02715390915739887,1
300002459400,2017,0.0005360011786943885,1
300002460600,2017,0.0012767028764206871,1
300002468700,2017,0.00019052604539735723,1
300002470100,2017,6.795655455360312e-05,1
300002471001,2017,2.4419141716467903e-06,1
300002471300,2017,0.00027258882686015634,1
300002471400,2017,0.0013927501719347122,1
300002475200,2017,3.270385874328916e-05,1
300002476501,2017,0.0004201571499865124,1
300002476600,2017,0.00037358012116005647,1
300002489200,2017,0.00015885760386704045,1
300002493400,2017,0.0003877387282628688,1
300002493500,2017,0.0001683190304051244,1
300002495300,2017,0.0007671141695564102,1
300002495800,2017,0.001582055626740769,1
300002499900,2017,0.00010076740398673449,1
300002499901,2017,0.003054445417756999,1
300002500201,2017,0.0005633549169217466,1
300002500500,2017,0.0007959655447589812,1
300002500600,2017,1.4049911709934667e-05,1
300002501100,2017,0.00016756736763189002,1
300002504900,2017,2.8520354692970993e-05,1
300002506000,2017,0.00020973312787910233,1
300002507000,2017,0.0002581807430512703,1
300002507400,2017,0.001199101470879401,1
300002513700,2017,2.9434191292495522e-05,1
300002514300,2017,0.013728220453108932,1
300002515300,2017,0.00013994185228330687,1
300002516900,2017,9.086267362911901e-06,1
300002518000,2017,0.005191968645728608,1
300002526800,2017,0.001279269157112455,1
300002526801,2017,4.7074099322526525e-05,1
300002527200,2017,1.8310138701886364e-05,1
300002527300,2017,0.004966414872438833,1
300002528100,2017,4.9580500179821806e-05,1
300002528200,2017,8.949413836901276e-05,1
300002528800,2017,0.0001348676574902106,1
300002534900,2017,9.998383662595312e-05,1
300002535600,2017,0.0009648387771414495,1
300002539700,2017,0.00018002584220958302,1
300002540000,2017,2.897907365374663e-05,1
300002540400,2017,4.666068419900259e-06,1
300002542900,2017,5.2772363678332684e-05,1
300002543400,2017,0.0031040243209756284,1
300002543700,2017,0.00013277240309683515,1
300002545300,2017,0.0037309032702950514,1
300002546400,2017,0.0002186419845578251,1
300002547100,2017,0.0008520639549941925,1
300002547801,2017,0.00011180573688220607,1
300002548400,2017,0.0021785859777725975,1
300002549600,2017,1.8040473089869311e-06,1
300002551100,2017,0.0006993488796378152,1
300002553600,2017,0.0003958217296393644,1
300002555400,2017,8.486842574032319e-05,1
300002557800,2017,0.00048506655033825206,1
300002558402,2017,0.00034982855774541154,1
300002559600,2017,0.0015154948800663592,1
300002560200,2017,6.852921538842961e-06,1
300002560602,2017,7.769250985661496e-05,1
300002561200,2017,4.890335103758601e-05,1
300002561900,2017,0.00044652584106723796,1
300002562700,2017,5.667878504454572e-05,1
300002574201,2017,0.0004934582592603631,1
300002576700,2017,9.27838883196044e-06,1
300002576800,2017,0.0018078990677796631,1
300002578200,2017,0.0012212986029170756,1
300002578600,2017,0.000281404994074454,1
300002578700,2017,0.005047095473370998,1
300002579000,2017,0.0005919933313453103,1
300002579101,2017,0.0016419151450188603,1
300002581300,2017,6.297206494177962e-05,1
300002582400,2017,7.944497984691345e-05,1
300002582700,2017,0.00010572084725645638,1
300002584601,2017,3.743762615223729e-05,1
300002585701,2017,0.0007596274767702019,1
300002591200,2017,1.237553786213631e-05,1
300002591500,2017,3.105152149315465e-05,1
300002594501,2017,0.00031977900733696856,1
300002595700,2017,0.00010688892802182929,1
300002595900,2017,4.705532879891961e-05,1
300002599000,2017,0.0012578024789580283,1
300002599300,2017,3.350335557066389e-05,1
300002600401,2017,0.03585180178531597,1
300002601200,2017,0.0037078641611338363,1
300002604200,2017,0.0012870096005663826,1
300002604401,2017,0.0002252562988150592,1
300002605200,2017,3.0207991185056822e-05,1
300002606500,2017,0.00012759155973989444,1
300002606900,2017,1.4979270759958465e-05,1
300002606901,2017,0.0002917193143300007,1
300002607100,2017,8.143099664423017e-05,1
300002608600,2017,0.00012704491665866354,1
300002608701,2017,0.019119758596451344,1
300002612000,2017,1.1072700384255299e-05,1
300002613600,2017,8.28751880941018e-05,1
300002614100,2017,1.6533809842255938e-05,1
300002615700,2017,0.0009793789361672385,1
300002616700,2017,9.344494678589103e-05,1
300002622000,2017,2.2904397100070758e-05,1
300002622300,2017,0.0009972158363030085,1
300002629200,2017,4.393600659660254e-05,1
300002630600,2017,3.486017703113948e-05,1
300002636300,2017,8.328933930935365e-06,1
300002638500,2017,0.00042863372780798916,1
300002639300,2017,3.700019171526641e-05,1
300002640500,2017,0.0043504330442520915,1
300002642300,2017,0.000415658901734389,1
300002647601,2017,0.005876894190630087,1
300002648600,2017,0.00015081237481360832,1
300002650200,2017,7.589153535433989e-05,1
300002651900,2017,0.00022373107485208375,1
300002653100,2017,0.014669248216063252,1
300002660100,2017,1.694846466764463e-05,1
300002663100,2017,0.0011550778488772862,1
300002664900,2017,0.002700936965462713,1
300002665100,2017,5.417479748538886e-05,1
300002669200,2017,3.935924093699389e-05,1
300002671200,2017,6.258854249972057e-05,1
300002672900,2017,0.00017118848992543138,1
300002675801,2017,0.0008220070678378256,1
300002677800,2017,3.2100347000943395e-05,1
300002678000,2017,0.00019691288696953372,1
300002678200,2017,2.433216051069092e-05,1
300002680500,2017,0.0003316022759666548,1
300002684002,2017,3.321139588103534e-05,1
300002684300,2017,3.337011966538938e-05,1
300002684700,2017,0.00038771070306035704,1
300002685700,2017,0.00018249638807763243,1
300002688300,2017,0.0005452791200683397,1
300002690500,2017,1.6600371790855993e-05,1
300002692400,2017,4.246502112827915e-05,1
300002693000,2017,0.0011675765875096395,1
300002702700,2017,0.001952047246817052,1
300002703101,2017,5.700242749875785e-05,1
300002704500,2017,0.0009354392143534427,1
300002704700,2017,0.0012230381160985952,1
300002705200,2017,2.0918731625394262e-05,1
300002705202,2017,0.000725000964765715,1
300002707400,2017,3.3892242624878156e-05,1
300002714900,2017,0.00024769272610945624,1
300002714901,2017,1.2095409038885018e-05,1
300002717300,2017,8.817209785400754e-06,1
300002720100,2017,4.534231496844946e-05,1
300002722000,2017,0.0007781771005942047,1
300002726600,2017,6.276613540641537e-05,1
300002732100,2017,4.704867249456048e-05,1
300002737500,2017,7.207524537509515e-06,1
300002738300,2017,1.9177566282140547e-05,1
300002738800,2017,0.00032113628220933204,1
300002742900,2017,0.0002364234020513662,1
300002743600,2017,0.0001154383776145846,1
300002745800,2017,8.727381312593227e-05,1
300002748600,2017,0.0005704775286798254,1
300002750100,2017,5.250326877507471e-05,1
300002750300,2017,0.00011926651894299903,1
300002752100,2017,0.0004155947595050996,1
300002752400,2017,2.539739294614779e-05,1
300002754400,2017,0.003969797382717996,1
300002757500,2017,2.805660081203494e-05,1
300002759400,2017,0.00023783588265815467,1
300002760800,2017,2.3728805673492907e-05,1
300002761100,2017,0.0004227912491526868,1
300002761600,2017,0.0006894853009378432,1
300002763800,2017,1.7356042437492395e-05,1
300002765100,2017,0.0001607728646021832,1
300002767800,2017,2.1637033534425673e-05,1
300002768800,2017,0.002793244151461757,1
300002768900,2017,0.0036348912106987786,1
300002773200,2017,2.3488625245597314e-05,1
300002774303,2017,0.0004414248046313934,1
300002780100,2017,0.00024023391894424542,1
300002781400,2017,0.00020298186996561365,1
300002781700,2017,0.00040867517944978023,1
300002781800,2017,0.000650799997262708,1
300002781900,2017,0.002033925347095458,1
300002782200,2017,3.736500893486229e-05,1
300002783600,2017,0.002050240102309938,1
300002783800,2017,2.993909515131067e-05,1
300002784001,2017,0.00024276570830297564,1
300002784600,2017,0.005524329487528467,1
300002788200,2017,0.0006232702141748431,1
300002790601,2017,0.005344546127277882,1
300002792700,2017,9.227524224010106e-06,1
300002796000,2017,5.631684896068376e-06,1
300002797000,2017,0.0008583517665918015,1
300002797001,2017,0.0015425308438701778,1
300002801300,2017,0.00262878332454319,1
300002801500,2017,0.0006318540679591361,1
300002802900,2017,1.8059865863136054e-05,1
300002804600,2017,4.2904057682731355e-05,1
300002805500,2017,0.0001349431956449673,1
300002805900,2017,0.03864892887295977,1
300002807400,2017,0.0006834188210751823,1
300002809100,2017,0.0010332758450483117,1
300002809300,2017,0.0003068017374482864,1
300002809400,2017,0.004463543830082192,1
300002811600,2017,3.476117490578092e-05,1
300002817300,2017,0.0005505510923395534,1
300002819000,2017,0.0004667697249650195,1
300002821000,2017,2.7427870388629528e-05,1
300002822500,2017,0.00045827538806444317,1
300002823700,2017,0.0001423860837323675,1
300002825201,2017,1.8927161482368e-05,1
300002825400,2017,9.589833381078942e-05,1
300002826100,2017,2.079186165608135e-05,1
300002828100,2017,1.7557776560799377e-05,1
300002828400,2017,5.633479714451122e-05,1
300002830400,2017,0.00018206425561786318,1
300002830900,2017,0.0014795363978991527,1
300002834300,2017,0.0006087920721717571,1
300002835000,2017,0.0004944521610636465,1
300002838201,2017,4.4534980637727553e-05,1
300002839900,2017,2.4407945754100846e-05,1
300002840500,2017,0.00025044247770747457,1
300002841100,2017,6.923545279867942e-05,1
300002842200,2017,0.0006025688883201501,1
300002843200,2017,0.00037389953898650134,1
300002843601,2017,3.312534101117722e-05,1
300002843800,2017,0.0004860803469961075,1
300002844900,2017,0.00011471660807337897,1
300002846900,2017,0.0014083049570707163,1
300002851600,2017,0.0006918782986139936,1
300002853200,2017,7.201345081402277e-06,1
300002853600,2017,0.0013816343923374061,1
300002853900,2017,0.0004143736328898568,1
300002854100,2017,0.0016883558676685064,1
300002854200,2017,0.0015109497089658423,1
300002857600,2017,9.771530846424192e-05,1
300002861000,2017,5.2211474919745666e-05,1
300002861500,2017,0.0016450271416677557,1
300002862200,2017,0.001047858969515815,1
300002864201,2017,1.1597457233209158e-05,1
300002864300,2017,0.0034251387246030415,1
300002867100,2017,4.158294262167768e-05,1
300002867700,2017,0.0010961986013274278,1
300002868000,2017,5.910803102318151e-05,1
300002869300,2017,0.00034967390428034304,1
300002872100,2017,7.171147382788175e-05,1
300002873000,2017,0.003562658587143842,1
300002874600,2017,5.55360106809962e-05,1
300002877202,2017,0.0027901328485735954,1
300002877800,2017,0.00016739537665173406,1
300002879000,2017,0.00023361360967814993,1
300002881900,2017,0.0056118662714919835,1
300002882400,2017,0.0010010697275234027,1
300002882401,2017,0.0003007421786541847,1
300002882800,2017,0.00029543474673449083,1
300002883000,2017,0.00027469816664420845,1
300002884300,2017,3.941613072137521e-05,1
300002884600,2017,0.0071771801931366525,1
300002885300,2017,1.876640564825142e-05,1
300002885800,2017,1.3968454092653393e-05,1
300002886100,2017,0.00018655525528164053,1
300002887600,2017,0.007351915274400181,1
300002891400,2017,0.00017490689293038497,1
300002891800,2017,7.925699295555193e-05,1
300002891900,2017,0.000391444491541101,1
300002892400,2017,3.814120489811874e-05,1
300002894100,2017,0.0052943416823227,1
300002895400,2017,1.584305727005933e-05,1
300002895600,2017,0.0008810629245902872,1
300002897400,2017,0.0002046463815853171,1
300002898100,2017,0.00018071728066200007,1
300002898400,2017,7.711545493183894e-05,1
300002900000,2017,8.362298817091584e-05,1
300002902200,2017,0.00023725828961048266,1
300002903300,2017,0.00022107197470406335,1
300002906200,2017,2.145201090235016e-05,1
300002906900,2017,0.00028266200897410123,1
300002907001,2017,0.0007873739176572171,1
300002907300,2017,0.00010565455390117967,1
300002907400,2017,1.9617959430080673e-05,1
300002908200,2017,4.058307248318301e-06,1
300002908900,2017,0.0020917563324875186,1
300002909100,2017,0.002513928854917687,1
300002910300,2017,0.0008455696132125468,1
300002911600,2017,0.03600617764932737,1
300002913301,2017,0.0006860932283851025,1
300002916800,2017,0.0021782570581518005,1
300002916901,2017,0.00018125175422309934,1
300002918000,2017,0.000614031728386119,1
300002918200,2017,0.0020911977001168694,1
300002918500,2017,2.5197347765484463e-05,1
300002918600,2017,0.0003053433031064583,1
300002919400,2017,0.00013274269855373833,1
300002919500,2017,0.00890924366069062,1
300002919800,2017,6.781575653314668e-05,1
300002922003,2017,0.0015276434848627278,1
300002922801,2017,4.2434346108783635e-05,1
300002925202,2017,1.3681449652465649e-05,1
300002925700,2017,0.00039183457600043726,1
300002927100,2017,8.369762277947184e-05,1
300002928200,2017,5.999278841319832e-07,1
300002928600,2017,0.011194192775969475,1
300002930300,2017,0.0015612775916498604,1
300002930500,2017,0.0003287723431780361,1
300002931400,2017,0.00014402534164722317,1
300002931500,2017,0.0008382325444225438,1
300002931900,2017,1.5073673876389951e-05,1
300002932500,2017,1.2802112261255451e-05,1
300002933300,2017,0.0003115285429388068,1
300002938000,2017,0.020144210064129312,1
300002942000,2017,0.0031368689879840155,1
300002942301,2017,0.031677692713358976,1
300002943900,2017,5.7456548407363283e-05,1
300002944900,2017,0.002030169824824676,1
300002945701,2017,1.1244871434578733e-05,1
300002952300,2017,6.422805919550906e-05,1
300002954500,2017,3.283645859526421e-05,1
300002954700,2017,0.006377837843366392,1
300002957000,2017,0.00015563800252076947,1
300002957400,2017,9.81739449273003e-06,1
300002958400,2017,2.024381229618519e-05,1
300002961101,2017,0.00014187222807150992,1
300002962300,2017,0.0003605274393198965,1
300002962600,2017,0.000696494810477097,1
300002962700,2017,0.002412987893133071,1
300002963200,2017,0.0003588467415287493,1
300002963800,2017,0.0008630025322387695,1
300002964400,2017,0.0002227542913762279,1
300002966800,2017,9.491015749116824e-05,1
300002967300,2017,2.880419454228739e-05,1
300002967400,2017,0.0022005585685596733,1
300002969200,2017,0.00081019225061437,1
300002970601,2017,3.9555023647505e-05,1
300002974100,2017,4.552522153605135e-05,1
300002975600,2017,0.0014639295492351804,1
300002976900,2017,0.0036695306483220946,1
300002977700,2017,5.006062223667961e-05,1
300002978200,2017,0.0009045958403881412,1
300002984700,2017,0.0004199129517068178,1
300002985200,2017,0.0020633134605686975,1
300002986300,2017,0.0008802020909343316,1
300002987500,2017,0.0013430498438611069,1
300002987600,2017,0.0007129964431010603,1
300002989000,2017,0.00032215387070240524,1
300002989700,2017,9.325858836612139e-05,1
300002990500,2017,0.0034500946081672075,1
300002991300,2017,4.6120732527709666e-05,1
300002992300,2017,5.771089355300221e-05,1
300003000600,2017,0.0028457285212152516,1
300003001300,2017,5.945610345978122e-05,1
300003001700,2017,0.00020080625271150668,1
300003003200,2017,7.066806625071086e-05,1
300003004800,2017,0.003372026052583994,1
300003007700,2017,0.0003902453462748978,1
300003008500,2017,0.0015947487375757056,1
300003010900,2017,0.0005727795234886834,1
300003011800,2017,1.565965290543559e-05,1
300003013800,2017,0.0006577631634014637,1
300003019700,2017,6.743999593042801e-05,1
300003024000,2017,2.1637370912348984e-05,1
300003026000,2017,0.00032659370845572743,1
300003026800,2017,0.0010506487382780272,1
300003027000,2017,0.008136995265011777,1
300003029900,2017,0.0029520463366437075,1
300003030300,2017,9.79509674152051e-05,1
300003030400,2017,0.00028156540736794684,1
300003034800,2017,0.0001940402235525521,1
300003035100,2017,0.00019524616103992922,1
300003040900,2017,0.0005906378915952555,1
300003042700,2017,0.0001032916434467124,1
300003047000,2017,0.00037320411718134793,1
300003050100,2017,0.00010489686804359408,1
300003052700,2017,9.650666361346103e-06,1
300003057000,2017,0.00025821707798780527,1
300003057200,2017,2.261307023945327e-05,1
300003058600,2017,0.001761782258504007,1
300003064000,2017,2.2293497754844346e-05,1
300003066500,2017,0.001297952502885288,1
300003072900,2017,0.005014611398470636,1
300003074400,2017,5.998409255673376e-06,1
300003075800,2017,0.0013499856499959815,1
300003078100,2017,9.473581069605618e-05,1
300003083000,2017,1.6345282055724283e-05,1
300003084500,2017,2.0039133901481234e-05,1
300003087500,2017,0.003731620879156916,1
300003093500,2017,0.0007635561683536666,1
300003094100,2017,0.00011310192480175459,1
300003095200,2017,0.0009731391604896386,1
300003097900,2017,4.475482079606065e-06,1
300003100400,2017,1.5927073554463195e-05,1
300003101100,2017,3.954019411207395e-05,1
300003102100,2017,1.264982022528014e-05,1
300003102200,2017,0.0012401016535840137,1
300003103700,2017,1.3228978723021362e-05,1
300003106100,2017,0.0001438129104841599,1
300003107300,2017,0.0001642610279394339,1
300003107400,2017,1.413062689954127e-05,1
300003108400,2017,0.0025582400338008565,1
300003109400,2017,0.0006254868244662214,1
300003109800,2017,3.248420610999767e-05,1
300003109901,2017,0.0007367314847405243,1
300003111100,2017,5.296962971371591e-06,1
300003111600,2017,1.3637168408759674e-05,1
300003114500,2017,6.311567586268055e-05,1
300003114600,2017,0.00029925371185472765,1
300003116300,2017,0.0011152424203070834,1
300003118300,2017,5.887483918454541e-05,1
300003118700,2017,0.001389858123833704,1
300003120000,2017,8.55787148209317e-05,1
300003122600,2017,0.00011195975288185067,1
300003125500,2017,0.011294193001650006,1
300003131500,2017,0.0012448149086301985,1
300003131600,2017,0.00032123296584398705,1
300003132300,2017,7.451359425186936e-05,1
300003132600,2017,3.128923730297128e-05,1
300003133800,2017,0.0005853963794010479,1
300003134100,2017,0.002436495877686423,1
300003135900,2017,0.00022784235510005154,1
300003145100,2017,0.0005364449988637367,1
300003145800,2017,4.5401815306176746e-05,1
300003146500,2017,0.0023050327380053437,1
300003149400,2017,0.0005165649523739412,1
300003150300,2017,0.00023303053964865983,1
300003150400,2017,2.602284866646834e-05,1
300003150900,2017,2.454896144531905e-05,1
300003151500,2017,7.385414393741471e-05,1
300003151600,2017,0.006614134110749323,1
300003154100,2017,8.417213142897321e-06,1
300003157000,2017,2.629280566180907e-05,1
300003157800,2017,2.1978712024193483e-05,1
300003161600,2017,9.367604978293239e-05,1
300003164000,2017,0.00023688757990979282,1
300003165801,2017,2.937739877528029e-05,1
300003168000,2017,2.3163836310050368e-05,1
300003168700,2017,6.24581940081752e-05,1
300003171300,2017,0.00039355010421933515,1
300003171500,2017,0.00013649278458029992,1
300003175400,2017,0.00015085774676232964,1
300003178402,2017,0.0007670435441343768,1
300003179300,2017,0.00019665486673528886,1
300003180100,2017,2.5797258009872087e-05,1
300003180300,2017,0.0010290796576809078,1
300003180600,2017,4.880451174244646e-05,1
300003181700,2017,7.126733547411831e-05,1
300003186400,2017,0.00020324718803018093,1
300003187800,2017,5.794517342543273e-05,1
300003188200,2017,4.270221888458876e-05,1
300003189800,2017,4.504963560989783e-05,1
300003189900,2017,3.20464508822817e-05,1
300003190600,2017,0.00019452089598639969,1
300003191300,2017,1.2669785544438405e-05,1
300003191500,2017,1.0842194650260935e-05,1
300003191600,2017,5.804209249251296e-05,1
300003192500,2017,0.002351392930777813,1
300003194500,2017,0.00448111481244611,1
300003197200,2017,0.00016323206664328098,1
300003200100,2017,0.00036394724463589465,1
300003201500,2017,2.3105586900564494e-05,1
300003204400,2017,0.00012131937533160708,1
300003204800,2017,0.0006919473894022982,1
300003205800,2017,0.0001762897018008597,1
300003205900,2017,0.0006315998635307933,1
300003206800,2017,6.64728871203965e-05,1
300003209400,2017,0.0003897543036294289,1
300003210500,2017,7.0707371820490435e-06,1
300003211000,2017,0.0005943108298164661,1
300003213900,2017,0.0009002236453913511,1
300003214500,2017,0.00016614573857002174,1
300003214800,2017,2.4388309586381854e-05,1
300003217400,2017,0.00352440197877647,1
300003217700,2017,0.00010446251772608134,1
300003218800,2017,0.0008255725921603182,1
300003219600,2017,0.006330442612964986,1
300003219800,2017,0.0016116285408418357,1
300003220600,2017,0.00015685042032498705,1
300003223000,2017,4.1963432795311665e-05,1
300003225900,2017,9.820727695236948e-05,1
300003228500,2017,4.646005767897181e-05,1
300003228800,2017,0.00012210516722084496,1
300003229600,2017,0.00012195219727472576,1
300003231700,2017,0.009209446311488772,1
300003233100,2017,0.0004987565997089437,1
300003234000,2017,9.109258647857537e-05,1
300003234400,2017,3.4201856341431034e-05,1
300003236000,2017,9.937659203477918e-06,1
300003236500,2017,2.5985235261362216e-05,1
300003236600,2017,0.00014345155378157345,1
300003237100,2017,0.00012479745028605197,1
300003239600,2017,8.39501105523233e-05,1
300003240700,2017,1.3876674632634967e-05,1
300003242500,2017,0.00018510783956368238,1
300003243300,2017,0.0030000150896138697,1
300003244900,2017,0.0002763156528896226,1
300003246100,2017,1.984311146345504e-05,1
300003246500,2017,2.457227549984802e-05,1
300003247600,2017,1.5568283990410176e-06,1
300003247601,2017,5.057085582022261e-05,1
300003248000,2017,0.0009436260262450547,1
300003248500,2017,9.540112201750045e-05,1
300003249600,2017,4.226827498850416e-05,1
300003249800,2017,5.959621851282335e-05,1
300003251001,2017,0.00021425934937100796,1
300003254200,2017,0.01643807309520968,1
300003254600,2017,0.00016113416266745698,1
300003255600,2017,0.004490582581356896,1
300003256300,2017,0.0005436319799856591,1
300003257300,2017,2.0870170135937265e-05,1
300003258000,2017,0.00024365095063842002,1
300003258200,2017,0.00021134831254864008,1
300003258400,2017,0.0003124949217497339,1
300003259400,2017,0.001571788597049033,1
300003261002,2017,0.0007089364266903101,1
300003262000,2017,6.986096743468686e-05,1
300003263300,2017,2.386025285273532e-05,1
300003268000,2017,0.0010075870602302773,1
300003269000,2017,0.00025462998597869884,1
300003269100,2017,1.2139067318299434e-05,1
300003269500,2017,0.0005760909939550306,1
300003271200,2017,5.170372093976408e-05,1
300003273200,2017,0.00010850149491295862,1
300003273400,2017,2.301931926534121e-05,1
300003274300,2017,9.820474457072296e-05,1
300003278700,2017,0.00011493024220792749,1
300003278900,2017,0.00010088532737979541,1
300003280300,2017,0.00012269784292418331,1
300003283700,2017,5.69082098246538e-05,1
300003286000,2017,0.04151077465864312,1
300003286900,2017,1.4122918518934916e-05,1
300003287200,2017,0.00020996284802149098,1
300003287500,2017,6.345043710483849e-05,1
300003288900,2017,0.0013542669820106094,1
300003290900,2017,0.0005557000934472698,1
300003291700,2017,3.312110057967813e-05,1
300003291800,2017,0.005923731169044974,1
300003292100,2017,3.3346908740469156e-06,1
300003294500,2017,0.002244388090486043,1
300003294900,2017,1.4219144679980086e-05,1
300003295401,2017,1.8876626843941053e-06,1
300003295600,2017,0.0022692856254373974,1
300003300200,2017,4.706683671408278e-05,1
300003303200,2017,2.1487018590094832e-05,1
300003305100,2017,0.00019054111252197762,1
300003306800,2017,2.818674959278366e-05,1
300003307000,2017,0.0002967678414314672,1
300003311300,2017,3.922817232593707e-05,1
300003317200,2017,3.028155854485531e-05,1
300003317201,2017,1.1787953928079107e-05,1
300003317900,2017,6.169497571662081e-06,1
300003319100,2017,0.0031317823105067605,1
300003319200,2017,0.0009057192743886387,1
300003319800,2017,0.0001364811602188526,1
300003321600,2017,0.0010115942168515929,1
300003321800,2017,4.363890135808811e-05,1
300003322900,2017,9.103843168356855e-06,1
300003323201,2017,2.6305504688252066e-05,1
300003324100,2017,3.8244856291297494e-05,1
300003327600,2017,0.00014604538197499078,1
300003329300,2017,0.000183155022228771,1
300003329500,2017,0.00028706268402386374,1
300003330400,2017,0.00036422883312640415,1
300003330900,2017,0.0011640637495752694,1
300003331400,2017,0.0001361413786656416,1
300003332600,2017,0.0009071758098404679,1
300003332801,2017,0.00011360987674390747,1
300003334000,2017,4.0761405634719246e-05,1
300003334300,2017,0.000595767548699307,1
300003337000,2017,0.005958231858554966,1
300003340601,2017,0.00013800820664679558,1
300003343600,2017,0.0003818765328580789,1
300003345400,2017,0.00010235953444618634,1
300003352200,2017,0.0004666253618074178,1
300003355300,2017,5.061223257714582e-05,1
300003359100,2017,7.705779606613852e-06,1
300003359300,2017,0.002550317056665749,1
300003359400,2017,5.893754154227505e-05,1
300003362200,2017,0.007829023400792008,1
300003362500,2017,0.0006422562325457601,1
300003366500,2017,0.0005442283796511799,1
300003366700,2017,2.483040476963004e-05,1
300003368400,2017,1.228506098839262e-05,1
300003368800,2017,0.0004977639013761596,1
300003370400,2017,0.00012849551520039603,1
300003371500,2017,0.0019416607741435065,1
300003371700,2017,7.453914910193314e-05,1
300003371900,2017,1.626226490943392e-05,1
300003373100,2017,0.0013852179225389183,1
300003376200,2017,0.002400567009178333,1
300003378000,2017,3.04193127654767e-05,1
300003378300,2017,0.00017763095346665366,1
300003379200,2017,0.00010619237923948578,1
300003379400,2017,1.4657093444645565e-05,1
300003390800,2017,1.8279659380384729e-06,1
300003391000,2017,0.002193000890067788,1
300003398100,2017,4.199288077085828e-05,1
300003398200,2017,1.0093238266426428e-05,1
300003400600,2017,0.002015895408907185,1
300003401500,2017,0.0013170445285238697,1
300003402200,2017,3.216194958372093e-05,1
300003402700,2017,3.795610211985362e-05,1
300003403100,2017,0.0009975756915290327,1
300003403601,2017,0.004207140170015414,1
300003407400,2017,9.402045925554926e-05,1
300003409100,2017,5.085257096265878e-05,1
300003409500,2017,4.063010348277855e-05,1
300003413300,2017,0.0001042424009767167,1
300003414000,2017,1.13085297966832e-05,1
300003414100,2017,1.6198716576442697e-05,1
300003415500,2017,0.0002793717864934837,1
300003417301,2017,0.00037843078042073354,1
300003418000,2017,3.1971896490182975e-05,1
300003418200,2017,2.6156387976862604e-05,1
300003420400,2017,0.0002553263503569068,1
300003422000,2017,0.0031123003728636927,1
300003423000,2017,8.66914067966172e-05,1
300003424700,2017,0.0010024452099963166,1
300003424800,2017,1.4907984027309482e-05,1
300003427200,2017,7.573264995057048e-06,1
300003427500,2017,0.0025263392750225593,1
300003428400,2017,5.104423976126407e-05,1
300003429300,2017,0.0024728988741320817,1
300003429900,2017,0.000966681072317409,1
300003432200,2017,0.0006078706752501037,1
300003432500,2017,0.0001553818753171678,1
300003432600,2017,0.0005032719375022837,1
300003433500,2017,0.0005284281516411074,1
300003433600,2017,2.3041660114233513e-05,1
300003434600,2017,0.0004269166574882229,1
300003435200,2017,0.0008847364806177042,1
300003435301,2017,0.001963074618161967,1
300003435500,2017,0.0001154150190717922,1
300003435700,2017,0.001046850440146265,1
300003439100,2017,8.314330493804958e-05,1
300003439700,2017,0.00015069571103512084,1
300003442800,2017,9.631852588872477e-05,1
300003443000,2017,5.9658582708087285e-05,1
300003444100,2017,0.0016507904829932958,1
300003444300,2017,0.0002435409518856192,1
300003445100,2017,9.969008571642306e-06,1
300003447200,2017,9.441223074820859e-05,1
300003447201,2017,0.00014707094311483646,1
300003448100,2017,5.200269021976583e-05,1
300003449800,2017,0.00010608403245003967,1
300003450000,2017,4.968962583083468e-06,1
300003450800,2017,0.00016835378728117465,1
300003451300,2017,7.274027272718116e-05,1
300003451700,2017,0.0024106726873280937,1
300003452500,2017,4.698452283730625e-05,1
300003455600,2017,0.0004905757523573883,1
300003456400,2017,0.0007960482531858123,1
300003457000,2017,9.567155351671741e-06,1
300003458000,2017,0.02489754386677024,1
300003458200,2017,0.0010679100166692496,1
300003458300,2017,0.0007277624548635961,1
300003461100,2017,0.0003020566059558485,1
300003462400,2017,4.0145023008118966e-05,1
300003465400,2017,3.326828966840657e-05,1
300003470400,2017,9.953233375645575e-05,1
300003471000,2017,0.00012654508468948615,1
300003472900,2017,0.00010097909937674712,1
300003474300,2017,9.46634138808995e-07,1
300003475200,2017,6.727381028510273e-06,1
300003478300,2017,6.38848295655466e-05,1
300003479000,2017,9.549172078453356e-05,1
300003480500,2017,0.0003109482645342273,1
300003480700,2017,0.00010627985108328894,1
300003481500,2017,1.3588644994557992e-05,1
300003482701,2017,0.004523076714574593,1
300003482800,2017,0.0008897287484776771,1
300003483200,2017,0.0028591346296344424,1
300003484500,2017,6.254990788891314e-05,1
300003486000,2017,0.000515592247624828,1
300003486100,2017,5.549627781149093e-06,1
300003487700,2017,0.008936104595721438,1
300003487800,2017,0.008142222236075553,1
300003490800,2017,0.004769250676093123,1
300003492300,2017,2.7040318111272284e-05,1
300003493700,2017,2.04256604768693e-05,1
300003494600,2017,0.00015347130187646813,1
300003495700,2017,2.4047448375877956e-05,1
300003497600,2017,0.00010207065832999913,1
300003498200,2017,5.827585403013608e-05,1
300003498800,2017,0.00018822477819892974,1
300003500600,2017,0.00014577084255193188,1
300003500700,2017,0.00028577803093605796,1
300003501000,2017,1.142553991629359e-05,1
300003501100,2017,0.00011888181602809638,1
300003501300,2017,1.5797500961921944e-05,1
300003501901,2017,7.740853271258622e-05,1
300003503500,2017,0.0005387976145478768,1
300003503900,2017,0.001068938966301954,1
300003504200,2017,0.0008949811209157197,1
300003506000,2017,0.00011795496631212974,1
300003507100,2017,0.00015503819753089,1
300003507300,2017,0.00024820443527818673,1
300003507600,2017,0.0001380159745682222,1
300003507900,2017,0.00026776037967089864,1
300003508300,2017,0.0017260995761638942,1
300003508800,2017,0.0012632562518371194,1
300003509100,2017,0.00011243296612766907,1
300003509900,2017,0.00019933858838823093,1
300003510000,2017,0.0027366197604718812,1
300003510500,2017,0.0004820715348499388,1
300003510700,2017,0.0005795604441378457,1
300003510901,2017,0.00020183548960703903,1
300003511100,2017,0.00015585231061329452,1
300003511200,2017,0.00032419385858014943,1
300003512000,2017,3.830949077696549e-05,1
300003512100,2017,2.860109365849106e-06,1
300003513400,2017,0.000174730434860097,1
300003513900,2017,0.0008987896748380092,1
300003515400,2017,0.00031537662501311307,1
300003515800,2017,0.00025134028929548065,1
300003516400,2017,0.00024081051301950204,1
300003518100,2017,0.000469730374900736,1
300003519400,2017,0.0006517540191009606,1
300003519700,2017,4.332536715655546e-05,1
300003521500,2017,0.0004944502060692216,1
300003522001,2017,0.00012662761411262447,1
300003522300,2017,0.003560352509863639,1
300003524600,2017,4.694241935958465e-05,1
300003525900,2017,0.0005809535505043095,1
300003527600,2017,0.00014684860119951605,1
300003528800,2017,8.684136599239276e-05,1
300003529500,2017,2.613784764553672e-05,1
300003530400,2017,0.0004967627712382206,1
300003532000,2017,0.0007255778385233387,1
300003532600,2017,0.0001759500335157117,1
300003533500,2017,1.2836470366480281e-05,1
300003534700,2017,0.00036125067703423095,1
300003537100,2017,0.009096615994285044,1
300003540400,2017,0.0001359722422144649,1
300003540900,2017,0.006890233018312393,1
300003541000,2017,2.0659018370519685e-05,1
300003541400,2017,0.00012418587599529246,1
300003541900,2017,0.0004992609759777402,1
300003542100,2017,0.00017091749266807566,1
300003543400,2017,1.5516991086111703e-05,1
300003543800,2017,0.0008080935526385693,1
300003546100,2017,0.0013622758434924142,1
300003547400,2017,9.406843388730318e-06,1
300003550600,2017,0.00038361749641539,1
300003553300,2017,0.0015219989998384222,1
300003553600,2017,1.534654496026686e-05,1
300003554300,2017,0.00030647563134023715,1
300003555000,2017,0.00021542378631672258,1
300003555800,2017,9.304263985335547e-05,1
300003556500,2017,0.00021442654106542763,1
300003556600,2017,8.964442873191752e-05,1
300003557400,2017,3.165938544720144e-05,1
300003557700,2017,0.007392061787799515,1
300003558100,2017,0.004568054253345399,1
300003558300,2017,0.00011245173287008809,1
300003558700,2017,3.638351015345235e-05,1
300003559000,2017,3.723053684433731e-05,1
300003559900,2017,1.3049100984161922e-05,1
300003561000,2017,0.00011275507380420778,1
300003561001,2017,9.488980113802418e-05,1
300003561900,2017,3.3352168997821876e-05,1
300003562800,2017,4.879674787916395e-05,1
300003563500,2017,3.438544106053314e-05,1
300003563900,2017,9.917726677858451e-05,1
300003564000,2017,0.0029109298605401153,1
300003564300,2017,0.006125145283308274,1
300003564900,2017,0.0001392119678351073,1
300003565300,2017,2.337690476091066e-05,1
300003566300,2017,0.0002911031588042622,1
300003566400,2017,8.764159789727325e-05,1
300003566600,2017,6.876175412226893e-05,1
300003566800,2017,1.326295001370551e-05,1
300003567400,2017,0.00028094651752468534,1
300003568400,2017,3.282468404286591e-05,1
300003569200,2017,0.00016839901932292153,1
300003570800,2017,0.0001443415584457425,1
300003571700,2017,1.3463798788467322e-05,1
300003574900,2017,0.00013128627082962163,1
300003575000,2017,1.2800975942788387e-05,1
300003575100,2017,1.1674779503061925e-05,1
300003576000,2017,6.667868135412552e-05,1
300003576800,2017,1.872332516542676e-05,1
300003577100,2017,9.122526873225437e-05,1
300003577900,2017,0.00024317709486100752,1
300003579000,2017,2.476428918837455e-05,1
300003579101,2017,2.7232951587648214e-05,1
300003581700,2017,0.0064693052988672225,1
300003581900,2017,0.0022869563351519827,1
300003582000,2017,2.570039105450131e-06,1
300003583101,2017,0.006946315347657934,1
300003584100,2017,0.00023943595941477077,1
300003585600,2017,9.681990373066923e-06,1
300003585900,2017,0.0001873482779023283,1
300003586100,2017,0.0001218029680302021,1
300003586800,2017,1.5923535493761705e-05,1
300003588100,2017,0.0025369679602832737,1
300003588700,2017,0.00013748176523908817,1
300003589200,2017,0.00012673531653359417,1
300003591200,2017,0.0003665557449442827,1
300003591500,2017,0.001047723327748369,1
300003594300,2017,5.529391270992431e-05,1
300003595100,2017,5.2025349613273936e-05,1
300003595600,2017,9.378104916129102e-05,1
300003595800,2017,0.00014954640723769124,1
300003595900,2017,9.080443502447753e-05,1
300003597100,2017,3.859523340438828e-05,1
300003597700,2017,0.0036565824825763975,1
300003598800,2017,1.6338036687169658e-05,1
300003600700,2017,4.916661502499653e-05,1
300003601200,2017,5.585557056773735e-06,1
300003602900,2017,2.4430494578327665e-05,1
300003605300,2017,1.411385628670283e-05,1
300003605900,2017,0.0008457347470559377,1
300003608300,2017,0.005423937640449104,1
300003611900,2017,1.2860953353486267e-05,1
300003613900,2017,1.7085875404217445e-05,1
300003614100,2017,0.00024766743436700837,1
300003614800,2017,1.4328153881940418e-05,1
300003616000,2017,1.0784388672331668e-05,1
300003618500,2017,0.001761120978757253,1
300003619200,2017,0.0001691861409724412,1
300003619600,2017,6.1730732137764e-05,1
300003620400,2017,0.00013559227768796873,1
300003620800,2017,0.0007941138704466944,1
300003625100,2017,6.679675717499102e-05,1
300003625200,2017,6.960915556577047e-05,1
300003626500,2017,7.792048578337839e-06,1
300003627000,2017,1.6333282695439805e-05,1
300003628900,2017,0.00035099375564699833,1
300003629000,2017,0.0005465109583106983,1
300003629100,2017,0.00012806514602586112,1
300003629300,2017,0.0014110824821128155,1
300003629800,2017,0.0001757640074818315,1
300003630500,2017,0.0001845796457701772,1
300003633500,2017,7.176716081563264e-05,1
300003634400,2017,2.898791853955551e-05,1
300003634500,2017,0.00013685583837768923,1
300003635400,2017,0.0005861387620149863,1
300003638200,2017,1.9615392988238883e-05,1
300003638400,2017,0.000888302325955543,1
300003638800,2017,2.274351114915213e-08,1
300003639000,2017,6.860298370205738e-05,1
300003639100,2017,0.004378018667849175,1
300003639400,2017,6.0506697643959984e-06,1
300003640100,2017,0.0011139050162731054,1
300003640700,2017,0.00037560812725863867,1
300003641200,2017,0.0010515604841495364,1
300003642800,2017,0.0002250800957595528,1
300003643701,2017,2.051542343224295e-05,1
300003644700,2017,0.0004626677500172076,1
300003645700,2017,2.168139938635429e-05,1
300003645800,2017,0.0008998989263191063,1
300003648500,2017,8.375125729897284e-05,1
300003648900,2017,8.54964865485691e-06,1
300003649400,2017,0.00087821568059762,1
300003653000,2017,0.0002808095491770163,1
300003653200,2017,5.648558157493783e-05,1
300003654500,2017,0.0005006119517726063,1
300003655200,2017,2.4003405604991173e-05,1
300003656900,2017,4.8895662226890605e-05,1
300003657800,2017,5.654766235100738e-05,1
300003659200,2017,0.00011272194328360454,1
300003661500,2017,5.792178977872568e-05,1
300003663200,2017,0.0004483995762940424,1
300003664100,2017,3.2028314214839564e-05,1
300003665400,2017,7.906908307827536e-05,1
300003666300,2017,0.00930179602131604,1
300003668100,2017,1.217332271231855e-05,1
300003669000,2017,0.0002998196075943606,1
300003673300,2017,0.008012483660975844,1
300003673600,2017,0.00025738528316402993,1
300003674900,2017,0.00013947004485281343,1
300003679100,2017,0.0018107854707518703,1
300003682200,2017,8.212292851237515e-05,1
300003682600,2017,0.0010337014081280636,1
300003683900,2017,6.857719306660954e-05,1
300003685700,2017,0.0015294689045038015,1
300003685900,2017,0.016716163936113023,1
300003688000,2017,9.057467454512114e-06,1
300003688100,2017,0.009236138578011168,1
300003688200,2017,2.4288388129107672e-05,1
300003690900,2017,0.000949122898111707,1
300003691800,2017,0.00022503252259178615,1
300003692200,2017,1.530617226911461e-05,1
300003693000,2017,0.0008231930759776778,1
300003698000,2017,1.4954855383363719e-05,1
300003701700,2017,0.00027298856758703374,1
300003701800,2017,0.0007315772810474991,1
300003704900,2017,0.00015420998594531905,1
300003707300,2017,0.0005552435155642628,1
300003707500,2017,1.969205039743378e-05,1
300003708200,2017,0.001753116475733308,1
300003708800,2017,3.211764489564482e-05,1
300003709500,2017,0.00013540759827493972,1
300003709900,2017,0.0006373375079778863,1
300003712500,2017,4.9108722778642795e-05,1
300003719900,2017,0.0003705414694212485,1
300003720300,2017,0.0010668066440726591,1
300003720400,2017,0.0003907095456587557,1
300003721600,2017,8.649865977765418e-05,1
300003722800,2017,1.376197493051581e-05,1
300003723600,2017,4.608278389616102e-05,1
300003726400,2017,0.0002422213070843837,1
300003727100,2017,0.00017545296527514908,1
300003727600,2017,0.00043154324977364567,1
300003727900,2017,2.6379039454676172e-05,1
300003729700,2017,0.005731253060496897,1
300003730800,2017,0.00014916894061402306,1
300003731100,2017,0.0008040093659520917,1
300003732600,2017,0.000624066106784969,1
300003733800,2017,0.00018611889203915447,1
300003734400,2017,0.013580667344855487,1
300003735400,2017,5.219372860425973e-05,1
300003739000,2017,1.7328581632077863e-05,1
300003739500,2017,0.001001509125160416,1
300003739600,2017,1.3854119431208541e-05,1
300003740500,2017,0.0009441972855188513,1
300003741000,2017,7.0222114593577e-05,1
300003741900,2017,0.0005960359603714374,1
300003743600,2017,0.0004737170666205817,1
300003745000,2017,0.0013235676179049881,1
300003746700,2017,0.00045795660444525777,1
300003747400,2017,0.00012684082495875696,1
300003748700,2017,0.000164803630535895,1
300003749700,2017,5.5952605113558614e-05,1
300003750500,2017,0.0010166693086761088,1
300003750800,2017,0.0011986749757166633,1
300003752400,2017,0.0006123454740565322,1
300003753200,2017,7.983617064991188e-05,1
300003754300,2017,3.140836007526787e-05,1
300003754600,2017,4.582994229474548e-06,1
300003754700,2017,4.962214501931416e-05,1
300003754900,2017,6.319230886547394e-05,1
300003756100,2017,0.00019113071336051567,1
300003757000,2017,1.3277856213253748e-05,1
300003757300,2017,0.0005638204999176711,1
300003759400,2017,0.0012168357375266063,1
300003759900,2017,0.0011443592706037503,1
300003760200,2017,1.5230246842169585e-05,1
300003760700,2017,0.0003022037760185511,1
300003761800,2017,3.2286265960333864e-05,1
300003762100,2017,2.5581463739579873e-05,1
300003762200,2017,4.4142736201996675e-05,1
300003762400,2017,0.00011621017847480625,1
300003762600,2017,0.0005183689659694351,1
300003763500,2017,1.5019821736948719e-05,1
300003765200,2017,0.00013599356055323854,1
300003765700,2017,0.0032153409208466564,1
300003765800,2017,0.0010233472528348297,1
300003767600,2017,5.08347194636796e-05,1
300003767900,2017,1.9814559891961414e-05,1
300003768900,2017,0.0004902082730119469,1
300003769600,2017,0.00014972118093744825,1
300003770500,2017,4.3166070735580255e-05,1
300003772100,2017,0.0012712215235880782,1
300003772200,2017,8.248044164144487e-05,1
300003773100,2017,0.00028954511313206133,1
300003773600,2017,5.8271113223722065e-06,1
300003773900,2017,8.056410372612691e-05,1
300003774500,2017,3.32083877305097e-05,1
300003774900,2017,1.948824132866865e-05,1
300003775500,2017,0.00017635826254697217,1
300003776900,2017,0.0004403219470606479,1
300003778200,2017,0.00012329514383877755,1
300003780201,2017,3.9801744807223994e-05,1
300003782700,2017,2.7884570521769868e-05,1
300003783800,2017,0.00015270735942426306,1
300003783900,2017,0.00028881009602495884,1
300003785900,2017,0.0007109878185631044,1
300003787000,2017,0.000935557358840389,1
300003787200,2017,1.24709714868491e-05,1
300003789900,2017,5.752750943364764e-06,1
300003790600,2017,6.495770585261706e-05,1
300003791600,2017,0.003031785106127627,1
300003792300,2017,3.914410943410223e-05,1
300003792400,2017,0.00013303782166187913,1
300003793200,2017,0.00014986090684544079,1
300003794400,2017,1.726204115191032e-05,1
300003794800,2017,9.963283073844524e-05,1
300003795500,2017,0.0002895658570400875,1
300003796000,2017,0.00044332940759211935,1
300003799000,2017,0.0019485863771482425,1
300003800900,2017,4.029981870921133e-05,1
300003803800,2017,0.0009338348463578079,1
300003804600,2017,1.5104037307627837e-05,1
300003805400,2017,7.68607612153184e-06,1
300003806600,2017,4.562755260383307e-05,1
300003808000,2017,0.00047224037113458944,1
300003809100,2017,1.7657106056143848e-05,1
300003809500,2017,0.00031015960368614405,1
300003809800,2017,0.00031935928310837617,1
300003809900,2017,5.0891997788529213e-05,1
300003811000,2017,2.9953289196876634e-05,1
300003812000,2017,6.305950489452318e-05,1
300003812900,2017,0.0019058568912018142,1
300003814000,2017,7.811404737124346e-06,1
300003815200,2017,0.0001366483810772054,1
300003815400,2017,2.381904140932423e-05,1
300003815601,2017,0.00037793043241649406,1
300003816000,2017,6.733000916032316e-06,1
300003816100,2017,5.812409001108338e-05,1
300003817800,2017,0.00039090995293884886,1
300003820700,2017,6.64783000763195e-05,1
300003823000,2017,2.348759562229715e-05,1
300003823100,2017,0.0006207942644940758,1
300003823600,2017,2.7224449474753236e-05,1
300003825300,2017,0.00020878906904704352,1
300003825800,2017,1.7537109698229702e-05,1
300003826200,2017,1.6171777692228847e-05,1
300003826300,2017,0.00011814742123628325,1
300003826900,2017,4.822728213118088e-06,1
300003827100,2017,1.341951669877528e-05,1
300003827600,2017,2.878622262785148e-05,1
300003827901,2017,0.00014550360873277508,1
300003829000,2017,4.559281582230536e-05,1
300003829800,2017,0.00026380586301984074,1
300003829900,2017,0.004187595538350345,1
300003832300,2017,0.0022521504644247518,1
300003834000,2017,0.002626876217799506,1
300003834100,2017,0.00038785269850869766,1
300003835100,2017,0.00037136962716617146,1
300003836000,2017,7.044074997488072e-05,1
300003839100,2017,0.0007417992948277755,1
300003839700,2017,5.883717538471621e-05,1
300003840700,2017,2.9784775212254417e-05,1
300003841000,2017,0.0026680984794465344,1
300003842400,2017,0.0001945553315602071,1
300003843201,2017,6.736085339806058e-05,1
300003843500,2017,8.986757396489547e-05,1
300003843800,2017,0.000297173162300342,1
300003845500,2017,0.0006165674398651626,1
300003845900,2017,0.0007400365700918193,1
300003846200,2017,5.959249598450785e-05,1
300003847600,2017,0.00025093126900550285,1
300003847700,2017,0.0007389040974687494,1
300003847900,2017,5.074243084986065e-05,1
300003848500,2017,0.0006232989430124462,1
300003850000,2017,7.59398634900496e-05,1
300003851100,2017,0.000564486278292711,1
300003852800,2017,0.006260083734916677,1
300003853200,2017,0.0006516789973919796,1
300003854900,2017,9.133264808440423e-05,1
300003855500,2017,5.936717764577509e-05,1
300003856100,2017,6.414613310496385e-05,1
300003856700,2017,0.00015591874604364364,1
300003857200,2017,0.0003997847814971556,1
300003861500,2017,1.3458727118523698e-05,1
300003861501,2017,5.829868518749872e-05,1
300003862700,2017,0.005079236712059406,1
300003864000,2017,0.000152760735923099,1
300003864300,2017,9.311781102013322e-05,1
300003864301,2017,0.0037009426241592126,1
300003865600,2017,0.0020759551680082297,1
300003865700,2017,0.0013403664467571484,1
300003868300,2017,4.33146462239107e-05,1
300003868500,2017,0.00042629600203717636,1
300003869100,2017,0.00020658161311113682,1
300003869300,2017,6.522359022619322e-05,1
300003870000,2017,0.0004095156692140789,1
300003871000,2017,3.534227461522064e-05,1
300003871200,2017,0.00013210756250879978,1
300003872100,2017,0.0049298647912831475,1
300003873100,2017,4.328736655913788e-05,1
300003873200,2017,0.000317614180120037,1
300003873400,2017,0.00029640744374079595,1
300003874100,2017,9.991701343919955e-06,1
300003874200,2017,8.191892195139504e-05,1
300003874900,2017,0.00014037515107602824,1
300003875100,2017,0.0001868427473976203,1
300003875200,2017,0.00012196144582953095,1
300003876500,2017,0.005206444037191943,1
300003877500,2017,5.422909141842004e-05,1
300003879100,2017,4.563476209998279e-06,1
300003880100,2017,0.00018253637170459873,1
300003880900,2017,0.000876659280069184,1
300003881100,2017,1.087526104921064e-05,1
300003881800,2017,0.000519832308384047,1
300003882700,2017,8.803600705902072e-05,1
300003883300,2017,2.8754809259578704e-05,1
300003884200,2017,0.0008169717437251729,1
300003884500,2017,0.0009987600338188186,1
300003884600,2017,1.8475503819644382e-05,1
300003887100,2017,0.00038684191606891925,1
300003887400,2017,1.6104155569765468e-05,1
300003887700,2017,1.5133179538103841e-05,1
300003889100,2017,0.0008803180401512227,1
300003889400,2017,0.00010389246153835262,1
300003890000,2017,0.00041121361834774476,1
300003891100,2017,0.0003377303408429362,1
300003892300,2017,3.5704428222368144e-05,1
300003892500,2017,4.053855009444888e-05,1
300003892900,2017,3.807822740618016e-05,1
300003893900,2017,7.744778817278818e-06,1
300003894100,2017,4.200155057335444e-05,1
300003894500,2017,0.00040906599943050284,1
300003896100,2017,1.5519026292329782e-05,1
300003896300,2017,0.0015801444332523913,1
300003896600,2017,0.00014081467384520718,1
300003896700,2017,0.00033305976708206207,1
300003897900,2017,1.2779573208509393e-05,1
300003898000,2017,0.00030747757612537127,1
300003900600,2017,0.0011978684148512026,1
300003900900,2017,0.003973160629321111,1
300003903000,2017,0.0002601119082864942,1
300003903900,2017,3.907614877654615e-05,1
300003904300,2017,5.2289753712978674e-05,1
300003904600,2017,5.658985110873527e-05,1
300003905800,2017,6.472639307531832e-05,1
300003906900,2017,3.964387148691627e-05,1
300003907000,2017,0.0007077125182403662,1
300003907200,2017,0.003776688934063194,1
300003915400,2017,0.0005842170153035977,1
300003917100,2017,0.0008415619678623622,1
300003917500,2017,2.1642967555902528e-05,1
300003918800,2017,6.720045728300513e-05,1
300003920201,2017,0.0015240318950581148,1
300003920500,2017,0.0010683601095575592,1
300003920900,2017,0.00016976441425985944,1
300003921000,2017,0.0005633440704256031,1
300003921200,2017,1.0642633628924451e-05,1
300003921400,2017,0.0001721399739877926,1
300003922700,2017,0.0007251370933980404,1
300003923900,2017,3.0192522193242486e-05,1
300003924200,2017,0.003983186507629049,1
300003924400,2017,0.0010174993289825598,1
300003925100,2017,5.5707332058078476e-05,1
300003925801,2017,3.0045689384637413e-05,1
300003926700,2017,0.00012644211560212953,1
300003927600,2017,7.539642727378504e-06,1
300003929200,2017,4.163965855337843e-05,1
300003930200,2017,0.0009518732274590477,1
300003930300,2017,0.002219326427365107,1
300003931400,2017,0.0004532703637277997,1
300003934700,2017,0.00031204412637493036,1
300003937900,2017,1.549815862494062e-05,1
300003940300,2017,4.182870512756607e-05,1
300003940500,2017,5.854245396493563e-06,1
300003940900,2017,0.0012809725735904573,1
300003943500,2017,3.942719601428866e-06,1
300003943800,2017,2.9923578895662433e-05,1
300003945200,2017,3.0681752653250956e-05,1
300003945400,2017,1.9224602821866044e-05,1
300003945600,2017,0.00042700516423533534,1
300003945900,2017,0.00039722348758280376,1
300003946400,2017,3.541931160988729e-05,1
300003946800,2017,3.1432260000684875e-05,1
300003948300,2017,3.220349384458743e-05,1
300003948400,2017,3.697447840755346e-05,1
300003949400,2017,0.00013092060661029368,1
300003950000,2017,8.755358243056109e-05,1
300003950900,2017,0.0013488022755705636,1
300003951700,2017,0.00012471878674890285,1
300003952000,2017,7.40563355320299e-05,1
300003952900,2017,0.0006490431342634821,1
300003953200,2017,0.00029226031732421386,1
300003953300,2017,0.0020699823672669583,1
300003954600,2017,0.0010428485713719353,1
300003955200,2017,2.798096986330508e-05,1
300003957500,2017,0.00041271981657365443,1
300003958100,2017,0.0011886789146886157,1
300003958600,2017,0.00016318598535450634,1
300003958900,2017,0.0008728473758777526,1
300003959000,2017,0.0010341600120854456,1
300003959300,2017,0.0007564893686040375,1
300003959700,2017,0.0023392621981666983,1
300003964200,2017,4.3362394817315806e-05,1
300003964400,2017,0.0007165061398931063,1
300003965000,2017,4.897441911445628e-05,1
300003967000,2017,0.0008176589221792784,1
300003967600,2017,5.391448750587197e-05,1
300003971500,2017,9.426206875936721e-06,1
300003971900,2017,0.0009181606637746786,1
300003972500,2017,0.0020691679783442656,1
300003973200,2017,0.0017907639720768063,1
300003974100,2017,0.0007332401830546268,1
300003975200,2017,4.4633635184860334e-05,1
300003975600,2017,4.135891709474967e-05,1
300003977100,2017,0.0008586610523714483,1
300003977200,2017,0.0014285343065800454,1
300003977300,2017,0.00030458110484201496,1
300003978100,2017,5.417731966771863e-06,1
300003983000,2017,0.0004244667113093226,1
300003983400,2017,2.1862788379367823e-05,1
300003983500,2017,2.1089727615504693e-05,1
300003983600,2017,0.0002531055377464794,1
300003984700,2017,0.0005013341353272586,1
300003987100,2017,5.3710099142839296e-05,1
300003989800,2017,0.001855788367529005,1
300003991900,2017,7.205496211900844e-06,1
300003992300,2017,0.0007535241017775119,1
300003995200,2017,0.00032961481040145817,1
300003995600,2017,4.222122208004356e-06,1
300003996600,2017,0.00016369158512364457,1
300003998600,2017,5.4411323040213806e-06,1
300003999000,2017,8.092348256377282e-05,1
300004000100,2017,0.003103828974974616,1
300004001800,2017,0.000984004350004224,1
300004002800,2017,8.165235126322324e-05,1
300004003100,2017,3.153981435794773e-06,1
300004003900,2017,1.891312165488729e-05,1
300004004600,2017,0.00024927682224393656,1
300004008700,2017,5.0447246200667695e-05,1
300004009200,2017,1.2698672230620083e-05,1
300004010100,2017,0.0013153879929309017,1
300004010700,2017,1.8169166711451618e-05,1
300004011300,2017,0.00012793320421741617,1
300004011500,2017,7.292624599310101e-05,1
300004012900,2017,0.00012438305688412232,1
300004013600,2017,6.399018858391115e-06,1
300004017200,2017,2.755910234847912e-05,1
300004017400,2017,0.00011252338846962202,1
300004018000,2017,1.0080236446649291e-05,1
300004018700,2017,0.0001041444696119507,1
300004023800,2017,0.0010618969210722878,1
300004024200,2017,0.0002802698518003105,1
300004026700,2017,0.00031534988589713124,1
300004027800,2017,0.0006843764901695872,1
300004030100,2017,1.2823966435152074e-05,1
300004030800,2017,2.13281242833233e-05,1
300004033000,2017,0.006077839963316116,1
300004034300,2017,1.014844800404709e-05,1
300004034500,2017,7.383987702041924e-07,1
300004035900,2017,0.00020125829937851458,1
300004038400,2017,2.7132560984086804e-05,1
300004042200,2017,0.000246577935330333,1
300004042900,2017,0.00011949219506502629,1
300004044200,2017,2.0166497071111512e-05,1
300004044900,2017,1.8763659433260574e-05,1
300004045900,2017,9.425157364963112e-05,1
300004047100,2017,0.00033453963494938177,1
300004048200,2017,1.1883671334154759e-05,1
300004049000,2017,8.4789688055847e-05,1
300004049300,2017,0.0019187939980181209,1
300004051500,2017,3.585084098227829e-05,1
300004052300,2017,0.0007308530142547567,1
300004052900,2017,1.012603388661121e-05,1
300004054200,2017,0.00202812961910783,1
300004055801,2017,0.00012610019415737383,1
300004056000,2017,3.077941672009109e-05,1
300004056300,2017,0.00024337914864744844,1
300004057800,2017,0.004181914747887585,1
300004058700,2017,6.118274823251541e-05,1
300004064400,2017,0.0001891592930602984,1
300004068400,2017,0.0005710687135215698,1
300004068700,2017,0.0004872413075448426,1
300004068800,2017,0.00016139210961149385,1
300004070500,2017,0.0006156935719545966,1
300004071400,2017,0.00037567738477618844,1
300004071900,2017,3.1537726543088516e-05,1
300004072200,2017,0.0010701857898946325,1
300004072400,2017,0.0003242650417556792,1
300004072600,2017,8.700084694855454e-05,1
300004074300,2017,0.003270183069081857,1
300004074500,2017,7.384834485046122e-05,1
300004075300,2017,0.00027094478413195003,1
300004076900,2017,0.00013553197568461932,1
300004078300,2017,2.2924778075428647e-05,1
300004078700,2017,5.473261845062796e-05,1
300004078900,2017,0.00014995027192743487,1
300004079200,2017,0.00029789549032715595,1
300004080600,2017,5.053807195141087e-05,1
300004082900,2017,6.919671499454144e-05,1
300004083600,2017,2.8184466978220896e-05,1
300004085000,2017,1.876021344359071e-05,1
300004085600,2017,0.001856639135998144,1
300004087300,2017,0.000498999933101558,1
300004088100,2017,0.0008032555409023202,1
300004088700,2017,1.0054669472507288e-05,1
300004088900,2017,0.00018097459193652077,1
300004089900,2017,0.007026127251472121,1
300004090100,2017,0.0032556264735187955,1
300004090300,2017,0.0005502547021652639,1
300004090800,2017,7.209572494696626e-05,1
300004091600,2017,0.0002268734794653942,1
300004092400,2017,8.569141927558954e-05,1
300004093100,2017,0.0001809871695500937,1
300004094500,2017,6.791681979875493e-05,1
300004094900,2017,2.267987043362005e-05,1
300004095700,2017,0.0024926175481303644,1
300004095900,2017,0.0001293036699300803,1
300004096200,2017,0.0005006975066932484,1
300004096500,2017,8.568570315319877e-05,1
300004096600,2017,0.00016757799954012414,1
300004096900,2017,6.59842315751849e-08,1
300004097200,2017,0.0002724282577383778,1
300004097300,2017,8.910832319162494e-06,1
300004097500,2017,0.00042600375687227226,1
300004097800,2017,0.004381230533128197,1
300004099000,2017,0.0015634234038598878,1
300004099900,2017,0.0013024265772792888,1
300004100700,2017,5.570622781180956e-05,1
300004101100,2017,7.263078457991479e-05,1
300004102300,2017,1.6871013435178383e-06,1
300004102400,2017,0.0001788397775584742,1
300004103000,2017,0.00415315850487296,1
300004103400,2017,0.0018395357623854846,1
300004104100,2017,0.0021272890955369456,1
300004104900,2017,0.007173772332028576,1
300004105400,2017,0.00012114597618596826,1
300004106000,2017,0.0036080831701303367,1
300004106300,2017,7.648049218843916e-06,1
300004106400,2017,0.00012948459595264972,1
300004107000,2017,4.93446296703344e-05,1
300004107500,2017,5.874113853503917e-05,1
300004107600,2017,0.00630219042296185,1
300004107700,2017,0.004305826428576583,1
300004109100,2017,7.888540444581611e-05,1
300004110500,2017,0.008569008377241906,1
300004111500,2017,0.00015092191278730618,1
300004112400,2017,0.0002579834751845615,1
300004112500,2017,0.00010461291938193794,1
300004112600,2017,0.0002136233126088568,1
300004112800,2017,4.694783066856821e-05,1
300004113500,2017,0.000568580788444529,1
300004113600,2017,4.574753392140519e-05,1
300004113800,2017,4.9317109391209e-05,1
300004114000,2017,0.005530586562937283,1
300004114300,2017,0.0002460039422709092,1
300004114800,2017,0.00015231770218130002,1
300004115100,2017,0.0007299854526876526,1
300004115400,2017,0.00015546066588509417,1
300004117800,2017,1.5099563963979306e-05,1
300004118400,2017,0.00015446769627061835,1
300004118700,2017,0.0002041994677571774,1
300004119300,2017,1.3521214304053981e-05,1
300004119500,2017,0.002607289298313445,1
300004119600,2017,0.0003743046293597664,1
300004120200,2017,6.19463436132566e-05,1
300004120300,2017,0.00011529042635081053,1
300004120500,2017,0.0003084755086098001,1
300004121200,2017,0.002563134975419169,1
300004121300,2017,0.00010261080869134866,1
300004121500,2017,0.00039534066141463594,1
300004122000,2017,0.00014039458395746513,1
300004122100,2017,0.0040234748491988544,1
300004122500,2017,0.0001197018141949362,1
300004122700,2017,0.0002209826766948768,1
300004123800,2017,0.009933755655900673,1
300004124200,2017,6.601390182328678e-05,1
300004126600,2017,0.00021412671109812933,1
300004128500,2017,0.0008637059271887471,1
300004128800,2017,2.0388507691497887e-05,1
300004129600,2017,0.000526166170889117,1
300004130100,2017,0.000633162612642123,1
300004131900,2017,3.7282547179971804e-05,1
300004132000,2017,0.0001203175648443661,1
300004132600,2017,0.00026502577525865226,1
300004132900,2017,0.00029827619787997905,1
300004133700,2017,0.0009889473904588734,1
300004134600,2017,5.798977625685204e-06,1
300004134900,2017,3.848505948474575e-05,1
300004136700,2017,0.00041763922003667413,1
300004137300,2017,0.00037182430743037893,1
300004139700,2017,0.0012936205478995021,1
300004139900,2017,0.0023279730938727495,1
300004140100,2017,0.0006151151447478309,1
300004140600,2017,0.00018883049787554588,1
300004142000,2017,0.00037916946613244607,1
300004145300,2017,0.00012666194045406472,1
300004146600,2017,0.0007213617661545882,1
300004148600,2017,0.00013577130537781757,1
300004149300,2017,0.0010517971005139723,1
300004150500,2017,0.00038013147392659705,1
300004151100,2017,5.6075869001863606e-05,1
300004151800,2017,0.00019242595921162373,1
300004152200,2017,9.357094978190575e-05,1
300004153000,2017,4.718904793525407e-05,1
300004154700,2017,0.0001484360665197808,1
300004155700,2017,0.0025086565973353515,1
300004156200,2017,3.540644172215018e-05,1
300004157100,2017,3.6791029951163275e-05,1
300004157200,2017,3.752554574660051e-05,1
300004161100,2017,9.72790127253752e-05,1
300004161500,2017,8.369557721811027e-05,1
300004161900,2017,0.0003318053751676738,1
300004163400,2017,1.1620926596252013e-05,1
300004163500,2017,0.00013348109006615792,1
300004165500,2017,0.0010554800390024561,1
300004166000,2017,0.0013236903014100696,1
300004166900,2017,0.000233093033148218,1
300004167500,2017,0.00033602797439516137,1
300004167801,2017,0.0003228537305702153,1
300004169700,2017,3.810869332643062e-05,1
300004170200,2017,4.6634736649434426e-05,1
300004170700,2017,0.00133110998066379,1
300004171700,2017,0.0002743188965752461,1
300004173100,2017,2.8321794482906684e-05,1
300004173300,2017,0.00019172613825906652,1
300004175100,2017,8.105661991258344e-05,1
300004175500,2017,0.0004907321179195587,1
300004175600,2017,4.37446594521001e-05,1
300004176600,2017,7.834452855615539e-06,1
300004177000,2017,1.9279485966156682e-05,1
300004177700,2017,1.1328021499328978e-05,1
300004178601,2017,0.00014493003083869215,1
300004180400,2017,0.006464798969167692,1
300004182000,2017,0.00035100678836949247,1
300004183000,2017,0.00020016283891107492,1
300004183100,2017,0.00019956458366687875,1
300004183400,2017,0.00010872028777974069,1
300004185000,2017,4.2040669308696015e-05,1
300004187400,2017,0.0010060073197488558,1
300004187500,2017,8.763598823525231e-05,1
300004187900,2017,1.3015821511763772e-05,1
300004189600,2017,0.00016101789574733113,1
300004190700,2017,0.0019098527895143617,1
300004190900,2017,0.0002450672245369536,1
300004192000,2017,5.0248168185420896e-05,1
300004192900,2017,3.838926662132473e-05,1
300004193900,2017,0.001751257253485879,1
300004194500,2017,0.00028096424850100924,1
300004195000,2017,0.0012246468741969959,1
300004197100,2017,0.005709710235080731,1
300004197600,2017,0.001033954068623305,1
300004198100,2017,0.0006736090180738683,1
300004198400,2017,0.0011591619677845737,1
300004199200,2017,1.523758078654967e-06,1
300004200600,2017,6.650046930816356e-05,1
300004201400,2017,8.163512271196872e-06,1
300004201500,2017,7.923562960447057e-06,1
300004202400,2017,0.00023032136470226605,1
300004202800,2017,5.581593105985358e-05,1
300004203400,2017,0.00037530505052291705,1
300004203900,2017,0.0001023096767274786,1
300004206400,2017,0.00013747814729498,1
300004206900,2017,5.594787320633003e-05,1
300004208400,2017,0.0028277477790151543,1
300004209100,2017,0.00014439028567732144,1
300004209800,2017,0.0007362544862814908,1
300004209900,2017,6.938361853982843e-05,1
300004211300,2017,0.00024406975148910895,1
300004211600,2017,0.0001441422075958378,1
300004213100,2017,0.00027604190263628156,1
300004213800,2017,5.0923711001884775e-05,1
300004214100,2017,0.0005243174367034832,1
300004216100,2017,3.053499618532611e-05,1
300004216600,2017,7.810912002504776e-05,1
300004216900,2017,7.081071799635757e-05,1
300004217700,2017,4.5747782400607295e-05,1
300004220000,2017,0.00010349499697141594,1
300004220100,2017,0.0005468693994981836,1
300004220500,2017,3.133500815470085e-05,1
300004221200,2017,0.0004015241983451982,1
300004221900,2017,0.0004412485511446363,1
300004222300,2017,0.004313387841021862,1
300004222500,2017,0.0044018864204978456,1
300004228100,2017,1.7069524784982558e-05,1
300004228300,2017,7.54170742500835e-05,1
300004228600,2017,1.4253593959147108e-05,1
300004229000,2017,0.00030839951014522457,1
300004229100,2017,3.885757665798617e-05,1
300004231100,2017,0.0018770254700256322,1
300004231200,2017,0.00040368949905266393,1
300004231500,2017,0.00031287907302866456,1
300004232200,2017,8.505379500920815e-06,1
300004232500,2017,6.932465843060488e-06,1
300004232800,2017,8.647545721593876e-05,1
300004233300,2017,0.0011348426500972558,1
300004234300,2017,3.073305662459949e-05,1
300004235300,2017,9.076176433811253e-05,1
300004235400,2017,0.00011359591735259302,1
300004236600,2017,0.0013537342184840703,1
300004238500,2017,3.467380565790624e-05,1
300004239600,2017,6.287077358381517e-05,1
300004239700,2017,0.01723879377495769,1
300004240500,2017,0.0014403236555766254,1
300004240800,2017,0.0001222117066805161,1
300004241200,2017,0.0006082450307228699,1
300004243000,2017,0.00013657829749050211,1
300004243700,2017,0.00018474961923092977,1
300004244200,2017,0.00035295549590329636,1
300004244500,2017,2.1844188853326948e-05,1
300004245100,2017,0.00013152185378132616,1
300004246100,2017,0.00015640584092334225,1
300004246600,2017,0.0006403133406725245,1
300004248200,2017,8.233606267385145e-05,1
300004250900,2017,0.001515139684913568,1
300004252400,2017,4.717024396341582e-05,1
300004252700,2017,2.1484807483805044e-05,1
300004253200,2017,7.184847378644864e-05,1
300004254000,2017,1.666882229169068e-05,1
300004254100,2017,0.00020645659061052475,1
300004254900,2017,0.0009285608548091562,1
300004255300,2017,3.361322328512451e-05,1
300004255900,2017,3.7451039463202675e-05,1
300004256800,2017,0.00017654689451731393,1
300004257700,2017,0.0001356021547082041,1
300004258000,2017,9.386447186203945e-05,1
300004260000,2017,0.00019290757118163313,1
300004260100,2017,2.1182060302686562e-05,1
300004260400,2017,0.00039271445177766314,1
300004261700,2017,3.179121398397714e-05,1
300004262800,2017,0.0033705784237354794,1
300004263100,2017,0.001366092584240215,1
300004264600,2017,0.00017286054984186027,1
300004268800,2017,0.00016828288903926068,1
300004270600,2017,3.636404323939549e-05,1
300004271600,2017,4.695652139184031e-05,1
300004272300,2017,0.0005984161819217694,1
300004272600,2017,4.497418169156257e-05,1
300004274600,2017,2.336500926449393e-05,1
300004275900,2017,7.765052536791462e-05,1
300004276300,2017,0.00020186305843674501,1
300004276400,2017,9.596500937979002e-05,1
300004277000,2017,0.0007141194276443872,1
300004279000,2017,4.79629721911962e-05,1
300004280100,2017,0.0006972914237217758,1
300004280700,2017,9.741430098840888e-06,1
300004280900,2017,0.028701646388258745,1
300004281100,2017,3.7166642599148985e-05,1
300004282400,2017,4.981449656198513e-05,1
300004282600,2017,2.9488357704363986e-05,1
300004282700,2017,3.272703465943633e-05,1
300004282800,2017,0.0009933596405132872,1
300004283600,2017,0.0007633485938790527,1
300004284800,2017,0.011014264791342033,1
300004285900,2017,1.2381198496543948e-05,1
300004286000,2017,0.0010279325865320175,1
300004286300,2017,2.95218978443261e-05,1
300004286500,2017,5.686953201466696e-05,1
300004286900,2017,0.0010617615042541918,1
300004287100,2017,1.2940740255389203e-05,1
300004288200,2017,2.020972680393268e-05,1
300004288400,2017,3.1136662506888455e-05,1
300004289400,2017,0.00012914612176640356,1
300004289800,2017,8.74210882185589e-05,1
300004290500,2017,3.279538943872681e-05,1
300004291200,2017,2.9262333074622723e-06,1
300004291700,2017,8.878024861384198e-05,1
300004292000,2017,0.0006889810000574206,1
300004292300,2017,1.7092933983940608e-05,1
300004292500,2017,0.006282643356130954,1
300004293400,2017,3.448791565085551e-06,1
300004295700,2017,0.00015743042127150164,1
300004296800,2017,0.0006031475282041209,1
300004297400,2017,0.00018622342313729867,1
300004298000,2017,0.00021159407441507394,1
300004298300,2017,0.0003653855996533458,1
300004300200,2017,1.8265498349339038e-05,1
300004301000,2017,0.0001772662894371889,1
300004301100,2017,0.0007279357835888561,1
300004304901,2017,2.4740167181151674e-05,1
300004305000,2017,0.011123139482557437,1
300004309000,2017,0.01735138683186465,1
300004311100,2017,0.000795399340296194,1
300004311900,2017,0.0006177933565273371,1
300004312000,2017,1.5568547931823754e-05,1
300004312300,2017,5.115014028710919e-05,1
300004312500,2017,1.1617168287812455e-05,1
300004313200,2017,0.0033706478393768662,1
300004314500,2017,0.0011606001272099252,1
300004315200,2017,6.233654856838717e-05,1
300004315400,2017,0.0007574800338101341,1
300004316200,2017,0.0004386094906933243,1
300004316500,2017,2.9309956199569723e-05,1
300004318600,2017,8.279119362809217e-05,1
300004318800,2017,0.0002840699567626927,1
300004320100,2017,2.9021033965852536e-05,1
300004322600,2017,1.9087129229282954e-05,1
300004322700,2017,6.376689649252995e-05,1
300004323300,2017,0.004142208192999593,1
300004325000,2017,0.0007334864727141265,1
300004326800,2017,1.778420755740176e-05,1
300004327200,2017,0.0011722830385933092,1
300004330200,2017,0.001017022482854244,1
300004331500,2017,6.648769305160397e-05,1
300004331700,2017,1.2695011772218157e-05,1
300004332800,2017,0.0004059180922974535,1
300004332900,2017,1.462501398965879e-05,1
300004333800,2017,0.0002502405588074174,1
300004334000,2017,5.1601724123690734e-05,1
300004334100,2017,0.0005375834625148635,1
300004335300,2017,8.373408846184071e-05,1
300004335800,2017,0.005259942095665587,1
300004336500,2017,3.35293144127842e-05,1
300004337100,2017,8.636017884570086e-05,1
300004337200,2017,0.000224673357929067,1
300004337300,2017,8.87516437102327e-06,1
300004339700,2017,0.01179915216696559,1
300004340200,2017,0.0004707284926318211,1
300004341000,2017,0.00017581457139937285,1
300004341800,2017,0.0019387853042434808,1
300004343700,2017,0.00034997974062552206,1
300004347700,2017,1.783417304370784e-05,1
300004348000,2017,0.00013209387719433018,1
300004348300,2017,0.00012275452162464412,1
300004349200,2017,0.00030787949862810094,1
300004351600,2017,0.00046134945583604226,1
300004352500,2017,1.6414448773744985e-05,1
300004352900,2017,0.0002140338053498888,1
300004355200,2017,0.00047187661198885925,1
300004357200,2017,0.00029054385449863487,1
300004357400,2017,0.00015590645442057626,1
300004357600,2017,0.001090581641705261,1
300004360000,2017,6.080446589994569e-05,1
300004363000,2017,0.0005440772575678555,1
300004364300,2017,3.849685776371393e-05,1
300004364800,2017,2.35415670925507e-05,1
300004365500,2017,0.00012520979893755995,1
300004367900,2017,7.761247572349182e-05,1
300004368200,2017,0.00013793534024438906,1
300004368300,2017,9.290758019879258e-05,1
300004369500,2017,0.00033144562294838996,1
300004369600,2017,0.005221646693533174,1
300004369700,2017,0.0001113651015412098,1
300004369900,2017,0.00019376909539547661,1
300004370100,2017,0.0002478458490992862,1
300004375900,2017,0.0012414324599250284,1
300004377900,2017,0.00036999662341198505,1
300004378100,2017,0.000912084222296618,1
300004380300,2017,9.4509473526537e-06,1
300004381800,2017,5.642514655941284e-05,1
300004381900,2017,0.0036009722634299996,1
300004385700,2017,0.00029241102218646096,1
300004386600,2017,0.00010310067095608831,1
300004388100,2017,0.0005107358862612747,1
300004388400,2017,0.0002482834114464727,1
300004388700,2017,0.00152427083746729,1
300004388900,2017,0.0004118174131626621,1
300004389200,2017,0.004341998472893355,1
300004389300,2017,0.002033241641327191,1
300004391400,2017,0.00011684139499084806,1
300004392800,2017,0.0001478467889912591,1
300004393400,2017,9.38666445184965e-05,1
300004396000,2017,2.7341030359656173e-05,1
300004396500,2017,4.958876196204948e-05,1
300004396600,2017,0.001809412796616479,1
300004398400,2017,0.00011441997062414705,1
300004398800,2017,9.729206454773494e-05,1
300004399000,2017,1.7752722495912692e-05,1
300004399100,2017,2.905712865493129e-05,1
300004399300,2017,0.00011039138590599372,1
300004399500,2017,5.763695039496402e-05,1
300004399600,2017,0.000116067230294235,1
300004399800,2017,0.0003616212225115272,1
300004399900,2017,0.0011414650138962367,1
300004400100,2017,0.0012347988153589761,1
300004400200,2017,0.0002521627717528132,1
300004400300,2017,0.00018164252629883392,1
300004400900,2017,0.00017343900870534968,1
300004401100,2017,0.0009815768047188936,1
300004401500,2017,0.00018543376927430445,1
300004401600,2017,0.00135226466751603,1
300004403300,2017,0.0056073163956641865,1
300004404700,2017,5.690270319387413e-05,1
300004404900,2017,0.0012409042028394385,1
300004405600,2017,0.0017254921370687267,1
300004406600,2017,3.4428918666358605e-05,1
300004407200,2017,7.624676483550022e-05,1
300004408200,2017,2.979971606621727e-05,1
300004408400,2017,0.0001226775953699985,1
300004408900,2017,4.640507870506923e-05,1
300004410800,2017,4.4342875001930134e-05,1
300004411200,2017,7.175036303910104e-05,1
300004411600,2017,7.580816176359249e-06,1
300004412300,2017,0.0007569557627010398,1
300004412400,2017,0.0014744947273860275,1
300004412800,2017,0.00025625948139656004,1
300004412900,2017,3.6065574852021586e-06,1
300004414100,2017,0.00018815789230701516,1
300004414500,2017,1.4218760850351106e-05,1
300004415300,2017,9.759110385652823e-05,1
300004415600,2017,0.00038944261781143866,1
300004416300,2017,3.447797731324661e-05,1
300004416700,2017,7.135583449033008e-05,1
300004416900,2017,9.597442401958312e-05,1
300004417100,2017,2.3272080421489767e-05,1
300004418700,2017,0.0004899587051878052,1
300004419300,2017,5.536531810602135e-06,1
300004419700,2017,4.28116162804792e-05,1
300004419900,2017,0.0001450841060140654,1
300004422900,2017,5.47672245632052e-05,1
300004423600,2017,1.8256085009676296e-05,1
300004423800,2017,9.042832635086237e-05,1
300004424100,2017,9.206604804145545e-05,1
300004426700,2017,0.00026174803125644244,1
300004428300,2017,0.0002416562874464224,1
300004428500,2017,7.051912347693967e-05,1
300004429300,2017,0.00034696603949737584,1
300004431700,2017,0.004451033475358749,1
300004432100,2017,3.938919740840681e-05,1
300004432600,2017,2.901655703432987e-05,1
300004435300,2017,1.766691218547747e-05,1
300004437000,2017,0.00024377095135283148,1
300004438700,2017,9.477437950716548e-05,1
300004439400,2017,0.0005214870891883782,1
300004439500,2017,7.386668600533147e-05,1
300004439900,2017,7.079864480605155e-05,1
300004441700,2017,0.0005066730645798524,1
300004443800,2017,0.00018860289481929422,1
300004444800,2017,0.00016170759418580335,1
300004445200,2017,3.801360903857364e-05,1
300004445400,2017,0.0010756448850876453,1
300004446600,2017,0.00020775623152003743,1
300004447400,2017,9.505060425324879e-05,1
300004448000,2017,0.00010765307271339552,1
300004448200,2017,0.0005595538245096097,1
300004449100,2017,1.128195780845232e-05,1
300004451000,2017,0.0004681378948839953,1
300004452400,2017,1.9709675536526143e-05,1
300004453600,2017,8.053858335499093e-05,1
300004454800,2017,0.0002625569086678875,1
300004456000,2017,0.0016907988437891172,1
300004457700,2017,0.0008328040833565593,1
300004458100,2017,2.552754571733686e-06,1
300004458600,2017,1.8269596642745427e-05,1
300004459100,2017,1.7851052563208064e-05,1
300004459500,2017,6.910742102824874e-05,1
300004460900,2017,0.0002974135610146827,1
300004461100,2017,1.4592834096837182e-05,1
300004461900,2017,3.375970439782799e-05,1
300004462000,2017,8.080592221201221e-05,1
300004462400,2017,0.0015248163944602542,1
300004464300,2017,0.00013459215505570135,1
300004466200,2017,0.0001200324451310463,1
300004466300,2017,0.0001676013560584049,1
300004466600,2017,0.0006630260537887191,1
300004467200,2017,0.0003201984558643961,1
300004469600,2017,0.0019230314515844772,1
300004469700,2017,0.00015138034689013522,1
300004469800,2017,1.701152425409806e-05,1
300004470100,2017,9.010423538280323e-05,1
300004470200,2017,0.0003254524648025239,1
300004470300,2017,0.00011934337415875208,1
300004472300,2017,0.00010436343834460786,1
300004472400,2017,7.03107257697175e-05,1
300004473200,2017,2.032038744648173e-05,1
300004473300,2017,3.260414005433344e-05,1
300004473500,2017,4.4807029776143444e-05,1
300004473700,2017,9.055820035345831e-05,1
300004474600,2017,1.967706642485458e-05,1
300004475000,2017,1.804494180492218e-05,1
300004475200,2017,0.0002483286639363152,1
300004475300,2017,5.068402596503834e-05,1
300004475600,2017,0.010629721155541724,1
300004476000,2017,2.887971124924703e-05,1
300004476200,2017,7.553269928495599e-06,1
300004476900,2017,2.5356136866203818e-05,1
300004477800,2017,0.00010474090232918623,1
300004477900,2017,7.857665726538088e-05,1
300004479800,2017,0.00035277446751449113,1
300004481300,2017,0.0008111788245752673,1
300004481400,2017,0.0003698249653774262,1
300004481600,2017,0.00016264189036690522,1
300004483700,2017,0.00027529305839139515,1
300004484200,2017,0.00023286888907082912,1
300004484700,2017,8.083129081530069e-05,1
300004484900,2017,0.00020948336292285556,1
300004486000,2017,0.007439296928602727,1
300004486300,2017,0.0005608520977394114,1
300004488600,2017,0.0001680906131565803,1
300004489300,2017,8.017050520428566e-08,1
300004490100,2017,8.094844814616647e-05,1
300004490600,2017,0.00021765934104684036,1
300004490800,2017,0.00024992821517504023,1
300004491000,2017,0.0026311580058957637,1
300004492000,2017,0.0007305776613138154,1
300004492900,2017,1.3447214802600105e-05,1
300004494100,2017,4.9867205559097585e-05,1
300004495100,2017,0.0018628438073477701,1
300004496400,2017,0.0001224711854109624,1
300004497200,2017,7.75894273638283e-05,1
300004497900,2017,7.470126899634433e-05,1
300004498800,2017,0.00015432079563858374,1
300004499600,2017,1.4813241294575063e-05,1
300004500800,2017,0.0008182033448827069,1
300004503800,2017,0.0003171755258382833,1
300004503900,2017,0.0006443985100818687,1
300004506600,2017,0.002406609707547678,1
300004507500,2017,0.0017254813551467977,1
300004508500,2017,7.314155210063025e-06,1
300004509300,2017,2.9746835710248568e-05,1
300004510500,2017,9.431192123919142e-05,1
300004510600,2017,0.00026242203216662305,1
300004510800,2017,0.0011348915881569585,1
300004511100,2017,0.0016184034694301833,1
300004511200,2017,7.678044660954868e-05,1
300004512700,2017,2.137724902027484e-05,1
300004513000,2017,5.107800838184592e-05,1
300004513900,2017,1.2384539637517684e-05,1
300004514900,2017,0.0001744714653866273,1
300004515500,2017,0.0006856925041821003,1
300004516700,2017,9.288911556350458e-05,1
300004517400,2017,0.00012802372001593756,1
300004517700,2017,0.002620295485811186,1
300004517800,2017,0.00020057047473107033,1
300004518100,2017,4.7612052773575214e-05,1
300004519200,2017,2.1692267159522883e-05,1
300004519300,2017,0.00011079174039537991,1
300004519800,2017,9.36456986431344e-05,1
300004520500,2017,0.00040480988502155876,1
300004520900,2017,0.00029608595621457353,1
300004521600,2017,4.1698083608845236e-05,1
300004522200,2017,0.0003244121268844798,1
300004522800,2017,0.00017327250718093346,1
300004523100,2017,0.0020655439057195397,1
300004525800,2017,0.00029766267966295983,1
300004528500,2017,0.0004241242854019194,1
300004528600,2017,3.278895942406798e-05,1
300004528700,2017,0.0004232721764167853,1
300004529100,2017,0.00031744141168857474,1
300004529800,2017,8.540419250415296e-05,1
300004530400,2017,3.995458723824435e-05,1
300004531600,2017,9.882027698789506e-05,1
300004534200,2017,0.0006010642660985279,1
300004534400,2017,3.4146843002216354e-05,1
300004534700,2017,5.518030369681609e-05,1
300004535500,2017,0.0005692723829198707,1
300004535800,2017,0.00025301511846680065,1
300004537500,2017,5.279513334050356e-05,1
300004538400,2017,0.000688142131918717,1
300004539200,2017,0.00014350687516236465,1
300004539600,2017,2.2616708161062033e-05,1
300004540000,2017,0.0041302480424810694,1
300004540300,2017,0.0002871264054582852,1
300004540700,2017,0.00029560351024184413,1
300004540800,2017,0.0006212790880313221,1
300004540900,2017,0.0001050603721664177,1
300004541500,2017,3.191082414252573e-05,1
300004542600,2017,0.0006238804041498162,1
300004542900,2017,7.543621045676484e-05,1
300004543300,2017,9.782878727989847e-05,1
300004545500,2017,0.00010113225670988186,1
300004545700,2017,0.0003683862550256007,1
300004547000,2017,6.335706529370576e-05,1
300004547800,2017,5.42957953185265e-05,1
300004548100,2017,2.5658605931086946e-05,1
300004548200,2017,3.0333677013276846e-05,1
300004548700,2017,4.442657151048229e-05,1
300004549100,2017,0.0006743045495994683,1
300004550000,2017,1.2764242459904091e-05,1
300004550300,2017,0.0003640589737207406,1
300004551100,2017,0.0033922180719727062,1
300004551700,2017,4.59106943738902e-06,1
300004551900,2017,0.005337120806745871,1
300004552100,2017,5.820299615660248e-05,1
300004552700,2017,0.0001894064444981762,1
300004552900,2017,0.0005188705560362847,1
300004553000,2017,0.0006405231378635862,1
300004553200,2017,2.7507250441037645e-05,1
300004553700,2017,0.0003824714834724785,1
300004553900,2017,0.00016637505627685817,1
300004554100,2017,0.00010356773788159749,1
300004556800,2017,2.3814196940259496e-05,1
300004559600,2017,3.241941728003468e-05,1
300004560800,2017,4.266820775374715e-05,1
300004562300,2017,0.00013179642071193078,1
300004562400,2017,3.770504336338149e-05,1
300004562500,2017,0.00012859292101251752,1
300004564100,2017,2.0092691744466263e-05,1
300004564200,2017,3.4001407667600566e-05,1
300004564500,2017,0.0006645805256895013,1
300004567000,2017,0.0030770322336642507,1
300004567100,2017,0.00012953669111756243,1
300004567500,2017,2.5305278304518397e-05,1
300004568200,2017,0.001399532100226277,1
300004568300,2017,0.005756780825985429,1
300004570500,2017,0.000151477778895639,1
300004571000,2017,0.0005737123769723347,1
300004571200,2017,7.203831201515256e-06,1
300004571800,2017,0.0005795726076221572,1
300004571900,2017,2.869332553511362e-05,1
300004572300,2017,0.0003616562078108731,1
300004573500,2017,0.0002820157232354716,1
300004574000,2017,7.307153267878861e-06,1
300004574100,2017,0.0007517867237479308,1
300004574400,2017,3.312400950928153e-05,1
300004574900,2017,0.0007382945079738625,1
300004576900,2017,0.0002818433952544738,1
300004577500,2017,0.0001796149516221594,1
300004577600,2017,5.0462211809417594e-06,1
300004577700,2017,6.830222859056947e-05,1
300004579400,2017,0.0015286773216018493,1
300004579500,2017,0.0034998005497391725,1
300004579800,2017,0.011451142048558528,1
300004580100,2017,4.467779085206123e-05,1
300004581200,2017,1.7676201562075548e-05,1
300004582600,2017,0.0018173004002347603,1
300004583000,2017,9.744512231277077e-06,1
300004583700,2017,0.0003276337121305319,1
300004584000,2017,2.650594865216344e-05,1
300004584800,2017,5.9346571665312185e-05,1
300004585400,2017,6.159865082166758e-05,1
300004585500,2017,0.0007978574533826083,1
300004587300,2017,0.011055705061630602,1
300004587700,2017,0.00016384886363344188,1
300004587800,2017,9.736301885468487e-05,1
300004588000,2017,0.00013396943079921223,1
300004588200,2017,0.0006450372561894772,1
300004589700,2017,0.0018070205983136793,1
300004590300,2017,4.787471854842399e-06,1
300004590700,2017,4.948365583092155e-05,1
300004591700,2017,0.00018795878091995647,1
300004593900,2017,1.4110365175698214e-05,1
300004594100,2017,0.0007692943730410943,1
300004594200,2017,0.0023198392810962107,1
300004594800,2017,0.06767079328790956,1
300004596700,2017,0.0009335350401337011,1
300004598600,2017,0.008037022345656482,1
300004599200,2017,0.00030761007098891737,1
300004599600,2017,0.00023429300108510778,1
300004600200,2017,9.724023403426507e-06,1
300004600900,2017,0.000130865191408196,1
300004604500,2017,2.7381807845929292e-05,1
300004605400,2017,0.004066328343745086,1
300004606200,2017,0.0002569535674466414,1
300004606900,2017,0.0006196011028679768,1
300004607200,2017,0.0011850249415927992,1
300004607600,2017,2.0243929590693114e-05,1
300004609300,2017,0.0005451879875473897,1
300004610100,2017,4.999711820590557e-06,1
300004610600,2017,0.013563899714965924,1
300004610800,2017,0.0007597349653427855,1
300004610900,2017,0.0020719456324350596,1
300004611500,2017,9.733098630658865e-05,1
300004612200,2017,4.873702676048778e-05,1
300004613500,2017,0.00011188938825379435,1
300004617300,2017,0.0001496454370446631,1
300004617900,2017,0.00028416558302909756,1
300004618200,2017,6.253542505823173e-05,1
300004621000,2017,0.00022012209843824966,1
300004621500,2017,0.0008100031767085172,1
300004622000,2017,8.011425024446939e-05,1
300004623900,2017,1.3954762727400033e-05,1
300004627900,2017,0.0003282934791790674,1
300004629200,2017,9.85616956823798e-06,1
300004631800,2017,0.001762605799521709,1
300004633100,2017,3.402533839206953e-05,1
300004633900,2017,0.000808408790552,1
300004634200,2017,5.9087094707741505e-05,1
300004634400,2017,0.00032490509911355363,1
300004634500,2017,0.0011148609690950642,1
300004634800,2017,0.0001094572707983769,1
300004635600,2017,5.7983584227133736e-05,1
300004635800,2017,0.0002885674920562611,1
300004636000,2017,5.6580011428328306e-05,1
300004636200,2017,4.661707354631533e-06,1
300004638100,2017,4.474439532560909e-06,1
300004639400,2017,0.00011183222865455377,1
300004640200,2017,2.153103927399154e-05,1
300004643000,2017,3.524976381533862e-05,1
300004643100,2017,0.000578107516559403,1
300004643600,2017,1.1273453031556281e-05,1
300004646500,2017,0.0001406556608150246,1
300004647800,2017,1.584268657213506e-06,1
300004648000,2017,0.00022717089768316265,1
300004650000,2017,1.445594436475526e-05,1
300004650400,2017,1.6844750879163836e-06,1
300004650800,2017,2.224995735328914e-05,1
300004650900,2017,0.0002821076007148512,1
300004652500,2017,0.00011925959369216561,1
300004652700,2017,0.01998647710080544,1
300004654000,2017,0.00017863751063877038,1
300004654900,2017,8.612416505399788e-05,1
300004655100,2017,0.001799845334543629,1
300004655500,2017,0.00024795048216939304,1
300004656200,2017,0.0011459337906184828,1
300004656500,2017,0.00014381405698598356,1
300004657600,2017,0.0010174637593057241,1
300004659700,2017,7.980475655232065e-05,1
300004659800,2017,3.776347985656083e-05,1
300004659900,2017,0.00022829313573123953,1
300004661300,2017,1.832696337946079e-05,1
300004662400,2017,0.00022958746241080285,1
300004662700,2017,0.0014697852794032357,1
300004663400,2017,9.574950379160333e-05,1
300004665800,2017,0.00011625413073898697,1
300004668000,2017,0.00012402919305451413,1
300004669000,2017,0.00016003952900322374,1
300004669100,2017,1.9610985278218442e-05,1
300004670100,2017,0.00058546228264823,1
