hh,year,status,tudef,joint_dispy_abs_diff,clean_joint_dispy,stored_joint_dispy,ils_ben_max_abs,ils_tax_max_abs,ils_origy_max_abs,ils_sicdy_max_abs,localised_to
100000000600,2015,FAIL,0,235.6950930956491,3906.986350208511,4142.68144330416,0.0,235.69509309564887,0.0,0.0,ils_tax
100000001600,2015,FAIL,0,254.35000000000036,5979.575508075455,6233.925508075456,130.0,124.35000000000002,0.0,0.0,ils_ben
100000002100,2015,FAIL,0,363.79127181816057,4657.791383670939,5021.582655489099,333.08,32.37667181816124,0.0,0.0,ils_ben
100000002300,2015,FAIL,0,607.3114023787775,6497.9558499174045,7105.267252296182,333.0799999999999,106.70680237877707,0.0,0.0,ils_ben
100000002700,2015,PASS,0,0.0,5098.662360370716,5098.662360370716,0.0,0.0,0.0,0.0,
100000004200,2015,PASS,0,0.0,4745.231683988066,4745.231683988066,0.0,0.0,0.0,0.0,
100000004300,2015,FAIL,0,768.8597166666668,4407.793218955533,5176.6529356222,564.6400000000001,2.823200000000014,0.0,0.0,ils_ben
100000004700,2015,FAIL,0,254.35000000000036,5645.201198247145,5899.551198247145,130.0,124.99999999999994,0.0,0.0,ils_ben
100000004900,2015,FAIL,0,258.8456044433333,3163.1316129498664,2904.286008506533,194.99,0.9749499999999998,0.0,0.0,ils_ben
100000005200,2015,FAIL,0,845.8592754935025,5278.149633621517,6124.008909115019,463.05999999999995,215.9245754935033,0.0,0.0,ils_ben
100000005500,2015,FAIL,0,58.404376369236616,3594.657355366579,3653.0617317358156,130.0,70.94562363076349,0.0,0.0,ils_ben
100000006400,2015,FAIL,0,413.38148179145855,4429.192838249384,4015.8113564579257,194.99,218.39148179145866,0.0,0.0,ils_tax
100000007000,2015,FAIL,0,499.75864999999976,4801.299179830167,5301.057829830167,333.08,1.6654000000000337,0.0,0.0,ils_ben
100000007400,2015,PASS,0,0.0,10394.526351233584,10394.526351233584,0.0,0.0,0.0,0.0,
100000007700,2015,PASS,0,0.0,3908.1038878174227,3908.1038878174227,0.0,0.0,0.0,0.0,
100000008100,2015,FAIL,0,390.8849208333331,3591.806940375255,3982.6918612085883,392.84916666666663,1.9642458333333366,0.0,0.0,ils_ben
100000008300,2015,PASS,0,0.0,3210.097971022867,3210.097971022867,0.0,0.0,0.0,0.0,
100000009400,2015,FAIL,0,661.6028419731792,3394.3842736096603,4055.9871155828396,694.6199999999999,3.4731000000000023,0.0,0.0,ils_ben
100000009600,2015,FAIL,0,374.5900960292038,3091.378876650667,3465.9689726798706,333.08,1.6654000000000053,0.0,0.0,ils_ben
100000010200,2015,FAIL,0,328.8077000000003,4515.858355941213,4844.666055941213,330.4600000000001,1.6523000000000252,0.0,0.0,ils_ben
100000010800,2015,FAIL,0,145.42154043795927,4197.2520126476375,4342.673553085597,0.0,335.010422660752,0.0,0.0,ils_tax
100000010900,2015,PASS,0,0.0,2950.8595249182117,2950.8595249182117,0.0,0.0,0.0,0.0,
100000011200,2015,FAIL,0,412.6873572053328,4340.049031823,4752.736389028333,333.08000000000004,1.6654000000000053,0.0,0.0,ils_ben
100000011500,2015,PASS,0,0.0,2107.9714172090326,2107.9714172090326,0.0,0.0,0.0,0.0,
100000012300,2015,PASS,0,0.0,3747.7656568759917,3747.7656568759917,0.0,0.0,0.0,0.0,
100000012600,2015,FAIL,0,129.3499999999999,3049.3750653563334,2920.0250653563335,130.0,0.6500000000000057,0.0,0.0,ils_ben
100000012800,2015,PASS,0,0.0,2936.8248861477323,2936.8248861477323,0.0,0.0,0.0,0.0,
100000012900,2015,FAIL,0,558.6595321323603,5464.560937088532,6023.2204692208925,333.08,58.054932132360875,0.0,0.0,ils_ben
100000013800,2015,FAIL,0,154.89715148054347,4343.584674875176,4498.481826355719,333.08,176.51744851945662,0.0,0.0,ils_ben
100000014000,2015,FAIL,0,192.8535800105892,6239.012716775664,6431.866296786253,130.0,62.85358001058887,0.0,0.0,ils_ben
100000014500,2015,PASS,0,0.0,3920.251901147998,3920.251901147998,0.0,0.0,0.0,0.0,
100000015100,2015,FAIL,0,331.41460000000006,4976.181264453733,5307.595864453733,333.08,1.6654000000000053,0.0,0.0,ils_ben
100000015200,2015,FAIL,0,224.89999999999964,7534.504777500502,7759.404777500502,0.0,224.89999999999986,0.0,0.0,ils_tax
100000015600,2015,FAIL,0,243.0147861960063,3568.9602634228,3325.9454772267936,130.0,113.0147861960061,0.0,0.0,ils_ben
100000015800,2015,FAIL,0,185.83709858406655,3073.20108983747,3259.0381884215367,130.0,56.48709858406656,0.0,0.0,ils_ben
100000016600,2015,FAIL,0,169.51507772951663,4350.861854382532,4520.376932112049,333.08,161.89952227048406,0.0,0.0,ils_ben
100000017100,2015,FAIL,0,110.9966666666669,4989.810872432339,5100.807539099006,0.0,110.9966666666665,0.0,0.0,ils_tax
100000017200,2015,FAIL,0,391.85255833333304,5346.317613337666,5738.1701716709995,333.08,1.6654000000000053,0.0,0.0,ils_ben
100000017600,2015,PASS,0,0.0,5540.223676375672,5540.223676375672,0.0,0.0,0.0,0.0,
100000018700,2015,FAIL,0,497.1517500000009,6718.801977759826,7215.9537277598265,499.6500000000001,2.4982499999999845,0.0,0.0,ils_ben
100000019600,2015,FAIL,0,691.2410009899891,3552.7443387540775,4243.985339744067,666.2,3.330999999999996,0.0,0.0,ils_ben
100000019700,2015,FAIL,0,589.0519083333334,3099.0898169746,3688.1417253079335,333.08,1.665399999999991,0.0,0.0,ils_ben
100000020700,2015,FAIL,0,319.9622999999997,3818.5400637777334,3498.5777637777337,321.53999999999996,1.5777000000000214,0.0,0.0,ils_ben
100000021400,2015,FAIL,0,419.83226818728235,3714.096338393041,4133.9286065803235,130.0,210.59763798589194,0.0,0.0,ils_tax
100000021800,2015,FAIL,0,681.7786883579065,5483.199155801196,6164.9778441591025,333.08,181.17408835790542,0.0,0.0,ils_ben
100000022300,2015,FAIL,0,77.89998238483531,3496.7453581892323,3574.6453405740676,333.08,61.11211794849771,0.0,0.0,ils_ben
100000022600,2015,FAIL,0,129.3499999999999,3968.1376421299997,4097.48764213,130.0,0.6500000000000057,0.0,0.0,ils_ben
100000022900,2015,PASS,0,0.0,3727.117130254758,3727.117130254758,0.0,0.0,0.0,0.0,
100000023200,2015,FAIL,0,245.76070756404897,5708.712780749641,5954.47348831369,0.0,996.0822280302256,0.0,0.0,ils_tax
100000023500,2015,PASS,0,0.0,3844.665010956157,3844.665010956157,0.0,0.0,0.0,0.0,
100000023800,2015,FAIL,0,331.41460000000006,5498.002159556619,5829.416759556619,333.08,1.6654000000000053,0.0,0.0,ils_ben
100000023900,2015,FAIL,0,302.11550923211917,3390.218613840857,3692.334123072976,463.05999999999995,158.6291907678807,0.0,0.0,ils_ben
100000024300,2015,PASS,0,0.0,5515.234329836943,5515.234329836943,0.0,0.0,0.0,0.0,
100000024600,2015,FAIL,0,882.959656471513,8153.5300583178205,9036.489714789333,499.6500000000001,216.61790647151275,0.0,0.0,ils_ben
100000024700,2015,PASS,0,0.0,2613.822638857778,2613.822638857778,0.0,0.0,0.0,0.0,
100000025200,2015,FAIL,0,810.7884712207042,2720.1982699394375,3530.9867411601417,771.388182512274,43.19681370843,0.0,0.0,ils_ben
100000026200,2015,FAIL,0,423.7207499999995,4398.713295966667,4822.434045966666,333.08,1.665399999999977,0.0,0.0,ils_ben
100000027100,2015,FAIL,0,288.37790122834303,5242.237630286541,4953.859729058198,0.0,288.37790122834286,0.0,0.0,ils_tax
100000027300,2015,FAIL,0,129.35000000000036,4287.4086415212005,4158.0586415212,130.0,0.6499999999999773,0.0,0.0,ils_ben
100000027500,2015,FAIL,0,304.4463937011924,5454.95023989393,5759.396633595123,0.0,304.44639370119194,0.0,0.0,ils_tax
100000028000,2015,FAIL,0,862.8909686375287,3560.5378091779708,4423.428777815499,463.05999999999995,85.61460197086228,0.0,0.0,ils_ben
100000028300,2015,FAIL,0,467.7817827576491,5269.3761208508095,5737.157903608459,0.0,597.2759560877498,0.0,0.0,ils_tax
100000028400,2015,PASS,0,0.0,3435.6940580283017,3435.6940580283017,0.0,0.0,0.0,0.0,
100000029000,2015,FAIL,0,331.414600000001,3939.7624214260168,4271.177021426018,333.08,1.6654000000000053,0.0,0.0,ils_ben
100000029100,2015,PASS,0,0.0,2892.89201159852,2892.89201159852,0.0,0.0,0.0,0.0,
100000029600,2015,PASS,0,0.0,6206.5356980109755,6206.5356980109755,0.0,0.0,0.0,0.0,
100000029800,2015,FAIL,0,316.8540355570394,3649.291352286091,3332.4373167290514,185.54,131.3140355570397,0.0,0.0,ils_ben
100000029900,2015,FAIL,0,129.35000000000036,3711.7822638335992,3841.1322638335996,129.99999999999997,0.6499999999999773,0.0,0.0,ils_ben
100000031400,2015,FAIL,0,129.34999999999945,3277.58140668988,3406.9314066898796,130.0,0.6499999999999915,0.0,0.0,ils_ben
100000031700,2015,FAIL,0,788.5735572929825,7282.705328781816,8071.278886074799,499.6500000000001,122.23180729298383,0.0,0.0,ils_ben
100000032000,2015,FAIL,0,14.678283333332729,7345.619642942233,7360.297926275566,333.01,316.66666666666663,0.0,0.0,ils_ben
100000033100,2015,FAIL,0,183.85058886149,4223.132609049334,4039.282020187844,130.0,53.85058886148951,0.0,0.0,ils_ben
100000033400,2015,FAIL,0,999.7586499999998,7664.348357128167,8664.107007128167,333.08,499.1540500000001,0.0,0.0,ils_tax
100000034000,2015,PASS,0,0.0,4650.6427696459505,4650.6427696459505,0.0,0.0,0.0,0.0,
100000034900,2015,PASS,0,0.0,3424.374012884461,3424.374012884461,0.0,0.0,0.0,0.0,
100000035000,2015,FAIL,0,263.00838333333286,4289.51402449954,4552.522407832873,194.99,68.01838333333347,0.0,0.0,ils_ben
100000036600,2015,PASS,0,0.0,4020.635242808273,4020.635242808273,0.0,0.0,0.0,0.0,
100000036900,2015,FAIL,0,740.3265726771133,5587.904358555936,6328.230931233049,463.05999999999995,332.9431928391305,0.0,0.0,ils_ben
100000038500,2015,PASS,0,0.0,2220.987598526282,2220.987598526282,0.0,0.0,0.0,0.0,
100000039800,2015,FAIL,0,559.2799605969476,4589.8972941105185,5149.177254707466,333.08,58.67536059694743,0.0,0.0,ils_ben
100000042100,2015,FAIL,0,327.4705658383309,4131.517284958566,3804.046719120235,185.54000000000002,141.9305658383306,0.0,0.0,ils_ben
100000042300,2015,FAIL,0,336.4231215049613,5006.0954327073605,5342.518554212322,564.6400000000001,56.20367849503958,0.0,0.0,ils_ben
100000042500,2015,PASS,0,0.0,3228.0123969537517,3228.0123969537517,0.0,0.0,0.0,0.0,
100000043000,2015,PASS,0,0.0,4886.226263484388,4886.226263484388,0.0,0.0,0.0,0.0,
100000045600,2015,FAIL,0,644.78031365895,5273.923815594169,5918.704129253119,333.08,311.7003136589503,0.0,0.0,ils_ben
100000046600,2015,FAIL,0,678.6519012071631,4655.523218080601,3976.8713168734375,547.06,131.59190120716343,0.0,0.0,ils_ben
100000046700,2015,FAIL,0,303.0249288868249,2606.9732556143244,2303.9483267274995,434.53259184605486,2.1576629592302794,0.0,0.0,ils_ben
100000046800,2015,FAIL,0,170.1839576667362,3510.2697351093666,3340.0857774426304,130.0,40.833957666735586,0.0,0.0,ils_ben
100000047100,2015,FAIL,0,499.75864999999976,4525.439139892186,5025.197789892186,333.08,1.6654000000000053,0.0,0.0,ils_ben
100000049200,2015,PASS,0,0.0,3674.681759459686,3674.681759459686,0.0,0.0,0.0,0.0,
100000049500,2015,FAIL,0,860.5886830181862,4881.395923234627,5741.984606252813,528.05,165.98893301818612,0.0,0.0,ils_ben
100000051100,2015,FAIL,0,184.61230000000023,3476.38134054368,3291.7690405436797,185.53999999999996,0.9276999999999873,0.0,0.0,ils_ben
100000051800,2015,PASS,0,0.0,6296.043165378267,6296.043165378267,0.0,0.0,0.0,0.0,
100000052500,2015,FAIL,0,170.98963135305394,3520.205887378129,3349.216256025075,135.99999999999997,34.989631353053625,0.0,0.0,ils_ben
100000052900,2015,FAIL,0,695.7680425890821,3256.0929093895843,3951.8609519786664,352.2308340006667,12.122608588415517,0.0,0.0,ils_ben
100000054000,2015,FAIL,0,66.56043198069528,2401.1004134429713,2467.6608454236666,0.0,66.56043198069537,0.0,0.0,ils_tax
100000054100,2015,PASS,0,0.0,3536.233253532104,3536.233253532104,0.0,0.0,0.0,0.0,
100000054200,2015,FAIL,0,721.4891588335304,4171.652706924468,4893.141865757998,463.05999999999995,74.61445883353028,0.0,0.0,ils_ben
100000054500,2015,FAIL,0,182.18464315259052,3482.3910488048755,3664.575691957466,0.0,182.18464315259055,0.0,0.0,ils_tax
100000054900,2015,FAIL,0,822.7819868342563,4520.418348273599,3697.6363614393426,302.53,168.80287603451703,0.0,0.0,ils_ben
100000055900,2015,FAIL,0,978.5780333333332,8212.79872533234,9191.376758665674,463.05999999999995,515.5180333333335,0.0,0.0,ils_tax
100000056700,2015,PASS,0,0.0,4601.080143366656,4601.080143366656,0.0,0.0,0.0,0.0,
100000056800,2015,PASS,0,0.0,3156.414983560058,3156.414983560058,0.0,0.0,0.0,0.0,
100000057900,2015,FAIL,0,44.7675136640255,3223.625113763912,3178.8576000998864,0.0,44.767513664025216,0.0,0.0,ils_tax
100000058600,2015,FAIL,0,246.6713551423809,4035.2548614917077,3788.583506349327,185.54000000000002,61.13135514238064,0.0,0.0,ils_ben
100000058700,2015,FAIL,0,254.34999999999945,7484.884909991419,7739.234909991418,130.0,124.34999999999991,0.0,0.0,ils_ben
100000058900,2015,PASS,0,0.0,3443.8599476722525,3443.8599476722525,0.0,0.0,0.0,0.0,
100000059400,2015,FAIL,0,121.99074763596946,3406.942938039354,3528.9336856753234,0.0,238.89042080451236,0.0,0.0,ils_tax
100000061300,2015,PASS,0,0.0,6989.865835925928,6989.865835925928,0.0,0.0,0.0,0.0,
100000061600,2015,FAIL,0,129.3499999999999,3898.8947414548843,4028.244741454884,130.0,0.6500000000000057,0.0,0.0,ils_ben
100000062300,2015,PASS,0,0.0,4167.220407167673,4167.220407167673,0.0,0.0,0.0,0.0,
100000063500,2015,FAIL,0,709.7119416666665,3852.9402176586673,4562.652159325334,463.05999999999995,2.3152999999999793,0.0,0.0,ils_ben
100000063800,2015,FAIL,0,801.0727679514121,4615.2109358905245,5416.283703841937,463.0599999999999,171.13806795141215,0.0,0.0,ils_ben
100000063900,2015,FAIL,0,61.745443105504364,3171.144311210386,3109.398868104882,0.0,61.745443105504364,0.0,0.0,ils_tax
100000064600,2015,FAIL,0,579.9097271160176,3846.0544057820493,4425.964132898067,463.05999999999995,116.84972711601705,0.0,0.0,ils_ben
100000065500,2015,PASS,0,0.0,8347.999281428509,8347.999281428509,0.0,0.0,0.0,0.0,
100000065900,2015,FAIL,0,129.3499999999999,2857.4498458230332,2986.799845823033,130.0,0.6499999999999773,0.0,0.0,ils_ben
100000067700,2015,FAIL,0,268.3106960837549,4152.783609110569,4421.094305194324,194.99,74.2956460837546,0.0,0.0,ils_ben
100000067900,2015,PASS,0,0.0,3489.059586641323,3489.059586641323,0.0,0.0,0.0,0.0,
100000068100,2015,FAIL,0,112.42638312589429,1591.633713230154,1479.2073301042597,112.99133982501948,0.5649566991250907,0.0,0.0,ils_ben
100000068300,2015,FAIL,0,691.028246534529,4944.874932384926,5635.903178919455,333.08,190.42364653452836,0.0,0.0,ils_ben
100000068400,2015,PASS,0,0.0,4670.507434933455,4670.507434933455,0.0,0.0,0.0,0.0,
100000068500,2015,FAIL,0,129.34999999999945,4344.7054598532,4474.0554598532,130.0,0.6500000000000341,0.0,0.0,ils_ben
100000069000,2015,FAIL,0,965.8280333333332,8558.51724078788,9524.345274121213,463.05999999999995,505.08333333333326,0.0,0.0,ils_tax
100000070200,2015,FAIL,0,352.12530552796034,2372.523960771825,2724.6492662997853,261.51488136226465,0.455328764651739,0.0,0.0,ils_ben
100000070500,2015,FAIL,0,185.78622043325413,6064.582471149466,6250.36869158272,130.0,55.78622043325396,0.0,0.0,ils_ben
100000071100,2015,FAIL,0,945.9487583333339,4122.530884077612,5068.479642410946,796.1800000000001,3.9808999999999912,0.0,0.0,ils_ben
100000071300,2015,FAIL,0,129.34999999999945,4361.66639998035,4491.01639998035,130.0,0.6499999999999773,0.0,0.0,ils_ben
100000071700,2015,FAIL,0,1160.7210141919622,13040.62513501914,14201.346149211102,564.6400000000001,598.9042141919613,0.0,0.0,ils_tax
100000072400,2015,PASS,0,0.0,3854.038364853268,3854.038364853268,0.0,0.0,0.0,0.0,
100000072700,2015,FAIL,0,515.6530503191716,5982.527015845517,6498.1800661646885,185.54,184.4152003191706,0.0,0.0,ils_ben
100000072800,2015,FAIL,0,129.3499999999999,3770.634788528136,3899.984788528136,130.0,0.6500000000000057,0.0,0.0,ils_ben
100000073500,2015,FAIL,0,1086.3606103647144,8095.776967934886,9182.1375782996,499.6500000000001,420.018860364714,0.0,0.0,ils_ben
100000074000,2015,FAIL,0,340.23613200081263,3926.5758669302436,4266.811998931056,333.08000000000004,8.82153200081251,0.0,0.0,ils_ben
100000074600,2015,FAIL,0,146.80417681969266,3791.3255300341816,3644.521353214489,130.0,146.88286173104413,0.0,0.0,ils_tax
100000075500,2015,FAIL,0,557.589708333333,3842.1924952871996,4399.7822036205325,499.6500000000001,2.4982499999999845,0.0,0.0,ils_ben
100000076400,2015,FAIL,0,917.3926325633329,3777.7598310194335,4695.152463582766,528.0499999999997,2.640250000000009,0.0,0.0,ils_ben
100000076500,2015,FAIL,0,193.37499017376922,5375.2245989797775,5181.849608806008,130.0,185.45976969545802,0.0,0.0,ils_tax
100000076700,2015,PASS,0,0.0,4470.500824613675,4470.500824613675,0.0,0.0,0.0,0.0,
100000077300,2015,FAIL,0,441.7586011530593,5381.596615970334,5823.355217123393,194.99,247.7435511530594,0.0,0.0,ils_tax
100000077700,2015,FAIL,0,311.23908248707176,4714.60042687419,5025.839509361262,463.05999999999995,149.5056175129282,0.0,0.0,ils_ben
100000077900,2015,FAIL,0,273.742826380952,2938.2702058311693,2664.5273794502173,191.54,82.2028263809519,0.0,0.0,ils_ben
100000078900,2015,FAIL,0,127.4931539011186,4035.9445108000937,4163.437664701212,333.08,18.381446098881412,0.0,0.0,ils_ben
100000079000,2015,FAIL,0,69.44348147464461,2501.712837953256,2571.1563194279006,0.0,69.44348147464513,0.0,0.0,ils_tax
100000079500,2015,PASS,0,0.0,4735.2024370925365,4735.2024370925365,0.0,0.0,0.0,0.0,
100000079800,2015,FAIL,0,766.6778000000004,3956.2625169106195,4722.94031691062,499.6500000000001,2.4982499999999987,0.0,0.0,ils_ben
100000080800,2015,PASS,0,0.0,4090.081808391913,4090.081808391913,0.0,0.0,0.0,0.0,
100000081600,2015,FAIL,0,692.9389151323758,7206.140759965223,7899.079675097599,333.08,192.33431513237684,0.0,0.0,ils_ben
100000082000,2015,FAIL,0,254.35000000000036,5776.864415731063,6031.214415731063,130.0,125.0,0.0,0.0,ils_ben
100000082400,2015,FAIL,0,254.35000000000036,7971.154845135688,8225.504845135689,130.0,125.00000000000023,0.0,0.0,ils_ben
100000082600,2015,FAIL,0,146.9072019629948,5746.452972174435,5893.36017413743,499.6500000000001,210.8861740531333,0.0,0.0,ils_ben
100000083600,2015,FAIL,0,705.0918250000004,4632.616274759066,5337.7080997590665,708.635,3.5431750000000193,0.0,0.0,ils_ben
100000083700,2015,FAIL,0,186.58531947299298,2216.5555332836734,2403.1408527566664,196.235,0.9811750000000004,0.0,0.0,ils_ben
100000083900,2015,FAIL,0,758.6866708333328,6391.26574902139,7149.952419854722,499.6500000000001,2.4982499999999845,0.0,0.0,ils_ben
100000084400,2015,PASS,0,0.0,4126.863280765843,4126.863280765843,0.0,0.0,0.0,0.0,
100000084500,2015,FAIL,0,299.98742567435056,3324.7584071475203,3624.745832821871,194.99,105.97237567435084,0.0,0.0,ils_ben
100000086200,2015,FAIL,0,145.792823886135,3244.155313619968,3389.948137506103,0.0,145.7928238861346,0.0,0.0,ils_tax
100000086300,2015,FAIL,0,366.5027267825035,3991.973221966,4358.4759487485035,333.08,1.665399999999977,0.0,0.0,ils_ben
100000086400,2015,PASS,0,0.0,3119.9297805312403,3119.9297805312403,0.0,0.0,0.0,0.0,
100000086500,2015,FAIL,0,308.23606876998383,3155.581696935386,3463.8177657053698,194.99,114.22101876998408,0.0,0.0,ils_ben
100000087000,2015,FAIL,0,212.73165402363156,5432.60111402856,5219.869460004928,130.0,368.64061721320456,0.0,0.0,ils_tax
100000088000,2015,FAIL,0,254.35000000000036,8214.0840921627,8468.4340921627,130.0,125.0,0.0,0.0,ils_ben
100000088100,2015,FAIL,0,162.7845319491562,3499.601802726934,3662.38633467609,0.0,256.2112275811061,0.0,0.0,ils_tax
100000088400,2015,FAIL,0,203.8545492420203,3498.0245433841533,3294.169994142133,253.72,1.2685999999999993,0.0,0.0,ils_ben
100000088700,2015,FAIL,0,129.34999999999945,2863.644285723087,2992.9942857230863,129.99999999999997,0.6500000000000057,0.0,0.0,ils_ben
100000089200,2015,FAIL,0,146.87028529195413,2671.034134137233,2817.9044194291873,130.0000000000001,14.512843465875008,0.0,0.0,ils_ben
100000089300,2015,FAIL,0,308.05509215204256,3974.9692281135976,4283.02432026564,333.08,23.359507847957445,0.0,0.0,ils_ben
100000089500,2015,FAIL,0,129.3499999999999,3825.4727295979997,3954.8227295979996,130.0,0.6500000000000057,0.0,0.0,ils_ben
100000089700,2015,FAIL,0,888.8265724561352,7074.337113488744,7963.163685944879,333.08,388.221972456137,0.0,0.0,ils_tax
100000090700,2015,FAIL,0,396.09954570770606,5179.0655219812925,5575.1650676889985,324.08000000000004,95.50505429229338,0.0,0.0,ils_ben
100000092500,2015,PASS,0,0.0,3423.9564543798247,3423.9564543798247,0.0,0.0,0.0,0.0,
100000092600,2015,FAIL,0,41.068924555411286,4318.356407930133,4277.287483374722,130.0,171.06892455541094,0.0,0.0,ils_tax
100000093300,2015,FAIL,0,659.1613720177747,5437.937318847355,6097.098690865129,333.0799999999999,158.55677201777493,0.0,0.0,ils_ben
100000094800,2015,FAIL,0,933.9852499999997,10115.128504207634,11049.113754207634,194.99,612.0101999999997,0.0,0.0,ils_tax
100000095300,2015,FAIL,0,791.9906023950625,4192.151918078821,4984.142520473883,463.05999999999995,145.11590239506285,0.0,0.0,ils_ben
100000095500,2015,FAIL,0,586.1795033254875,6303.245797332645,6889.425300658133,333.08,69.2249033254883,0.0,0.0,ils_ben
100000095700,2015,FAIL,0,499.75864999999976,6005.38055435388,6505.13920435388,333.08,1.6654000000000053,0.0,0.0,ils_ben
100000096500,2015,FAIL,0,653.2981413756897,4186.802660528216,4840.100801903905,333.08,135.75354137568934,0.0,0.0,ils_ben
100000096700,2015,FAIL,0,137.75,8633.607710291253,8495.857710291253,0.0,137.75,0.0,0.0,ils_tax
100000097500,2015,FAIL,0,84.90036159617966,2736.075597368873,2651.175235772693,0.0,84.9003615961798,0.0,0.0,ils_tax
100000098300,2015,PASS,0,0.0,2731.939949173955,2731.939949173955,0.0,0.0,0.0,0.0,
100000099400,2015,FAIL,0,534.4316574888398,4504.07340670866,5038.505064197499,333.08,33.827057488839785,0.0,0.0,ils_ben
100000100200,2015,FAIL,0,367.92831664151345,4283.8146712888865,4651.7429879304,0.0,367.92831664151305,0.0,0.0,ils_tax
100000101400,2015,FAIL,0,8.751437016608179,4577.218281437134,4568.466844420525,333.08,340.1660370166074,0.0,0.0,ils_tax
100000103100,2015,PASS,0,0.0,2609.905371068317,2609.905371068317,0.0,0.0,0.0,0.0,
100000103900,2015,FAIL,0,144.83233432278098,1613.5498517254118,1468.7175174026308,145.56013499776992,0.7278006749888277,0.0,0.0,ils_ben
100000104200,2015,FAIL,0,516.0268999999998,5644.5777706030185,6160.604670603018,333.08,1.6654000000000337,0.0,0.0,ils_ben
100000104400,2015,FAIL,0,45.070006920838296,3699.841784592783,3744.911791513621,130.0,84.27999307916181,0.0,0.0,ils_ben
100000105000,2015,FAIL,0,566.7347045627266,5843.032969153934,6409.76767371666,333.0799999999999,66.13010456272644,0.0,0.0,ils_ben
100000105100,2015,FAIL,0,343.2855485604632,4463.839567214787,4807.12511577525,0.0,343.2855485604632,0.0,0.0,ils_tax
100000106200,2015,FAIL,0,752.0044166666667,4081.4831102916332,4833.4875269583,755.7833333333333,3.7789166666666745,0.0,0.0,ils_ben
100000108500,2015,PASS,0,0.0,2496.7108155137785,2496.7108155137785,0.0,0.0,0.0,0.0,
100000108700,2015,PASS,0,0.0,3592.7099768401213,3592.7099768401213,0.0,0.0,0.0,0.0,
100000109000,2015,FAIL,0,712.4434524150001,6172.652110640665,6885.0955630556655,518.6199999999999,193.82345241500093,0.0,0.0,ils_ben
100000109100,2015,FAIL,0,12.704166666666424,2118.8008622167754,2131.505028883442,12.704166666666666,0.0,0.0,0.0,ils_ben
100000109400,2015,PASS,0,0.0,5029.045099175129,5029.045099175129,0.0,0.0,0.0,0.0,
100000110600,2015,PASS,0,0.0,3659.625445235128,3659.625445235128,0.0,0.0,0.0,0.0,
100000110900,2015,FAIL,0,129.34999999999945,2890.366900081267,3019.7169000812664,130.0,0.6500000000000057,0.0,0.0,ils_ben
100000111000,2015,FAIL,0,575.589708333333,3636.026100310667,4211.615808644,499.6500000000001,2.4982499999999987,0.0,0.0,ils_ben
100000111100,2015,PASS,0,0.0,3112.1563666847355,3112.1563666847355,0.0,0.0,0.0,0.0,
100000111600,2015,FAIL,0,307.39522332238175,2795.9380044269333,3103.333227749315,333.08,65.68619724860466,0.0,0.0,ils_ben
100000112800,2015,FAIL,0,331.4145999999996,3906.5164073953333,4237.931007395333,333.08,1.6654000000000053,0.0,0.0,ils_ben
100000113200,2015,FAIL,0,836.062039765513,8711.724133828006,9547.786173593518,463.05999999999995,373.00203976551325,0.0,0.0,ils_ben
100000113600,2015,FAIL,0,107.26207607206652,2577.9495429954,2685.2116190674665,0.0,107.2620760720666,0.0,0.0,ils_tax
100000113900,2015,FAIL,0,273.9287099714238,5667.002881053646,5940.93159102507,194.99,79.9136599714243,0.0,0.0,ils_ben
100000114100,2015,FAIL,0,161.44038357816999,2919.1827938787624,3080.6231774569324,0.0,161.44038357817038,0.0,0.0,ils_tax
100000114800,2015,FAIL,0,864.0493204620361,3867.368746796089,4731.418067258125,463.05999999999995,124.39407021092177,0.0,0.0,ils_ben
100000115100,2015,PASS,0,0.0,4709.361412945365,4709.361412945365,0.0,0.0,0.0,0.0,
100000115300,2015,FAIL,0,331.41460000000006,4107.059029768416,4438.473629768416,333.08,1.665399999999977,0.0,0.0,ils_ben
100000115700,2015,PASS,0,0.0,4669.441016097097,4669.441016097097,0.0,0.0,0.0,0.0,
100000116100,2015,FAIL,0,1037.230157571399,5812.033573452893,6849.263731024292,666.2,104.41449090473378,0.0,0.0,ils_ben
100000116200,2015,PASS,0,0.0,1473.1799281186206,1473.1799281186206,0.0,0.0,0.0,0.0,
100000116500,2015,FAIL,0,166.00988559011694,3709.4067488650935,3543.3968632749766,130.0,90.15131066468953,0.0,0.0,ils_ben
100000116800,2015,FAIL,0,120.35000000000036,2979.71953286027,3100.0695328602706,121.0,0.6499999999999773,0.0,0.0,ils_ben
100000117600,2015,FAIL,0,698.6508583333343,4011.4961653481387,4710.147023681473,499.6500000000001,2.4982499999999845,0.0,0.0,ils_ben
100000117800,2015,FAIL,0,211.8793715502743,2367.242459109183,2155.363087558909,191.54,20.339371550274706,0.0,0.0,ils_ben
100000118600,2015,FAIL,0,226.81591142254547,5328.875611954647,5555.691523377192,0.0,505.79400405921984,0.0,0.0,ils_tax
100000119000,2015,FAIL,0,656.552027992816,5602.3895219038495,6258.9415498966655,502.27,154.2820279928165,0.0,0.0,ils_ben
100000119400,2015,FAIL,0,428.7618787957149,3484.5056053222347,3913.2674841179496,333.08,1.6654000000000053,0.0,0.0,ils_ben
100000119500,2015,FAIL,0,1131.1465195374503,6820.997199799532,7952.143719336982,528.05,436.5467695374498,0.0,0.0,ils_ben
100000119900,2015,PASS,0,0.0,3074.680199246681,3074.680199246681,0.0,0.0,0.0,0.0,
100000120500,2015,FAIL,0,129.34999999999945,3388.014107485017,3517.3641074850166,130.0,0.6500000000000057,0.0,0.0,ils_ben
100000121000,2015,PASS,0,0.0,3682.2116895859567,3682.2116895859567,0.0,0.0,0.0,0.0,
100000121800,2015,FAIL,0,143.53678567940142,2550.7018598521636,2407.165074172762,0.0,143.53678567940165,0.0,0.0,ils_tax
100000122500,2015,FAIL,0,403.13704987456094,2267.3137611847214,2670.4508110592824,333.08000000000004,1.6653999999999982,0.0,0.0,ils_ben
100000122700,2015,PASS,0,0.0,3699.4387857752063,3699.4387857752063,0.0,0.0,0.0,0.0,
100000123500,2015,PASS,0,0.0,8618.124437174341,8618.124437174341,0.0,0.0,0.0,0.0,
100000123600,2015,FAIL,0,639.3575999999998,3868.0578547774335,4507.415454777433,642.48,3.1224000000000274,0.0,0.0,ils_ben
100000124000,2015,FAIL,0,81.83148797400736,3397.3019035896514,3315.470415615644,130.0,47.51851202599238,0.0,0.0,ils_ben
100000124500,2015,FAIL,0,859.1910581238135,4016.6483173538527,4875.839375477666,463.05999999999995,81.91469145714683,0.0,0.0,ils_ben
100000125100,2015,FAIL,0,729.8153166666671,6109.3845555592525,6839.1998722259195,333.08,229.2107166666667,0.0,0.0,ils_ben
100000126200,2015,FAIL,0,184.8496365946312,3651.4699434405447,3836.319580035176,463.05999999999995,147.9350634053685,0.0,0.0,ils_ben
100000126500,2015,FAIL,0,129.35000000000036,2613.3303926392664,2742.6803926392668,130.0,0.6500000000000057,0.0,0.0,ils_ben
100000126600,2015,FAIL,0,625.5846916666669,4952.41293681368,5577.997628480347,564.6400000000001,2.8231999999999857,0.0,0.0,ils_ben
100000127200,2015,FAIL,0,665.3497000344837,3715.7846002173333,3050.4349001828496,361.52,113.5073000344839,0.0,0.0,ils_ben
100000127700,2015,PASS,0,0.0,2553.8002089173233,2553.8002089173233,0.0,0.0,0.0,0.0,
100000129100,2015,FAIL,0,104.06543948336548,3390.5639049452184,3494.629344428584,217.502620048288,113.43718056492258,0.0,0.0,ils_ben
100000130600,2015,FAIL,0,740.0450316860706,3814.907071513697,4554.952103199767,624.4554293540307,115.58960233203976,0.0,0.0,ils_ben
100000130700,2015,FAIL,0,330.059632246006,2411.848991166618,2081.789358920612,277.3284324717688,52.73119977423727,0.0,0.0,ils_ben
100000131700,2015,FAIL,0,196.46720523745353,3238.5316467018665,3042.064441464413,130.0,61.11720523745345,0.0,0.0,ils_ben
100000132900,2015,PASS,0,0.0,2381.591586294698,2381.591586294698,0.0,0.0,0.0,0.0,
100000133400,2015,FAIL,0,201.3033391516119,3479.324085489169,3680.627424640781,333.08,130.11126084838855,0.0,0.0,ils_ben
100000133900,2015,FAIL,0,499.75864999999976,6028.6996614976,6528.458311497599,502.27,2.511349999999993,0.0,0.0,ils_ben
100000134400,2015,FAIL,0,567.0576902999301,4066.9387506341754,3499.8810603342454,482.06999999999994,84.98769029993005,0.0,0.0,ils_ben
100000135500,2015,FAIL,0,214.06429607611608,3789.4213534829505,4003.4856495590666,0.0,214.06429607611668,0.0,0.0,ils_tax
100000135700,2015,FAIL,0,684.9478574632867,3476.210015063247,4161.1578725265335,333.08,45.91992412995313,0.0,0.0,ils_ben
100000135800,2015,FAIL,0,238.6480460781513,4298.697682883567,4537.345728961718,0.0,334.3819163738991,0.0,0.0,ils_tax
100000136000,2015,FAIL,0,232.9220447103462,2681.0572854875463,2448.1352407772,130.0,0.6499999999999915,0.0,0.0,ils_ben
100000136100,2015,PASS,0,0.0,2923.358239993556,2923.358239993556,0.0,0.0,0.0,0.0,
100000136800,2015,PASS,0,0.0,2549.868366627117,2549.868366627117,0.0,0.0,0.0,0.0,
100000137800,2015,FAIL,0,240.81651468844393,2771.1988723615996,3012.0153870500435,333.08,52.553918644889535,0.0,0.0,ils_ben
100000138300,2015,FAIL,0,282.06236669153395,3640.0468665685576,3922.1092332600915,333.08,49.35223330846574,0.0,0.0,ils_ben
100000138800,2015,FAIL,0,73.92514816948596,3199.926860082833,3273.852008252319,73.92514816948596,0.0,0.0,0.0,ils_ben
100000139200,2015,FAIL,0,69.77962018532526,3519.3054072716714,3589.0850274569966,0.0,69.77962018532543,0.0,0.0,ils_tax
100000139500,2015,FAIL,0,389.86987083333315,2358.84798647576,2748.7178573090932,463.06,2.3153000000000077,0.0,0.0,ils_ben
100000140000,2015,PASS,0,0.0,3773.0636063724587,3773.0636063724587,0.0,0.0,0.0,0.0,
100000140600,2015,FAIL,0,559.3744224854045,4003.3971396517163,4562.771562137121,333.08,41.829822485404094,0.0,0.0,ils_ben
100000141000,2015,FAIL,0,427.44283503867973,4160.489782443182,4587.932617481862,333.08,96.02823503867961,0.0,0.0,ils_ben
100000141100,2015,FAIL,0,689.6917125000004,3920.3959989953323,4610.087711495333,629.6300000000001,3.1481500000000153,0.0,0.0,ils_ben
100000141200,2015,FAIL,0,821.8022345747113,6458.57642607169,7280.378660646401,130.0,692.4522345747117,0.0,0.0,ils_tax
100000141600,2015,FAIL,0,88.49000477038135,4388.819883416685,4477.3098881870665,0.0,88.49000477038078,0.0,0.0,ils_tax
100000142200,2015,FAIL,0,190.67666666666628,5421.449674219866,5612.1263408865325,130.0,60.67666666666685,0.0,0.0,ils_ben
100000142600,2015,FAIL,0,129.3499999999999,3428.0881883993866,3557.4381883993865,130.0,0.6500000000000057,0.0,0.0,ils_ben
100000143200,2015,PASS,0,0.0,4355.830099215163,4355.830099215163,0.0,0.0,0.0,0.0,
100000143500,2015,FAIL,0,594.4033348314297,4260.2797260930865,4854.683060924516,333.08,76.85873483142939,0.0,0.0,ils_ben
100000144000,2015,FAIL,0,835.7386416666668,5294.894836802399,6130.633478469066,629.6300000000001,3.148149999999987,0.0,0.0,ils_ben
100000144700,2015,FAIL,0,900.0164836839767,7112.486973459622,8012.503457143599,333.08,399.4118836839774,0.0,0.0,ils_tax
100000144800,2015,FAIL,0,74.0220678373471,3642.3883468463996,3568.3662790090525,74.67206783734709,0.6499999999999773,0.0,0.0,ils_ben
100000145100,2015,FAIL,0,775.6937083333332,3368.047504549072,4143.741212882405,779.5916666666666,3.8979583333333494,0.0,0.0,ils_ben
100000146400,2015,FAIL,0,298.57877083333324,3928.6252972568604,4227.204068090194,170.07916666666665,0.850395833333323,0.0,0.0,ils_ben
100000146600,2015,FAIL,0,20.781291568473534,2195.6643407533356,2216.445632321809,59.78790722544704,21.28088595554101,0.0,0.0,ils_ben
100000146900,2015,PASS,0,0.0,7608.049860890436,7608.049860890436,0.0,0.0,0.0,0.0,
100000148000,2015,FAIL,0,553.8779174425263,4523.206101893381,5077.084019335907,333.08,53.27331744252632,0.0,0.0,ils_ben
100000148900,2015,FAIL,0,258.9949481871945,2991.3166767234616,2732.321728536267,130.0,128.99494818719432,0.0,0.0,ils_ben
100000149200,2015,FAIL,0,558.8329291666664,2503.5390316532003,3062.3719608198667,333.08,1.6654000000000053,0.0,0.0,ils_ben
100000150300,2015,FAIL,0,883.923769795857,5179.720351779476,6063.644121575333,499.65000000000003,78.44259926919057,0.0,0.0,ils_ben
100000151800,2015,FAIL,0,964.1648451172487,5716.856492376496,6681.021337493745,528.05,269.5650951172483,0.0,0.0,ils_ben
100000153300,2015,PASS,0,0.0,2824.731766858258,2824.731766858258,0.0,0.0,0.0,0.0,
100000153600,2015,FAIL,0,333.14224614427076,3450.5474703048003,3117.4052241605295,191.53999999999996,12.252246144270657,0.0,0.0,ils_ben
100000154200,2015,FAIL,0,584.9543461435323,4350.747277799401,4935.701623942933,463.30999999999995,121.64434614353272,0.0,0.0,ils_ben
100000154700,2015,PASS,0,0.0,5049.265707558061,5049.265707558061,0.0,0.0,0.0,0.0,
100000154800,2015,FAIL,0,166.6384339660044,3865.0319739296,3698.3935399635957,130.0,36.63843396600407,0.0,0.0,ils_ben
100000156300,2015,FAIL,0,55.19366065550366,2183.9902933025564,2128.796632647053,55.193660655503415,0.0,0.0,0.0,ils_ben
100000156400,2015,PASS,0,0.0,3369.6303112603036,3369.6303112603036,0.0,0.0,0.0,0.0,
100000156600,2015,PASS,0,0.0,3046.39089114007,3046.39089114007,0.0,0.0,0.0,0.0,
100000156700,2015,PASS,0,0.0,3481.3927811054855,3481.3927811054855,0.0,0.0,0.0,0.0,
100000157200,2015,FAIL,0,836.497933333334,10769.218277440968,11605.716210774302,333.08,503.41793333333317,0.0,0.0,ils_tax
100000158800,2015,PASS,0,0.0,3752.4520739501486,3752.4520739501486,0.0,0.0,0.0,0.0,
100000159400,2015,FAIL,0,331.41459999999915,4966.1883651774215,5297.602965177421,333.08000000000004,1.6654000000000053,0.0,0.0,ils_ben
100000161800,2015,FAIL,0,196.21926203635667,3160.7024888463693,2964.4832268100126,109.85984419793323,86.35941783842358,0.0,0.0,ils_ben
100000161900,2015,PASS,0,0.0,3733.249208656066,3733.249208656066,0.0,0.0,0.0,0.0,
100000162000,2015,FAIL,0,254.32238568585808,3546.680949830507,3292.358564144649,130.0,124.97238568585766,0.0,0.0,ils_ben
100000162800,2015,FAIL,0,331.41460000000006,3473.5241899453,3804.9387899453,333.08000000000004,1.6654000000000053,0.0,0.0,ils_ben
100000163100,2015,FAIL,0,270.96170704938595,3887.3389628851737,4158.30066993456,0.0,270.9617070493866,0.0,0.0,ils_tax
100000163600,2015,FAIL,0,100.03096874640323,3748.5522579599074,3648.521289213504,170.07916666666665,59.301802079736774,0.0,0.0,ils_ben
100000163700,2015,FAIL,0,270.4372517001052,3126.308975501142,3396.746227201247,333.08,30.465432919894198,0.0,0.0,ils_ben
100000163800,2015,FAIL,0,702.720521260856,5238.415414185588,5941.135935446444,709.7566666666667,60.29246055140487,0.0,0.0,ils_ben
100000164000,2015,FAIL,0,76.39082552280388,2472.1032740616483,2395.7124485388445,0.0,76.3908255228041,0.0,0.0,ils_tax
100000164100,2015,FAIL,0,305.01171666666596,4765.083781701458,5070.095498368124,194.99,110.02171666666658,0.0,0.0,ils_ben
100000164400,2015,FAIL,0,386.05353381738223,3957.532413474284,4343.585947291666,194.99,192.03848381738246,0.0,0.0,ils_ben
200001483000,2016,FAIL,0,133.5334411719141,4421.220019894599,4554.753461066513,333.08,197.8811588280861,0.0,0.0,ils_ben
200001485200,2016,FAIL,0,17.755915021272813,5526.900523783101,5509.144608761828,333.08000000000004,349.17051502127265,0.0,0.0,ils_tax
200001485300,2016,PASS,0,0.0,6911.266784109764,6911.266784109764,0.0,0.0,0.0,0.0,
200001487600,2016,FAIL,0,255.01666666666642,8635.545508578045,8890.562175244711,130.0,125.66666666666652,0.0,0.0,ils_ben
200001498600,2016,PASS,0,0.0,4477.442741978595,4477.442741978595,0.0,0.0,0.0,0.0,
200001500001,2016,PASS,0,0.0,4094.35355465476,4094.35355465476,0.0,0.0,0.0,0.0,
200001501900,2016,FAIL,0,809.023371678677,7764.471289722496,8573.494661401173,499.6500000000001,142.68162167867695,0.0,0.0,ils_ben
200001502700,2016,FAIL,0,70.27521884581802,4672.582248833931,4602.307029988113,130.0,199.62521884581793,0.0,0.0,ils_tax
200001505900,2016,FAIL,0,241.6428775508466,4833.142103208143,5074.78498075899,130.0,112.2928775508467,0.0,0.0,ils_ben
200001511600,2016,FAIL,0,97.03528011398066,5350.283517626755,5447.318797740736,0.0,765.2445629092442,0.0,0.0,ils_tax
200001513000,2016,FAIL,0,260.09999999999945,7372.954784504959,7633.054784504959,130.0,130.75,0.0,0.0,ils_tax
200001515400,2016,FAIL,0,1054.249099999999,13751.89187658953,14806.14097658953,277.18,778.4549999999995,0.0,0.0,ils_tax
200001515600,2016,FAIL,0,141.70485133424518,4659.129072746844,4800.833924081089,333.08,189.7097486657554,0.0,0.0,ils_ben
200001520600,2016,FAIL,0,82.75032370135887,3957.911393387909,3875.16106968655,0.0,82.75032370135867,0.0,0.0,ils_tax
200001523100,2016,FAIL,0,666.3805208333333,7194.3917938356,7860.772314668933,499.6500000000001,2.4982499999999845,0.0,0.0,ils_ben
200001527700,2016,FAIL,0,61.393226368635624,3397.6256823487083,3459.018908717344,0.0,61.393226368635794,0.0,0.0,ils_tax
200001528400,2016,FAIL,0,12.704166666667334,3027.425516550401,3040.1296832170683,12.704166666666652,0.0,0.0,0.0,ils_ben
200001528700,2016,FAIL,0,147.64833415466637,2351.3183338116078,2203.6699996569414,147.64833415466666,0.0,0.0,0.0,ils_ben
200001528800,2016,FAIL,0,32.647477209317,3033.436647054461,3066.084124263778,52.71263874371181,0.0,0.0,0.0,ils_ben
200001531000,2016,FAIL,0,380.6833333333334,5379.186889302191,4998.503555968858,130.0,251.33333333333314,0.0,0.0,ils_tax
200001531600,2016,PASS,0,0.0,5136.698937674896,5136.698937674896,0.0,0.0,0.0,0.0,
200001531900,2016,FAIL,0,657.6651499999998,3362.4967483338332,4020.161898333833,333.08,1.665399999999977,0.0,0.0,ils_ben
200001532600,2016,FAIL,0,712.1662749999996,4727.489907035466,5439.6561820354655,499.6500000000001,2.498250000000013,0.0,0.0,ils_ben
200001534000,2016,FAIL,0,129.35000000000036,2442.3312577716997,2571.6812577717,130.0,0.6499999999999915,0.0,0.0,ils_ben
200001534200,2016,FAIL,0,717.4557848076129,6509.3667451921865,7226.822529999799,629.6300000000001,90.97393480761235,0.0,0.0,ils_ben
200001534501,2016,FAIL,0,114.63423263447567,1487.8733351173307,1602.5075677518064,97.495,0.7117612756882892,0.0,0.0,ils_ben
200001534800,2016,FAIL,0,127.6429639578796,3211.824665023987,3339.4676289818667,0.0,127.64296395787974,0.0,0.0,ils_tax
200001534901,2016,PASS,0,0.0,2794.813930198333,2794.813930198333,0.0,0.0,0.0,0.0,
200001535500,2016,FAIL,0,255.01666666666642,11240.046667372413,11495.06333403908,130.0,125.01666666666733,0.0,0.0,ils_ben
200001535800,2016,FAIL,0,256.47777188867667,1018.9659463921319,762.4881745034552,218.6503472222222,37.82742466645451,0.0,0.0,ils_ben
200001536501,2016,PASS,0,0.0,2702.0190654684834,2702.0190654684834,0.0,0.0,0.0,0.0,
200001537700,2016,FAIL,0,694.6884153801375,2573.9322188482956,3268.620634228433,666.2,3.3310000000000004,0.0,0.0,ils_ben
200001537900,2016,FAIL,0,634.09633829826,5669.688498314739,6303.784836612999,333.08,133.49173829826054,0.0,0.0,ils_ben
200001549100,2016,FAIL,0,345.5808138257594,3299.563211683933,3645.1440255096923,272.1539355860923,73.42687823966673,0.0,0.0,ils_ben
200001549700,2016,FAIL,0,530.8523999999998,6234.335198881374,6765.187598881374,499.65000000000015,2.498250000000013,0.0,0.0,ils_ben
200001551300,2016,FAIL,0,516.0269000000008,4954.310354187626,5470.337254187627,333.08000000000004,1.6654000000000053,0.0,0.0,ils_ben
200001553600,2016,FAIL,0,533.4593000000004,4695.2277072219995,5228.687007222,333.0799999999999,1.665399999999977,0.0,0.0,ils_ben
200001557800,2016,FAIL,0,382.0513478016064,2624.9727428299548,3007.024090631561,388.5376377596615,0.0,0.0,0.0,ils_ben
200001559700,2016,FAIL,0,1023.161936866145,6392.71300977421,7415.874946640355,632.25,390.9119368661459,0.0,0.0,ils_ben
200001563900,2016,PASS,0,0.0,8753.65790103341,8753.65790103341,0.0,0.0,0.0,0.0,
200001564200,2016,FAIL,0,177.00038051215233,4591.235868210939,4414.2354876987865,130.0,221.28800636761366,0.0,0.0,ils_tax
200001567001,2016,FAIL,0,149.51755862346,5529.122826982624,5678.640385606084,130.0,20.167558623460195,0.0,0.0,ils_ben
200001567200,2016,FAIL,0,998.3918198745964,2712.9879961370457,3711.379816011642,834.7907692412502,32.068326577956384,0.0,0.0,ils_ben
200001568000,2016,FAIL,0,670.1126990575885,4323.410939371111,4993.5236384287,333.08,135.63809905758848,0.0,0.0,ils_ben
200001569000,2016,FAIL,0,220.41583312675994,5793.316848612054,6013.732681738814,333.08,110.99876687324013,0.0,0.0,ils_ben
200001572400,2016,FAIL,0,839.1645999999964,19017.597720283047,19856.762320283044,333.08,507.75,0.0,0.0,ils_tax
200001575600,2016,FAIL,0,388.255297744,2725.7176879776,3113.9729857216,463.05999999999995,2.3152999999999935,0.0,0.0,ils_ben
200001577802,2016,PASS,0,0.0,4296.5193841363,4296.5193841363,0.0,0.0,0.0,0.0,
200001577900,2016,FAIL,0,667.8802344576852,5161.1066173785675,5828.986851836253,502.27,165.6102344576853,0.0,0.0,ils_ben
200001578801,2016,FAIL,0,403.56051879349434,3893.851741193539,4297.412259987033,262.84916666666663,11.361352126827768,0.0,0.0,ils_ben
200001579001,2016,FAIL,0,148.87371838111903,2923.7566303314807,3072.6303487125997,0.0,148.87371838111955,0.0,0.0,ils_tax
200001582501,2016,PASS,0,0.0,3827.430264796648,3827.430264796648,0.0,0.0,0.0,0.0,
200001582800,2016,FAIL,0,970.1526150176887,6596.925032344661,7567.07764736235,463.05999999999995,340.2179150176888,0.0,0.0,ils_ben
200001584600,2016,FAIL,0,789.2091249999999,3413.101666493653,4202.310791493653,793.175,3.9658749999999827,0.0,0.0,ils_ben
200001587900,2016,FAIL,0,718.5200259330768,4583.345030828589,5301.865056761666,333.08,184.0454259330772,0.0,0.0,ils_ben
200001588500,2016,FAIL,0,875.2516062714049,3929.2249980132356,4804.47660428464,745.1350495404258,116.6628108809785,0.0,0.0,ils_ben
200001589100,2016,FAIL,0,654.3352166666668,3609.6368589050867,4263.9720755717535,333.08000000000004,1.6654000000000053,0.0,0.0,ils_ben
200001589101,2016,PASS,0,0.0,3369.497738288352,3369.497738288352,0.0,0.0,0.0,0.0,
200001592000,2016,FAIL,0,1128.2064541666662,3021.156752285233,1892.9502981185667,855.55,4.27775,0.0,0.0,ils_ben
200001592100,2016,FAIL,0,557.5897083333339,4535.4900728968,5093.079781230133,560.3916666666667,2.8019583333333173,0.0,0.0,ils_ben
200001593600,2016,FAIL,0,377.9554860656208,3787.8213741007876,4165.776860166408,528.0499999999998,101.3415203677124,0.0,0.0,ils_ben
200001596200,2016,FAIL,0,583.3223300826116,4538.166876814097,3954.8445467314855,465.71999999999997,117.60233008261176,0.0,0.0,ils_ben
200001596800,2016,PASS,0,0.0,8615.285049765695,8615.285049765695,0.0,0.0,0.0,0.0,
200001597301,2016,FAIL,0,276.32071974492715,1581.3434431592273,1305.0227234143001,277.6345788567224,1.3138591117952672,0.0,0.0,ils_ben
200001600700,2016,FAIL,0,718.8261416666664,4045.5649023663336,4764.391044033,499.6500000000001,2.498250000000013,0.0,0.0,ils_ben
200001602901,2016,PASS,0,0.0,3196.4995772649218,3196.4995772649218,0.0,0.0,0.0,0.0,
200001603900,2016,FAIL,0,258.80252462875615,5655.833533191242,5914.636057819998,0.0,258.8025246287565,0.0,0.0,ils_tax
200001606001,2016,PASS,0,0.0,5108.380046383476,5108.380046383476,0.0,0.0,0.0,0.0,
200001608100,2016,PASS,0,0.0,4677.2515125315795,4677.2515125315795,0.0,0.0,0.0,0.0,
200001610600,2016,FAIL,0,236.9071517778998,2894.7713815911825,3131.6785333690823,130.0,14.601001777899995,0.0,0.0,ils_ben
200001612000,2016,FAIL,0,707.7948778124792,4522.175608547486,5229.970486359965,333.08,173.3202778124791,0.0,0.0,ils_ben
200001614202,2016,FAIL,0,275.6746098986364,2404.3204301808123,2128.645820282176,2.3457966680000055,273.32881323063646,0.0,0.0,ils_tax
200001615000,2016,FAIL,0,255.01666666666642,9413.575492415617,9668.592159082284,130.0,125.01666666666642,0.0,0.0,ils_ben
200001615900,2016,FAIL,0,143.6595004278297,3482.0443064073233,3625.703806835153,0.0,143.65950042782973,0.0,0.0,ils_tax
200001619100,2016,PASS,0,0.0,4130.59473006714,4130.59473006714,0.0,0.0,0.0,0.0,
200001619600,2016,FAIL,0,1037.3825548078112,6471.773964639686,7509.156519447497,632.25,405.13255480781186,0.0,0.0,ils_ben
200001623100,2016,FAIL,0,108.74608177009031,5029.497583071109,5138.2436648411995,0.0,108.74608177009003,0.0,0.0,ils_tax
200001623900,2016,FAIL,0,654.3352166666664,3397.5756333269333,4051.9108499935996,333.08,1.6654000000000053,0.0,0.0,ils_ben
200001624700,2016,FAIL,0,313.96230000000014,4019.1818514337065,4333.144151433707,185.54000000000002,0.9277000000000157,0.0,0.0,ils_ben
200001628400,2016,FAIL,0,607.473654166668,3891.501511286433,4498.975165453101,499.6500000000002,2.4982499999999987,0.0,0.0,ils_ben
200001630000,2016,FAIL,0,798.8896974868512,5539.47958771589,6338.369285202742,564.6400000000001,203.20289748685076,0.0,0.0,ils_ben
200001630800,2016,FAIL,0,135.3499999999999,3456.3494524015,3591.6994524015,130.0,0.6499999999999773,0.0,0.0,ils_ben
200001631200,2016,PASS,0,0.0,1763.1675683873932,1763.1675683873932,0.0,0.0,0.0,0.0,
200001635000,2016,FAIL,0,499.75864999999976,5374.388710875777,5874.147360875777,333.08,1.665399999999977,0.0,0.0,ils_ben
200001635100,2016,PASS,0,0.0,2880.8509166666663,2880.8509166666663,0.0,0.0,0.0,0.0,
200001635300,2016,FAIL,0,263.2900499999996,5333.006821817289,5596.296871817289,194.99,69.27499999999998,0.0,0.0,ils_ben
200001635900,2016,FAIL,0,463.3913999999986,4684.132814652699,4220.741414652701,296.53,1.4826500000000067,0.0,0.0,ils_ben
200001636000,2016,FAIL,0,609.6732398961494,5791.525265345083,6401.198505241233,333.08,109.06863989614959,0.0,0.0,ils_ben
200001637200,2016,FAIL,0,260.10000000000036,6878.884878489564,7138.984878489564,130.0,130.75,0.0,0.0,ils_tax
200001637600,2016,PASS,0,0.0,4360.573331021818,4360.573331021818,0.0,0.0,0.0,0.0,
200001637700,2016,PASS,0,0.0,3369.2360391866036,3369.2360391866036,0.0,0.0,0.0,0.0,
200001638700,2016,FAIL,0,858.2849860814476,5547.781297831637,6406.066283913085,333.08,357.6803860814476,0.0,0.0,ils_tax
200001639601,2016,PASS,0,0.0,4450.454373287515,4450.454373287515,0.0,0.0,0.0,0.0,
200001640100,2016,FAIL,0,129.34999999999945,3132.2856438870003,3261.635643887,130.0,0.6500000000000057,0.0,0.0,ils_ben
200001640200,2016,FAIL,0,129.3499999999999,3244.4533178117167,3115.103317811717,129.99999999999994,0.6500000000000057,0.0,0.0,ils_ben
200001641400,2016,FAIL,0,336.2522074322942,4680.453416503048,5016.705623935342,0.0,336.25220743229374,0.0,0.0,ils_tax
200001641401,2016,FAIL,0,255.01666666666733,5610.51218914031,5865.528855806977,130.0,125.01666666666677,0.0,0.0,ils_ben
200001641700,2016,PASS,0,0.0,3435.4441415401834,3435.4441415401834,0.0,0.0,0.0,0.0,
200001642600,2016,FAIL,0,176.99316052016457,2773.932318132678,2950.9254786528427,55.703937985326334,121.28922253483856,0.0,0.0,ils_tax
200001642700,2016,PASS,0,0.0,5233.876633787116,5233.876633787116,0.0,0.0,0.0,0.0,
200001642900,2016,FAIL,0,25.269273269119367,3205.775075277733,3180.5058020086135,268.84916666666663,1.314245833333331,0.0,0.0,ils_ben
200001643500,2016,FAIL,0,499.75865000000067,5088.704540075732,5588.463190075733,333.08,1.6654000000000053,0.0,0.0,ils_ben
200001646300,2016,FAIL,0,1155.5792782540593,7117.08586981503,8272.665148069089,629.6300000000002,359.90742825405994,0.0,0.0,ils_ben
200001653300,2016,FAIL,0,216.4606542831798,3844.5792177690864,4061.039872052266,0.0,216.46065428317985,0.0,0.0,ils_tax
200001654000,2016,FAIL,0,172.75469981071092,3408.5606755395356,3235.8059757288247,0.0,172.75469981071075,0.0,0.0,ils_tax
200001654001,2016,FAIL,0,102.2341885466326,3992.377136173354,4094.6113247199864,0.0,306.1072023687841,0.0,0.0,ils_tax
200001654400,2016,FAIL,0,499.75865000000067,5422.493797980712,5922.2524479807125,333.08,1.665399999999977,0.0,0.0,ils_ben
200001655200,2016,FAIL,0,299.44655227233034,3671.2317793931693,3970.6783316654996,194.99,92.72733560566374,0.0,0.0,ils_ben
200001656400,2016,FAIL,0,612.548146484346,4283.508833855151,4896.056980339497,333.08,78.07354648434574,0.0,0.0,ils_ben
200001657300,2016,PASS,0,0.0,3698.9968770441346,3698.9968770441346,0.0,0.0,0.0,0.0,
200001657900,2016,FAIL,0,68.924270444169,3516.9538701633996,3585.8781406075686,68.9242704441688,0.0,0.0,0.0,ils_ben
200001658500,2016,FAIL,0,859.7271576814646,7416.483350854368,8276.210508535833,499.6500000000001,193.38540768146413,0.0,0.0,ils_ben
200001659100,2016,FAIL,0,189.74141875581154,4301.025281180333,4490.7666999361445,333.08,141.67318124418915,0.0,0.0,ils_ben
200001661300,2016,FAIL,0,323.55312083333365,3306.241397311767,3629.7945181451005,564.6400000000001,2.823200000000014,0.0,0.0,ils_ben
200001661400,2016,FAIL,0,100.88300220584733,3240.085958531131,3340.9689607369783,51.439638898044976,49.44336330780263,0.0,0.0,ils_ben
200001662900,2016,FAIL,0,1072.3142261923776,4461.569038063164,5533.883264255542,1012.2650000000003,65.02055119237804,0.0,0.0,ils_ben
200001665100,2016,PASS,0,0.0,7263.69806097192,7263.69806097192,0.0,0.0,0.0,0.0,
200001667201,2016,PASS,0,0.0,3624.5530577771583,3624.5530577771583,0.0,0.0,0.0,0.0,
200001667202,2016,FAIL,0,331.41460000000006,3987.8444512254337,4319.259051225434,333.0799999999999,1.6654000000000053,0.0,0.0,ils_ben
200001667400,2016,FAIL,0,704.1369548233797,4138.991477789621,4843.128432613001,333.08,169.66235482337908,0.0,0.0,ils_ben
200001667500,2016,FAIL,0,319.41460000000006,3689.754681822693,4009.169281822693,319.77724536799985,1.6654000000000053,0.0,0.0,ils_ben
200001667900,2016,PASS,0,0.0,3296.648719196818,3296.648719196818,0.0,0.0,0.0,0.0,
200001668101,2016,FAIL,0,211.97060075199715,2005.07474385645,2217.045344608447,297.0836027784973,0.0,0.0,0.0,ils_ben
200001668700,2016,FAIL,0,862.9714552978166,4954.835731563184,5817.807186861,629.6300000000001,9.251271964483749,0.0,0.0,ils_ben
200001668701,2016,PASS,0,0.0,2726.6103262559195,2726.6103262559195,0.0,0.0,0.0,0.0,
200001670800,2016,PASS,0,0.0,7707.413769824684,7707.413769824684,0.0,0.0,0.0,0.0,
200001672300,2016,PASS,0,0.0,2208.2604782905782,2208.2604782905782,0.0,0.0,0.0,0.0,
200001673600,2016,PASS,0,0.0,9380.144347936517,9380.144347936517,0.0,0.0,0.0,0.0,
200001674300,2016,FAIL,0,220.67615714859312,4593.13599608196,4372.459838933367,333.08000000000004,552.0907571485925,0.0,0.0,ils_tax
200001674800,2016,PASS,0,0.0,2490.0872048701995,2490.0872048701995,0.0,0.0,0.0,0.0,
200001675500,2016,FAIL,0,106.04634616666681,3045.1506707769995,3151.1970169436663,333.08,1.6654000000000053,0.0,0.0,ils_ben
200001677200,2016,PASS,0,0.0,4301.923377020764,4301.923377020764,0.0,0.0,0.0,0.0,
200001677500,2016,FAIL,0,1007.5086499999998,7077.49396382176,8085.00261382176,333.08,506.9040500000001,0.0,0.0,ils_tax
200001679600,2016,PASS,0,0.0,4792.049732425089,4792.049732425089,0.0,0.0,0.0,0.0,
200001680200,2016,FAIL,0,81.45063581675095,3704.6626035948684,3623.2119677781175,0.0,81.450635816751,0.0,0.0,ils_tax
200001681000,2016,FAIL,0,170.0607497375222,5787.973971932859,5617.913222195337,130.0,265.0276867578367,0.0,0.0,ils_tax
200001681200,2016,FAIL,0,129.35000000000036,3822.043770178466,3951.393770178466,130.0,0.6499999999999915,0.0,0.0,ils_ben
200001682201,2016,FAIL,0,106.97830865314745,2784.80654617515,2891.7848548282973,130.0,16.37169134685263,0.0,0.0,ils_ben
200001683300,2016,PASS,0,0.0,3834.909053449842,3834.909053449842,0.0,0.0,0.0,0.0,
200001683400,2016,FAIL,0,248.93407768033876,3301.5526307589994,3550.486708439338,333.08,82.4805223196611,0.0,0.0,ils_ben
200001686001,2016,PASS,0,0.0,3024.106761681258,3024.106761681258,0.0,0.0,0.0,0.0,
200001686200,2016,FAIL,0,533.4593000000004,4188.289591642866,4721.7488916428665,536.14,2.6807000000000016,0.0,0.0,ils_ben
200001689300,2016,FAIL,0,195.7390116949482,6845.132412743438,7040.871424438386,130.0,66.3890116949483,0.0,0.0,ils_ben
200001690500,2016,FAIL,0,230.13145329473718,2923.7833128804996,3153.9147661752368,194.99,0.9749500000000069,0.0,0.0,ils_ben
200001695400,2016,FAIL,0,373.41293914278094,3461.8419753038334,3835.2549144466143,333.08,1.665399999999977,0.0,0.0,ils_ben
200001698700,2016,FAIL,0,206.1878346401627,4177.426388391304,4383.614223031466,194.99,12.172784640163513,0.0,0.0,ils_ben
200001704400,2016,FAIL,0,62.440162476260866,2776.3773045192706,2713.9371420430098,0.0,62.440162476260525,0.0,0.0,ils_tax
200001706900,2016,PASS,0,0.0,3042.332978249974,3042.332978249974,0.0,0.0,0.0,0.0,
200001708700,2016,FAIL,0,389.0448511579998,4520.9611452642,4910.0059964222,333.08,1.665399999999991,0.0,0.0,ils_ben
200001711201,2016,PASS,0,0.0,2791.3488182900664,2791.3488182900664,0.0,0.0,0.0,0.0,
200001712000,2016,FAIL,0,75.71026115174482,3766.453668170133,3842.1639293218777,194.99,118.30478884825487,0.0,0.0,ils_ben
200001719100,2016,PASS,0,0.0,2792.1935901478664,2792.1935901478664,0.0,0.0,0.0,0.0,
200001719400,2016,FAIL,0,447.8280333333337,2833.493457905501,3281.321491238835,450.1433333333333,2.3153000000000077,0.0,0.0,ils_ben
200001720400,2016,FAIL,0,1338.7334666666666,11481.01151379571,12819.744980462376,564.6400000000002,776.916666666667,0.0,0.0,ils_tax
200001721600,2016,FAIL,0,129.35000000000036,4331.63214961206,4202.28214961206,130.0,0.6500000000000057,0.0,0.0,ils_ben
200001725400,2016,FAIL,0,268.6326786580821,2830.5290790155495,2561.8964003574674,0.0,268.63267865808217,0.0,0.0,ils_tax
200001728000,2016,PASS,0,0.0,12584.75413332796,12584.75413332796,0.0,0.0,0.0,0.0,
200001729600,2016,FAIL,0,1346.6208941053737,9412.49612841909,10759.117022524464,798.8199999999999,547.800894105373,0.0,0.0,ils_ben
200001729900,2016,FAIL,0,942.6623618086651,6714.260421694245,7656.9227835029105,333.08,442.05776180866565,0.0,0.0,ils_tax
200001732900,2016,FAIL,0,805.9699,5522.629927079621,6328.599827079621,499.6500000000001,2.4982499999999845,0.0,0.0,ils_ben
200001734200,2016,FAIL,0,689.6929400185195,3979.06656780863,4668.75950782715,545.8263496762501,143.86659034226864,0.0,0.0,ils_ben
200001737000,2016,FAIL,0,588.447854458871,3920.426908256616,4508.874762715487,333.08000000000004,1.665399999999977,0.0,0.0,ils_ben
200001740200,2016,FAIL,0,665.7494238360532,7298.789029965952,7964.538453802005,333.08,332.66942383605306,0.0,0.0,ils_ben
200001740900,2016,FAIL,0,912.3017478807924,6911.214022920829,7823.515770801621,333.08,411.69714788079307,0.0,0.0,ils_tax
200001742000,2016,FAIL,0,129.35000000000036,3870.995495874633,4000.3454958746333,130.0,0.6500000000000057,0.0,0.0,ils_ben
200001742400,2016,FAIL,0,369.8697948002791,3922.0662518969993,3552.19645709672,170.07916666666665,70.44062813361236,0.0,0.0,ils_ben
200001744000,2016,FAIL,0,181.22054909270855,2718.0552517562946,2536.834702663586,130.0,10.716720867447236,0.0,0.0,ils_ben
200001745500,2016,FAIL,0,157.7783640765274,5484.832284832396,5327.053920755869,0.0,157.77836407652785,0.0,0.0,ils_tax
200001745900,2016,PASS,0,0.0,5166.913962272661,5166.913962272661,0.0,0.0,0.0,0.0,
200001746300,2016,FAIL,0,479.65965000000006,3465.1102260657062,2985.450576065706,482.06999999999994,2.410349999999994,0.0,0.0,ils_ben
200001747000,2016,FAIL,0,15.400456357355324,6747.144974174369,6731.744517817014,130.0,144.75045635735466,0.0,0.0,ils_tax
200001749300,2016,FAIL,0,529.0055573896716,5674.617105719171,6203.622663108843,0.0,775.6178775635632,0.0,0.0,ils_tax
200001752900,2016,PASS,0,0.0,2588.957274690059,2588.957274690059,0.0,0.0,0.0,0.0,
200001753100,2016,FAIL,0,800.0293302110185,12543.500251734007,13343.529581945026,528.05,138.41666666666652,0.0,0.0,ils_ben
200001757700,2016,FAIL,0,284.1649764987924,3594.514741811193,3878.679718309985,194.99,90.14992649879287,0.0,0.0,ils_ben
200001766100,2016,FAIL,0,788.4640385581679,9452.687663746417,10241.151702304585,0.0,1599.266336491581,0.0,0.0,ils_tax
200001769300,2016,PASS,0,0.0,4186.555773775187,4186.555773775187,0.0,0.0,0.0,0.0,
200001769500,2016,FAIL,0,192.94382853920115,3655.547225453665,3848.491053992866,0.0,192.94382853920143,0.0,0.0,ils_tax
200001771800,2016,FAIL,0,260.10000000000036,5349.478979543548,5609.5789795435485,130.0,130.10000000000002,0.0,0.0,ils_tax
200001775400,2016,FAIL,0,100.77746277107872,6165.205093258488,6265.982556029567,0.0,857.8396792147921,0.0,0.0,ils_tax
200001782700,2016,PASS,0,0.0,4576.322128522026,4576.322128522026,0.0,0.0,0.0,0.0,
200001783400,2016,PASS,0,0.0,3179.2804654350716,3179.2804654350716,0.0,0.0,0.0,0.0,
200001784700,2016,FAIL,0,103.97349664946069,4835.140492033553,4731.166995384092,0.0,103.97349664946097,0.0,0.0,ils_tax
200001786900,2016,FAIL,0,797.2452346360997,4961.110753146164,5758.355987782264,333.08,296.6406346361,0.0,0.0,ils_ben
200001787300,2016,PASS,0,0.0,4451.250118513442,4451.250118513442,0.0,0.0,0.0,0.0,
200001787401,2016,FAIL,0,177.24535014922913,3632.4747490839,3455.229398934671,185.54000000000002,0.9276999999999873,0.0,0.0,ils_ben
200001787403,2016,FAIL,0,474.1075500000002,3708.0091634220003,4182.116713422,383.72,1.9185999999999979,0.0,0.0,ils_ben
200001790400,2016,PASS,0,0.0,6235.783767256076,6235.783767256076,0.0,0.0,0.0,0.0,
200001793300,2016,FAIL,0,63.32069919344576,3797.4109227397066,3734.090223546261,0.0,63.32069919344565,0.0,0.0,ils_tax
200001799400,2016,PASS,0,0.0,4019.760720011558,4019.760720011558,0.0,0.0,0.0,0.0,
200001801900,2016,FAIL,0,825.5832057107436,5014.867683878322,5840.450889589066,499.6500000000001,108.98978904407738,0.0,0.0,ils_ben
200001803200,2016,FAIL,0,331.41460000000006,4135.684353556029,4467.098953556029,333.08,1.6654000000000053,0.0,0.0,ils_ben
200001804500,2016,FAIL,0,497.15175,6260.3828542896,6757.5346042896,499.6500000000002,2.4982499999999845,0.0,0.0,ils_ben
200001804700,2016,FAIL,0,914.4393559241398,6070.453946293326,6984.893302217466,463.05999999999995,284.5046559241398,0.0,0.0,ils_ben
200001808200,2016,FAIL,0,1136.2953094273662,6592.100485234671,7728.395794662038,528.05,441.69555942736713,0.0,0.0,ils_ben
200001809300,2016,FAIL,0,772.7611998410921,5997.114106403818,6769.8753062449105,502.27,270.4911998410919,0.0,0.0,ils_ben
200001812100,2016,FAIL,0,556.2552356190854,4519.568922058765,5075.82415767785,333.08,55.650635619085335,0.0,0.0,ils_ben
200001813000,2016,FAIL,0,136.73294245878878,5332.174636208754,5468.907578667543,130.0,6.73294245878941,0.0,0.0,ils_ben
200001818400,2016,FAIL,0,624.195008333334,4562.106523290533,5186.301531623867,463.06,2.3152999999999935,0.0,0.0,ils_ben
200001822300,2016,FAIL,0,36.655540357070095,3398.3523546142096,3435.0078949712797,666.2,200.96400249606558,0.0,0.0,ils_ben
200001825600,2016,FAIL,0,736.0253166666662,5451.798370089256,6187.823686755923,502.27,233.75531666666672,0.0,0.0,ils_ben
200001826700,2016,FAIL,0,322.72027785370756,4389.753544392078,4067.0332665383703,130.0,193.37027785370708,0.0,0.0,ils_tax
200001828300,2016,FAIL,0,423.7207500000004,4242.470457486799,4666.1912074868,425.8499999999999,2.1292499999999563,0.0,0.0,ils_ben
200001829700,2016,FAIL,0,366.7224932446634,5499.77707890289,5866.499572147553,194.99,172.70744324466307,0.0,0.0,ils_ben
200001831000,2016,FAIL,0,423.7207499999995,4356.9706314729,4780.6913814729,333.08,1.6654000000000053,0.0,0.0,ils_ben
200001831100,2016,PASS,0,0.0,5721.841664941458,5721.841664941458,0.0,0.0,0.0,0.0,
200001832600,2016,FAIL,0,248.35817342832524,5357.958763754899,5109.600590326574,130.0,118.3581734283251,0.0,0.0,ils_ben
200001833400,2016,PASS,0,0.0,3297.617011255467,3297.617011255467,0.0,0.0,0.0,0.0,
200001833401,2016,FAIL,0,117.36186275352156,3511.390920362953,3628.7527831164743,117.36186275352202,0.0,0.0,0.0,ils_ben
200001833800,2016,FAIL,0,243.2865703070529,8918.226785538507,9161.51335584556,130.0,113.28657030705335,0.0,0.0,ils_ben
200001834600,2016,PASS,0,0.0,4711.050642065397,4711.050642065397,0.0,0.0,0.0,0.0,
200001835200,2016,FAIL,0,252.6834661270292,895.1996780655918,642.5162119385626,253.9532322884715,1.2697661614423574,0.0,0.0,ils_ben
200001836300,2016,PASS,0,0.0,4570.818242247573,4570.818242247573,0.0,0.0,0.0,0.0,
200001837600,2016,FAIL,0,268.51701300400964,3634.6024427803154,3903.119455784325,194.99,73.52701300400997,0.0,0.0,ils_ben
200001838300,2016,FAIL,0,313.96230000000014,4258.787494835259,3944.825194835259,185.54000000000002,0.9276999999999873,0.0,0.0,ils_ben
200001840400,2016,FAIL,0,372.6651438016079,3226.6339125371005,3599.2990563387084,333.08,1.6654000000000053,0.0,0.0,ils_ben
200001841100,2016,FAIL,0,122.1124824215376,2812.0774487591952,2934.189931180733,0.0,122.11248242153758,0.0,0.0,ils_tax
200001842200,2016,FAIL,0,46.9502757699197,2798.30196873033,2845.2522445002496,0.0,46.95027576991998,0.0,0.0,ils_tax
200001851000,2016,FAIL,0,178.12708999988172,5187.568831565131,5365.695921565013,130.0,48.777089999882776,0.0,0.0,ils_ben
200001852900,2016,PASS,0,0.0,3725.543189153615,3725.543189153615,0.0,0.0,0.0,0.0,
200001853100,2016,FAIL,0,321.3314719934915,4985.155804178721,4663.82433218523,130.0,191.98147199349108,0.0,0.0,ils_tax
200001853600,2016,FAIL,0,129.34999999999945,4134.869457412639,4264.219457412639,130.0,0.6500000000000057,0.0,0.0,ils_ben
200001858200,2016,PASS,0,0.0,3389.2294926078416,3389.2294926078416,0.0,0.0,0.0,0.0,
200001859200,2016,FAIL,0,159.56312690015739,3332.2076618541423,3491.7707887542997,0.0,159.56312690015756,0.0,0.0,ils_tax
200001859600,2016,FAIL,0,758.6866708333328,5343.463096081799,6102.149766915132,499.65000000000015,2.4982499999999845,0.0,0.0,ils_ben
200001860100,2016,FAIL,0,176.23394583333356,2816.347110806433,2640.1131649730996,139.0,0.6500000000000057,0.0,0.0,ils_ben
200001860400,2016,FAIL,0,164.55734509279864,3007.654238998538,3172.2115840913366,132.86829671050327,31.689048382295198,0.0,0.0,ils_ben
200001861601,2016,FAIL,0,516.0268999999989,4844.065439038401,5360.0923390384,333.08,1.6654000000000053,0.0,0.0,ils_ben
200001863702,2016,FAIL,0,89.42258933640187,3829.05990913493,3918.482498471332,194.9899999999999,105.56741066359808,0.0,0.0,ils_ben
200001863703,2016,FAIL,0,221.65615000000025,3629.884125334266,3851.5402753342664,130.0,0.6500000000000057,0.0,0.0,ils_ben
200001864000,2016,FAIL,0,1340.259503747886,6689.263493414243,8029.522997162129,897.7400000000001,90.47153708121897,0.0,0.0,ils_ben
200001865502,2016,FAIL,0,5.4203208370672655,2918.395449927807,2923.8157707648743,7.785245368000005,11.420320837066996,0.0,0.0,ils_tax
200001867100,2016,PASS,0,0.0,3725.571266754191,3725.571266754191,0.0,0.0,0.0,0.0,
200001868400,2016,FAIL,0,117.74144236131042,3116.9747168430313,3234.7161592043417,124.0,6.258557638689695,0.0,0.0,ils_ben
200001870900,2016,FAIL,0,51.14001976581221,5084.710438495075,5033.570418729263,130.0,309.096719200425,0.0,0.0,ils_tax
200001874700,2016,FAIL,0,841.98371723129,4376.112629273543,5218.096346504833,796.5216666666665,45.46205056462409,0.0,0.0,ils_ben
200001874800,2016,PASS,0,0.0,3765.934584955386,3765.934584955386,0.0,0.0,0.0,0.0,
200001877100,2016,PASS,0,0.0,3824.3543963060392,3824.3543963060392,0.0,0.0,0.0,0.0,
200001878100,2016,FAIL,0,255.01666666666733,5222.0472568634095,5477.063923530077,130.0,125.66666666666686,0.0,0.0,ils_ben
200001878200,2016,FAIL,0,976.1613666666653,10343.706833850436,11319.868200517101,463.05999999999995,515.4166666666661,0.0,0.0,ils_tax
200001879700,2016,FAIL,0,368.53875316640915,4276.091037275517,4644.629790441926,0.0,368.5387531664101,0.0,0.0,ils_tax
200001881300,2016,FAIL,0,331.41460000000006,4161.7009756682455,4493.115575668246,333.08000000000004,1.6654000000000053,0.0,0.0,ils_ben
200001881400,2016,FAIL,0,53.14089740522559,3106.9351867682,3160.0760841734254,130.0,76.2091025947743,0.0,0.0,ils_ben
200001884200,2016,FAIL,0,232.97973663519952,3389.4859740057327,3156.506237370533,130.0,103.62973663519927,0.0,0.0,ils_ben
200001884700,2016,FAIL,0,263.2900500000005,4889.4021664395705,5152.692216439571,194.99,69.27500000000009,0.0,0.0,ils_ben
200001888600,2016,FAIL,0,600.9278805961449,2835.748758101824,3436.676638697969,345.0799999999999,1.6654000000000053,0.0,0.0,ils_ben
200001888900,2016,PASS,0,0.0,10354.239958269774,10354.239958269774,0.0,0.0,0.0,0.0,
200001891300,2016,FAIL,0,354.0151485090191,5049.257642379389,5403.272790888408,194.99,160.00009850901864,0.0,0.0,ils_ben
200001891400,2016,FAIL,0,66.08298384048976,6146.247941277281,6080.164957436791,96.05768421816911,29.32470037767962,0.0,0.0,ils_ben
200001893000,2016,PASS,0,0.0,4413.672786169804,4413.672786169804,0.0,0.0,0.0,0.0,
200001893101,2016,PASS,0,0.0,2539.16453275355,2539.16453275355,0.0,0.0,0.0,0.0,
200001893700,2016,PASS,0,0.0,2860.9581976197424,2860.9581976197424,0.0,0.0,0.0,0.0,
200001894400,2016,FAIL,0,393.01205992761334,5388.284880305198,4995.272820377585,130.0,263.662059927614,0.0,0.0,ils_tax
200001897400,2016,FAIL,0,592.4724361111116,3072.9068296261003,2480.4343935149886,384.00666702600006,1.8076000000000079,0.0,0.0,ils_ben
200001898800,2016,FAIL,0,129.3499999999999,3098.4461882253354,3227.7961882253353,130.0,0.6500000000000057,0.0,0.0,ils_ben
200001899000,2016,FAIL,0,41.68258918154834,2093.459013195075,2051.7764240135266,172.82368968860163,1.7911005070534145,0.0,0.0,ils_ben
200001901401,2016,PASS,0,0.0,3203.469582617632,3203.469582617632,0.0,0.0,0.0,0.0,
200001904200,2016,FAIL,0,40.152383573962425,1750.2716380062334,1710.119254432271,32.83194381133333,7.320439762629007,0.0,0.0,ils_ben
200001905100,2016,FAIL,0,208.10272876806448,4652.107208292598,4860.209937060663,333.08,123.3118712319349,0.0,0.0,ils_ben
200001905700,2016,FAIL,0,245.307383194875,4467.218805343083,4712.526188537958,130.00000000000003,23.18738319487511,0.0,0.0,ils_ben
200001911700,2016,FAIL,0,182.20077970127204,4170.279528535586,4352.480308236858,0.0,182.2007797012712,0.0,0.0,ils_tax
200001911701,2016,FAIL,0,224.17532967025136,2679.635586109733,2903.8109157799845,230.17532967025159,0.0,0.0,0.0,ils_ben
200001912000,2016,FAIL,0,141.3507577126693,3003.8405818876745,3145.191339600344,130.0,12.000757712669412,0.0,0.0,ils_ben
200001912900,2016,FAIL,0,611.5873622333365,4095.2499030881627,4706.837265321499,333.08,77.11276223333684,0.0,0.0,ils_ben
200001919300,2016,FAIL,0,141.25145869252083,5503.827101683239,5362.575642990718,499.6500000000001,452.8632086925224,0.0,0.0,ils_ben
200001919500,2016,FAIL,0,252.62662499999988,4450.581825810576,4703.208450810576,130.0,123.27662499999997,0.0,0.0,ils_ben
200001919801,2016,FAIL,0,128.70616671120388,2839.77981080074,2968.485977511944,383.72,67.5552332887965,0.0,0.0,ils_ben
200001921200,2016,PASS,0,0.0,4071.8203797279884,4071.8203797279884,0.0,0.0,0.0,0.0,
200001921600,2016,PASS,0,0.0,5120.528568527964,5120.528568527964,0.0,0.0,0.0,0.0,
200001927800,2016,FAIL,0,53.79584578817321,2930.47336977756,2984.2692155657332,0.0,53.79584578817338,0.0,0.0,ils_tax
200001928600,2016,PASS,0,0.0,4163.349197536687,4163.349197536687,0.0,0.0,0.0,0.0,
200001933501,2016,FAIL,0,250.91752780044953,3558.3304017792198,3307.41287397877,185.54,65.37752780044968,0.0,0.0,ils_ben
200001934000,2016,FAIL,0,245.33040290053214,3693.795002935299,3939.1254058358313,463.05999999999995,215.4142970994681,0.0,0.0,ils_ben
200001935300,2016,FAIL,0,591.2903583333336,4725.37029984644,5316.660658179773,499.6500000000001,2.498250000000013,0.0,0.0,ils_ben
200001935800,2016,FAIL,0,116.79488402479637,4646.432263897185,4763.227147921982,0.0,116.79488402479637,0.0,0.0,ils_tax
200001936000,2016,FAIL,0,1040.0129089340853,6726.262776235841,7766.275685169926,632.25,407.762908934086,0.0,0.0,ils_ben
200001938800,2016,FAIL,0,111.1690100278197,3132.8360602980947,3244.0050703259144,333.08000000000004,14.55312394709361,0.0,0.0,ils_ben
200001939000,2016,PASS,0,0.0,4046.322809386263,4046.322809386263,0.0,0.0,0.0,0.0,
200001940700,2016,FAIL,0,45.661444102826636,1963.9490526041595,1918.287608501333,45.66144410282663,0.0,0.0,0.0,ils_ben
200001941901,2016,FAIL,0,553.1818845861571,2385.003505841776,2938.1853904279333,522.47,27.324234586157047,0.0,0.0,ils_ben
200001942200,2016,FAIL,0,407.35123280582957,4303.3583881815,3896.0071553756707,130.0,277.3512328058294,0.0,0.0,ils_tax
200001943100,2016,FAIL,0,15.446845671778647,5748.66150570498,5733.214660033202,333.08,346.8614456717785,0.0,0.0,ils_tax
200001944200,2016,PASS,0,0.0,4548.339056242406,4548.339056242406,0.0,0.0,0.0,0.0,
200001946100,2016,FAIL,0,750.7322851614445,4295.967197069533,5046.699482230977,463.05999999999995,2.3152999999999793,0.0,0.0,ils_ben
200001946901,2016,FAIL,0,92.30614999999943,3994.7639229023334,3902.457772902334,92.76999999999998,0.46385000000000787,0.0,0.0,ils_ben
200001947900,2016,FAIL,0,97.86348420128888,3742.6393614269236,3840.5028456282125,0.0,202.94353379977616,0.0,0.0,ils_tax
200001947901,2016,PASS,0,0.0,3682.111278511285,3682.111278511285,0.0,0.0,0.0,0.0,
200001948000,2016,FAIL,0,69.36004356121293,3163.5657564832463,3094.2057129220334,49.168598516,0.6499999999999915,0.0,0.0,ils_ben
200001948900,2016,FAIL,0,113.14936742525106,2456.90832036766,2343.758952942409,33.88928478982672,79.26008263542406,0.0,0.0,ils_tax
200001950201,2016,FAIL,0,1145.6258666666668,1608.0629666666666,462.4371,1147.2347398333332,1.6088731666666671,0.0,0.0,ils_ben
200001950900,2016,PASS,0,0.0,4948.33754852972,4948.33754852972,0.0,0.0,0.0,0.0,
200001951300,2016,PASS,0,0.0,2902.2728345891596,2902.2728345891596,0.0,0.0,0.0,0.0,
200001952000,2016,FAIL,0,875.7725409559862,3882.2010519800133,4757.9735929359995,796.5216666666665,79.25087428932002,0.0,0.0,ils_ben
200001953700,2016,FAIL,0,950.379083793774,8747.535909437007,9697.914993230781,333.08,449.77448379377347,0.0,0.0,ils_tax
200001954901,2016,FAIL,0,229.93568623502188,3542.5825635037972,3772.518249738819,130.0,1.8156862350220138,0.0,0.0,ils_ben
200001955500,2016,FAIL,0,135.3499999999999,3131.4091532238326,2996.0591532238327,136.0,0.6500000000000057,0.0,0.0,ils_ben
200001955800,2016,FAIL,0,349.24470595507364,2784.8088680326664,3134.05357398774,333.08,1.6654000000000053,0.0,0.0,ils_ben
200001956001,2016,PASS,0,0.0,5161.822586786022,5161.822586786022,0.0,0.0,0.0,0.0,
200001957200,2016,FAIL,0,692.6774275686753,3517.2856716323126,4209.963099200988,350.3285820466666,10.891562188676005,0.0,0.0,ils_ben
200001959000,2016,FAIL,0,1063.8133532893298,7531.278274804747,8595.091628094076,632.25,431.5633532893297,0.0,0.0,ils_ben
300001790400,2017,PASS,0,0.0,6350.356089249728,6350.356089249728,0.0,0.0,0.0,0.0,
300001793300,2017,PASS,0,0.0,3627.855532403443,3627.855532403443,0.0,0.0,0.0,0.0,
300001799400,2017,PASS,0,0.0,4169.695080849551,4169.695080849551,0.0,0.0,0.0,0.0,
300001801900,2017,FAIL,0,826.716538688037,5548.119327357577,6374.835866045614,500.13000000000005,126.51253281572792,0.0,0.0,ils_ben
300001803200,2017,FAIL,0,680.3411999999998,3726.79880149319,4407.14000149319,463.53999999999996,2.317700000000002,0.0,0.0,ils_ben
300001804500,2017,FAIL,0,497.62935000000016,6439.1848526794265,6936.814202679427,500.1300000000001,2.5006500000000074,0.0,0.0,ils_ben
300001804700,2017,FAIL,0,975.1002738164907,6108.796866113832,7083.897139930323,528.5999999999999,279.7832738164901,0.0,0.0,ils_ben
300001808200,2017,FAIL,0,1270.1443826490113,6755.733338284068,8025.877720933079,626.1899999999999,477.72533264901233,0.0,0.0,ils_ben
300001809300,2017,FAIL,0,287.75930995082854,5960.677047704383,6248.436357655211,231.76999999999998,57.14815995082836,0.0,0.0,ils_ben
300001812100,2017,FAIL,0,622.7938470382169,5105.609628245665,5728.403475283882,333.41999999999996,121.68094703821737,0.0,0.0,ils_ben
300001822300,2017,FAIL,0,599.0954937001175,2984.1287010416154,3583.224194741733,666.8400000000001,3.3342000000000005,0.0,0.0,ils_ben
300001825600,2017,FAIL,0,975.3782731453439,5424.869244525523,6400.247517670867,697.96,277.41827314534413,0.0,0.0,ils_ben
300001828300,2017,FAIL,0,69.96001564674089,3608.325110518182,3678.285126164923,240.64999999999998,170.68998435325926,0.0,0.0,ils_ben
300001830700,2017,FAIL,0,288.93058775460077,2385.97338743,2674.9039751846008,159.76519608793427,0.6506000000000114,0.0,0.0,ils_ben
300001831000,2017,FAIL,0,116.89177083333334,3115.9466752911662,3232.8384461244996,333.41999999999996,1.6670999999999978,0.0,0.0,ils_ben
300001832600,2017,FAIL,0,740.4590815536585,5387.750508108475,6128.209589662133,463.53999999999996,109.87678155365865,0.0,0.0,ils_ben
300001833400,2017,PASS,0,0.0,3260.1543270697493,3260.1543270697493,0.0,0.0,0.0,0.0,
300001833401,2017,FAIL,0,84.99689816279988,3860.3415648934033,3775.3446667306034,39.95916666666665,45.03773149613298,0.0,0.0,ils_tax
300001833800,2017,FAIL,0,468.40411079573823,7263.021403406979,6794.61729261124,65.06,403.3441107957384,0.0,0.0,ils_tax
300001835200,2017,FAIL,0,683.9335740269526,1517.616788014265,833.6832139873125,684.8228130924147,0.8892390654620732,0.0,0.0,ils_ben
300001836300,2017,FAIL,0,43.093262373926336,4808.619262579853,4765.526000205927,0.0,43.093262373926336,0.0,0.0,ils_tax
300001838300,2017,FAIL,0,1086.227480852076,7646.159002001963,8732.386482854039,817.9050000000001,268.32248085207755,0.0,0.0,ils_ben
300001840400,2017,FAIL,0,133.75122045302896,3241.8576217877,3375.608842240729,333.41999999999996,198.0016795469714,0.0,0.0,ils_ben
300001841100,2017,FAIL,0,45.240334770056506,2929.0748732412767,2974.315208011333,0.0,45.24033477005645,0.0,0.0,ils_tax
300001842200,2017,PASS,0,0.0,2772.402242589522,2772.402242589522,0.0,0.0,0.0,0.0,
300001847400,2017,PASS,0,0.0,2887.173967671984,2887.173967671984,0.0,0.0,0.0,0.0,
300001851000,2017,FAIL,0,186.0527333333339,5387.923808156933,5573.976541490267,130.12,56.58333333333337,0.0,0.0,ils_ben
300001853600,2017,FAIL,0,129.4694000000004,3792.9127230047598,3922.38212300476,130.12,0.6506000000000114,0.0,0.0,ils_ben
300001858200,2017,PASS,0,0.0,2347.80624922872,2347.80624922872,0.0,0.0,0.0,0.0,
300001859200,2017,FAIL,0,99.98150833278441,3483.1848427531822,3583.1663510859667,0.0,99.98150833278413,0.0,0.0,ils_tax
300001859600,2017,FAIL,0,809.9167333333335,5325.374988906,6135.2917222393335,500.1300000000001,2.500649999999979,0.0,0.0,ils_ben
300001860100,2017,FAIL,0,560.8249804780294,2493.1411803461538,3053.966160824183,333.41999999999996,1.667100000000005,0.0,0.0,ils_ben
300001860400,2017,PASS,0,0.0,2746.9981971853194,2746.9981971853194,0.0,0.0,0.0,0.0,
300001863702,2017,FAIL,0,194.20409999999993,2470.134790528724,2664.338890528724,195.18,0.9759000000000029,0.0,0.0,ils_ben
300001863703,2017,FAIL,0,137.69179127009102,3817.2922198296665,3679.6004285595754,92.77,44.92179127009115,0.0,0.0,ils_ben
300001864000,2017,FAIL,0,672.5898711849732,4441.826989970191,5114.416861155164,1028.73,66.61814548169303,0.0,0.0,ils_ben
300001865502,2017,FAIL,0,164.45750985528775,4212.459474250326,4376.916984105614,130.12,34.33750985528826,0.0,0.0,ils_ben
300001867100,2017,FAIL,0,156.6375050605584,3701.595750560269,3858.2332556208275,0.0,156.6375050605588,0.0,0.0,ils_tax
300001868400,2017,FAIL,0,129.46939999999995,3398.9265558770107,3528.3959558770107,130.12,0.6506000000000256,0.0,0.0,ils_ben
300001870900,2017,FAIL,0,896.8800498401497,5284.628492537568,6181.508542377717,398.47999999999996,331.0324498401488,0.0,0.0,ils_ben
300001874700,2017,FAIL,0,816.3791040717088,4382.302892896291,5198.681996968,814.2983333333333,2.08077073837498,0.0,0.0,ils_ben
300001877100,2017,PASS,0,0.0,3695.3361424577724,3695.3361424577724,0.0,0.0,0.0,0.0,
300001878100,2017,FAIL,0,255.3027333333339,5040.544471382393,5295.847204715727,130.12,125.83333333333326,0.0,0.0,ils_ben
300001878200,2017,FAIL,0,94.03401666666832,8239.438471136767,8333.472487803436,32.53000000000001,61.66666666666674,0.0,0.0,ils_tax
300001879700,2017,FAIL,0,126.74316074554463,3062.65357726765,3189.3967380131944,0.0,126.74316074554491,0.0,0.0,ils_tax
300001881300,2017,FAIL,0,314.0816999999997,4307.969226141733,3993.8875261417334,315.65999999999997,1.578300000000013,0.0,0.0,ils_ben
300001881400,2017,FAIL,0,129.46939999999995,3203.513009381533,3332.9824093815328,130.12,0.650599999999983,0.0,0.0,ils_ben
300001884200,2017,FAIL,0,129.46939999999995,3418.2274545563996,3288.7580545563997,130.12,0.6505999999999972,0.0,0.0,ils_ben
300001884700,2017,FAIL,0,263.53743333333296,4698.775203327341,4962.312636660674,195.18,69.33333333333348,0.0,0.0,ils_ben
300001888600,2017,FAIL,0,44.97713527125188,3373.3591602616766,3418.3362955329285,500.13000000000005,51.11186533364912,0.0,0.0,ils_ben
300001890900,2017,PASS,0,0.0,19671.161002442896,19671.161002442896,0.0,0.0,0.0,0.0,
300001891300,2017,PASS,0,0.0,4710.622564763729,4710.622564763729,0.0,0.0,0.0,0.0,
300001891400,2017,FAIL,0,500.2660999999998,5289.083148523367,5789.349248523366,333.41999999999996,1.6670999999999765,0.0,0.0,ils_ben
300001893101,2017,PASS,0,0.0,2688.4697957234084,2688.4697957234084,0.0,0.0,0.0,0.0,
300001893700,2017,FAIL,0,223.17693240452536,4172.823140470733,4396.000072875258,0.0,338.147800800412,0.0,0.0,ils_tax
300001894400,2017,FAIL,0,500.2660999999998,5474.687573806093,5974.953673806092,333.41999999999996,1.667099999999948,0.0,0.0,ils_ben
300001899000,2017,FAIL,0,255.30273333333298,4466.795255497201,4722.097988830534,130.12,125.83333333333337,0.0,0.0,ils_ben
300001904200,2017,FAIL,0,202.0044995162193,1926.6320955365527,1724.6275960203334,202.0044995162193,0.0,0.0,0.0,ils_ben
300001905100,2017,FAIL,0,67.10863944693483,4840.307404060237,4773.198764613302,130.12,273.03953156842925,0.0,0.0,ils_tax
300001905700,2017,FAIL,0,223.6818516257972,5543.035730372465,5766.717581998262,130.12,94.21245162579646,0.0,0.0,ils_ben
300001911700,2017,PASS,0,0.0,4376.800516457016,4376.800516457016,0.0,0.0,0.0,0.0,
300001911701,2017,FAIL,0,70.21797916666674,3343.3004536211,3413.518432787767,70.57083333333333,0.3528541666666456,0.0,0.0,ils_ben
300001912000,2017,FAIL,0,263.7416729042361,2737.035802348777,3000.777475253013,195.18000000000006,3.1575729042358773,0.0,0.0,ils_ben
300001912900,2017,FAIL,0,556.0881270374216,4039.5418130439116,4595.629940081333,333.41999999999996,4.115227037421306,0.0,0.0,ils_ben
300001919300,2017,FAIL,0,742.4043250000004,6151.014706034541,6893.419031034541,746.135,3.7306750000000193,0.0,0.0,ils_ben
300001919500,2017,FAIL,0,298.0206331435329,4914.244612691159,5212.265245834692,195.18,103.8165331435332,0.0,0.0,ils_ben
300001919801,2017,FAIL,0,75.12400241481555,3924.067253032193,3848.9432506173775,333.41999999999996,144.0277357481489,0.0,0.0,ils_ben
300001921200,2017,PASS,0,0.0,4022.685541690753,4022.685541690753,0.0,0.0,0.0,0.0,
300001926500,2017,FAIL,0,179.69536386902155,3994.0706226111,3814.3752587420786,92.77,86.92536386902151,0.0,0.0,ils_ben
300001927800,2017,PASS,0,0.0,3280.0381831604263,3280.0381831604263,0.0,0.0,0.0,0.0,
300001935800,2017,FAIL,0,433.36048940921864,4754.131710244317,5187.492199653536,0.0,472.219275872016,0.0,0.0,ils_tax
300001938800,2017,FAIL,0,395.59044166666627,3107.896447819594,3503.48688948626,333.41999999999996,1.6670999999999907,0.0,0.0,ils_ben
300001939000,2017,PASS,0,0.0,5274.392957517813,5274.392957517813,0.0,0.0,0.0,0.0,
300001941901,2017,FAIL,0,129.46939999999995,3145.4684544553647,3274.9378544553647,130.12,0.6505999999999972,0.0,0.0,ils_ben
300001942200,2017,FAIL,0,649.5623917121502,4389.5538328600505,5039.116224572201,553.64,95.92239171214919,0.0,0.0,ils_ben
300001943100,2017,FAIL,0,871.4637123162611,5384.295466462805,6255.759178779066,398.47999999999996,305.61611231626097,0.0,0.0,ils_ben
300001944200,2017,FAIL,0,129.46939999999995,5538.877478569386,5668.346878569386,130.12,0.650600000000054,0.0,0.0,ils_ben
300001946901,2017,FAIL,0,129.46939999999995,3248.959829368633,3378.429229368633,130.12,0.6505999999999972,0.0,0.0,ils_ben
300001947901,2017,PASS,0,0.0,4532.440336179441,4532.440336179441,0.0,0.0,0.0,0.0,
300001948000,2017,FAIL,0,455.28266153437426,3325.21035698362,3780.493018517994,463.54,5.93963846562599,0.0,0.0,ils_ben
300001948900,2017,PASS,0,0.0,2670.5768687454997,2670.5768687454997,0.0,0.0,0.0,0.0,
300001949000,2017,PASS,0,0.0,3626.480428644928,3626.480428644928,0.0,0.0,0.0,0.0,
300001950900,2017,PASS,0,0.0,3370.2446847347155,3370.2446847347155,0.0,0.0,0.0,0.0,
300001951300,2017,PASS,0,0.0,2704.4685276285895,2704.4685276285895,0.0,0.0,0.0,0.0,
300001952000,2017,FAIL,0,129.46939999999995,3748.2738724793,3618.8044724793,130.12,0.6505999999999972,0.0,0.0,ils_ben
300001952100,2017,FAIL,0,72.48673424839308,5338.450990817668,5265.964256569275,166.70999999999998,238.36318424839385,0.0,0.0,ils_tax
300001954901,2017,FAIL,0,314.0816999999997,4027.5652838398446,4341.646983839844,315.65999999999997,1.578300000000013,0.0,0.0,ils_ben
300001955500,2017,FAIL,0,21.88175466175835,2949.5445874997577,2971.426342161516,21.231154661758296,0.6505999999999972,0.0,0.0,ils_ben
300001955800,2017,FAIL,0,129.46939999999995,3199.030216621416,3069.560816621416,130.12,0.6505999999999972,0.0,0.0,ils_ben
300001957200,2017,FAIL,0,162.71187362121964,3797.098509360604,3634.3866357393845,130.12,32.59187362121983,0.0,0.0,ils_ben
300001959000,2017,FAIL,0,96.17229450374907,6466.10166941806,6369.929374914311,65.06,31.112294503749354,0.0,0.0,ils_ben
300001961000,2017,PASS,0,0.0,2708.7748541064902,2708.7748541064902,0.0,0.0,0.0,0.0,
300001961300,2017,PASS,0,0.0,7257.530617961284,7257.530617961284,0.0,0.0,0.0,0.0,
300001961800,2017,PASS,0,0.0,3728.477176655985,3728.477176655985,0.0,0.0,0.0,0.0,
300001964000,2017,FAIL,0,305.0435705255586,5547.537315367639,5852.580885893198,65.06,370.1035705255579,0.0,0.0,ils_tax
300001966500,2017,FAIL,0,317.41320813876746,3870.38816948626,3552.9749613474924,185.53999999999996,2.403808138767431,0.0,0.0,ils_ben
300001967200,2017,FAIL,0,995.8188158936673,6303.795776702454,7299.614592596121,528.5999999999999,300.5018158936673,0.0,0.0,ils_ben
300001967400,2017,PASS,0,0.0,3614.126626711729,3614.126626711729,0.0,0.0,0.0,0.0,
300001970000,2017,FAIL,0,799.9118556794783,5618.325568855604,6418.237424535082,398.47999999999996,233.34508901281197,0.0,0.0,ils_ben
300001974200,2017,FAIL,0,646.7329799200434,5901.2533976741215,6547.986377594165,333.41999999999996,144.9009132533759,0.0,0.0,ils_ben
300001975000,2017,FAIL,0,191.13606666666783,4826.049770982712,5017.18583764938,130.12,61.66666666666674,0.0,0.0,ils_ben
300001976700,2017,FAIL,0,215.62704612440757,5366.839399410734,5582.466445535141,130.12,86.15764612440864,0.0,0.0,ils_ben
300001976800,2017,PASS,0,0.0,3145.8726105959336,3145.8726105959336,0.0,0.0,0.0,0.0,
300001976900,2017,FAIL,0,887.6519374999998,7575.946792852766,8463.598730352765,722.7525,3.613762500000007,0.0,0.0,ils_ben
300001980700,2017,FAIL,0,331.7528999999995,4333.806581201072,4665.559481201071,333.41999999999996,1.667100000000005,0.0,0.0,ils_ben
300001981200,2017,FAIL,0,674.0473192704194,4267.674343381589,4941.7216626520085,672.5933333333332,1.4539859370863724,0.0,0.0,ils_ben
300001986100,2017,FAIL,0,1026.9537754688736,5717.8583850135055,6744.812160482379,528.5999999999999,331.636775468874,0.0,0.0,ils_ben
300001986300,2017,FAIL,0,380.07092916666664,604.7571726345,224.68624346783332,381.98083333333335,1.9099041666666636,0.0,0.0,ils_ben
300001987000,2017,FAIL,0,203.8808100287349,1801.8241827875647,1597.9433727588298,179.75340411111614,24.127405917618674,0.0,0.0,ils_ben
300001989900,2017,FAIL,0,962.2974814153404,5553.823341183315,6516.120822598656,697.96,264.3374814153408,0.0,0.0,ils_ben
300001990000,2017,FAIL,0,863.7177918046314,3744.437615951623,2880.7198241469914,528.5999999999999,11.018181408797986,0.0,0.0,ils_ben
300001992200,2017,FAIL,0,739.1645026138067,5826.968891289482,6566.133393903288,567.8399999999999,171.32450261380637,0.0,0.0,ils_ben
300001993800,2017,PASS,0,0.0,3834.3295712558865,3834.3295712558865,0.0,0.0,0.0,0.0,
300001995200,2017,FAIL,0,169.1948737388575,4383.370180501321,4552.565054240178,130.12,39.07487373885695,0.0,0.0,ils_ben
300001996000,2017,FAIL,0,989.8160500000004,5926.216835571904,4936.400785571904,825.4300000000001,4.127149999999972,0.0,0.0,ils_ben
300001997400,2017,FAIL,0,184.9005371880562,4130.93277403844,3946.0322368503835,18.29499999999996,203.1040621880561,0.0,0.0,ils_tax
300001997700,2017,FAIL,0,129.46939999999995,3283.807377131,3154.337977131,130.12,0.6505999999999972,0.0,0.0,ils_ben
300002001100,2017,FAIL,0,402.8772587882661,1943.2141130604095,1540.3368542721435,403.1443137778447,0.2670549895781278,0.0,0.0,ils_ben
300002001400,2017,FAIL,0,980.9270834594945,6801.881380653982,7782.8084641134765,648.5450000000001,335.6248084594953,0.0,0.0,ils_ben
300002002800,2017,FAIL,0,678.5468833333334,3842.3260289644904,4520.872912297824,348.53666666666663,1.742683333333332,0.0,0.0,ils_ben
300002007600,2017,FAIL,0,605.2483463777899,5682.364796400236,6287.613142778026,333.42,104.13544637778978,0.0,0.0,ils_ben
300002009402,2017,FAIL,0,20.981404024055337,3202.604206114257,3223.5856101383124,0.0,20.981404024055166,0.0,0.0,ils_tax
300002011000,2017,FAIL,0,757.5921708333335,4182.644361721967,4940.2365325553,666.8400000000001,3.33420000000001,0.0,0.0,ils_ben
300002013600,2017,PASS,0,0.0,4370.452914649305,4370.452914649305,0.0,0.0,0.0,0.0,
300002013602,2017,FAIL,0,221.77554999999984,3311.9980579294333,3533.773607929433,130.12,0.6505999999999972,0.0,0.0,ils_ben
300002017700,2017,PASS,0,0.0,3175.2709046970167,3175.2709046970167,0.0,0.0,0.0,0.0,
300002018900,2017,FAIL,0,724.0034583333336,3836.939349356033,4560.942807689366,666.8400000000001,3.33420000000001,0.0,0.0,ils_ben
300002021602,2017,FAIL,0,231.08940833333327,7703.45762953829,7934.547037871624,105.785,125.30440833333296,0.0,0.0,ils_tax
300002031000,2017,FAIL,0,461.22230000000036,3247.3176230826666,3708.539923082667,463.53999999999996,2.317700000000002,0.0,0.0,ils_ben
300002032100,2017,FAIL,0,550.8717999999999,4916.674509708622,5467.546309708622,333.41999999999996,1.667100000000005,0.0,0.0,ils_ben
300002032300,2017,FAIL,0,491.78433787081485,3710.6554787159994,3218.8711408451845,296.83,10.89848787081462,0.0,0.0,ils_ben
300002033200,2017,FAIL,0,825.9235092256285,4179.970110602325,5005.893619827953,463.53999999999996,13.942875892295433,0.0,0.0,ils_ben
300002034000,2017,FAIL,0,245.15774291153593,3824.6794616642883,4069.837204575824,333.41999999999996,86.59515708846371,0.0,0.0,ils_ben
300002047000,2017,PASS,0,0.0,5589.450709523691,5589.450709523691,0.0,0.0,0.0,0.0,
300002047100,2017,PASS,0,0.0,9289.755308949596,9289.755308949596,0.0,0.0,0.0,0.0,
300002047300,2017,FAIL,0,234.5114454058189,2604.450150420776,2369.938705014957,172.12346388836147,62.38798151745772,0.0,0.0,ils_ben
300002049001,2017,PASS,0,0.0,3183.016287003802,3183.016287003802,0.0,0.0,0.0,0.0,
300002049201,2017,FAIL,0,184.61229999999978,3275.913874709833,3091.3015747098334,185.54000000000002,0.9277000000000157,0.0,0.0,ils_ben
300002049400,2017,FAIL,0,39.92820926262539,3240.1415855341666,3280.069794796792,102.88328615071327,62.95507688808826,0.0,0.0,ils_ben
300002052902,2017,PASS,0,0.0,3215.524837229532,3215.524837229532,0.0,0.0,0.0,0.0,
300002054000,2017,FAIL,0,218.7076464675638,3130.638912688034,3349.346559155598,250.97833333333347,21.808880183793,0.0,0.0,ils_ben
300002055400,2017,FAIL,0,98.14543572108869,3877.059658978086,3975.205094699175,163.3408333333333,65.19539761224445,0.0,0.0,ils_ben
300002057400,2017,PASS,0,0.0,2937.0039771178435,2937.0039771178435,0.0,0.0,0.0,0.0,
300002057600,2017,PASS,0,0.0,3242.9483941278763,3242.9483941278763,0.0,0.0,0.0,0.0,
300002058500,2017,FAIL,0,85.08683710176138,3703.542603816405,3788.6294409181664,0.0,85.08683710176183,0.0,0.0,ils_tax
300002062600,2017,FAIL,0,2.95561181625726,4046.784871918256,4049.7404837345134,0.0,2.955611816257374,0.0,0.0,ils_tax
300002064800,2017,FAIL,0,550.8717999999999,4469.731764104767,5020.6035641047665,333.41999999999996,1.667100000000005,0.0,0.0,ils_ben
300002069401,2017,FAIL,0,194.20409999999993,3684.6778834122015,3878.8819834122014,195.18,0.97590000000001,0.0,0.0,ils_ben
300002085000,2017,FAIL,0,843.7396448953841,5226.713944624946,6070.45358952033,502.78,340.9596448953841,0.0,0.0,ils_ben
300002086600,2017,FAIL,0,922.4111075081828,4369.6439608963165,5292.055068404499,528.5999999999999,109.85410750818323,0.0,0.0,ils_ben
300002087200,2017,FAIL,0,163.28401666666832,8506.213298524232,8669.4973151909,32.53,130.91666666666674,0.0,0.0,ils_tax
300002092700,2017,FAIL,0,1074.0138541666656,13284.710551528742,14358.724405695408,157.5625,917.2391666666672,0.0,0.0,ils_tax
300002100100,2017,FAIL,0,841.2467259435525,5722.63478011004,6563.881506053593,567.8399999999999,273.40672594355203,0.0,0.0,ils_ben
300002109500,2017,PASS,0,0.0,5315.379243709217,5315.379243709217,0.0,0.0,0.0,0.0,
300002111500,2017,FAIL,0,111.58166666666693,4227.454199526153,4339.03586619282,0.0,111.5816666666667,0.0,0.0,ils_tax
300002115000,2017,FAIL,0,724.1472416666675,8399.96592222773,9124.113163894397,115.88499999999999,608.8416666666669,0.0,0.0,ils_tax
300002116400,2017,FAIL,0,586.271558333332,8843.215958878885,9429.487517212217,83.35499999999999,503.3333333333335,0.0,0.0,ils_tax
300002122600,2017,FAIL,0,674.3910999999998,2175.3050839679163,1500.9139839679165,361.89,1.8094499999999982,0.0,0.0,ils_ben
300002125800,2017,PASS,0,0.0,2086.2428930890833,2086.2428930890833,0.0,0.0,0.0,0.0,
300002128200,2017,FAIL,0,527.5767952135284,5181.723005574833,4654.146210361305,296.83,62.23359521352879,0.0,0.0,ils_ben
300002130700,2017,FAIL,0,35.27389400048378,5575.224499669874,5539.95060566939,0.0,35.27389400048355,0.0,0.0,ils_tax
300002132700,2017,PASS,0,0.0,3839.751376088463,3839.751376088463,0.0,0.0,0.0,0.0,
300002135700,2017,FAIL,0,352.1569170226853,2469.8872062572427,2822.044123279928,333.41999999999996,1.6670999999999996,0.0,0.0,ils_ben
300002137400,2017,PASS,0,0.0,5565.863415909669,5565.863415909669,0.0,0.0,0.0,0.0,
300002137800,2017,FAIL,0,35.16427276673858,6272.831418568092,6237.667145801353,0.0,35.16427276673835,0.0,0.0,ils_tax
300002138700,2017,FAIL,0,195.65136666666695,6479.876482419565,6675.527849086232,65.06,130.91666666666674,0.0,0.0,ils_tax
300002140901,2017,FAIL,0,221.77554999999984,3772.2006908432,3993.9762408432,130.12,0.6505999999999972,0.0,0.0,ils_ben
300002142901,2017,FAIL,0,129.46939999999995,3137.6575807314002,3267.1269807314,130.12,0.6505999999999972,0.0,0.0,ils_ben
300002145800,2017,FAIL,0,606.9158689702981,4429.087833639676,5036.003702609974,333.41999999999996,105.80296897029768,0.0,0.0,ils_ben
300002146600,2017,FAIL,0,263.53743333333296,4392.865893309356,4656.403326642689,195.18,68.35743333333323,0.0,0.0,ils_ben
300002149300,2017,FAIL,0,186.0527333333339,4433.164614686144,4619.217348019478,130.12,56.58333333333337,0.0,0.0,ils_ben
300002156100,2017,FAIL,0,618.6246666666666,4597.663476520167,5216.288143186834,500.13000000000005,2.500649999999979,0.0,0.0,ils_ben
300002156800,2017,FAIL,0,696.6155415116,5197.104284839627,5893.719826351227,675.9500000000002,17.19101126160001,0.0,0.0,ils_ben
300002157300,2017,FAIL,0,558.1270083333329,3541.8728625434997,4099.999870876833,500.13000000000005,2.5006500000000074,0.0,0.0,ils_ben
300002158500,2017,FAIL,0,194.20409999999993,3563.354636483533,3757.558736483533,195.18,0.97590000000001,0.0,0.0,ils_ben
300002161200,2017,PASS,0,0.0,3760.16256424086,3760.16256424086,0.0,0.0,0.0,0.0,
300002161201,2017,FAIL,0,374.36220269045316,3601.6064522014676,3227.2442495110145,170.07916666666665,204.28303602378602,0.0,0.0,ils_tax
300002163201,2017,PASS,0,0.0,3645.1489470175948,3645.1489470175948,0.0,0.0,0.0,0.0,
300002164100,2017,FAIL,0,823.6577632928147,4240.885954224852,5064.543717517667,683.76,139.8977632928142,0.0,0.0,ils_ben
300002164300,2017,FAIL,0,129.46939999999995,4233.939675102433,4104.470275102433,130.12,0.6506000000000256,0.0,0.0,ils_ben
300002164800,2017,FAIL,0,182.68590153347668,4338.716563408052,4521.402464941529,333.41999999999996,149.06699846652378,0.0,0.0,ils_ben
300002165100,2017,FAIL,0,1052.840644707785,6773.760546688331,7826.601191396116,528.5999999999999,357.5236447077841,0.0,0.0,ils_ben
300002165900,2017,FAIL,0,190.568033333333,5847.939902881781,6038.507936215114,65.06,125.83333333333337,0.0,0.0,ils_tax
300002166900,2017,FAIL,0,265.07510079406256,4393.733760349317,4658.8088611433795,195.18000000000006,70.87100079406292,0.0,0.0,ils_ben
300002177700,2017,PASS,0,0.0,3729.0466652842642,3729.0466652842642,0.0,0.0,0.0,0.0,
300002178000,2017,FAIL,0,645.9900652005008,4457.731840739431,5103.721905939932,500.13000000000005,26.75738186716734,0.0,0.0,ils_ben
300002183100,2017,PASS,0,0.0,3350.604243747693,3350.604243747693,0.0,0.0,0.0,0.0,
300002185900,2017,FAIL,0,593.2276419522182,3921.80592374613,4515.033565698348,596.2086853791135,2.9810434268955532,0.0,0.0,ils_ben
300002187500,2017,FAIL,0,611.3694583333331,3066.3892493945,3677.758707727833,333.41999999999996,1.6670999999999765,0.0,0.0,ils_ben
300002188200,2017,FAIL,0,17.563669644918264,5482.25556669218,5499.819236337098,0.0,17.563669644918377,0.0,0.0,ils_tax
300002188201,2017,PASS,0,0.0,3361.331502380256,3361.331502380256,0.0,0.0,0.0,0.0,
300002194100,2017,PASS,0,0.0,5902.315907001457,5902.315907001457,0.0,0.0,0.0,0.0,
300002195700,2017,FAIL,0,203.8996414700623,5018.086005510142,4814.18636404008,130.12,73.77964147006236,0.0,0.0,ils_ben
300002201800,2017,FAIL,0,135.09734997727764,3172.5498403535553,3307.647190330833,130.12,5.627949977277808,0.0,0.0,ils_ben
300002202101,2017,FAIL,0,194.20409999999993,2654.3132531455813,2848.517353145581,195.18,0.9758999999999958,0.0,0.0,ils_ben
300002204201,2017,FAIL,0,38.365125442810495,3547.8900776181426,3509.524952175332,70.57083333333321,108.9359587761432,0.0,0.0,ils_tax
300002204500,2017,FAIL,0,200.71805298475056,3584.936755777115,3785.6548087618658,97.59,103.12805298475052,0.0,0.0,ils_tax
300002205900,2017,FAIL,0,923.011441285852,5364.157904589281,6287.169345875133,463.53999999999996,292.4291412858514,0.0,0.0,ils_ben
300002207800,2017,PASS,0,0.0,4729.183986543165,4729.183986543165,0.0,0.0,0.0,0.0,
300002211900,2017,FAIL,0,232.46429908025993,3737.0309361189643,3969.495235199224,232.46429908026016,0.0,0.0,0.0,ils_ben
300002212300,2017,FAIL,0,470.24821734018406,4018.0555499053853,4488.303767245569,160.8658528504361,309.38236448974743,0.0,0.0,ils_tax
300002212800,2017,PASS,0,0.0,4256.496953934598,4256.496953934598,0.0,0.0,0.0,0.0,
300002214901,2017,FAIL,0,221.7755500000003,3713.5835735261744,3935.3591235261747,130.12,0.6505999999999972,0.0,0.0,ils_ben
300002214902,2017,PASS,0,0.0,2784.556110505693,2784.556110505693,0.0,0.0,0.0,0.0,
300002215100,2017,FAIL,0,194.15033106308147,5517.419669873989,5711.57000093707,130.12,64.68093106308112,0.0,0.0,ils_ben
300002217000,2017,FAIL,0,550.8717999999999,3070.1255973408333,3620.9973973408332,333.41999999999996,1.6670999999999765,0.0,0.0,ils_ben
300002217300,2017,FAIL,0,789.9086584602678,2597.2415547577943,3387.150213218062,565.19,2.8259500000000006,0.0,0.0,ils_ben
300002218500,2017,FAIL,0,675.9101333333338,4962.623743654766,5638.5338769881,500.13000000000005,2.5006500000000074,0.0,0.0,ils_ben
300002218900,2017,FAIL,0,951.8692159225748,5093.73815942167,6045.607375344245,528.5999999999999,205.69221592257475,0.0,0.0,ils_ben
300002220900,2017,FAIL,0,812.6643896801452,5525.715034335821,6338.379424015966,567.8399999999999,244.8243896801455,0.0,0.0,ils_ben
300002221400,2017,FAIL,0,150.385894097873,3720.285562031327,3870.6714561292,130.12,20.265894097872774,0.0,0.0,ils_ben
300002226600,2017,FAIL,0,191.13606666666692,4193.124845265741,4384.260911932408,130.12,61.66666666666663,0.0,0.0,ils_ben
300002229401,2017,FAIL,0,459.8591500000002,3971.7524561705004,3511.8933061705,462.16999999999996,2.310849999999988,0.0,0.0,ils_ben
300002229600,2017,FAIL,0,129.46940000000086,4792.7260084823465,4663.256608482346,130.12,0.6505999999999972,0.0,0.0,ils_ben
300002230300,2017,PASS,0,0.0,6580.326720916729,6580.326720916729,0.0,0.0,0.0,0.0,
300002235001,2017,PASS,0,0.0,3652.574910646069,3652.574910646069,0.0,0.0,0.0,0.0,
300002235002,2017,FAIL,0,169.22877083333333,3605.0809089248396,3435.8521380915063,170.07916666666665,0.850395833333323,0.0,0.0,ils_ben
300002235600,2017,FAIL,0,755.8243459443956,4524.726756342137,5280.551102286533,833.55,4.167750000000012,0.0,0.0,ils_ben
300002236900,2017,FAIL,0,1526.383649831092,8867.205418134668,10393.58906796576,1148.675,120.6028581644249,0.0,0.0,ils_ben
300002239203,2017,FAIL,0,336.3454833333344,6909.285126089505,7245.630609422839,211.56999999999994,125.83333333333348,0.0,0.0,ils_ben
300002241700,2017,FAIL,0,190.568033333333,6373.384289462943,6563.952322796276,65.06,125.50803333333306,0.0,0.0,ils_tax
300002257000,2017,FAIL,0,194.20409999999993,3098.5270196444662,3292.731119644466,195.18,0.97590000000001,0.0,0.0,ils_ben
300002257300,2017,FAIL,0,348.5720018766997,4662.621248615604,4314.049246738904,130.12,219.10260187669934,0.0,0.0,ils_tax
300002262001,2017,PASS,0,0.0,2857.8944018009665,2857.8944018009665,0.0,0.0,0.0,0.0,
300002262200,2017,FAIL,0,759.1642708333329,5918.069646763766,6677.233917597099,500.13,2.5006500000000074,0.0,0.0,ils_ben
300002262400,2017,PASS,0,0.0,4224.543919580265,4224.543919580265,0.0,0.0,0.0,0.0,
300002264900,2017,FAIL,0,581.1040499085989,4085.563481838233,3504.4594319296343,296.83,100.21819990859868,0.0,0.0,ils_ben
300002268701,2017,FAIL,0,105.58183251703849,4918.726375009999,5024.308207527038,237.28083333333348,131.6990008162962,0.0,0.0,ils_ben
300002272000,2017,FAIL,0,145.57441964224972,3348.5321748379115,3494.106594480161,333.41999999999996,1.667100000000005,0.0,0.0,ils_ben
300002272800,2017,FAIL,0,1165.9066113738263,5275.904123520535,6441.810734894361,528.5999999999999,470.58961137382676,0.0,0.0,ils_ben
300002273400,2017,FAIL,0,129.46939999999995,2718.8097437279835,2848.2791437279834,130.12,0.6505999999999972,0.0,0.0,ils_ben
300002273500,2017,FAIL,0,970.7051234690825,6415.783389888371,7386.4885133574535,398.47999999999996,404.8575234690834,0.0,0.0,ils_tax
300002276400,2017,FAIL,0,163.199466278209,5480.4484142199435,5643.6478804981525,0.0,163.19946627820946,0.0,0.0,ils_tax
300002276600,2017,FAIL,0,905.2986008339003,4215.397231426599,5120.6958322605,881.5799999999999,23.718600833899984,0.0,0.0,ils_ben
300002280800,2017,FAIL,0,733.6999006189308,4911.767753904876,5645.467654523807,333.41999999999996,401.9470006189305,0.0,0.0,ils_tax
300002281100,2017,FAIL,0,223.3106089546145,3349.7274925630336,3573.038101517648,0.0,223.31060895461465,0.0,0.0,ils_tax
300002281300,2017,FAIL,0,152.2383649065032,4370.252705256378,4218.014340349875,0.0,152.23836490650345,0.0,0.0,ils_tax
300002284601,2017,PASS,0,0.0,3344.8659119927906,3344.8659119927906,0.0,0.0,0.0,0.0,
300002286601,2017,FAIL,0,511.22769133233305,3884.784125433925,3373.556434101592,262.84916666666663,118.90912466566667,0.0,0.0,ils_ben
300002288700,2017,PASS,0,0.0,2913.843297313081,2913.843297313081,0.0,0.0,0.0,0.0,
300002289000,2017,FAIL,0,743.0772629083458,5463.9771695121,4720.899906603754,466.19,276.8872629083463,0.0,0.0,ils_ben
300002290400,2017,PASS,0,0.0,3741.133136573992,3741.133136573992,0.0,0.0,0.0,0.0,
300002290402,2017,PASS,0,0.0,3017.2481032613478,3017.2481032613478,0.0,0.0,0.0,0.0,
300002291000,2017,FAIL,0,57.88507434931489,2430.9199893053674,2488.8050636546823,138.4051186144332,15.11594426511877,0.0,0.0,ils_ben
300002294500,2017,PASS,0,0.0,4779.010362757642,4779.010362757642,0.0,0.0,0.0,0.0,
300002294600,2017,FAIL,0,225.4589782721241,3535.428736279776,3760.8877145519,0.0,225.45897827212391,0.0,0.0,ils_tax
300002294701,2017,FAIL,0,63.027875200818926,4468.266190854232,4405.238315653413,130.12,192.49727520081964,0.0,0.0,ils_tax
300002294800,2017,FAIL,0,129.46939999999995,3174.7719225880496,3304.2413225880496,130.12,0.6505999999999972,0.0,0.0,ils_ben
300002296100,2017,FAIL,0,129.46939999999995,3213.5404691423937,3084.0710691423938,130.12,0.6505999999999972,0.0,0.0,ils_ben
300002300100,2017,PASS,0,0.0,5394.903923997843,5394.903923997843,0.0,0.0,0.0,0.0,
300002302100,2017,FAIL,0,12.077617732533326,4157.551724033239,4145.474106300706,0.0,12.077617732533326,0.0,0.0,ils_tax
300002302601,2017,FAIL,0,2.3137746058155244,3515.492993725889,3513.1792191200734,0.0,2.313774605815638,0.0,0.0,ils_tax
300002304701,2017,FAIL,0,275.24685,3051.2717956527667,3326.5186456527667,276.63,1.3831500000000005,0.0,0.0,ils_ben
300002305200,2017,FAIL,0,372.45354766676064,5602.54876805789,5975.0023157246505,195.18,178.24944766676117,0.0,0.0,ils_ben
300002306800,2017,FAIL,0,280.93967489186343,5024.447195776893,4743.507520885029,130.12,150.81967489186354,0.0,0.0,ils_tax
300002307900,2017,PASS,0,0.0,4142.325946412078,4142.325946412078,0.0,0.0,0.0,0.0,
300002308100,2017,PASS,0,0.0,3645.607333476665,3645.607333476665,0.0,0.0,0.0,0.0,
300002316700,2017,PASS,0,0.0,3996.33062644543,3996.33062644543,0.0,0.0,0.0,0.0,
300002319400,2017,FAIL,0,158.20068333333438,7746.643828651866,7904.8445119852,32.53,125.83333333333348,0.0,0.0,ils_tax
300002324300,2017,PASS,0,0.0,2430.791165792924,2430.791165792924,0.0,0.0,0.0,0.0,
300002324900,2017,FAIL,0,149.07474423278518,2609.2437646728254,2460.16902044004,149.07474423278518,0.0,0.0,0.0,ils_ben
300002326200,2017,FAIL,0,72.88606666666692,3857.862624109972,3930.748690776639,130.12,56.58333333333337,0.0,0.0,ils_ben
300002326600,2017,PASS,0,0.0,2619.2796189482,2619.2796189482,0.0,0.0,0.0,0.0,
300002326601,2017,PASS,0,0.0,2376.4003764755635,2376.4003764755635,0.0,0.0,0.0,0.0,
300002327000,2017,PASS,0,0.0,6438.559600345427,6438.559600345427,0.0,0.0,0.0,0.0,
300002330400,2017,FAIL,0,55.14290000000028,3351.0041682075334,3295.861268207533,185.54,0.9276999999999873,0.0,0.0,ils_ben
300002330900,2017,FAIL,0,1017.151025000001,10635.52945917784,11652.680484177841,48.795,968.5999999999995,0.0,0.0,ils_tax
300002335900,2017,FAIL,0,852.7418594965529,5146.839518348647,5999.5813778452,463.5399999999999,222.15955949655313,0.0,0.0,ils_ben
300002336000,2017,FAIL,0,404.212571095828,1668.5603366929222,1264.3477655970942,404.9756135259614,0.7630424301333392,0.0,0.0,ils_ben
300002336200,2017,FAIL,0,613.7907005096331,5057.270258561895,5671.0609590715285,500.1300000000002,2.5573421763000397,0.0,0.0,ils_ben
300002337500,2017,FAIL,0,172.90115578562836,8459.367550386307,8632.268706171935,0.0,172.90115578562882,0.0,0.0,ils_tax
300002337501,2017,PASS,0,0.0,3272.2315433115473,3272.2315433115473,0.0,0.0,0.0,0.0,
300002337502,2017,FAIL,0,261.5349208333332,3292.4005710138413,3030.865650180508,262.84916666666663,1.314245833333331,0.0,0.0,ils_ben
300002339300,2017,FAIL,0,710.6581484608923,6793.155814255781,7503.813962716673,648.5450000000001,62.11314846089277,0.0,0.0,ils_ben
300002339800,2017,PASS,0,0.0,3868.6112008624345,3868.6112008624345,0.0,0.0,0.0,0.0,
300002340201,2017,FAIL,0,30.248829166666837,2167.53792464815,2137.289095481483,30.40083333333333,0.15200416666665717,0.0,0.0,ils_ben
300002341900,2017,FAIL,0,408.17491508597504,6421.011695567094,6012.836780481119,50.82499999999999,458.7457900859755,0.0,0.0,ils_tax
300002342800,2017,FAIL,0,461.2222999999999,3812.5725107554613,4273.794810755461,463.53999999999996,2.317700000000002,0.0,0.0,ils_ben
300002343600,2017,FAIL,0,870.0903333333326,6907.365486737596,7777.455820070929,199.23999999999998,502.4865333333331,0.0,0.0,ils_tax
300002348501,2017,PASS,0,0.0,5521.775228819215,5521.775228819215,0.0,0.0,0.0,0.0,
300002350600,2017,FAIL,0,478.9235322497252,3263.2405834670126,3742.164115716738,500.1300000000001,2.500650000000002,0.0,0.0,ils_ben
300002352800,2017,PASS,0,0.0,6921.66806164065,6921.66806164065,0.0,0.0,0.0,0.0,
300002354600,2017,FAIL,0,204.47229999999945,4951.672918646351,5156.14521864635,463.53999999999996,256.7499999999999,0.0,0.0,ils_ben
300002355800,2017,PASS,0,0.0,5011.880437207056,5011.880437207056,0.0,0.0,0.0,0.0,
300002356000,2017,FAIL,0,110.69283695375634,3068.5873561419057,3179.280193095662,333.41999999999996,14.217950302770817,0.0,0.0,ils_ben
300002357600,2017,FAIL,0,806.5391125291271,5925.6318107046845,6732.170923233812,528.5999999999999,280.58211252912815,0.0,0.0,ils_ben
300002358100,2017,FAIL,0,46.716712357088,3166.370035540046,3213.086747897134,0.0,46.71671235708817,0.0,0.0,ils_tax
300002358101,2017,PASS,0,0.0,3236.59697882832,3236.59697882832,0.0,0.0,0.0,0.0,
300002358300,2017,FAIL,0,106.46997499999998,4303.487378044867,4197.017403044867,92.76999999999998,0.46385000000000787,0.0,0.0,ils_ben
300002358900,2017,FAIL,0,603.4747670232819,5342.999282656317,5946.4740496795985,333.41999999999996,101.64270035661599,0.0,0.0,ils_ben
300002361701,2017,PASS,0,0.0,2412.4176304019998,2412.4176304019998,0.0,0.0,0.0,0.0,
300002362700,2017,PASS,0,0.0,4039.783405164627,4039.783405164627,0.0,0.0,0.0,0.0,
300002363000,2017,FAIL,0,295.3458499999997,5222.401313249867,4927.055463249867,296.83,1.4841499999999996,0.0,0.0,ils_ben
300002363200,2017,FAIL,0,938.6368666666658,5930.890587887923,6869.527454554589,697.96,240.67686666666657,0.0,0.0,ils_ben
300002365700,2017,FAIL,0,199.90745615019387,6527.029272014292,6327.121815864098,500.13000000000005,528.1768061501948,0.0,0.0,ils_tax
300002367500,2017,FAIL,0,500.2660999999998,5738.717714151335,6238.983814151335,333.41999999999996,1.667100000000005,0.0,0.0,ils_ben
300002367600,2017,FAIL,0,97.04558171218287,2345.2224975352015,2442.2680792473843,212.4,1.0620000000000047,0.0,0.0,ils_ben
300002369100,2017,PASS,0,0.0,3746.96461991661,3746.96461991661,0.0,0.0,0.0,0.0,
300002372300,2017,FAIL,0,458.5855499999998,5364.835564884766,5823.421114884766,630.25,3.1512500000000045,0.0,0.0,ils_ben
300002375401,2017,PASS,0,0.0,4752.355197190017,4752.355197190017,0.0,0.0,0.0,0.0,
