"Root","RelativePath","FullName","Name","Extension","Length","LastWriteTime"
"U:\EUROMOD-STORAGE","Data\processed\fr\2016\couples_RURO_ready.parquet","U:\EUROMOD-STORAGE\Data\processed\fr\2016\couples_RURO_ready.parquet","couples_RURO_ready.parquet",".parquet","7195830","05-02-26 14:00:37"
"U:\EUROMOD-STORAGE","Data\processed\fr\2016\couples_RURO_ready__colgroups.json","U:\EUROMOD-STORAGE\Data\processed\fr\2016\couples_RURO_ready__colgroups.json","couples_RURO_ready__colgroups.json",".json","18196","05-02-26 14:00:37"
"U:\EUROMOD-STORAGE","Data\processed\fr\2016\couples_RURO_ready_jobdraws.parquet","U:\EUROMOD-STORAGE\Data\processed\fr\2016\couples_RURO_ready_jobdraws.parquet","couples_RURO_ready_jobdraws.parquet",".parquet","16543814","04-02-26 20:28:01"
"U:\EUROMOD-STORAGE","Data\processed\fr\2016\couples_RURO_ready_jobdraws__drawsmeta.json","U:\EUROMOD-STORAGE\Data\processed\fr\2016\couples_RURO_ready_jobdraws__drawsmeta.json","couples_RURO_ready_jobdraws__drawsmeta.json",".json","11757","04-02-26 20:28:01"
"U:\EUROMOD-STORAGE","Data\processed\fr\2016\couples_RURO_ready_RURO_draws.parquet","U:\EUROMOD-STORAGE\Data\processed\fr\2016\couples_RURO_ready_RURO_draws.parquet","couples_RURO_ready_RURO_draws.parquet",".parquet","35489416","05-02-26 14:00:57"
"U:\EUROMOD-STORAGE","Data\processed\fr\2016\couples_RURO_ready_RURO_draws__drawsmeta.json","U:\EUROMOD-STORAGE\Data\processed\fr\2016\couples_RURO_ready_RURO_draws__drawsmeta.json","couples_RURO_ready_RURO_draws__drawsmeta.json",".json","11595","05-02-26 14:00:57"
"U:\EUROMOD-STORAGE","Data\processed\fr\2016\fr_2016.parquet","U:\EUROMOD-STORAGE\Data\processed\fr\2016\fr_2016.parquet","fr_2016.parquet",".parquet","9110164","05-02-26 14:00:07"
"U:\EUROMOD-STORAGE","Data\processed\fr\2016\fr_2016__colgroups.json","U:\EUROMOD-STORAGE\Data\processed\fr\2016\fr_2016__colgroups.json","fr_2016__colgroups.json",".json","16110","05-02-26 14:00:13"
"U:\EUROMOD-STORAGE","Data\processed\fr\2016\fr_2016_couples.parquet","U:\EUROMOD-STORAGE\Data\processed\fr\2016\fr_2016_couples.parquet","fr_2016_couples.parquet",".parquet","6958700","05-02-26 14:00:10"
"U:\EUROMOD-STORAGE","Data\processed\fr\2016\fr_2016_RURO_mnl___combined.parquet","U:\EUROMOD-STORAGE\Data\processed\fr\2016\fr_2016_RURO_mnl___combined.parquet","fr_2016_RURO_mnl___combined.parquet",".parquet","466041152","08-01-26 02:32:19"
"U:\EUROMOD-STORAGE","Data\processed\fr\2016\fr_2016_RURO_mnl___couples.parquet","U:\EUROMOD-STORAGE\Data\processed\fr\2016\fr_2016_RURO_mnl___couples.parquet","fr_2016_RURO_mnl___couples.parquet",".parquet","332796367","18-01-26 10:53:58"
"U:\EUROMOD-STORAGE","Data\processed\fr\2016\fr_2016_RURO_mnl___mnlmeta.json","U:\EUROMOD-STORAGE\Data\processed\fr\2016\fr_2016_RURO_mnl___mnlmeta.json","fr_2016_RURO_mnl___mnlmeta.json",".json","57215","08-01-26 02:31:55"
"U:\EUROMOD-STORAGE","Data\processed\fr\2016\fr_2016_RURO_mnl___singles.parquet","U:\EUROMOD-STORAGE\Data\processed\fr\2016\fr_2016_RURO_mnl___singles.parquet","fr_2016_RURO_mnl___singles.parquet",".parquet","154498632","08-01-26 02:31:40"
"U:\EUROMOD-STORAGE","Data\processed\fr\2016\fr_2016_RURO_mnl__combined.parquet","U:\EUROMOD-STORAGE\Data\processed\fr\2016\fr_2016_RURO_mnl__combined.parquet","fr_2016_RURO_mnl__combined.parquet",".parquet","437123587","02-01-26 23:45:42"
"U:\EUROMOD-STORAGE","Data\processed\fr\2016\fr_2016_RURO_mnl__couples.parquet","U:\EUROMOD-STORAGE\Data\processed\fr\2016\fr_2016_RURO_mnl__couples.parquet","fr_2016_RURO_mnl__couples.parquet",".parquet","42433564","05-02-26 14:09:08"
"U:\EUROMOD-STORAGE","Data\processed\fr\2016\fr_2016_RURO_mnl__mnlmeta.json","U:\EUROMOD-STORAGE\Data\processed\fr\2016\fr_2016_RURO_mnl__mnlmeta.json","fr_2016_RURO_mnl__mnlmeta.json",".json","57443","05-02-26 14:09:08"
"U:\EUROMOD-STORAGE","Data\processed\fr\2016\fr_2016_RURO_mnl__singles.parquet","U:\EUROMOD-STORAGE\Data\processed\fr\2016\fr_2016_RURO_mnl__singles.parquet","fr_2016_RURO_mnl__singles.parquet",".parquet","21299439","05-02-26 14:09:07"
"U:\EUROMOD-STORAGE","Data\processed\fr\2016\fr_2016_RURO_mnl_job__couples.parquet","U:\EUROMOD-STORAGE\Data\processed\fr\2016\fr_2016_RURO_mnl_job__couples.parquet","fr_2016_RURO_mnl_job__couples.parquet",".parquet","29388260","04-02-26 14:45:55"
"U:\EUROMOD-STORAGE","Data\processed\fr\2016\fr_2016_RURO_mnl_job__mnlmeta.json","U:\EUROMOD-STORAGE\Data\processed\fr\2016\fr_2016_RURO_mnl_job__mnlmeta.json","fr_2016_RURO_mnl_job__mnlmeta.json",".json","58728","04-02-26 14:45:55"
"U:\EUROMOD-STORAGE","Data\processed\fr\2016\fr_2016_RURO_mnl_job__singles.parquet","U:\EUROMOD-STORAGE\Data\processed\fr\2016\fr_2016_RURO_mnl_job__singles.parquet","fr_2016_RURO_mnl_job__singles.parquet",".parquet","8871904","04-02-26 14:45:54"
"U:\EUROMOD-STORAGE","Data\processed\fr\2016\fr_2016_singles.parquet","U:\EUROMOD-STORAGE\Data\processed\fr\2016\fr_2016_singles.parquet","fr_2016_singles.parquet",".parquet","2609390","05-02-26 14:00:11"
"U:\EUROMOD-STORAGE","Data\processed\fr\2016\fr_2016_singles_female.parquet","U:\EUROMOD-STORAGE\Data\processed\fr\2016\fr_2016_singles_female.parquet","fr_2016_singles_female.parquet",".parquet","1646125","05-02-26 14:00:12"
"U:\EUROMOD-STORAGE","Data\processed\fr\2016\fr_2016_singles_male.parquet","U:\EUROMOD-STORAGE\Data\processed\fr\2016\fr_2016_singles_male.parquet","fr_2016_singles_male.parquet",".parquet","1314066","05-02-26 14:00:13"
"U:\EUROMOD-STORAGE","Data\processed\fr\2016\job_model\job_universe_2016.parquet","U:\EUROMOD-STORAGE\Data\processed\fr\2016\job_model\job_universe_2016.parquet","job_universe_2016.parquet",".parquet","14972","04-02-26 20:27:43"
"U:\EUROMOD-STORAGE","Data\processed\fr\2016\job_model\job_universe_2016__meta.json","U:\EUROMOD-STORAGE\Data\processed\fr\2016\job_model\job_universe_2016__meta.json","job_universe_2016__meta.json",".json","1993","04-02-26 20:27:43"
"U:\EUROMOD-STORAGE","Data\processed\fr\2016\job_model_gmm\job_universe_2016.parquet","U:\EUROMOD-STORAGE\Data\processed\fr\2016\job_model_gmm\job_universe_2016.parquet","job_universe_2016.parquet",".parquet","12797","08-02-26 21:43:18"
"U:\EUROMOD-STORAGE","Data\processed\fr\2016\job_model_gmm\job_universe_2016__gmm_diagnostics.csv","U:\EUROMOD-STORAGE\Data\processed\fr\2016\job_model_gmm\job_universe_2016__gmm_diagnostics.csv","job_universe_2016__gmm_diagnostics.csv",".csv","1616","08-02-26 21:43:18"
"U:\EUROMOD-STORAGE","Data\processed\fr\2016\job_model_gmm\job_universe_2016__meta.json","U:\EUROMOD-STORAGE\Data\processed\fr\2016\job_model_gmm\job_universe_2016__meta.json","job_universe_2016__meta.json",".json","24784","08-02-26 21:43:18"
"U:\EUROMOD-STORAGE","Data\processed\fr\2016\singles_RURO_ready.parquet","U:\EUROMOD-STORAGE\Data\processed\fr\2016\singles_RURO_ready.parquet","singles_RURO_ready.parquet",".parquet","2705401","05-02-26 14:00:36"
"U:\EUROMOD-STORAGE","Data\processed\fr\2016\singles_RURO_ready__colgroups.json","U:\EUROMOD-STORAGE\Data\processed\fr\2016\singles_RURO_ready__colgroups.json","singles_RURO_ready__colgroups.json",".json","18196","05-02-26 14:00:37"
"U:\EUROMOD-STORAGE","Data\processed\fr\2016\singles_RURO_ready_jobdraws.parquet","U:\EUROMOD-STORAGE\Data\processed\fr\2016\singles_RURO_ready_jobdraws.parquet","singles_RURO_ready_jobdraws.parquet",".parquet","5811939","04-02-26 20:27:49"
"U:\EUROMOD-STORAGE","Data\processed\fr\2016\singles_RURO_ready_jobdraws__drawsmeta.json","U:\EUROMOD-STORAGE\Data\processed\fr\2016\singles_RURO_ready_jobdraws__drawsmeta.json","singles_RURO_ready_jobdraws__drawsmeta.json",".json","11757","04-02-26 20:27:49"
"U:\EUROMOD-STORAGE","Data\processed\fr\2016\singles_RURO_ready_RURO_draws.parquet","U:\EUROMOD-STORAGE\Data\processed\fr\2016\singles_RURO_ready_RURO_draws.parquet","singles_RURO_ready_RURO_draws.parquet",".parquet","13115349","05-02-26 14:00:44"
"U:\EUROMOD-STORAGE","Data\processed\fr\2016\singles_RURO_ready_RURO_draws__drawsmeta.json","U:\EUROMOD-STORAGE\Data\processed\fr\2016\singles_RURO_ready_RURO_draws__drawsmeta.json","singles_RURO_ready_RURO_draws__drawsmeta.json",".json","11595","05-02-26 14:00:44"
"U:\EUROMOD-STORAGE","gamspy\female_ascsOFF_q99\boxcox_female_ascsOFF_q99_confusion.csv","U:\EUROMOD-STORAGE\gamspy\female_ascsOFF_q99\boxcox_female_ascsOFF_q99_confusion.csv","boxcox_female_ascsOFF_q99_confusion.csv",".csv","178","24-11-25 18:55:03"
"U:\EUROMOD-STORAGE","gamspy\female_ascsOFF_q99\boxcox_female_ascsOFF_q99_meta.json","U:\EUROMOD-STORAGE\gamspy\female_ascsOFF_q99\boxcox_female_ascsOFF_q99_meta.json","boxcox_female_ascsOFF_q99_meta.json",".json","1904","24-11-25 18:55:03"
"U:\EUROMOD-STORAGE","gamspy\female_ascsOFF_q99\boxcox_female_ascsOFF_q99_mucmul_draws.csv","U:\EUROMOD-STORAGE\gamspy\female_ascsOFF_q99\boxcox_female_ascsOFF_q99_mucmul_draws.csv","boxcox_female_ascsOFF_q99_mucmul_draws.csv",".csv","114171","24-11-25 18:55:31"
"U:\EUROMOD-STORAGE","gamspy\female_ascsOFF_q99\boxcox_female_ascsOFF_q99_mucmul_summary.json","U:\EUROMOD-STORAGE\gamspy\female_ascsOFF_q99\boxcox_female_ascsOFF_q99_mucmul_summary.json","boxcox_female_ascsOFF_q99_mucmul_summary.json",".json","327","24-11-25 18:55:03"
"U:\EUROMOD-STORAGE","gamspy\female_ascsOFF_q99\boxcox_female_ascsOFF_q99_param_descriptions.json","U:\EUROMOD-STORAGE\gamspy\female_ascsOFF_q99\boxcox_female_ascsOFF_q99_param_descriptions.json","boxcox_female_ascsOFF_q99_param_descriptions.json",".json","568","24-11-25 18:55:03"
"U:\EUROMOD-STORAGE","gamspy\female_ascsOFF_q99\boxcox_female_ascsOFF_q99_param_labels.json","U:\EUROMOD-STORAGE\gamspy\female_ascsOFF_q99\boxcox_female_ascsOFF_q99_param_labels.json","boxcox_female_ascsOFF_q99_param_labels.json",".json","377","24-11-25 18:55:03"
"U:\EUROMOD-STORAGE","gamspy\female_ascsOFF_q99\boxcox_female_ascsOFF_q99_parameters.csv","U:\EUROMOD-STORAGE\gamspy\female_ascsOFF_q99\boxcox_female_ascsOFF_q99_parameters.csv","boxcox_female_ascsOFF_q99_parameters.csv",".csv","1255","24-11-25 18:55:03"
"U:\EUROMOD-STORAGE","gamspy\female_ascsOFF_q99\boxcox_female_ascsOFF_q99_util_decomp.csv","U:\EUROMOD-STORAGE\gamspy\female_ascsOFF_q99\boxcox_female_ascsOFF_q99_util_decomp.csv","boxcox_female_ascsOFF_q99_util_decomp.csv",".csv","348","24-11-25 18:55:31"
"U:\EUROMOD-STORAGE","gamspy\female_ascsOFF_q99\boxcox_female_gamspy_ascsOFF_q99_analysis.html","U:\EUROMOD-STORAGE\gamspy\female_ascsOFF_q99\boxcox_female_gamspy_ascsOFF_q99_analysis.html","boxcox_female_gamspy_ascsOFF_q99_analysis.html",".html","11638","26-11-25 12:36:55"
"U:\EUROMOD-STORAGE","gamspy\female_ascsOFF_q99\boxcox_female_gamspy_ascsOFF_q99_confusion.csv","U:\EUROMOD-STORAGE\gamspy\female_ascsOFF_q99\boxcox_female_gamspy_ascsOFF_q99_confusion.csv","boxcox_female_gamspy_ascsOFF_q99_confusion.csv",".csv","178","26-11-25 12:36:21"
"U:\EUROMOD-STORAGE","gamspy\female_ascsOFF_q99\boxcox_female_gamspy_ascsOFF_q99_meta.json","U:\EUROMOD-STORAGE\gamspy\female_ascsOFF_q99\boxcox_female_gamspy_ascsOFF_q99_meta.json","boxcox_female_gamspy_ascsOFF_q99_meta.json",".json","1929","26-11-25 12:36:21"
"U:\EUROMOD-STORAGE","gamspy\female_ascsOFF_q99\boxcox_female_gamspy_ascsOFF_q99_mucmul_draws.csv","U:\EUROMOD-STORAGE\gamspy\female_ascsOFF_q99\boxcox_female_gamspy_ascsOFF_q99_mucmul_draws.csv","boxcox_female_gamspy_ascsOFF_q99_mucmul_draws.csv",".csv","114833","26-11-25 12:36:54"
"U:\EUROMOD-STORAGE","gamspy\female_ascsOFF_q99\boxcox_female_gamspy_ascsOFF_q99_mucmul_summary.json","U:\EUROMOD-STORAGE\gamspy\female_ascsOFF_q99\boxcox_female_gamspy_ascsOFF_q99_mucmul_summary.json","boxcox_female_gamspy_ascsOFF_q99_mucmul_summary.json",".json","326","26-11-25 12:36:21"
"U:\EUROMOD-STORAGE","gamspy\female_ascsOFF_q99\boxcox_female_gamspy_ascsOFF_q99_param_descriptions.json","U:\EUROMOD-STORAGE\gamspy\female_ascsOFF_q99\boxcox_female_gamspy_ascsOFF_q99_param_descriptions.json","boxcox_female_gamspy_ascsOFF_q99_param_descriptions.json",".json","568","26-11-25 12:36:21"
"U:\EUROMOD-STORAGE","gamspy\female_ascsOFF_q99\boxcox_female_gamspy_ascsOFF_q99_param_labels.json","U:\EUROMOD-STORAGE\gamspy\female_ascsOFF_q99\boxcox_female_gamspy_ascsOFF_q99_param_labels.json","boxcox_female_gamspy_ascsOFF_q99_param_labels.json",".json","377","26-11-25 12:36:21"
"U:\EUROMOD-STORAGE","gamspy\female_ascsOFF_q99\boxcox_female_gamspy_ascsOFF_q99_parameters.csv","U:\EUROMOD-STORAGE\gamspy\female_ascsOFF_q99\boxcox_female_gamspy_ascsOFF_q99_parameters.csv","boxcox_female_gamspy_ascsOFF_q99_parameters.csv",".csv","1250","26-11-25 12:36:21"
"U:\EUROMOD-STORAGE","gamspy\female_ascsOFF_q99\boxcox_female_gamspy_ascsOFF_q99_util_decomp.csv","U:\EUROMOD-STORAGE\gamspy\female_ascsOFF_q99\boxcox_female_gamspy_ascsOFF_q99_util_decomp.csv","boxcox_female_gamspy_ascsOFF_q99_util_decomp.csv",".csv","343","26-11-25 12:36:54"
"U:\EUROMOD-STORAGE","gamspy\female_ascsOFF_q99\gamspy.html","U:\EUROMOD-STORAGE\gamspy\female_ascsOFF_q99\gamspy.html","gamspy.html",".html","10192","24-11-25 18:55:32"
"U:\EUROMOD-STORAGE","gamspy\female_ascsON_q99\boxcox_female_gamspy_ascsON_q99_analysis.html","U:\EUROMOD-STORAGE\gamspy\female_ascsON_q99\boxcox_female_gamspy_ascsON_q99_analysis.html","boxcox_female_gamspy_ascsON_q99_analysis.html",".html","13262","26-11-25 12:38:55"
"U:\EUROMOD-STORAGE","gamspy\female_ascsON_q99\boxcox_female_gamspy_ascsON_q99_confusion.csv","U:\EUROMOD-STORAGE\gamspy\female_ascsON_q99\boxcox_female_gamspy_ascsON_q99_confusion.csv","boxcox_female_gamspy_ascsON_q99_confusion.csv",".csv","176","26-11-25 12:38:23"
"U:\EUROMOD-STORAGE","gamspy\female_ascsON_q99\boxcox_female_gamspy_ascsON_q99_meta.json","U:\EUROMOD-STORAGE\gamspy\female_ascsON_q99\boxcox_female_gamspy_ascsON_q99_meta.json","boxcox_female_gamspy_ascsON_q99_meta.json",".json","2139","26-11-25 12:38:23"
"U:\EUROMOD-STORAGE","gamspy\female_ascsON_q99\boxcox_female_gamspy_ascsON_q99_mucmul_draws.csv","U:\EUROMOD-STORAGE\gamspy\female_ascsON_q99\boxcox_female_gamspy_ascsON_q99_mucmul_draws.csv","boxcox_female_gamspy_ascsON_q99_mucmul_draws.csv",".csv","125362","26-11-25 12:38:54"
"U:\EUROMOD-STORAGE","gamspy\female_ascsON_q99\boxcox_female_gamspy_ascsON_q99_mucmul_summary.json","U:\EUROMOD-STORAGE\gamspy\female_ascsON_q99\boxcox_female_gamspy_ascsON_q99_mucmul_summary.json","boxcox_female_gamspy_ascsON_q99_mucmul_summary.json",".json","329","26-11-25 12:38:23"
"U:\EUROMOD-STORAGE","gamspy\female_ascsON_q99\boxcox_female_gamspy_ascsON_q99_param_descriptions.json","U:\EUROMOD-STORAGE\gamspy\female_ascsON_q99\boxcox_female_gamspy_ascsON_q99_param_descriptions.json","boxcox_female_gamspy_ascsON_q99_param_descriptions.json",".json","850","26-11-25 12:38:23"
"U:\EUROMOD-STORAGE","gamspy\female_ascsON_q99\boxcox_female_gamspy_ascsON_q99_param_labels.json","U:\EUROMOD-STORAGE\gamspy\female_ascsON_q99\boxcox_female_gamspy_ascsON_q99_param_labels.json","boxcox_female_gamspy_ascsON_q99_param_labels.json",".json","515","26-11-25 12:38:23"
"U:\EUROMOD-STORAGE","gamspy\female_ascsON_q99\boxcox_female_gamspy_ascsON_q99_parameters.csv","U:\EUROMOD-STORAGE\gamspy\female_ascsON_q99\boxcox_female_gamspy_ascsON_q99_parameters.csv","boxcox_female_gamspy_ascsON_q99_parameters.csv",".csv","1998","26-11-25 12:38:23"
"U:\EUROMOD-STORAGE","gamspy\female_ascsON_q99\boxcox_female_gamspy_ascsON_q99_util_decomp.csv","U:\EUROMOD-STORAGE\gamspy\female_ascsON_q99\boxcox_female_gamspy_ascsON_q99_util_decomp.csv","boxcox_female_gamspy_ascsON_q99_util_decomp.csv",".csv","381","26-11-25 12:38:54"
"U:\EUROMOD-STORAGE","gamspy\male_ascsOFF_q99\boxcox_male_gamspy_ascsOFF_q99_analysis.html","U:\EUROMOD-STORAGE\gamspy\male_ascsOFF_q99\boxcox_male_gamspy_ascsOFF_q99_analysis.html","boxcox_male_gamspy_ascsOFF_q99_analysis.html",".html","11619","26-11-25 12:40:51"
"U:\EUROMOD-STORAGE","gamspy\male_ascsOFF_q99\boxcox_male_gamspy_ascsOFF_q99_confusion.csv","U:\EUROMOD-STORAGE\gamspy\male_ascsOFF_q99\boxcox_male_gamspy_ascsOFF_q99_confusion.csv","boxcox_male_gamspy_ascsOFF_q99_confusion.csv",".csv","169","26-11-25 12:40:14"
"U:\EUROMOD-STORAGE","gamspy\male_ascsOFF_q99\boxcox_male_gamspy_ascsOFF_q99_meta.json","U:\EUROMOD-STORAGE\gamspy\male_ascsOFF_q99\boxcox_male_gamspy_ascsOFF_q99_meta.json","boxcox_male_gamspy_ascsOFF_q99_meta.json",".json","1931","26-11-25 12:40:14"
"U:\EUROMOD-STORAGE","gamspy\male_ascsOFF_q99\boxcox_male_gamspy_ascsOFF_q99_mucmul_draws.csv","U:\EUROMOD-STORAGE\gamspy\male_ascsOFF_q99\boxcox_male_gamspy_ascsOFF_q99_mucmul_draws.csv","boxcox_male_gamspy_ascsOFF_q99_mucmul_draws.csv",".csv","89944","26-11-25 12:40:50"
"U:\EUROMOD-STORAGE","gamspy\male_ascsOFF_q99\boxcox_male_gamspy_ascsOFF_q99_mucmul_summary.json","U:\EUROMOD-STORAGE\gamspy\male_ascsOFF_q99\boxcox_male_gamspy_ascsOFF_q99_mucmul_summary.json","boxcox_male_gamspy_ascsOFF_q99_mucmul_summary.json",".json","327","26-11-25 12:40:14"
"U:\EUROMOD-STORAGE","gamspy\male_ascsOFF_q99\boxcox_male_gamspy_ascsOFF_q99_param_descriptions.json","U:\EUROMOD-STORAGE\gamspy\male_ascsOFF_q99\boxcox_male_gamspy_ascsOFF_q99_param_descriptions.json","boxcox_male_gamspy_ascsOFF_q99_param_descriptions.json",".json","568","26-11-25 12:40:14"
"U:\EUROMOD-STORAGE","gamspy\male_ascsOFF_q99\boxcox_male_gamspy_ascsOFF_q99_param_labels.json","U:\EUROMOD-STORAGE\gamspy\male_ascsOFF_q99\boxcox_male_gamspy_ascsOFF_q99_param_labels.json","boxcox_male_gamspy_ascsOFF_q99_param_labels.json",".json","377","26-11-25 12:40:14"
"U:\EUROMOD-STORAGE","gamspy\male_ascsOFF_q99\boxcox_male_gamspy_ascsOFF_q99_parameters.csv","U:\EUROMOD-STORAGE\gamspy\male_ascsOFF_q99\boxcox_male_gamspy_ascsOFF_q99_parameters.csv","boxcox_male_gamspy_ascsOFF_q99_parameters.csv",".csv","1238","26-11-25 12:40:14"
"U:\EUROMOD-STORAGE","gamspy\male_ascsOFF_q99\boxcox_male_gamspy_ascsOFF_q99_util_decomp.csv","U:\EUROMOD-STORAGE\gamspy\male_ascsOFF_q99\boxcox_male_gamspy_ascsOFF_q99_util_decomp.csv","boxcox_male_gamspy_ascsOFF_q99_util_decomp.csv",".csv","353","26-11-25 12:40:50"
"U:\EUROMOD-STORAGE","gamspy\male_ascsON_q99\boxcox_male_gamspy_ascsON_q99_analysis.html","U:\EUROMOD-STORAGE\gamspy\male_ascsON_q99\boxcox_male_gamspy_ascsON_q99_analysis.html","boxcox_male_gamspy_ascsON_q99_analysis.html",".html","13223","26-11-25 12:42:51"
"U:\EUROMOD-STORAGE","gamspy\male_ascsON_q99\boxcox_male_gamspy_ascsON_q99_confusion.csv","U:\EUROMOD-STORAGE\gamspy\male_ascsON_q99\boxcox_male_gamspy_ascsON_q99_confusion.csv","boxcox_male_gamspy_ascsON_q99_confusion.csv",".csv","171","26-11-25 12:42:14"
"U:\EUROMOD-STORAGE","gamspy\male_ascsON_q99\boxcox_male_gamspy_ascsON_q99_meta.json","U:\EUROMOD-STORAGE\gamspy\male_ascsON_q99\boxcox_male_gamspy_ascsON_q99_meta.json","boxcox_male_gamspy_ascsON_q99_meta.json",".json","2142","26-11-25 12:42:14"
"U:\EUROMOD-STORAGE","gamspy\male_ascsON_q99\boxcox_male_gamspy_ascsON_q99_mucmul_draws.csv","U:\EUROMOD-STORAGE\gamspy\male_ascsON_q99\boxcox_male_gamspy_ascsON_q99_mucmul_draws.csv","boxcox_male_gamspy_ascsON_q99_mucmul_draws.csv",".csv","99251","26-11-25 12:42:50"
"U:\EUROMOD-STORAGE","gamspy\male_ascsON_q99\boxcox_male_gamspy_ascsON_q99_mucmul_summary.json","U:\EUROMOD-STORAGE\gamspy\male_ascsON_q99\boxcox_male_gamspy_ascsON_q99_mucmul_summary.json","boxcox_male_gamspy_ascsON_q99_mucmul_summary.json",".json","327","26-11-25 12:42:14"
"U:\EUROMOD-STORAGE","gamspy\male_ascsON_q99\boxcox_male_gamspy_ascsON_q99_param_descriptions.json","U:\EUROMOD-STORAGE\gamspy\male_ascsON_q99\boxcox_male_gamspy_ascsON_q99_param_descriptions.json","boxcox_male_gamspy_ascsON_q99_param_descriptions.json",".json","850","26-11-25 12:42:14"
"U:\EUROMOD-STORAGE","gamspy\male_ascsON_q99\boxcox_male_gamspy_ascsON_q99_param_labels.json","U:\EUROMOD-STORAGE\gamspy\male_ascsON_q99\boxcox_male_gamspy_ascsON_q99_param_labels.json","boxcox_male_gamspy_ascsON_q99_param_labels.json",".json","515","26-11-25 12:42:14"
"U:\EUROMOD-STORAGE","gamspy\male_ascsON_q99\boxcox_male_gamspy_ascsON_q99_parameters.csv","U:\EUROMOD-STORAGE\gamspy\male_ascsON_q99\boxcox_male_gamspy_ascsON_q99_parameters.csv","boxcox_male_gamspy_ascsON_q99_parameters.csv",".csv","1960","26-11-25 12:42:14"
"U:\EUROMOD-STORAGE","gamspy\male_ascsON_q99\boxcox_male_gamspy_ascsON_q99_util_decomp.csv","U:\EUROMOD-STORAGE\gamspy\male_ascsON_q99\boxcox_male_gamspy_ascsON_q99_util_decomp.csv","boxcox_male_gamspy_ascsON_q99_util_decomp.csv",".csv","382","26-11-25 12:42:50"
"U:\EUROMOD-STORAGE","interim\ruro\fr\2016\job_model\scenarios\combined_draws_em.parquet","U:\EUROMOD-STORAGE\interim\ruro\fr\2016\job_model\scenarios\combined_draws_em.parquet","combined_draws_em.parquet",".parquet","206452185","04-02-26 20:29:57"
"U:\EUROMOD-STORAGE","interim\ruro\fr\2016\job_model\scenarios\combined_draws_em__euromodmeta.json","U:\EUROMOD-STORAGE\interim\ruro\fr\2016\job_model\scenarios\combined_draws_em__euromodmeta.json","combined_draws_em__euromodmeta.json",".json","512","04-02-26 20:29:47"
"U:\EUROMOD-STORAGE","interim\ruro\fr\scenarios_2016\combined_draws_em.parquet","U:\EUROMOD-STORAGE\interim\ruro\fr\scenarios_2016\combined_draws_em.parquet","combined_draws_em.parquet",".parquet","487884730","05-02-26 14:02:55"
"U:\EUROMOD-STORAGE","interim\ruro\fr\scenarios_2016\combined_draws_em__euromodmeta.json","U:\EUROMOD-STORAGE\interim\ruro\fr\scenarios_2016\combined_draws_em__euromodmeta.json","combined_draws_em__euromodmeta.json",".json","381","05-02-26 14:02:43"
"U:\EUROMOD-STORAGE","interim\ruro\fr\scenarios_2016_reduced\combined_draws_em.parquet","U:\EUROMOD-STORAGE\interim\ruro\fr\scenarios_2016_reduced\combined_draws_em.parquet","combined_draws_em.parquet",".parquet","66509736","16-01-26 17:59:22"
"U:\EUROMOD-STORAGE","old rep\biogeme\boxcox_biogeme\male_ascsOFF\boxcox_male_ascsOFF_confusion.csv","U:\EUROMOD-STORAGE\old rep\biogeme\boxcox_biogeme\male_ascsOFF\boxcox_male_ascsOFF_confusion.csv","boxcox_male_ascsOFF_confusion.csv",".csv","164","06-11-25 09:40:09"
"U:\EUROMOD-STORAGE","old rep\biogeme\boxcox_biogeme\male_ascsOFF\boxcox_male_ascsOFF_meta.json","U:\EUROMOD-STORAGE\old rep\biogeme\boxcox_biogeme\male_ascsOFF\boxcox_male_ascsOFF_meta.json","boxcox_male_ascsOFF_meta.json",".json","528","06-11-25 09:40:10"
"U:\EUROMOD-STORAGE","old rep\biogeme\boxcox_biogeme\male_ascsOFF\boxcox_male_ascsOFF_parameters.csv","U:\EUROMOD-STORAGE\old rep\biogeme\boxcox_biogeme\male_ascsOFF\boxcox_male_ascsOFF_parameters.csv","boxcox_male_ascsOFF_parameters.csv",".csv","811","06-11-25 09:40:09"
"U:\EUROMOD-STORAGE","old rep\biogeme\boxcox_biogeme\male_ascsOFF_q99\boxcox_male_ascsOFF_q99_confusion.csv","U:\EUROMOD-STORAGE\old rep\biogeme\boxcox_biogeme\male_ascsOFF_q99\boxcox_male_ascsOFF_q99_confusion.csv","boxcox_male_ascsOFF_q99_confusion.csv",".csv","164","06-11-25 16:04:56"
"U:\EUROMOD-STORAGE","old rep\biogeme\boxcox_biogeme\male_ascsOFF_q99\boxcox_male_ascsOFF_q99_meta.json","U:\EUROMOD-STORAGE\old rep\biogeme\boxcox_biogeme\male_ascsOFF_q99\boxcox_male_ascsOFF_q99_meta.json","boxcox_male_ascsOFF_q99_meta.json",".json","996","06-11-25 16:04:56"
"U:\EUROMOD-STORAGE","old rep\biogeme\boxcox_biogeme\male_ascsOFF_q99\boxcox_male_ascsOFF_q99_parameters.csv","U:\EUROMOD-STORAGE\old rep\biogeme\boxcox_biogeme\male_ascsOFF_q99\boxcox_male_ascsOFF_q99_parameters.csv","boxcox_male_ascsOFF_q99_parameters.csv",".csv","810","06-11-25 16:04:56"
"U:\EUROMOD-STORAGE","old rep\biogeme\boxcox_biogeme\male_ascsON\boxcox_male_ascsON_confusion.csv","U:\EUROMOD-STORAGE\old rep\biogeme\boxcox_biogeme\male_ascsON\boxcox_male_ascsON_confusion.csv","boxcox_male_ascsON_confusion.csv",".csv","167","06-11-25 09:21:19"
"U:\EUROMOD-STORAGE","old rep\biogeme\boxcox_biogeme\male_ascsON\boxcox_male_ascsON_meta.json","U:\EUROMOD-STORAGE\old rep\biogeme\boxcox_biogeme\male_ascsON\boxcox_male_ascsON_meta.json","boxcox_male_ascsON_meta.json",".json","524","06-11-25 09:21:19"
"U:\EUROMOD-STORAGE","old rep\biogeme\boxcox_biogeme\male_ascsON\boxcox_male_ascsON_parameters.csv","U:\EUROMOD-STORAGE\old rep\biogeme\boxcox_biogeme\male_ascsON\boxcox_male_ascsON_parameters.csv","boxcox_male_ascsON_parameters.csv",".csv","1284","06-11-25 09:21:19"
"U:\EUROMOD-STORAGE","old rep\biogeme\dcm_female_parameters.csv","U:\EUROMOD-STORAGE\old rep\biogeme\dcm_female_parameters.csv","dcm_female_parameters.csv",".csv","838","15-10-25 14:37:21"
"U:\EUROMOD-STORAGE","old rep\biogeme\dcm_male_parameters.csv","U:\EUROMOD-STORAGE\old rep\biogeme\dcm_male_parameters.csv","dcm_male_parameters.csv",".csv","848","15-10-25 14:37:15"
"U:\EUROMOD-STORAGE","old rep\biogeme\female\dcm_female.html","U:\EUROMOD-STORAGE\old rep\biogeme\female\dcm_female.html","dcm_female.html",".html","9686","15-10-25 17:41:49"
"U:\EUROMOD-STORAGE","old rep\biogeme\female\dcm_female_analysis.html","U:\EUROMOD-STORAGE\old rep\biogeme\female\dcm_female_analysis.html","dcm_female_analysis.html",".html","5416","16-10-25 11:50:45"
"U:\EUROMOD-STORAGE","old rep\biogeme\female\dcm_female_parameters.csv","U:\EUROMOD-STORAGE\old rep\biogeme\female\dcm_female_parameters.csv","dcm_female_parameters.csv",".csv","838","15-10-25 17:41:49"
"U:\EUROMOD-STORAGE","old rep\biogeme\female_ascsOFF\dcm_female_ascsOFF.html","U:\EUROMOD-STORAGE\old rep\biogeme\female_ascsOFF\dcm_female_ascsOFF.html","dcm_female_ascsOFF.html",".html","10598","22-10-25 13:57:08"
"U:\EUROMOD-STORAGE","old rep\biogeme\female_ascsOFF\dcm_female_ascsOFF_analysis.html","U:\EUROMOD-STORAGE\old rep\biogeme\female_ascsOFF\dcm_female_ascsOFF_analysis.html","dcm_female_ascsOFF_analysis.html",".html","7100","22-10-25 13:58:12"
"U:\EUROMOD-STORAGE","old rep\biogeme\female_ascsOFF\dcm_female_ascsOFF_param_descriptions.json","U:\EUROMOD-STORAGE\old rep\biogeme\female_ascsOFF\dcm_female_ascsOFF_param_descriptions.json","dcm_female_ascsOFF_param_descriptions.json",".json","728","22-10-25 13:57:08"
"U:\EUROMOD-STORAGE","old rep\biogeme\female_ascsOFF\dcm_female_ascsOFF_param_labels.json","U:\EUROMOD-STORAGE\old rep\biogeme\female_ascsOFF\dcm_female_ascsOFF_param_labels.json","dcm_female_ascsOFF_param_labels.json",".json","321","22-10-25 13:57:08"
"U:\EUROMOD-STORAGE","old rep\biogeme\female_ascsOFF\dcm_female_ascsOFF_parameters.csv","U:\EUROMOD-STORAGE\old rep\biogeme\female_ascsOFF\dcm_female_ascsOFF_parameters.csv","dcm_female_ascsOFF_parameters.csv",".csv","943","22-10-25 13:57:08"
"U:\EUROMOD-STORAGE","old rep\biogeme\female_ascsOFF_center_ys1000\dcm_female_ascsOFF_center_ys1000.html","U:\EUROMOD-STORAGE\old rep\biogeme\female_ascsOFF_center_ys1000\dcm_female_ascsOFF_center_ys1000.html","dcm_female_ascsOFF_center_ys1000.html",".html","10635","22-10-25 15:04:05"
"U:\EUROMOD-STORAGE","old rep\biogeme\female_ascsOFF_center_ys1000\dcm_female_ascsOFF_center_ys1000_analysis.html","U:\EUROMOD-STORAGE\old rep\biogeme\female_ascsOFF_center_ys1000\dcm_female_ascsOFF_center_ys1000_analysis.html","dcm_female_ascsOFF_center_ys1000_analysis.html",".html","7302","22-10-25 15:06:10"
"U:\EUROMOD-STORAGE","old rep\biogeme\female_ascsOFF_center_ys1000\dcm_female_ascsOFF_center_ys1000_param_descriptions.json","U:\EUROMOD-STORAGE\old rep\biogeme\female_ascsOFF_center_ys1000\dcm_female_ascsOFF_center_ys1000_param_descriptions.json","dcm_female_ascsOFF_center_ys1000_param_descriptions.json",".json","728","22-10-25 15:04:05"
"U:\EUROMOD-STORAGE","old rep\biogeme\female_ascsOFF_center_ys1000\dcm_female_ascsOFF_center_ys1000_param_labels.json","U:\EUROMOD-STORAGE\old rep\biogeme\female_ascsOFF_center_ys1000\dcm_female_ascsOFF_center_ys1000_param_labels.json","dcm_female_ascsOFF_center_ys1000_param_labels.json",".json","321","22-10-25 15:04:05"
"U:\EUROMOD-STORAGE","old rep\biogeme\female_ascsOFF_center_ys1000\dcm_female_ascsOFF_center_ys1000_parameters.csv","U:\EUROMOD-STORAGE\old rep\biogeme\female_ascsOFF_center_ys1000\dcm_female_ascsOFF_center_ys1000_parameters.csv","dcm_female_ascsOFF_center_ys1000_parameters.csv",".csv","940","22-10-25 15:04:05"
"U:\EUROMOD-STORAGE","old rep\biogeme\female_ascsOFF_center_ys1000\dcm_female_ascsOFF_center_ys1000_transform_meta.json","U:\EUROMOD-STORAGE\old rep\biogeme\female_ascsOFF_center_ys1000\dcm_female_ascsOFF_center_ys1000_transform_meta.json","dcm_female_ascsOFF_center_ys1000_transform_meta.json",".json","271","22-10-25 15:04:05"
"U:\EUROMOD-STORAGE","old rep\biogeme\female_ascsON\dcm_female_ascsON.html","U:\EUROMOD-STORAGE\old rep\biogeme\female_ascsON\dcm_female_ascsON.html","dcm_female_ascsON.html",".html","19898","22-10-25 12:32:25"
"U:\EUROMOD-STORAGE","old rep\biogeme\female_ascsON\dcm_female_ascsON_analysis.html","U:\EUROMOD-STORAGE\old rep\biogeme\female_ascsON\dcm_female_ascsON_analysis.html","dcm_female_ascsON_analysis.html",".html","8592","22-10-25 12:53:22"
"U:\EUROMOD-STORAGE","old rep\biogeme\female_ascsON\dcm_female_ascsON_param_descriptions.json","U:\EUROMOD-STORAGE\old rep\biogeme\female_ascsON\dcm_female_ascsON_param_descriptions.json","dcm_female_ascsON_param_descriptions.json",".json","1400","22-10-25 12:32:25"
"U:\EUROMOD-STORAGE","old rep\biogeme\female_ascsON\dcm_female_ascsON_param_labels.json","U:\EUROMOD-STORAGE\old rep\biogeme\female_ascsON\dcm_female_ascsON_param_labels.json","dcm_female_ascsON_param_labels.json",".json","321","22-10-25 12:32:25"
"U:\EUROMOD-STORAGE","old rep\biogeme\female_ascsON\dcm_female_ascsON_parameters.csv","U:\EUROMOD-STORAGE\old rep\biogeme\female_ascsON\dcm_female_ascsON_parameters.csv","dcm_female_ascsON_parameters.csv",".csv","1494","22-10-25 12:32:25"
"U:\EUROMOD-STORAGE","old rep\biogeme\female_ascsON_center_ys1000\dcm_female_ascsON_center_ys1000.html","U:\EUROMOD-STORAGE\old rep\biogeme\female_ascsON_center_ys1000\dcm_female_ascsON_center_ys1000.html","dcm_female_ascsON_center_ys1000.html",".html","19937","22-10-25 14:57:01"
"U:\EUROMOD-STORAGE","old rep\biogeme\female_ascsON_center_ys1000\dcm_female_ascsON_center_ys1000_analysis.html","U:\EUROMOD-STORAGE\old rep\biogeme\female_ascsON_center_ys1000\dcm_female_ascsON_center_ys1000_analysis.html","dcm_female_ascsON_center_ys1000_analysis.html",".html","8793","22-10-25 15:01:26"
"U:\EUROMOD-STORAGE","old rep\biogeme\female_ascsON_center_ys1000\dcm_female_ascsON_center_ys1000_param_descriptions.json","U:\EUROMOD-STORAGE\old rep\biogeme\female_ascsON_center_ys1000\dcm_female_ascsON_center_ys1000_param_descriptions.json","dcm_female_ascsON_center_ys1000_param_descriptions.json",".json","1400","22-10-25 14:57:02"
"U:\EUROMOD-STORAGE","old rep\biogeme\female_ascsON_center_ys1000\dcm_female_ascsON_center_ys1000_param_labels.json","U:\EUROMOD-STORAGE\old rep\biogeme\female_ascsON_center_ys1000\dcm_female_ascsON_center_ys1000_param_labels.json","dcm_female_ascsON_center_ys1000_param_labels.json",".json","321","22-10-25 14:57:02"
"U:\EUROMOD-STORAGE","old rep\biogeme\female_ascsON_center_ys1000\dcm_female_ascsON_center_ys1000_parameters.csv","U:\EUROMOD-STORAGE\old rep\biogeme\female_ascsON_center_ys1000\dcm_female_ascsON_center_ys1000_parameters.csv","dcm_female_ascsON_center_ys1000_parameters.csv",".csv","1490","22-10-25 14:57:01"
"U:\EUROMOD-STORAGE","old rep\biogeme\female_ascsON_center_ys1000\dcm_female_ascsON_center_ys1000_transform_meta.json","U:\EUROMOD-STORAGE\old rep\biogeme\female_ascsON_center_ys1000\dcm_female_ascsON_center_ys1000_transform_meta.json","dcm_female_ascsON_center_ys1000_transform_meta.json",".json","270","22-10-25 14:57:01"
"U:\EUROMOD-STORAGE","old rep\biogeme\male\dcm_male.html","U:\EUROMOD-STORAGE\old rep\biogeme\male\dcm_male.html","dcm_male.html",".html","9651","15-10-25 17:41:37"
"U:\EUROMOD-STORAGE","old rep\biogeme\male\dcm_male_analysis.html","U:\EUROMOD-STORAGE\old rep\biogeme\male\dcm_male_analysis.html","dcm_male_analysis.html",".html","5211","16-10-25 11:50:44"
"U:\EUROMOD-STORAGE","old rep\biogeme\male\dcm_male_parameters.csv","U:\EUROMOD-STORAGE\old rep\biogeme\male\dcm_male_parameters.csv","dcm_male_parameters.csv",".csv","848","15-10-25 17:41:37"
"U:\EUROMOD-STORAGE","old rep\biogeme\male_ascsOFF\dcm_male_ascsOFF.html","U:\EUROMOD-STORAGE\old rep\biogeme\male_ascsOFF\dcm_male_ascsOFF.html","dcm_male_ascsOFF.html",".html","10579","22-10-25 12:51:42"
"U:\EUROMOD-STORAGE","old rep\biogeme\male_ascsOFF\dcm_male_ascsOFF_analysis.html","U:\EUROMOD-STORAGE\old rep\biogeme\male_ascsOFF\dcm_male_ascsOFF_analysis.html","dcm_male_ascsOFF_analysis.html",".html","6893","22-10-25 13:58:10"
"U:\EUROMOD-STORAGE","old rep\biogeme\male_ascsOFF\dcm_male_ascsOFF_param_descriptions.json","U:\EUROMOD-STORAGE\old rep\biogeme\male_ascsOFF\dcm_male_ascsOFF_param_descriptions.json","dcm_male_ascsOFF_param_descriptions.json",".json","728","22-10-25 12:51:43"
"U:\EUROMOD-STORAGE","old rep\biogeme\male_ascsOFF\dcm_male_ascsOFF_param_labels.json","U:\EUROMOD-STORAGE\old rep\biogeme\male_ascsOFF\dcm_male_ascsOFF_param_labels.json","dcm_male_ascsOFF_param_labels.json",".json","321","22-10-25 12:51:43"
"U:\EUROMOD-STORAGE","old rep\biogeme\male_ascsOFF\dcm_male_ascsOFF_parameters.csv","U:\EUROMOD-STORAGE\old rep\biogeme\male_ascsOFF\dcm_male_ascsOFF_parameters.csv","dcm_male_ascsOFF_parameters.csv",".csv","957","22-10-25 12:51:43"
"U:\EUROMOD-STORAGE","old rep\biogeme\male_ascsOFF_center_ys1000\dcm_male_ascsOFF_center_ys1000.html","U:\EUROMOD-STORAGE\old rep\biogeme\male_ascsOFF_center_ys1000\dcm_male_ascsOFF_center_ys1000.html","dcm_male_ascsOFF_center_ys1000.html",".html","10595","22-10-25 15:10:41"
"U:\EUROMOD-STORAGE","old rep\biogeme\male_ascsOFF_center_ys1000\dcm_male_ascsOFF_center_ys1000_analysis.html","U:\EUROMOD-STORAGE\old rep\biogeme\male_ascsOFF_center_ys1000\dcm_male_ascsOFF_center_ys1000_analysis.html","dcm_male_ascsOFF_center_ys1000_analysis.html",".html","7094","22-10-25 15:13:11"
"U:\EUROMOD-STORAGE","old rep\biogeme\male_ascsOFF_center_ys1000\dcm_male_ascsOFF_center_ys1000_param_descriptions.json","U:\EUROMOD-STORAGE\old rep\biogeme\male_ascsOFF_center_ys1000\dcm_male_ascsOFF_center_ys1000_param_descriptions.json","dcm_male_ascsOFF_center_ys1000_param_descriptions.json",".json","728","22-10-25 15:10:41"
"U:\EUROMOD-STORAGE","old rep\biogeme\male_ascsOFF_center_ys1000\dcm_male_ascsOFF_center_ys1000_param_labels.json","U:\EUROMOD-STORAGE\old rep\biogeme\male_ascsOFF_center_ys1000\dcm_male_ascsOFF_center_ys1000_param_labels.json","dcm_male_ascsOFF_center_ys1000_param_labels.json",".json","321","22-10-25 15:10:41"
"U:\EUROMOD-STORAGE","old rep\biogeme\male_ascsOFF_center_ys1000\dcm_male_ascsOFF_center_ys1000_parameters.csv","U:\EUROMOD-STORAGE\old rep\biogeme\male_ascsOFF_center_ys1000\dcm_male_ascsOFF_center_ys1000_parameters.csv","dcm_male_ascsOFF_center_ys1000_parameters.csv",".csv","956","22-10-25 15:10:41"
"U:\EUROMOD-STORAGE","old rep\biogeme\male_ascsOFF_center_ys1000\dcm_male_ascsOFF_center_ys1000_transform_meta.json","U:\EUROMOD-STORAGE\old rep\biogeme\male_ascsOFF_center_ys1000\dcm_male_ascsOFF_center_ys1000_transform_meta.json","dcm_male_ascsOFF_center_ys1000_transform_meta.json",".json","270","22-10-25 15:10:41"
"U:\EUROMOD-STORAGE","old rep\biogeme\male_ascsON\dcm_male_ascsON.html","U:\EUROMOD-STORAGE\old rep\biogeme\male_ascsON\dcm_male_ascsON.html","dcm_male_ascsON.html",".html","19764","22-10-25 12:32:07"
"U:\EUROMOD-STORAGE","old rep\biogeme\male_ascsON\dcm_male_ascsON_analysis.html","U:\EUROMOD-STORAGE\old rep\biogeme\male_ascsON\dcm_male_ascsON_analysis.html","dcm_male_ascsON_analysis.html",".html","8213","22-10-25 12:46:16"
"U:\EUROMOD-STORAGE","old rep\biogeme\male_ascsON\dcm_male_ascsON_param_descriptions.json","U:\EUROMOD-STORAGE\old rep\biogeme\male_ascsON\dcm_male_ascsON_param_descriptions.json","dcm_male_ascsON_param_descriptions.json",".json","1400","22-10-25 12:32:07"
"U:\EUROMOD-STORAGE","old rep\biogeme\male_ascsON\dcm_male_ascsON_param_labels.json","U:\EUROMOD-STORAGE\old rep\biogeme\male_ascsON\dcm_male_ascsON_param_labels.json","dcm_male_ascsON_param_labels.json",".json","321","22-10-25 12:32:07"
"U:\EUROMOD-STORAGE","old rep\biogeme\male_ascsON\dcm_male_ascsON_parameters.csv","U:\EUROMOD-STORAGE\old rep\biogeme\male_ascsON\dcm_male_ascsON_parameters.csv","dcm_male_ascsON_parameters.csv",".csv","1504","22-10-25 12:32:07"
"U:\EUROMOD-STORAGE","old rep\biogeme\male_ascsON_center_ys1000\dcm_male_ascsON_center_ys1000.html","U:\EUROMOD-STORAGE\old rep\biogeme\male_ascsON_center_ys1000\dcm_male_ascsON_center_ys1000.html","dcm_male_ascsON_center_ys1000.html",".html","19824","22-10-25 14:56:43"
"U:\EUROMOD-STORAGE","old rep\biogeme\male_ascsON_center_ys1000\dcm_male_ascsON_center_ys1000_analysis.html","U:\EUROMOD-STORAGE\old rep\biogeme\male_ascsON_center_ys1000\dcm_male_ascsON_center_ys1000_analysis.html","dcm_male_ascsON_center_ys1000_analysis.html",".html","8413","22-10-25 15:01:25"
"U:\EUROMOD-STORAGE","old rep\biogeme\male_ascsON_center_ys1000\dcm_male_ascsON_center_ys1000_param_descriptions.json","U:\EUROMOD-STORAGE\old rep\biogeme\male_ascsON_center_ys1000\dcm_male_ascsON_center_ys1000_param_descriptions.json","dcm_male_ascsON_center_ys1000_param_descriptions.json",".json","1400","22-10-25 14:56:43"
"U:\EUROMOD-STORAGE","old rep\biogeme\male_ascsON_center_ys1000\dcm_male_ascsON_center_ys1000_param_labels.json","U:\EUROMOD-STORAGE\old rep\biogeme\male_ascsON_center_ys1000\dcm_male_ascsON_center_ys1000_param_labels.json","dcm_male_ascsON_center_ys1000_param_labels.json",".json","321","22-10-25 14:56:43"
"U:\EUROMOD-STORAGE","old rep\biogeme\male_ascsON_center_ys1000\dcm_male_ascsON_center_ys1000_parameters.csv","U:\EUROMOD-STORAGE\old rep\biogeme\male_ascsON_center_ys1000\dcm_male_ascsON_center_ys1000_parameters.csv","dcm_male_ascsON_center_ys1000_parameters.csv",".csv","1484","22-10-25 14:56:43"
"U:\EUROMOD-STORAGE","old rep\biogeme\male_ascsON_center_ys1000\dcm_male_ascsON_center_ys1000_transform_meta.json","U:\EUROMOD-STORAGE\old rep\biogeme\male_ascsON_center_ys1000\dcm_male_ascsON_center_ys1000_transform_meta.json","dcm_male_ascsON_center_ys1000_transform_meta.json",".json","269","22-10-25 14:56:43"
"U:\EUROMOD-STORAGE","old rep\biogeme\pooled_ascsOFF_center_ys1000\dcm_pooled_ascsOFF_center_ys1000.html","U:\EUROMOD-STORAGE\old rep\biogeme\pooled_ascsOFF_center_ys1000\dcm_pooled_ascsOFF_center_ys1000.html","dcm_pooled_ascsOFF_center_ys1000.html",".html","29202","24-10-25 11:46:56"
"U:\EUROMOD-STORAGE","old rep\biogeme\pooled_ascsOFF_center_ys1000\dcm_pooled_ascsOFF_center_ys1000_param_descriptions.json","U:\EUROMOD-STORAGE\old rep\biogeme\pooled_ascsOFF_center_ys1000\dcm_pooled_ascsOFF_center_ys1000_param_descriptions.json","dcm_pooled_ascsOFF_center_ys1000_param_descriptions.json",".json","1251","24-10-25 11:46:56"
"U:\EUROMOD-STORAGE","old rep\biogeme\pooled_ascsOFF_center_ys1000\dcm_pooled_ascsOFF_center_ys1000_param_labels.json","U:\EUROMOD-STORAGE\old rep\biogeme\pooled_ascsOFF_center_ys1000\dcm_pooled_ascsOFF_center_ys1000_param_labels.json","dcm_pooled_ascsOFF_center_ys1000_param_labels.json",".json","726","24-10-25 11:46:56"
"U:\EUROMOD-STORAGE","old rep\biogeme\pooled_ascsOFF_center_ys1000\dcm_pooled_ascsOFF_center_ys1000_parameters.csv","U:\EUROMOD-STORAGE\old rep\biogeme\pooled_ascsOFF_center_ys1000\dcm_pooled_ascsOFF_center_ys1000_parameters.csv","dcm_pooled_ascsOFF_center_ys1000_parameters.csv",".csv","1913","24-10-25 11:46:56"
"U:\EUROMOD-STORAGE","old rep\biogeme\pooled_ascsOFF_center_ys1000\dcm_pooled_ascsOFF_center_ys1000_transform_meta.json","U:\EUROMOD-STORAGE\old rep\biogeme\pooled_ascsOFF_center_ys1000\dcm_pooled_ascsOFF_center_ys1000_transform_meta.json","dcm_pooled_ascsOFF_center_ys1000_transform_meta.json",".json","318","24-10-25 11:46:56"
"U:\EUROMOD-STORAGE","old rep\biogeme\pooled_ascsON_center_ys1000\dcm_pooled_ascsON_center_ys1000.html","U:\EUROMOD-STORAGE\old rep\biogeme\pooled_ascsON_center_ys1000\dcm_pooled_ascsON_center_ys1000.html","dcm_pooled_ascsON_center_ys1000.html",".html","45866","24-10-25 12:10:07"
"U:\EUROMOD-STORAGE","old rep\biogeme\pooled_ascsON_center_ys1000\dcm_pooled_ascsON_center_ys1000_analysis.html","U:\EUROMOD-STORAGE\old rep\biogeme\pooled_ascsON_center_ys1000\dcm_pooled_ascsON_center_ys1000_analysis.html","dcm_pooled_ascsON_center_ys1000_analysis.html",".html","13200","24-10-25 17:32:36"
"U:\EUROMOD-STORAGE","old rep\biogeme\pooled_ascsON_center_ys1000\dcm_pooled_ascsON_center_ys1000_param_descriptions.json","U:\EUROMOD-STORAGE\old rep\biogeme\pooled_ascsON_center_ys1000\dcm_pooled_ascsON_center_ys1000_param_descriptions.json","dcm_pooled_ascsON_center_ys1000_param_descriptions.json",".json","1923","24-10-25 12:10:07"
"U:\EUROMOD-STORAGE","old rep\biogeme\pooled_ascsON_center_ys1000\dcm_pooled_ascsON_center_ys1000_param_labels.json","U:\EUROMOD-STORAGE\old rep\biogeme\pooled_ascsON_center_ys1000\dcm_pooled_ascsON_center_ys1000_param_labels.json","dcm_pooled_ascsON_center_ys1000_param_labels.json",".json","726","24-10-25 12:10:07"
"U:\EUROMOD-STORAGE","old rep\biogeme\pooled_ascsON_center_ys1000\dcm_pooled_ascsON_center_ys1000_parameters.csv","U:\EUROMOD-STORAGE\old rep\biogeme\pooled_ascsON_center_ys1000\dcm_pooled_ascsON_center_ys1000_parameters.csv","dcm_pooled_ascsON_center_ys1000_parameters.csv",".csv","2451","24-10-25 12:10:07"
"U:\EUROMOD-STORAGE","old rep\biogeme\pooled_ascsON_center_ys1000\dcm_pooled_ascsON_center_ys1000_transform_meta.json","U:\EUROMOD-STORAGE\old rep\biogeme\pooled_ascsON_center_ys1000\dcm_pooled_ascsON_center_ys1000_transform_meta.json","dcm_pooled_ascsON_center_ys1000_transform_meta.json",".json","317","24-10-25 12:10:07"
"U:\EUROMOD-STORAGE","old rep\mle_dcm\boxcox\male_ascsOFF_q99\boxcox_male_ascsOFF_q99_confusion.csv","U:\EUROMOD-STORAGE\old rep\mle_dcm\boxcox\male_ascsOFF_q99\boxcox_male_ascsOFF_q99_confusion.csv","boxcox_male_ascsOFF_q99_confusion.csv",".csv","164","07-11-25 09:10:25"
"U:\EUROMOD-STORAGE","old rep\mle_dcm\boxcox\male_ascsOFF_q99\boxcox_male_ascsOFF_q99_meta.json","U:\EUROMOD-STORAGE\old rep\mle_dcm\boxcox\male_ascsOFF_q99\boxcox_male_ascsOFF_q99_meta.json","boxcox_male_ascsOFF_q99_meta.json",".json","1697","07-11-25 09:10:25"
"U:\EUROMOD-STORAGE","old rep\mle_dcm\boxcox\male_ascsOFF_q99\boxcox_male_ascsOFF_q99_mucmul_draws.csv","U:\EUROMOD-STORAGE\old rep\mle_dcm\boxcox\male_ascsOFF_q99\boxcox_male_ascsOFF_q99_mucmul_draws.csv","boxcox_male_ascsOFF_q99_mucmul_draws.csv",".csv","163387","07-11-25 09:10:25"
"U:\EUROMOD-STORAGE","old rep\mle_dcm\boxcox\male_ascsOFF_q99\boxcox_male_ascsOFF_q99_mucmul_summary.json","U:\EUROMOD-STORAGE\old rep\mle_dcm\boxcox\male_ascsOFF_q99\boxcox_male_ascsOFF_q99_mucmul_summary.json","boxcox_male_ascsOFF_q99_mucmul_summary.json",".json","327","07-11-25 09:10:25"
"U:\EUROMOD-STORAGE","old rep\mle_dcm\boxcox\male_ascsOFF_q99\boxcox_male_ascsOFF_q99_param_descriptions.json","U:\EUROMOD-STORAGE\old rep\mle_dcm\boxcox\male_ascsOFF_q99\boxcox_male_ascsOFF_q99_param_descriptions.json","boxcox_male_ascsOFF_q99_param_descriptions.json",".json","568","07-11-25 09:10:25"
"U:\EUROMOD-STORAGE","old rep\mle_dcm\boxcox\male_ascsOFF_q99\boxcox_male_ascsOFF_q99_param_labels.json","U:\EUROMOD-STORAGE\old rep\mle_dcm\boxcox\male_ascsOFF_q99\boxcox_male_ascsOFF_q99_param_labels.json","boxcox_male_ascsOFF_q99_param_labels.json",".json","377","07-11-25 09:10:25"
"U:\EUROMOD-STORAGE","old rep\mle_dcm\boxcox\male_ascsOFF_q99\boxcox_male_ascsOFF_q99_parameters.csv","U:\EUROMOD-STORAGE\old rep\mle_dcm\boxcox\male_ascsOFF_q99\boxcox_male_ascsOFF_q99_parameters.csv","boxcox_male_ascsOFF_q99_parameters.csv",".csv","1211","07-11-25 09:10:25"
"U:\EUROMOD-STORAGE","old rep\mle_dcm\mle_male_ascsOFF.csv","U:\EUROMOD-STORAGE\old rep\mle_dcm\mle_male_ascsOFF.csv","mle_male_ascsOFF.csv",".csv","296","22-10-25 15:45:38"
"U:\EUROMOD-STORAGE","old_Data_results\detailed_estimates\fr_2016_joint.json","U:\EUROMOD-STORAGE\old_Data_results\detailed_estimates\fr_2016_joint.json","fr_2016_joint.json",".json","7522","08-12-25 19:08:46"
"U:\EUROMOD-STORAGE","old_Data_results\detailed_estimates\v2_backward_compat_test\parameters.csv","U:\EUROMOD-STORAGE\old_Data_results\detailed_estimates\v2_backward_compat_test\parameters.csv","parameters.csv",".csv","2677","08-12-25 12:55:42"
"U:\EUROMOD-STORAGE","old_Data_results\detailed_estimates\v2_backward_compat_test\post_estimation_report.html","U:\EUROMOD-STORAGE\old_Data_results\detailed_estimates\v2_backward_compat_test\post_estimation_report.html","post_estimation_report.html",".html","24146","08-12-25 12:55:41"
"U:\EUROMOD-STORAGE","old_Data_results\detailed_estimates\v2_cleaned\vw_joint_elasticities.csv","U:\EUROMOD-STORAGE\old_Data_results\detailed_estimates\v2_cleaned\vw_joint_elasticities.csv","vw_joint_elasticities.csv",".csv","416","08-12-25 14:18:06"
"U:\EUROMOD-STORAGE","old_Data_results\detailed_estimates\v2_cleaned\vw_joint_params.csv","U:\EUROMOD-STORAGE\old_Data_results\detailed_estimates\v2_cleaned\vw_joint_params.csv","vw_joint_params.csv",".csv","2677","08-12-25 14:18:06"
"U:\EUROMOD-STORAGE","old_Data_results\detailed_estimates\v2_cleaned\vw_joint_post_estimation_report.html","U:\EUROMOD-STORAGE\old_Data_results\detailed_estimates\v2_cleaned\vw_joint_post_estimation_report.html","vw_joint_post_estimation_report.html",".html","37437","08-12-25 14:18:05"
"U:\EUROMOD-STORAGE","old_Data_results\detailed_estimates\v2_contours_test\parameters.csv","U:\EUROMOD-STORAGE\old_Data_results\detailed_estimates\v2_contours_test\parameters.csv","parameters.csv",".csv","2677","08-12-25 13:15:43"
"U:\EUROMOD-STORAGE","old_Data_results\detailed_estimates\v2_contours_test\post_estimation_report.html","U:\EUROMOD-STORAGE\old_Data_results\detailed_estimates\v2_contours_test\post_estimation_report.html","post_estimation_report.html",".html","37448","08-12-25 13:15:43"
"U:\EUROMOD-STORAGE","old_Data_results\detailed_estimates\v2_enhanced_test\parameters.csv","U:\EUROMOD-STORAGE\old_Data_results\detailed_estimates\v2_enhanced_test\parameters.csv","parameters.csv",".csv","2677","08-12-25 13:03:42"
"U:\EUROMOD-STORAGE","old_Data_results\detailed_estimates\v2_enhanced_test\post_estimation_report.html","U:\EUROMOD-STORAGE\old_Data_results\detailed_estimates\v2_enhanced_test\post_estimation_report.html","post_estimation_report.html",".html","36366","08-12-25 13:03:42"
"U:\EUROMOD-STORAGE","old_Data_results\detailed_estimates\v2_final_contours\parameters.csv","U:\EUROMOD-STORAGE\old_Data_results\detailed_estimates\v2_final_contours\parameters.csv","parameters.csv",".csv","2677","08-12-25 13:19:56"
"U:\EUROMOD-STORAGE","old_Data_results\detailed_estimates\v2_final_contours\post_estimation_report.html","U:\EUROMOD-STORAGE\old_Data_results\detailed_estimates\v2_final_contours\post_estimation_report.html","post_estimation_report.html",".html","37329","08-12-25 13:19:56"
"U:\EUROMOD-STORAGE","old_Data_results\detailed_estimates\v2_final_test\parameters.csv","U:\EUROMOD-STORAGE\old_Data_results\detailed_estimates\v2_final_test\parameters.csv","parameters.csv",".csv","2677","08-12-25 11:56:02"
"U:\EUROMOD-STORAGE","old_Data_results\detailed_estimates\v2_final_test\post_estimation_report.html","U:\EUROMOD-STORAGE\old_Data_results\detailed_estimates\v2_final_test\post_estimation_report.html","post_estimation_report.html",".html","13230","08-12-25 11:56:02"
"U:\EUROMOD-STORAGE","old_Data_results\detailed_estimates\v2_full_test\parameters.csv","U:\EUROMOD-STORAGE\old_Data_results\detailed_estimates\v2_full_test\parameters.csv","parameters.csv",".csv","2677","08-12-25 11:41:24"
"U:\EUROMOD-STORAGE","old_Data_results\detailed_estimates\v2_full_test\post_estimation_report.html","U:\EUROMOD-STORAGE\old_Data_results\detailed_estimates\v2_full_test\post_estimation_report.html","post_estimation_report.html",".html","16535","08-12-25 11:41:24"
"U:\EUROMOD-STORAGE","old_Data_results\detailed_estimates\v2_test\parameters.csv","U:\EUROMOD-STORAGE\old_Data_results\detailed_estimates\v2_test\parameters.csv","parameters.csv",".csv","4576","08-12-25 11:25:31"
"U:\EUROMOD-STORAGE","old_Data_results\detailed_estimates\v2_test\post_estimation_report.html","U:\EUROMOD-STORAGE\old_Data_results\detailed_estimates\v2_test\post_estimation_report.html","post_estimation_report.html",".html","16263","08-12-25 11:25:31"
"U:\EUROMOD-STORAGE","old_Data_results\detailed_estimates\v2_test_report\parameters.csv","U:\EUROMOD-STORAGE\old_Data_results\detailed_estimates\v2_test_report\parameters.csv","parameters.csv",".csv","2677","08-12-25 12:54:52"
"U:\EUROMOD-STORAGE","old_Data_results\detailed_estimates\v2_test_report\post_estimation_report.html","U:\EUROMOD-STORAGE\old_Data_results\detailed_estimates\v2_test_report\post_estimation_report.html","post_estimation_report.html",".html","24156","08-12-25 12:54:52"
"U:\EUROMOD-STORAGE","old_Data_results\detailed_estimates\v2_with_prefix\vw_elasticities.csv","U:\EUROMOD-STORAGE\old_Data_results\detailed_estimates\v2_with_prefix\vw_elasticities.csv","vw_elasticities.csv",".csv","416","08-12-25 13:25:11"
"U:\EUROMOD-STORAGE","old_Data_results\detailed_estimates\v2_with_prefix\vw_params.csv","U:\EUROMOD-STORAGE\old_Data_results\detailed_estimates\v2_with_prefix\vw_params.csv","vw_params.csv",".csv","2677","08-12-25 13:25:11"
"U:\EUROMOD-STORAGE","old_Data_results\detailed_estimates\v2_with_prefix\vw_post_estimation_report.html","U:\EUROMOD-STORAGE\old_Data_results\detailed_estimates\v2_with_prefix\vw_post_estimation_report.html","vw_post_estimation_report.html",".html","37365","08-12-25 13:25:11"
"U:\EUROMOD-STORAGE","old_Data_results\detailed_estimates\vw_joint_elasticities.csv","U:\EUROMOD-STORAGE\old_Data_results\detailed_estimates\vw_joint_elasticities.csv","vw_joint_elasticities.csv",".csv","414","08-12-25 19:08:50"
"U:\EUROMOD-STORAGE","old_Data_results\detailed_estimates\vw_joint_params.csv","U:\EUROMOD-STORAGE\old_Data_results\detailed_estimates\vw_joint_params.csv","vw_joint_params.csv",".csv","2304","08-12-25 19:08:50"
"U:\EUROMOD-STORAGE","old_Data_results\detailed_estimates\vw_joint_post_estimation_report.html","U:\EUROMOD-STORAGE\old_Data_results\detailed_estimates\vw_joint_post_estimation_report.html","vw_joint_post_estimation_report.html",".html","40157","08-12-25 19:08:50"
"U:\EUROMOD-STORAGE","old_Data_results\old_data\couples_filtering_final.parquet","U:\EUROMOD-STORAGE\old_Data_results\old_data\couples_filtering_final.parquet","couples_filtering_final.parquet",".parquet","913136","22-10-25 12:28:31"
"U:\EUROMOD-STORAGE","old_Data_results\old_data\de\2014\couples_filtering_final.parquet","U:\EUROMOD-STORAGE\old_Data_results\old_data\de\2014\couples_filtering_final.parquet","couples_filtering_final.parquet",".parquet","984556","28-11-25 14:13:43"
"U:\EUROMOD-STORAGE","old_Data_results\old_data\de\2014\couples_RURO_ready.parquet","U:\EUROMOD-STORAGE\old_Data_results\old_data\de\2014\couples_RURO_ready.parquet","couples_RURO_ready.parquet",".parquet","1041919","28-11-25 14:49:07"
"U:\EUROMOD-STORAGE","old_Data_results\old_data\de\2014\DE_2014_a3_prepared_master.csv","U:\EUROMOD-STORAGE\old_Data_results\old_data\de\2014\DE_2014_a3_prepared_master.csv","DE_2014_a3_prepared_master.csv",".csv","21579134","28-11-25 14:13:40"
"U:\EUROMOD-STORAGE","old_Data_results\old_data\de\2014\de_2014_clean.parquet","U:\EUROMOD-STORAGE\old_Data_results\old_data\de\2014\de_2014_clean.parquet","de_2014_clean.parquet",".parquet","4937673","28-11-25 14:13:54"
"U:\EUROMOD-STORAGE","old_Data_results\old_data\de\2014\outputs\couples_filtering_filtering_summary.csv","U:\EUROMOD-STORAGE\old_Data_results\old_data\de\2014\outputs\couples_filtering_filtering_summary.csv","couples_filtering_filtering_summary.csv",".csv","1308","28-11-25 14:13:43"
"U:\EUROMOD-STORAGE","old_Data_results\old_data\de\2014\outputs\singles_filtering_filtering_summary.csv","U:\EUROMOD-STORAGE\old_Data_results\old_data\de\2014\outputs\singles_filtering_filtering_summary.csv","singles_filtering_filtering_summary.csv",".csv","844","28-11-25 14:13:45"
"U:\EUROMOD-STORAGE","old_Data_results\old_data\de\2014\prep_meta.json","U:\EUROMOD-STORAGE\old_Data_results\old_data\de\2014\prep_meta.json","prep_meta.json",".json","308","28-11-25 14:13:54"
"U:\EUROMOD-STORAGE","old_Data_results\old_data\de\2014\singles_filtering_final.parquet","U:\EUROMOD-STORAGE\old_Data_results\old_data\de\2014\singles_filtering_final.parquet","singles_filtering_final.parquet",".parquet","561136","28-11-25 14:13:45"
"U:\EUROMOD-STORAGE","old_Data_results\old_data\de\2014\singles_final_filtered_female.parquet","U:\EUROMOD-STORAGE\old_Data_results\old_data\de\2014\singles_final_filtered_female.parquet","singles_final_filtered_female.parquet",".parquet","372280","28-11-25 14:13:45"
"U:\EUROMOD-STORAGE","old_Data_results\old_data\de\2014\singles_final_filtered_male.parquet","U:\EUROMOD-STORAGE\old_Data_results\old_data\de\2014\singles_final_filtered_male.parquet","singles_final_filtered_male.parquet",".parquet","313737","28-11-25 14:13:45"
"U:\EUROMOD-STORAGE","old_Data_results\old_data\de\2014\singles_RURO_ready.parquet","U:\EUROMOD-STORAGE\old_Data_results\old_data\de\2014\singles_RURO_ready.parquet","singles_RURO_ready.parquet",".parquet","592511","28-11-25 14:49:07"
"U:\EUROMOD-STORAGE","old_Data_results\old_data\de\2015\couples_filtering_final.parquet","U:\EUROMOD-STORAGE\old_Data_results\old_data\de\2015\couples_filtering_final.parquet","couples_filtering_final.parquet",".parquet","933215","02-12-25 00:04:01"
"U:\EUROMOD-STORAGE","old_Data_results\old_data\de\2015\couples_RURO_ready.parquet","U:\EUROMOD-STORAGE\old_Data_results\old_data\de\2015\couples_RURO_ready.parquet","couples_RURO_ready.parquet",".parquet","969542","28-11-25 14:50:20"
"U:\EUROMOD-STORAGE","old_Data_results\old_data\de\2015\DE_2015_a1_prepared_master.csv","U:\EUROMOD-STORAGE\old_Data_results\old_data\de\2015\DE_2015_a1_prepared_master.csv","DE_2015_a1_prepared_master.csv",".csv","20878011","02-12-25 00:03:59"
"U:\EUROMOD-STORAGE","old_Data_results\old_data\de\2015\de_2015_clean.parquet","U:\EUROMOD-STORAGE\old_Data_results\old_data\de\2015\de_2015_clean.parquet","de_2015_clean.parquet",".parquet","4711568","02-12-25 00:04:12"
"U:\EUROMOD-STORAGE","old_Data_results\old_data\de\2015\outputs\couples_filtering_filtering_summary.csv","U:\EUROMOD-STORAGE\old_Data_results\old_data\de\2015\outputs\couples_filtering_filtering_summary.csv","couples_filtering_filtering_summary.csv",".csv","1310","02-12-25 00:04:01"
"U:\EUROMOD-STORAGE","old_Data_results\old_data\de\2015\outputs\singles_filtering_filtering_summary.csv","U:\EUROMOD-STORAGE\old_Data_results\old_data\de\2015\outputs\singles_filtering_filtering_summary.csv","singles_filtering_filtering_summary.csv",".csv","845","02-12-25 00:04:03"
"U:\EUROMOD-STORAGE","old_Data_results\old_data\de\2015\prep_meta.json","U:\EUROMOD-STORAGE\old_Data_results\old_data\de\2015\prep_meta.json","prep_meta.json",".json","286","02-12-25 00:04:12"
"U:\EUROMOD-STORAGE","old_Data_results\old_data\de\2015\singles_filtering_final.parquet","U:\EUROMOD-STORAGE\old_Data_results\old_data\de\2015\singles_filtering_final.parquet","singles_filtering_final.parquet",".parquet","569428","02-12-25 00:04:03"
"U:\EUROMOD-STORAGE","old_Data_results\old_data\de\2015\singles_final_filtered_female.parquet","U:\EUROMOD-STORAGE\old_Data_results\old_data\de\2015\singles_final_filtered_female.parquet","singles_final_filtered_female.parquet",".parquet","374232","02-12-25 00:04:03"
"U:\EUROMOD-STORAGE","old_Data_results\old_data\de\2015\singles_final_filtered_male.parquet","U:\EUROMOD-STORAGE\old_Data_results\old_data\de\2015\singles_final_filtered_male.parquet","singles_final_filtered_male.parquet",".parquet","318153","02-12-25 00:04:03"
"U:\EUROMOD-STORAGE","old_Data_results\old_data\de\2015\singles_RURO_ready.parquet","U:\EUROMOD-STORAGE\old_Data_results\old_data\de\2015\singles_RURO_ready.parquet","singles_RURO_ready.parquet",".parquet","589518","28-11-25 14:50:19"
"U:\EUROMOD-STORAGE","old_Data_results\old_data\de\2016\couples_filtering_final.parquet","U:\EUROMOD-STORAGE\old_Data_results\old_data\de\2016\couples_filtering_final.parquet","couples_filtering_final.parquet",".parquet","911777","28-11-25 14:18:17"
"U:\EUROMOD-STORAGE","old_Data_results\old_data\de\2016\couples_RURO_ready.parquet","U:\EUROMOD-STORAGE\old_Data_results\old_data\de\2016\couples_RURO_ready.parquet","couples_RURO_ready.parquet",".parquet","969217","28-11-25 14:51:01"
"U:\EUROMOD-STORAGE","old_Data_results\old_data\de\2016\DE_2016_a1_prepared_master.csv","U:\EUROMOD-STORAGE\old_Data_results\old_data\de\2016\DE_2016_a1_prepared_master.csv","DE_2016_a1_prepared_master.csv",".csv","21471002","28-11-25 14:18:14"
"U:\EUROMOD-STORAGE","old_Data_results\old_data\de\2016\de_2016_clean.parquet","U:\EUROMOD-STORAGE\old_Data_results\old_data\de\2016\de_2016_clean.parquet","de_2016_clean.parquet",".parquet","4749742","28-11-25 14:18:29"
"U:\EUROMOD-STORAGE","old_Data_results\old_data\de\2016\outputs\couples_filtering_filtering_summary.csv","U:\EUROMOD-STORAGE\old_Data_results\old_data\de\2016\outputs\couples_filtering_filtering_summary.csv","couples_filtering_filtering_summary.csv",".csv","1309","28-11-25 14:18:17"
"U:\EUROMOD-STORAGE","old_Data_results\old_data\de\2016\outputs\singles_filtering_filtering_summary.csv","U:\EUROMOD-STORAGE\old_Data_results\old_data\de\2016\outputs\singles_filtering_filtering_summary.csv","singles_filtering_filtering_summary.csv",".csv","845","28-11-25 14:18:20"
"U:\EUROMOD-STORAGE","old_Data_results\old_data\de\2016\prep_meta.json","U:\EUROMOD-STORAGE\old_Data_results\old_data\de\2016\prep_meta.json","prep_meta.json",".json","308","28-11-25 14:18:29"
"U:\EUROMOD-STORAGE","old_Data_results\old_data\de\2016\singles_filtering_final.parquet","U:\EUROMOD-STORAGE\old_Data_results\old_data\de\2016\singles_filtering_final.parquet","singles_filtering_final.parquet",".parquet","564294","28-11-25 14:18:20"
"U:\EUROMOD-STORAGE","old_Data_results\old_data\de\2016\singles_final_filtered_female.parquet","U:\EUROMOD-STORAGE\old_Data_results\old_data\de\2016\singles_final_filtered_female.parquet","singles_final_filtered_female.parquet",".parquet","372659","28-11-25 14:18:20"
"U:\EUROMOD-STORAGE","old_Data_results\old_data\de\2016\singles_final_filtered_male.parquet","U:\EUROMOD-STORAGE\old_Data_results\old_data\de\2016\singles_final_filtered_male.parquet","singles_final_filtered_male.parquet",".parquet","314522","28-11-25 14:18:20"
"U:\EUROMOD-STORAGE","old_Data_results\old_data\de\2016\singles_RURO_ready.parquet","U:\EUROMOD-STORAGE\old_Data_results\old_data\de\2016\singles_RURO_ready.parquet","singles_RURO_ready.parquet",".parquet","598731","28-11-25 14:51:01"
"U:\EUROMOD-STORAGE","old_Data_results\old_data\DE_2015_a1_prepared_master.csv","U:\EUROMOD-STORAGE\old_Data_results\old_data\DE_2015_a1_prepared_master.csv","DE_2015_a1_prepared_master.csv",".csv","20828064","22-10-25 12:28:29"
"U:\EUROMOD-STORAGE","old_Data_results\old_data\fr\2016\couples_RURO_ready.parquet","U:\EUROMOD-STORAGE\old_Data_results\old_data\fr\2016\couples_RURO_ready.parquet","couples_RURO_ready.parquet",".parquet","5962627","08-12-25 18:57:21"
"U:\EUROMOD-STORAGE","old_Data_results\old_data\fr\2016\couples_RURO_ready_RURO_draws.parquet","U:\EUROMOD-STORAGE\old_Data_results\old_data\fr\2016\couples_RURO_ready_RURO_draws.parquet","couples_RURO_ready_RURO_draws.parquet",".parquet","38095607","08-12-25 18:57:53"
"U:\EUROMOD-STORAGE","old_Data_results\old_data\fr\2016\fr_2016.parquet","U:\EUROMOD-STORAGE\old_Data_results\old_data\fr\2016\fr_2016.parquet","fr_2016.parquet",".parquet","7461306","08-12-25 18:56:43"
"U:\EUROMOD-STORAGE","old_Data_results\old_data\fr\2016\fr_2016_couples.parquet","U:\EUROMOD-STORAGE\old_Data_results\old_data\fr\2016\fr_2016_couples.parquet","fr_2016_couples.parquet",".parquet","5845671","08-12-25 18:56:45"
"U:\EUROMOD-STORAGE","old_Data_results\old_data\fr\2016\fr_2016_RURO_mnl.parquet","U:\EUROMOD-STORAGE\old_Data_results\old_data\fr\2016\fr_2016_RURO_mnl.parquet","fr_2016_RURO_mnl.parquet",".parquet","35123764","08-12-25 19:04:28"
"U:\EUROMOD-STORAGE","old_Data_results\old_data\fr\2016\fr_2016_singles.parquet","U:\EUROMOD-STORAGE\old_Data_results\old_data\fr\2016\fr_2016_singles.parquet","fr_2016_singles.parquet",".parquet","1940863","08-12-25 18:56:46"
"U:\EUROMOD-STORAGE","old_Data_results\old_data\fr\2016\fr_2016_singles_female.parquet","U:\EUROMOD-STORAGE\old_Data_results\old_data\fr\2016\fr_2016_singles_female.parquet","fr_2016_singles_female.parquet",".parquet","1218246","08-12-25 18:56:47"
"U:\EUROMOD-STORAGE","old_Data_results\old_data\fr\2016\fr_2016_singles_male.parquet","U:\EUROMOD-STORAGE\old_Data_results\old_data\fr\2016\fr_2016_singles_male.parquet","fr_2016_singles_male.parquet",".parquet","979456","08-12-25 18:56:48"
"U:\EUROMOD-STORAGE","old_Data_results\old_data\fr\2016\singles_RURO_ready.parquet","U:\EUROMOD-STORAGE\old_Data_results\old_data\fr\2016\singles_RURO_ready.parquet","singles_RURO_ready.parquet",".parquet","1984962","08-12-25 18:57:20"
"U:\EUROMOD-STORAGE","old_Data_results\old_data\fr\2016\singles_RURO_ready_RURO_draws.parquet","U:\EUROMOD-STORAGE\old_Data_results\old_data\fr\2016\singles_RURO_ready_RURO_draws.parquet","singles_RURO_ready_RURO_draws.parquet",".parquet","12286637","08-12-25 18:57:46"
"U:\EUROMOD-STORAGE","old_Data_results\old_data\fr\2021\couples_filtering_final.parquet","U:\EUROMOD-STORAGE\old_Data_results\old_data\fr\2021\couples_filtering_final.parquet","couples_filtering_final.parquet",".parquet","1265610","03-12-25 23:29:45"
"U:\EUROMOD-STORAGE","old_Data_results\old_data\fr\2021\couples_RURO_ready.parquet","U:\EUROMOD-STORAGE\old_Data_results\old_data\fr\2021\couples_RURO_ready.parquet","couples_RURO_ready.parquet",".parquet","1385203","03-12-25 23:30:22"
"U:\EUROMOD-STORAGE","old_Data_results\old_data\fr\2021\couples_RURO_ready_RURO_draws.parquet","U:\EUROMOD-STORAGE\old_Data_results\old_data\fr\2021\couples_RURO_ready_RURO_draws.parquet","couples_RURO_ready_RURO_draws.parquet",".parquet","3867518","03-12-25 23:30:47"
"U:\EUROMOD-STORAGE","old_Data_results\old_data\fr\2021\FR_2021_c2_prepared_master.csv","U:\EUROMOD-STORAGE\old_Data_results\old_data\fr\2021\FR_2021_c2_prepared_master.csv","FR_2021_c2_prepared_master.csv",".csv","27152362","03-12-25 23:29:44"
"U:\EUROMOD-STORAGE","old_Data_results\old_data\fr\2021\fr_2021_clean.parquet","U:\EUROMOD-STORAGE\old_Data_results\old_data\fr\2021\fr_2021_clean.parquet","fr_2021_clean.parquet",".parquet","6162530","03-12-25 23:29:57"
"U:\EUROMOD-STORAGE","old_Data_results\old_data\fr\2021\fr_2021_RURO_mnl.parquet","U:\EUROMOD-STORAGE\old_Data_results\old_data\fr\2021\fr_2021_RURO_mnl.parquet","fr_2021_RURO_mnl.parquet",".parquet","24189072","03-12-25 23:32:04"
"U:\EUROMOD-STORAGE","old_Data_results\old_data\fr\2021\outputs\couples_filtering_filtering_summary.csv","U:\EUROMOD-STORAGE\old_Data_results\old_data\fr\2021\outputs\couples_filtering_filtering_summary.csv","couples_filtering_filtering_summary.csv",".csv","1311","03-12-25 23:29:45"
"U:\EUROMOD-STORAGE","old_Data_results\old_data\fr\2021\outputs\singles_filtering_filtering_summary.csv","U:\EUROMOD-STORAGE\old_Data_results\old_data\fr\2021\outputs\singles_filtering_filtering_summary.csv","singles_filtering_filtering_summary.csv",".csv","846","03-12-25 23:29:47"
"U:\EUROMOD-STORAGE","old_Data_results\old_data\fr\2021\prep_meta.json","U:\EUROMOD-STORAGE\old_Data_results\old_data\fr\2021\prep_meta.json","prep_meta.json",".json","286","03-12-25 23:29:57"
"U:\EUROMOD-STORAGE","old_Data_results\old_data\fr\2021\singles_filtering_final.parquet","U:\EUROMOD-STORAGE\old_Data_results\old_data\fr\2021\singles_filtering_final.parquet","singles_filtering_final.parquet",".parquet","712832","03-12-25 23:29:47"
"U:\EUROMOD-STORAGE","old_Data_results\old_data\fr\2021\singles_final_filtered_female.parquet","U:\EUROMOD-STORAGE\old_Data_results\old_data\fr\2021\singles_final_filtered_female.parquet","singles_final_filtered_female.parquet",".parquet","457342","03-12-25 23:29:48"
"U:\EUROMOD-STORAGE","old_Data_results\old_data\fr\2021\singles_final_filtered_male.parquet","U:\EUROMOD-STORAGE\old_Data_results\old_data\fr\2021\singles_final_filtered_male.parquet","singles_final_filtered_male.parquet",".parquet","390059","03-12-25 23:29:48"
"U:\EUROMOD-STORAGE","old_Data_results\old_data\fr\2021\singles_RURO_ready.parquet","U:\EUROMOD-STORAGE\old_Data_results\old_data\fr\2021\singles_RURO_ready.parquet","singles_RURO_ready.parquet",".parquet","772884","03-12-25 23:30:22"
"U:\EUROMOD-STORAGE","old_Data_results\old_data\fr\2021\singles_RURO_ready_RURO_draws.parquet","U:\EUROMOD-STORAGE\old_Data_results\old_data\fr\2021\singles_RURO_ready_RURO_draws.parquet","singles_RURO_ready_RURO_draws.parquet",".parquet","1898617","03-12-25 23:30:43"
"U:\EUROMOD-STORAGE","old_Data_results\old_data\prep\couples_filtering_filtering_summary.csv","U:\EUROMOD-STORAGE\old_Data_results\old_data\prep\couples_filtering_filtering_summary.csv","couples_filtering_filtering_summary.csv",".csv","1309","22-10-25 12:28:31"
"U:\EUROMOD-STORAGE","old_Data_results\old_data\prep\fr\2016\fr_2016_singles_stats.csv","U:\EUROMOD-STORAGE\old_Data_results\old_data\prep\fr\2016\fr_2016_singles_stats.csv","fr_2016_singles_stats.csv",".csv","347","08-12-25 18:56:48"
"U:\EUROMOD-STORAGE","old_Data_results\old_data\prep\fr\2016\fr_2016_stats.csv","U:\EUROMOD-STORAGE\old_Data_results\old_data\prep\fr\2016\fr_2016_stats.csv","fr_2016_stats.csv",".csv","426","08-12-25 18:56:43"
"U:\EUROMOD-STORAGE","old_Data_results\old_data\prep\singles_filtering_filtering_summary.csv","U:\EUROMOD-STORAGE\old_Data_results\old_data\prep\singles_filtering_filtering_summary.csv","singles_filtering_filtering_summary.csv",".csv","845","22-10-25 12:28:34"
"U:\EUROMOD-STORAGE","old_Data_results\old_data\scenarios\DE_2014\heads_wide_single_female.csv","U:\EUROMOD-STORAGE\old_Data_results\old_data\scenarios\DE_2014\heads_wide_single_female.csv","heads_wide_single_female.csv",".csv","1326018","07-11-25 11:57:06"
"U:\EUROMOD-STORAGE","old_Data_results\old_data\scenarios\DE_2014\heads_wide_single_female.parquet","U:\EUROMOD-STORAGE\old_Data_results\old_data\scenarios\DE_2014\heads_wide_single_female.parquet","heads_wide_single_female.parquet",".parquet","571940","07-11-25 11:57:06"
"U:\EUROMOD-STORAGE","old_Data_results\old_data\scenarios\DE_2014\heads_wide_single_female_dcm.csv","U:\EUROMOD-STORAGE\old_Data_results\old_data\scenarios\DE_2014\heads_wide_single_female_dcm.csv","heads_wide_single_female_dcm.csv",".csv","2349585","07-11-25 11:57:08"
"U:\EUROMOD-STORAGE","old_Data_results\old_data\scenarios\DE_2014\heads_wide_single_female_dcm.parquet","U:\EUROMOD-STORAGE\old_Data_results\old_data\scenarios\DE_2014\heads_wide_single_female_dcm.parquet","heads_wide_single_female_dcm.parquet",".parquet","853362","07-11-25 11:57:07"
"U:\EUROMOD-STORAGE","old_Data_results\old_data\scenarios\DE_2014\heads_wide_single_male.csv","U:\EUROMOD-STORAGE\old_Data_results\old_data\scenarios\DE_2014\heads_wide_single_male.csv","heads_wide_single_male.csv",".csv","1015828","07-11-25 11:56:49"
"U:\EUROMOD-STORAGE","old_Data_results\old_data\scenarios\DE_2014\heads_wide_single_male.parquet","U:\EUROMOD-STORAGE\old_Data_results\old_data\scenarios\DE_2014\heads_wide_single_male.parquet","heads_wide_single_male.parquet",".parquet","474205","07-11-25 11:56:49"
"U:\EUROMOD-STORAGE","old_Data_results\old_data\scenarios\DE_2014\heads_wide_single_male_dcm.csv","U:\EUROMOD-STORAGE\old_Data_results\old_data\scenarios\DE_2014\heads_wide_single_male_dcm.csv","heads_wide_single_male_dcm.csv",".csv","1785079","07-11-25 11:56:50"
"U:\EUROMOD-STORAGE","old_Data_results\old_data\scenarios\DE_2014\heads_wide_single_male_dcm.parquet","U:\EUROMOD-STORAGE\old_Data_results\old_data\scenarios\DE_2014\heads_wide_single_male_dcm.parquet","heads_wide_single_male_dcm.parquet",".parquet","701362","07-11-25 11:56:50"
"U:\EUROMOD-STORAGE","old_Data_results\old_data\scenarios\DE_2014\scenarios_meta.json","U:\EUROMOD-STORAGE\old_Data_results\old_data\scenarios\DE_2014\scenarios_meta.json","scenarios_meta.json",".json","50555","07-11-25 11:57:08"
"U:\EUROMOD-STORAGE","old_Data_results\old_data\scenarios\DE_2014\single_female_h0.parquet","U:\EUROMOD-STORAGE\old_Data_results\old_data\scenarios\DE_2014\single_female_h0.parquet","single_female_h0.parquet",".parquet","881286","07-11-25 11:56:52"
"U:\EUROMOD-STORAGE","old_Data_results\old_data\scenarios\DE_2014\single_female_h1.parquet","U:\EUROMOD-STORAGE\old_Data_results\old_data\scenarios\DE_2014\single_female_h1.parquet","single_female_h1.parquet",".parquet","1184816","07-11-25 11:56:53"
"U:\EUROMOD-STORAGE","old_Data_results\old_data\scenarios\DE_2014\single_female_h2.parquet","U:\EUROMOD-STORAGE\old_Data_results\old_data\scenarios\DE_2014\single_female_h2.parquet","single_female_h2.parquet",".parquet","1284948","07-11-25 11:56:55"
"U:\EUROMOD-STORAGE","old_Data_results\old_data\scenarios\DE_2014\single_female_h3.parquet","U:\EUROMOD-STORAGE\old_Data_results\old_data\scenarios\DE_2014\single_female_h3.parquet","single_female_h3.parquet",".parquet","1297031","07-11-25 11:56:56"
"U:\EUROMOD-STORAGE","old_Data_results\old_data\scenarios\DE_2014\single_female_h4.parquet","U:\EUROMOD-STORAGE\old_Data_results\old_data\scenarios\DE_2014\single_female_h4.parquet","single_female_h4.parquet",".parquet","1285663","07-11-25 11:56:58"
"U:\EUROMOD-STORAGE","old_Data_results\old_data\scenarios\DE_2014\single_female_h5.parquet","U:\EUROMOD-STORAGE\old_Data_results\old_data\scenarios\DE_2014\single_female_h5.parquet","single_female_h5.parquet",".parquet","1280670","07-11-25 11:56:59"
"U:\EUROMOD-STORAGE","old_Data_results\old_data\scenarios\DE_2014\single_female_h6.parquet","U:\EUROMOD-STORAGE\old_Data_results\old_data\scenarios\DE_2014\single_female_h6.parquet","single_female_h6.parquet",".parquet","1268075","07-11-25 11:57:01"
"U:\EUROMOD-STORAGE","old_Data_results\old_data\scenarios\DE_2014\single_male_h0.parquet","U:\EUROMOD-STORAGE\old_Data_results\old_data\scenarios\DE_2014\single_male_h0.parquet","single_male_h0.parquet",".parquet","764848","07-11-25 11:56:36"
"U:\EUROMOD-STORAGE","old_Data_results\old_data\scenarios\DE_2014\single_male_h1.parquet","U:\EUROMOD-STORAGE\old_Data_results\old_data\scenarios\DE_2014\single_male_h1.parquet","single_male_h1.parquet",".parquet","1004794","07-11-25 11:56:37"
"U:\EUROMOD-STORAGE","old_Data_results\old_data\scenarios\DE_2014\single_male_h2.parquet","U:\EUROMOD-STORAGE\old_Data_results\old_data\scenarios\DE_2014\single_male_h2.parquet","single_male_h2.parquet",".parquet","1080394","07-11-25 11:56:39"
"U:\EUROMOD-STORAGE","old_Data_results\old_data\scenarios\DE_2014\single_male_h3.parquet","U:\EUROMOD-STORAGE\old_Data_results\old_data\scenarios\DE_2014\single_male_h3.parquet","single_male_h3.parquet",".parquet","1086264","07-11-25 11:56:40"
"U:\EUROMOD-STORAGE","old_Data_results\old_data\scenarios\DE_2014\single_male_h4.parquet","U:\EUROMOD-STORAGE\old_Data_results\old_data\scenarios\DE_2014\single_male_h4.parquet","single_male_h4.parquet",".parquet","1078410","07-11-25 11:56:42"
"U:\EUROMOD-STORAGE","old_Data_results\old_data\scenarios\DE_2014\single_male_h5.parquet","U:\EUROMOD-STORAGE\old_Data_results\old_data\scenarios\DE_2014\single_male_h5.parquet","single_male_h5.parquet",".parquet","1068879","07-11-25 11:56:43"
"U:\EUROMOD-STORAGE","old_Data_results\old_data\scenarios\DE_2014\single_male_h6.parquet","U:\EUROMOD-STORAGE\old_Data_results\old_data\scenarios\DE_2014\single_male_h6.parquet","single_male_h6.parquet",".parquet","1057469","07-11-25 11:56:45"
"U:\EUROMOD-STORAGE","old_Data_results\old_data\scenarios\DE_2014_2016_combined\combine_meta.json","U:\EUROMOD-STORAGE\old_Data_results\old_data\scenarios\DE_2014_2016_combined\combine_meta.json","combine_meta.json",".json","1111","07-11-25 12:45:07"
"U:\EUROMOD-STORAGE","old_Data_results\old_data\scenarios\DE_2014_2016_combined\heads_wide_single_female_dcm.parquet","U:\EUROMOD-STORAGE\old_Data_results\old_data\scenarios\DE_2014_2016_combined\heads_wide_single_female_dcm.parquet","heads_wide_single_female_dcm.parquet",".parquet","2218598","07-11-25 12:45:07"
"U:\EUROMOD-STORAGE","old_Data_results\old_data\scenarios\DE_2014_2016_combined\heads_wide_single_male_dcm.parquet","U:\EUROMOD-STORAGE\old_Data_results\old_data\scenarios\DE_2014_2016_combined\heads_wide_single_male_dcm.parquet","heads_wide_single_male_dcm.parquet",".parquet","1783139","07-11-25 12:45:07"
"U:\EUROMOD-STORAGE","old_Data_results\old_data\scenarios\DE_2014_2016_cpi2015\combine_meta.json","U:\EUROMOD-STORAGE\old_Data_results\old_data\scenarios\DE_2014_2016_cpi2015\combine_meta.json","combine_meta.json",".json","1170","07-11-25 12:58:13"
"U:\EUROMOD-STORAGE","old_Data_results\old_data\scenarios\DE_2014_2016_cpi2015\heads_wide_single_female_dcm.parquet","U:\EUROMOD-STORAGE\old_Data_results\old_data\scenarios\DE_2014_2016_cpi2015\heads_wide_single_female_dcm.parquet","heads_wide_single_female_dcm.parquet",".parquet","2224116","07-11-25 12:58:13"
"U:\EUROMOD-STORAGE","old_Data_results\old_data\scenarios\DE_2014_2016_cpi2015\heads_wide_single_male_dcm.parquet","U:\EUROMOD-STORAGE\old_Data_results\old_data\scenarios\DE_2014_2016_cpi2015\heads_wide_single_male_dcm.parquet","heads_wide_single_male_dcm.parquet",".parquet","1786867","07-11-25 12:58:13"
"U:\EUROMOD-STORAGE","old_Data_results\old_data\scenarios\DE_2015\heads_wide_single_female.csv","U:\EUROMOD-STORAGE\old_Data_results\old_data\scenarios\DE_2015\heads_wide_single_female.csv","heads_wide_single_female.csv",".csv","1352804","07-11-25 11:58:04"
"U:\EUROMOD-STORAGE","old_Data_results\old_data\scenarios\DE_2015\heads_wide_single_female.parquet","U:\EUROMOD-STORAGE\old_Data_results\old_data\scenarios\DE_2015\heads_wide_single_female.parquet","heads_wide_single_female.parquet",".parquet","576455","07-11-25 11:58:03"
"U:\EUROMOD-STORAGE","old_Data_results\old_data\scenarios\DE_2015\heads_wide_single_female_dcm.csv","U:\EUROMOD-STORAGE\old_Data_results\old_data\scenarios\DE_2015\heads_wide_single_female_dcm.csv","heads_wide_single_female_dcm.csv",".csv","2419211","07-11-25 11:58:05"
"U:\EUROMOD-STORAGE","old_Data_results\old_data\scenarios\DE_2015\heads_wide_single_female_dcm.parquet","U:\EUROMOD-STORAGE\old_Data_results\old_data\scenarios\DE_2015\heads_wide_single_female_dcm.parquet","heads_wide_single_female_dcm.parquet",".parquet","869908","07-11-25 11:58:04"
"U:\EUROMOD-STORAGE","old_Data_results\old_data\scenarios\DE_2015\heads_wide_single_male.csv","U:\EUROMOD-STORAGE\old_Data_results\old_data\scenarios\DE_2015\heads_wide_single_male.csv","heads_wide_single_male.csv",".csv","1066087","07-11-25 11:57:47"
"U:\EUROMOD-STORAGE","old_Data_results\old_data\scenarios\DE_2015\heads_wide_single_male.parquet","U:\EUROMOD-STORAGE\old_Data_results\old_data\scenarios\DE_2015\heads_wide_single_male.parquet","heads_wide_single_male.parquet",".parquet","483002","07-11-25 11:57:47"
"U:\EUROMOD-STORAGE","old_Data_results\old_data\scenarios\DE_2015\heads_wide_single_male_dcm.csv","U:\EUROMOD-STORAGE\old_Data_results\old_data\scenarios\DE_2015\heads_wide_single_male_dcm.csv","heads_wide_single_male_dcm.csv",".csv","1892792","07-11-25 11:57:48"
"U:\EUROMOD-STORAGE","old_Data_results\old_data\scenarios\DE_2015\heads_wide_single_male_dcm.parquet","U:\EUROMOD-STORAGE\old_Data_results\old_data\scenarios\DE_2015\heads_wide_single_male_dcm.parquet","heads_wide_single_male_dcm.parquet",".parquet","722712","07-11-25 11:57:48"
"U:\EUROMOD-STORAGE","old_Data_results\old_data\scenarios\DE_2015\scenarios_meta.json","U:\EUROMOD-STORAGE\old_Data_results\old_data\scenarios\DE_2015\scenarios_meta.json","scenarios_meta.json",".json","56978","07-11-25 11:58:05"
"U:\EUROMOD-STORAGE","old_Data_results\old_data\scenarios\DE_2015\single_female_h0.parquet","U:\EUROMOD-STORAGE\old_Data_results\old_data\scenarios\DE_2015\single_female_h0.parquet","single_female_h0.parquet",".parquet","864562","07-11-25 11:57:50"
"U:\EUROMOD-STORAGE","old_Data_results\old_data\scenarios\DE_2015\single_female_h1.parquet","U:\EUROMOD-STORAGE\old_Data_results\old_data\scenarios\DE_2015\single_female_h1.parquet","single_female_h1.parquet",".parquet","1184177","07-11-25 11:57:52"
"U:\EUROMOD-STORAGE","old_Data_results\old_data\scenarios\DE_2015\single_female_h2.parquet","U:\EUROMOD-STORAGE\old_Data_results\old_data\scenarios\DE_2015\single_female_h2.parquet","single_female_h2.parquet",".parquet","1288645","07-11-25 11:57:53"
"U:\EUROMOD-STORAGE","old_Data_results\old_data\scenarios\DE_2015\single_female_h3.parquet","U:\EUROMOD-STORAGE\old_Data_results\old_data\scenarios\DE_2015\single_female_h3.parquet","single_female_h3.parquet",".parquet","1300011","07-11-25 11:57:55"
"U:\EUROMOD-STORAGE","old_Data_results\old_data\scenarios\DE_2015\single_female_h4.parquet","U:\EUROMOD-STORAGE\old_Data_results\old_data\scenarios\DE_2015\single_female_h4.parquet","single_female_h4.parquet",".parquet","1291606","07-11-25 11:57:56"
"U:\EUROMOD-STORAGE","old_Data_results\old_data\scenarios\DE_2015\single_female_h5.parquet","U:\EUROMOD-STORAGE\old_Data_results\old_data\scenarios\DE_2015\single_female_h5.parquet","single_female_h5.parquet",".parquet","1286942","07-11-25 11:57:58"
"U:\EUROMOD-STORAGE","old_Data_results\old_data\scenarios\DE_2015\single_female_h6.parquet","U:\EUROMOD-STORAGE\old_Data_results\old_data\scenarios\DE_2015\single_female_h6.parquet","single_female_h6.parquet",".parquet","1276143","07-11-25 11:57:59"
"U:\EUROMOD-STORAGE","old_Data_results\old_data\scenarios\DE_2015\single_male_h0.parquet","U:\EUROMOD-STORAGE\old_Data_results\old_data\scenarios\DE_2015\single_male_h0.parquet","single_male_h0.parquet",".parquet","764274","07-11-25 11:57:34"
"U:\EUROMOD-STORAGE","old_Data_results\old_data\scenarios\DE_2015\single_male_h1.parquet","U:\EUROMOD-STORAGE\old_Data_results\old_data\scenarios\DE_2015\single_male_h1.parquet","single_male_h1.parquet",".parquet","1021872","07-11-25 11:57:35"
"U:\EUROMOD-STORAGE","old_Data_results\old_data\scenarios\DE_2015\single_male_h2.parquet","U:\EUROMOD-STORAGE\old_Data_results\old_data\scenarios\DE_2015\single_male_h2.parquet","single_male_h2.parquet",".parquet","1101820","07-11-25 11:57:37"
"U:\EUROMOD-STORAGE","old_Data_results\old_data\scenarios\DE_2015\single_male_h3.parquet","U:\EUROMOD-STORAGE\old_Data_results\old_data\scenarios\DE_2015\single_male_h3.parquet","single_male_h3.parquet",".parquet","1108877","07-11-25 11:57:38"
"U:\EUROMOD-STORAGE","old_Data_results\old_data\scenarios\DE_2015\single_male_h4.parquet","U:\EUROMOD-STORAGE\old_Data_results\old_data\scenarios\DE_2015\single_male_h4.parquet","single_male_h4.parquet",".parquet","1098017","07-11-25 11:57:40"
"U:\EUROMOD-STORAGE","old_Data_results\old_data\scenarios\DE_2015\single_male_h5.parquet","U:\EUROMOD-STORAGE\old_Data_results\old_data\scenarios\DE_2015\single_male_h5.parquet","single_male_h5.parquet",".parquet","1088921","07-11-25 11:57:42"
"U:\EUROMOD-STORAGE","old_Data_results\old_data\scenarios\DE_2015\single_male_h6.parquet","U:\EUROMOD-STORAGE\old_Data_results\old_data\scenarios\DE_2015\single_male_h6.parquet","single_male_h6.parquet",".parquet","1077772","07-11-25 11:57:43"
"U:\EUROMOD-STORAGE","old_Data_results\old_data\scenarios\DE_2016\heads_wide_single_female.csv","U:\EUROMOD-STORAGE\old_Data_results\old_data\scenarios\DE_2016\heads_wide_single_female.csv","heads_wide_single_female.csv",".csv","1388165","07-11-25 11:59:01"
"U:\EUROMOD-STORAGE","old_Data_results\old_data\scenarios\DE_2016\heads_wide_single_female.parquet","U:\EUROMOD-STORAGE\old_Data_results\old_data\scenarios\DE_2016\heads_wide_single_female.parquet","heads_wide_single_female.parquet",".parquet","586686","07-11-25 11:59:01"
"U:\EUROMOD-STORAGE","old_Data_results\old_data\scenarios\DE_2016\heads_wide_single_female_dcm.csv","U:\EUROMOD-STORAGE\old_Data_results\old_data\scenarios\DE_2016\heads_wide_single_female_dcm.csv","heads_wide_single_female_dcm.csv",".csv","2471062","07-11-25 11:59:02"
"U:\EUROMOD-STORAGE","old_Data_results\old_data\scenarios\DE_2016\heads_wide_single_female_dcm.parquet","U:\EUROMOD-STORAGE\old_Data_results\old_data\scenarios\DE_2016\heads_wide_single_female_dcm.parquet","heads_wide_single_female_dcm.parquet",".parquet","884610","07-11-25 11:59:02"
"U:\EUROMOD-STORAGE","old_Data_results\old_data\scenarios\DE_2016\heads_wide_single_male.csv","U:\EUROMOD-STORAGE\old_Data_results\old_data\scenarios\DE_2016\heads_wide_single_male.csv","heads_wide_single_male.csv",".csv","1087710","07-11-25 11:58:44"
"U:\EUROMOD-STORAGE","old_Data_results\old_data\scenarios\DE_2016\heads_wide_single_male.parquet","U:\EUROMOD-STORAGE\old_Data_results\old_data\scenarios\DE_2016\heads_wide_single_male.parquet","heads_wide_single_male.parquet",".parquet","486795","07-11-25 11:58:44"
"U:\EUROMOD-STORAGE","old_Data_results\old_data\scenarios\DE_2016\heads_wide_single_male_dcm.csv","U:\EUROMOD-STORAGE\old_Data_results\old_data\scenarios\DE_2016\heads_wide_single_male_dcm.csv","heads_wide_single_male_dcm.csv",".csv","1919956","07-11-25 11:58:45"
"U:\EUROMOD-STORAGE","old_Data_results\old_data\scenarios\DE_2016\heads_wide_single_male_dcm.parquet","U:\EUROMOD-STORAGE\old_Data_results\old_data\scenarios\DE_2016\heads_wide_single_male_dcm.parquet","heads_wide_single_male_dcm.parquet",".parquet","728480","07-11-25 11:58:45"
"U:\EUROMOD-STORAGE","old_Data_results\old_data\scenarios\DE_2016\scenarios_meta.json","U:\EUROMOD-STORAGE\old_Data_results\old_data\scenarios\DE_2016\scenarios_meta.json","scenarios_meta.json",".json","57671","07-11-25 11:59:02"
"U:\EUROMOD-STORAGE","old_Data_results\old_data\scenarios\DE_2016\single_female_h0.parquet","U:\EUROMOD-STORAGE\old_Data_results\old_data\scenarios\DE_2016\single_female_h0.parquet","single_female_h0.parquet",".parquet","875571","07-11-25 11:58:47"
"U:\EUROMOD-STORAGE","old_Data_results\old_data\scenarios\DE_2016\single_female_h1.parquet","U:\EUROMOD-STORAGE\old_Data_results\old_data\scenarios\DE_2016\single_female_h1.parquet","single_female_h1.parquet",".parquet","1202339","07-11-25 11:58:49"
"U:\EUROMOD-STORAGE","old_Data_results\old_data\scenarios\DE_2016\single_female_h2.parquet","U:\EUROMOD-STORAGE\old_Data_results\old_data\scenarios\DE_2016\single_female_h2.parquet","single_female_h2.parquet",".parquet","1306587","07-11-25 11:58:50"
"U:\EUROMOD-STORAGE","old_Data_results\old_data\scenarios\DE_2016\single_female_h3.parquet","U:\EUROMOD-STORAGE\old_Data_results\old_data\scenarios\DE_2016\single_female_h3.parquet","single_female_h3.parquet",".parquet","1320816","07-11-25 11:58:52"
"U:\EUROMOD-STORAGE","old_Data_results\old_data\scenarios\DE_2016\single_female_h4.parquet","U:\EUROMOD-STORAGE\old_Data_results\old_data\scenarios\DE_2016\single_female_h4.parquet","single_female_h4.parquet",".parquet","1314443","07-11-25 11:58:53"
"U:\EUROMOD-STORAGE","old_Data_results\old_data\scenarios\DE_2016\single_female_h5.parquet","U:\EUROMOD-STORAGE\old_Data_results\old_data\scenarios\DE_2016\single_female_h5.parquet","single_female_h5.parquet",".parquet","1305885","07-11-25 11:58:55"
"U:\EUROMOD-STORAGE","old_Data_results\old_data\scenarios\DE_2016\single_female_h6.parquet","U:\EUROMOD-STORAGE\old_Data_results\old_data\scenarios\DE_2016\single_female_h6.parquet","single_female_h6.parquet",".parquet","1296141","07-11-25 11:58:56"
"U:\EUROMOD-STORAGE","old_Data_results\old_data\scenarios\DE_2016\single_male_h0.parquet","U:\EUROMOD-STORAGE\old_Data_results\old_data\scenarios\DE_2016\single_male_h0.parquet","single_male_h0.parquet",".parquet","766452","07-11-25 11:58:31"
"U:\EUROMOD-STORAGE","old_Data_results\old_data\scenarios\DE_2016\single_male_h1.parquet","U:\EUROMOD-STORAGE\old_Data_results\old_data\scenarios\DE_2016\single_male_h1.parquet","single_male_h1.parquet",".parquet","1026154","07-11-25 11:58:32"
"U:\EUROMOD-STORAGE","old_Data_results\old_data\scenarios\DE_2016\single_male_h2.parquet","U:\EUROMOD-STORAGE\old_Data_results\old_data\scenarios\DE_2016\single_male_h2.parquet","single_male_h2.parquet",".parquet","1104442","07-11-25 11:58:34"
"U:\EUROMOD-STORAGE","old_Data_results\old_data\scenarios\DE_2016\single_male_h3.parquet","U:\EUROMOD-STORAGE\old_Data_results\old_data\scenarios\DE_2016\single_male_h3.parquet","single_male_h3.parquet",".parquet","1113036","07-11-25 11:58:35"
"U:\EUROMOD-STORAGE","old_Data_results\old_data\scenarios\DE_2016\single_male_h4.parquet","U:\EUROMOD-STORAGE\old_Data_results\old_data\scenarios\DE_2016\single_male_h4.parquet","single_male_h4.parquet",".parquet","1100854","07-11-25 11:58:37"
"U:\EUROMOD-STORAGE","old_Data_results\old_data\scenarios\DE_2016\single_male_h5.parquet","U:\EUROMOD-STORAGE\old_Data_results\old_data\scenarios\DE_2016\single_male_h5.parquet","single_male_h5.parquet",".parquet","1094652","07-11-25 11:58:38"
"U:\EUROMOD-STORAGE","old_Data_results\old_data\scenarios\DE_2016\single_male_h6.parquet","U:\EUROMOD-STORAGE\old_Data_results\old_data\scenarios\DE_2016\single_male_h6.parquet","single_male_h6.parquet",".parquet","1084481","07-11-25 11:58:40"
"U:\EUROMOD-STORAGE","old_Data_results\old_data\scenarios\heads_wide_single_female.csv","U:\EUROMOD-STORAGE\old_Data_results\old_data\scenarios\heads_wide_single_female.csv","heads_wide_single_female.csv",".csv","1352804","22-10-25 12:30:02"
"U:\EUROMOD-STORAGE","old_Data_results\old_data\scenarios\heads_wide_single_female.parquet","U:\EUROMOD-STORAGE\old_Data_results\old_data\scenarios\heads_wide_single_female.parquet","heads_wide_single_female.parquet",".parquet","576455","22-10-25 12:30:02"
"U:\EUROMOD-STORAGE","old_Data_results\old_data\scenarios\heads_wide_single_female_dcm.csv","U:\EUROMOD-STORAGE\old_Data_results\old_data\scenarios\heads_wide_single_female_dcm.csv","heads_wide_single_female_dcm.csv",".csv","2419211","22-10-25 12:30:03"
"U:\EUROMOD-STORAGE","old_Data_results\old_data\scenarios\heads_wide_single_female_dcm.parquet","U:\EUROMOD-STORAGE\old_Data_results\old_data\scenarios\heads_wide_single_female_dcm.parquet","heads_wide_single_female_dcm.parquet",".parquet","869908","22-10-25 12:30:03"
"U:\EUROMOD-STORAGE","old_Data_results\old_data\scenarios\heads_wide_single_male.csv","U:\EUROMOD-STORAGE\old_Data_results\old_data\scenarios\heads_wide_single_male.csv","heads_wide_single_male.csv",".csv","1066087","22-10-25 12:29:47"
"U:\EUROMOD-STORAGE","old_Data_results\old_data\scenarios\heads_wide_single_male.parquet","U:\EUROMOD-STORAGE\old_Data_results\old_data\scenarios\heads_wide_single_male.parquet","heads_wide_single_male.parquet",".parquet","483002","22-10-25 12:29:46"
"U:\EUROMOD-STORAGE","old_Data_results\old_data\scenarios\heads_wide_single_male_dcm.csv","U:\EUROMOD-STORAGE\old_Data_results\old_data\scenarios\heads_wide_single_male_dcm.csv","heads_wide_single_male_dcm.csv",".csv","1892792","22-10-25 12:29:47"
"U:\EUROMOD-STORAGE","old_Data_results\old_data\scenarios\heads_wide_single_male_dcm.parquet","U:\EUROMOD-STORAGE\old_Data_results\old_data\scenarios\heads_wide_single_male_dcm.parquet","heads_wide_single_male_dcm.parquet",".parquet","722712","22-10-25 12:29:47"
"U:\EUROMOD-STORAGE","old_Data_results\old_data\scenarios\single_female_h0.parquet","U:\EUROMOD-STORAGE\old_Data_results\old_data\scenarios\single_female_h0.parquet","single_female_h0.parquet",".parquet","864562","22-10-25 12:29:49"
"U:\EUROMOD-STORAGE","old_Data_results\old_data\scenarios\single_female_h1.parquet","U:\EUROMOD-STORAGE\old_Data_results\old_data\scenarios\single_female_h1.parquet","single_female_h1.parquet",".parquet","1184177","22-10-25 12:29:51"
"U:\EUROMOD-STORAGE","old_Data_results\old_data\scenarios\single_female_h2.parquet","U:\EUROMOD-STORAGE\old_Data_results\old_data\scenarios\single_female_h2.parquet","single_female_h2.parquet",".parquet","1288645","22-10-25 12:29:52"
"U:\EUROMOD-STORAGE","old_Data_results\old_data\scenarios\single_female_h3.parquet","U:\EUROMOD-STORAGE\old_Data_results\old_data\scenarios\single_female_h3.parquet","single_female_h3.parquet",".parquet","1300011","22-10-25 12:29:54"
"U:\EUROMOD-STORAGE","old_Data_results\old_data\scenarios\single_female_h4.parquet","U:\EUROMOD-STORAGE\old_Data_results\old_data\scenarios\single_female_h4.parquet","single_female_h4.parquet",".parquet","1291606","22-10-25 12:29:55"
"U:\EUROMOD-STORAGE","old_Data_results\old_data\scenarios\single_female_h5.parquet","U:\EUROMOD-STORAGE\old_Data_results\old_data\scenarios\single_female_h5.parquet","single_female_h5.parquet",".parquet","1286942","22-10-25 12:29:56"
"U:\EUROMOD-STORAGE","old_Data_results\old_data\scenarios\single_female_h6.parquet","U:\EUROMOD-STORAGE\old_Data_results\old_data\scenarios\single_female_h6.parquet","single_female_h6.parquet",".parquet","1276143","22-10-25 12:29:58"
"U:\EUROMOD-STORAGE","old_Data_results\old_data\scenarios\single_male_h0.parquet","U:\EUROMOD-STORAGE\old_Data_results\old_data\scenarios\single_male_h0.parquet","single_male_h0.parquet",".parquet","764274","22-10-25 12:29:34"
"U:\EUROMOD-STORAGE","old_Data_results\old_data\scenarios\single_male_h1.parquet","U:\EUROMOD-STORAGE\old_Data_results\old_data\scenarios\single_male_h1.parquet","single_male_h1.parquet",".parquet","1021872","22-10-25 12:29:35"
"U:\EUROMOD-STORAGE","old_Data_results\old_data\scenarios\single_male_h2.parquet","U:\EUROMOD-STORAGE\old_Data_results\old_data\scenarios\single_male_h2.parquet","single_male_h2.parquet",".parquet","1101820","22-10-25 12:29:37"
"U:\EUROMOD-STORAGE","old_Data_results\old_data\scenarios\single_male_h3.parquet","U:\EUROMOD-STORAGE\old_Data_results\old_data\scenarios\single_male_h3.parquet","single_male_h3.parquet",".parquet","1108877","22-10-25 12:29:38"
"U:\EUROMOD-STORAGE","old_Data_results\old_data\scenarios\single_male_h4.parquet","U:\EUROMOD-STORAGE\old_Data_results\old_data\scenarios\single_male_h4.parquet","single_male_h4.parquet",".parquet","1098017","22-10-25 12:29:40"
"U:\EUROMOD-STORAGE","old_Data_results\old_data\scenarios\single_male_h5.parquet","U:\EUROMOD-STORAGE\old_Data_results\old_data\scenarios\single_male_h5.parquet","single_male_h5.parquet",".parquet","1088921","22-10-25 12:29:41"
"U:\EUROMOD-STORAGE","old_Data_results\old_data\scenarios\single_male_h6.parquet","U:\EUROMOD-STORAGE\old_Data_results\old_data\scenarios\single_male_h6.parquet","single_male_h6.parquet",".parquet","1077772","22-10-25 12:29:43"
"U:\EUROMOD-STORAGE","old_Data_results\old_data\singles_filtering_final.parquet","U:\EUROMOD-STORAGE\old_Data_results\old_data\singles_filtering_final.parquet","singles_filtering_final.parquet",".parquet","555874","22-10-25 12:28:34"
"U:\EUROMOD-STORAGE","old_Data_results\old_data\singles_final_filtered_female.parquet","U:\EUROMOD-STORAGE\old_Data_results\old_data\singles_final_filtered_female.parquet","singles_final_filtered_female.parquet",".parquet","365596","22-10-25 12:28:34"
"U:\EUROMOD-STORAGE","old_Data_results\old_data\singles_final_filtered_male.parquet","U:\EUROMOD-STORAGE\old_Data_results\old_data\singles_final_filtered_male.parquet","singles_final_filtered_male.parquet",".parquet","312437","22-10-25 12:28:34"
"U:\EUROMOD-STORAGE","old_Data_results\outputs\prep\couples_filtering_filtering_summary.csv","U:\EUROMOD-STORAGE\old_Data_results\outputs\prep\couples_filtering_filtering_summary.csv","couples_filtering_filtering_summary.csv",".csv","1309","22-10-25 12:01:45"
"U:\EUROMOD-STORAGE","old_Data_results\outputs\prep\singles_filtering_filtering_summary.csv","U:\EUROMOD-STORAGE\old_Data_results\outputs\prep\singles_filtering_filtering_summary.csv","singles_filtering_filtering_summary.csv",".csv","845","22-10-25 12:01:48"
"U:\EUROMOD-STORAGE","old_Data_results\reports\biogeme\dcm_female_parameters.csv","U:\EUROMOD-STORAGE\old_Data_results\reports\biogeme\dcm_female_parameters.csv","dcm_female_parameters.csv",".csv","838","15-10-25 14:37:21"
"U:\EUROMOD-STORAGE","old_Data_results\reports\biogeme\dcm_male_parameters.csv","U:\EUROMOD-STORAGE\old_Data_results\reports\biogeme\dcm_male_parameters.csv","dcm_male_parameters.csv",".csv","848","15-10-25 14:37:15"
"U:\EUROMOD-STORAGE","old_Data_results\reports\biogeme\female\dcm_female.html","U:\EUROMOD-STORAGE\old_Data_results\reports\biogeme\female\dcm_female.html","dcm_female.html",".html","9686","15-10-25 17:41:49"
"U:\EUROMOD-STORAGE","old_Data_results\reports\biogeme\female\dcm_female_analysis.html","U:\EUROMOD-STORAGE\old_Data_results\reports\biogeme\female\dcm_female_analysis.html","dcm_female_analysis.html",".html","5416","16-10-25 11:50:45"
"U:\EUROMOD-STORAGE","old_Data_results\reports\biogeme\female\dcm_female_parameters.csv","U:\EUROMOD-STORAGE\old_Data_results\reports\biogeme\female\dcm_female_parameters.csv","dcm_female_parameters.csv",".csv","838","15-10-25 17:41:49"
"U:\EUROMOD-STORAGE","old_Data_results\reports\biogeme\female_ascsOFF\dcm_female_ascsOFF.html","U:\EUROMOD-STORAGE\old_Data_results\reports\biogeme\female_ascsOFF\dcm_female_ascsOFF.html","dcm_female_ascsOFF.html",".html","10611","21-10-25 11:35:52"
"U:\EUROMOD-STORAGE","old_Data_results\reports\biogeme\female_ascsOFF\dcm_female_ascsOFF_param_descriptions.json","U:\EUROMOD-STORAGE\old_Data_results\reports\biogeme\female_ascsOFF\dcm_female_ascsOFF_param_descriptions.json","dcm_female_ascsOFF_param_descriptions.json",".json","728","21-10-25 11:35:52"
"U:\EUROMOD-STORAGE","old_Data_results\reports\biogeme\female_ascsOFF\dcm_female_ascsOFF_param_labels.json","U:\EUROMOD-STORAGE\old_Data_results\reports\biogeme\female_ascsOFF\dcm_female_ascsOFF_param_labels.json","dcm_female_ascsOFF_param_labels.json",".json","321","21-10-25 11:35:52"
"U:\EUROMOD-STORAGE","old_Data_results\reports\biogeme\female_ascsOFF\dcm_female_ascsOFF_parameters.csv","U:\EUROMOD-STORAGE\old_Data_results\reports\biogeme\female_ascsOFF\dcm_female_ascsOFF_parameters.csv","dcm_female_ascsOFF_parameters.csv",".csv","940","21-10-25 11:35:52"
"U:\EUROMOD-STORAGE","old_Data_results\reports\biogeme\female_ascsON\dcm_female_ascsON.html","U:\EUROMOD-STORAGE\old_Data_results\reports\biogeme\female_ascsON\dcm_female_ascsON.html","dcm_female_ascsON.html",".html","18340","16-10-25 11:41:52"
"U:\EUROMOD-STORAGE","old_Data_results\reports\biogeme\female_ascsON\dcm_female_ascsON_analysis.html","U:\EUROMOD-STORAGE\old_Data_results\reports\biogeme\female_ascsON\dcm_female_ascsON_analysis.html","dcm_female_ascsON_analysis.html",".html","5914","20-10-25 16:16:26"
"U:\EUROMOD-STORAGE","old_Data_results\reports\biogeme\female_ascsON\dcm_female_ascsON_parameters.csv","U:\EUROMOD-STORAGE\old_Data_results\reports\biogeme\female_ascsON\dcm_female_ascsON_parameters.csv","dcm_female_ascsON_parameters.csv",".csv","1405","16-10-25 11:41:52"
"U:\EUROMOD-STORAGE","old_Data_results\reports\biogeme\male\dcm_male.html","U:\EUROMOD-STORAGE\old_Data_results\reports\biogeme\male\dcm_male.html","dcm_male.html",".html","9651","15-10-25 17:41:37"
"U:\EUROMOD-STORAGE","old_Data_results\reports\biogeme\male\dcm_male_analysis.html","U:\EUROMOD-STORAGE\old_Data_results\reports\biogeme\male\dcm_male_analysis.html","dcm_male_analysis.html",".html","5211","16-10-25 11:50:44"
"U:\EUROMOD-STORAGE","old_Data_results\reports\biogeme\male\dcm_male_parameters.csv","U:\EUROMOD-STORAGE\old_Data_results\reports\biogeme\male\dcm_male_parameters.csv","dcm_male_parameters.csv",".csv","848","15-10-25 17:41:37"
"U:\EUROMOD-STORAGE","old_Data_results\reports\biogeme\male_ascsOFF\dcm_male_ascsOFF.html","U:\EUROMOD-STORAGE\old_Data_results\reports\biogeme\male_ascsOFF\dcm_male_ascsOFF.html","dcm_male_ascsOFF.html",".html","10573","21-10-25 11:35:41"
"U:\EUROMOD-STORAGE","old_Data_results\reports\biogeme\male_ascsOFF\dcm_male_ascsOFF_param_descriptions.json","U:\EUROMOD-STORAGE\old_Data_results\reports\biogeme\male_ascsOFF\dcm_male_ascsOFF_param_descriptions.json","dcm_male_ascsOFF_param_descriptions.json",".json","728","21-10-25 11:35:41"
"U:\EUROMOD-STORAGE","old_Data_results\reports\biogeme\male_ascsOFF\dcm_male_ascsOFF_param_labels.json","U:\EUROMOD-STORAGE\old_Data_results\reports\biogeme\male_ascsOFF\dcm_male_ascsOFF_param_labels.json","dcm_male_ascsOFF_param_labels.json",".json","321","21-10-25 11:35:41"
"U:\EUROMOD-STORAGE","old_Data_results\reports\biogeme\male_ascsOFF\dcm_male_ascsOFF_parameters.csv","U:\EUROMOD-STORAGE\old_Data_results\reports\biogeme\male_ascsOFF\dcm_male_ascsOFF_parameters.csv","dcm_male_ascsOFF_parameters.csv",".csv","951","21-10-25 11:35:41"
"U:\EUROMOD-STORAGE","old_Data_results\reports\biogeme\male_ascsON\dcm_male_ascsON.html","U:\EUROMOD-STORAGE\old_Data_results\reports\biogeme\male_ascsON\dcm_male_ascsON.html","dcm_male_ascsON.html",".html","18268","16-10-25 11:41:34"
"U:\EUROMOD-STORAGE","old_Data_results\reports\biogeme\male_ascsON\dcm_male_ascsON_analysis.html","U:\EUROMOD-STORAGE\old_Data_results\reports\biogeme\male_ascsON\dcm_male_ascsON_analysis.html","dcm_male_ascsON_analysis.html",".html","5718","20-10-25 16:16:25"
"U:\EUROMOD-STORAGE","old_Data_results\reports\biogeme\male_ascsON\dcm_male_ascsON_parameters.csv","U:\EUROMOD-STORAGE\old_Data_results\reports\biogeme\male_ascsON\dcm_male_ascsON_parameters.csv","dcm_male_ascsON_parameters.csv",".csv","1400","16-10-25 11:41:34"
"U:\EUROMOD-STORAGE","outputs\prep\fr\2016\fr_2016_meta.json","U:\EUROMOD-STORAGE\outputs\prep\fr\2016\fr_2016_meta.json","fr_2016_meta.json",".json","3704","05-02-26 14:00:13"
"U:\EUROMOD-STORAGE","outputs\prep\fr\2016\fr_2016_singles_stats.csv","U:\EUROMOD-STORAGE\outputs\prep\fr\2016\fr_2016_singles_stats.csv","fr_2016_singles_stats.csv",".csv","352","05-02-26 14:00:13"
"U:\EUROMOD-STORAGE","outputs\prep\fr\2016\fr_2016_stats.csv","U:\EUROMOD-STORAGE\outputs\prep\fr\2016\fr_2016_stats.csv","fr_2016_stats.csv",".csv","907","05-02-26 14:00:07"
"U:\EUROMOD-STORAGE","reports\gamspy\boxcox\DE_2014_2016_panel\female_ascsOFF_q99\boxcox_female_ascsOFF_q99_analysis.html","U:\EUROMOD-STORAGE\reports\gamspy\boxcox\DE_2014_2016_panel\female_ascsOFF_q99\boxcox_female_ascsOFF_q99_analysis.html","boxcox_female_ascsOFF_q99_analysis.html",".html","11608","26-11-25 15:19:10"
"U:\EUROMOD-STORAGE","reports\gamspy\boxcox\DE_2014_2016_panel\female_ascsOFF_q99\boxcox_female_ascsOFF_q99_confusion.csv","U:\EUROMOD-STORAGE\reports\gamspy\boxcox\DE_2014_2016_panel\female_ascsOFF_q99\boxcox_female_ascsOFF_q99_confusion.csv","boxcox_female_ascsOFF_q99_confusion.csv",".csv","178","26-11-25 15:18:33"
"U:\EUROMOD-STORAGE","reports\gamspy\boxcox\DE_2014_2016_panel\female_ascsOFF_q99\boxcox_female_ascsOFF_q99_meta.json","U:\EUROMOD-STORAGE\reports\gamspy\boxcox\DE_2014_2016_panel\female_ascsOFF_q99\boxcox_female_ascsOFF_q99_meta.json","boxcox_female_ascsOFF_q99_meta.json",".json","1904","26-11-25 15:18:33"
"U:\EUROMOD-STORAGE","reports\gamspy\boxcox\DE_2014_2016_panel\female_ascsOFF_q99\boxcox_female_ascsOFF_q99_mucmul_draws.csv","U:\EUROMOD-STORAGE\reports\gamspy\boxcox\DE_2014_2016_panel\female_ascsOFF_q99\boxcox_female_ascsOFF_q99_mucmul_draws.csv","boxcox_female_ascsOFF_q99_mucmul_draws.csv",".csv","114171","26-11-25 15:19:09"
"U:\EUROMOD-STORAGE","reports\gamspy\boxcox\DE_2014_2016_panel\female_ascsOFF_q99\boxcox_female_ascsOFF_q99_mucmul_summary.json","U:\EUROMOD-STORAGE\reports\gamspy\boxcox\DE_2014_2016_panel\female_ascsOFF_q99\boxcox_female_ascsOFF_q99_mucmul_summary.json","boxcox_female_ascsOFF_q99_mucmul_summary.json",".json","327","26-11-25 15:18:33"
"U:\EUROMOD-STORAGE","reports\gamspy\boxcox\DE_2014_2016_panel\female_ascsOFF_q99\boxcox_female_ascsOFF_q99_param_descriptions.json","U:\EUROMOD-STORAGE\reports\gamspy\boxcox\DE_2014_2016_panel\female_ascsOFF_q99\boxcox_female_ascsOFF_q99_param_descriptions.json","boxcox_female_ascsOFF_q99_param_descriptions.json",".json","568","26-11-25 15:18:33"
"U:\EUROMOD-STORAGE","reports\gamspy\boxcox\DE_2014_2016_panel\female_ascsOFF_q99\boxcox_female_ascsOFF_q99_param_labels.json","U:\EUROMOD-STORAGE\reports\gamspy\boxcox\DE_2014_2016_panel\female_ascsOFF_q99\boxcox_female_ascsOFF_q99_param_labels.json","boxcox_female_ascsOFF_q99_param_labels.json",".json","377","26-11-25 15:18:33"
"U:\EUROMOD-STORAGE","reports\gamspy\boxcox\DE_2014_2016_panel\female_ascsOFF_q99\boxcox_female_ascsOFF_q99_parameters.csv","U:\EUROMOD-STORAGE\reports\gamspy\boxcox\DE_2014_2016_panel\female_ascsOFF_q99\boxcox_female_ascsOFF_q99_parameters.csv","boxcox_female_ascsOFF_q99_parameters.csv",".csv","1255","26-11-25 15:18:33"
"U:\EUROMOD-STORAGE","reports\gamspy\boxcox\DE_2014_2016_panel\female_ascsOFF_q99\boxcox_female_ascsOFF_q99_util_decomp.csv","U:\EUROMOD-STORAGE\reports\gamspy\boxcox\DE_2014_2016_panel\female_ascsOFF_q99\boxcox_female_ascsOFF_q99_util_decomp.csv","boxcox_female_ascsOFF_q99_util_decomp.csv",".csv","348","26-11-25 15:19:09"
"U:\EUROMOD-STORAGE","reports\gamspy\boxcox\DE_2014_2016_panel\female_ascsON_q99\boxcox_female_ascsON_q99_analysis.html","U:\EUROMOD-STORAGE\reports\gamspy\boxcox\DE_2014_2016_panel\female_ascsON_q99\boxcox_female_ascsON_q99_analysis.html","boxcox_female_ascsON_q99_analysis.html",".html","13230","26-11-25 15:21:16"
"U:\EUROMOD-STORAGE","reports\gamspy\boxcox\DE_2014_2016_panel\female_ascsON_q99\boxcox_female_ascsON_q99_confusion.csv","U:\EUROMOD-STORAGE\reports\gamspy\boxcox\DE_2014_2016_panel\female_ascsON_q99\boxcox_female_ascsON_q99_confusion.csv","boxcox_female_ascsON_q99_confusion.csv",".csv","176","26-11-25 15:20:37"
"U:\EUROMOD-STORAGE","reports\gamspy\boxcox\DE_2014_2016_panel\female_ascsON_q99\boxcox_female_ascsON_q99_meta.json","U:\EUROMOD-STORAGE\reports\gamspy\boxcox\DE_2014_2016_panel\female_ascsON_q99\boxcox_female_ascsON_q99_meta.json","boxcox_female_ascsON_q99_meta.json",".json","2113","26-11-25 15:20:37"
"U:\EUROMOD-STORAGE","reports\gamspy\boxcox\DE_2014_2016_panel\female_ascsON_q99\boxcox_female_ascsON_q99_mucmul_draws.csv","U:\EUROMOD-STORAGE\reports\gamspy\boxcox\DE_2014_2016_panel\female_ascsON_q99\boxcox_female_ascsON_q99_mucmul_draws.csv","boxcox_female_ascsON_q99_mucmul_draws.csv",".csv","125140","26-11-25 15:21:15"
"U:\EUROMOD-STORAGE","reports\gamspy\boxcox\DE_2014_2016_panel\female_ascsON_q99\boxcox_female_ascsON_q99_mucmul_summary.json","U:\EUROMOD-STORAGE\reports\gamspy\boxcox\DE_2014_2016_panel\female_ascsON_q99\boxcox_female_ascsON_q99_mucmul_summary.json","boxcox_female_ascsON_q99_mucmul_summary.json",".json","329","26-11-25 15:20:37"
"U:\EUROMOD-STORAGE","reports\gamspy\boxcox\DE_2014_2016_panel\female_ascsON_q99\boxcox_female_ascsON_q99_param_descriptions.json","U:\EUROMOD-STORAGE\reports\gamspy\boxcox\DE_2014_2016_panel\female_ascsON_q99\boxcox_female_ascsON_q99_param_descriptions.json","boxcox_female_ascsON_q99_param_descriptions.json",".json","850","26-11-25 15:20:37"
"U:\EUROMOD-STORAGE","reports\gamspy\boxcox\DE_2014_2016_panel\female_ascsON_q99\boxcox_female_ascsON_q99_param_labels.json","U:\EUROMOD-STORAGE\reports\gamspy\boxcox\DE_2014_2016_panel\female_ascsON_q99\boxcox_female_ascsON_q99_param_labels.json","boxcox_female_ascsON_q99_param_labels.json",".json","515","26-11-25 15:20:37"
"U:\EUROMOD-STORAGE","reports\gamspy\boxcox\DE_2014_2016_panel\female_ascsON_q99\boxcox_female_ascsON_q99_parameters.csv","U:\EUROMOD-STORAGE\reports\gamspy\boxcox\DE_2014_2016_panel\female_ascsON_q99\boxcox_female_ascsON_q99_parameters.csv","boxcox_female_ascsON_q99_parameters.csv",".csv","2118","26-11-25 15:20:37"
"U:\EUROMOD-STORAGE","reports\gamspy\boxcox\DE_2014_2016_panel\female_ascsON_q99\boxcox_female_ascsON_q99_util_decomp.csv","U:\EUROMOD-STORAGE\reports\gamspy\boxcox\DE_2014_2016_panel\female_ascsON_q99\boxcox_female_ascsON_q99_util_decomp.csv","boxcox_female_ascsON_q99_util_decomp.csv",".csv","379","26-11-25 15:21:15"
"U:\EUROMOD-STORAGE","reports\gamspy\boxcox\DE_2014_2016_panel\male_ascsOFF_q99\boxcox_male_ascsOFF_q99_analysis.html","U:\EUROMOD-STORAGE\reports\gamspy\boxcox\DE_2014_2016_panel\male_ascsOFF_q99\boxcox_male_ascsOFF_q99_analysis.html","boxcox_male_ascsOFF_q99_analysis.html",".html","11582","26-11-25 15:23:07"
"U:\EUROMOD-STORAGE","reports\gamspy\boxcox\DE_2014_2016_panel\male_ascsOFF_q99\boxcox_male_ascsOFF_q99_confusion.csv","U:\EUROMOD-STORAGE\reports\gamspy\boxcox\DE_2014_2016_panel\male_ascsOFF_q99\boxcox_male_ascsOFF_q99_confusion.csv","boxcox_male_ascsOFF_q99_confusion.csv",".csv","169","26-11-25 15:22:32"
"U:\EUROMOD-STORAGE","reports\gamspy\boxcox\DE_2014_2016_panel\male_ascsOFF_q99\boxcox_male_ascsOFF_q99_meta.json","U:\EUROMOD-STORAGE\reports\gamspy\boxcox\DE_2014_2016_panel\male_ascsOFF_q99\boxcox_male_ascsOFF_q99_meta.json","boxcox_male_ascsOFF_q99_meta.json",".json","1904","26-11-25 15:22:32"
"U:\EUROMOD-STORAGE","reports\gamspy\boxcox\DE_2014_2016_panel\male_ascsOFF_q99\boxcox_male_ascsOFF_q99_mucmul_draws.csv","U:\EUROMOD-STORAGE\reports\gamspy\boxcox\DE_2014_2016_panel\male_ascsOFF_q99\boxcox_male_ascsOFF_q99_mucmul_draws.csv","boxcox_male_ascsOFF_q99_mucmul_draws.csv",".csv","89769","26-11-25 15:23:06"
"U:\EUROMOD-STORAGE","reports\gamspy\boxcox\DE_2014_2016_panel\male_ascsOFF_q99\boxcox_male_ascsOFF_q99_mucmul_summary.json","U:\EUROMOD-STORAGE\reports\gamspy\boxcox\DE_2014_2016_panel\male_ascsOFF_q99\boxcox_male_ascsOFF_q99_mucmul_summary.json","boxcox_male_ascsOFF_q99_mucmul_summary.json",".json","325","26-11-25 15:22:32"
"U:\EUROMOD-STORAGE","reports\gamspy\boxcox\DE_2014_2016_panel\male_ascsOFF_q99\boxcox_male_ascsOFF_q99_param_descriptions.json","U:\EUROMOD-STORAGE\reports\gamspy\boxcox\DE_2014_2016_panel\male_ascsOFF_q99\boxcox_male_ascsOFF_q99_param_descriptions.json","boxcox_male_ascsOFF_q99_param_descriptions.json",".json","568","26-11-25 15:22:32"
"U:\EUROMOD-STORAGE","reports\gamspy\boxcox\DE_2014_2016_panel\male_ascsOFF_q99\boxcox_male_ascsOFF_q99_param_labels.json","U:\EUROMOD-STORAGE\reports\gamspy\boxcox\DE_2014_2016_panel\male_ascsOFF_q99\boxcox_male_ascsOFF_q99_param_labels.json","boxcox_male_ascsOFF_q99_param_labels.json",".json","377","26-11-25 15:22:32"
"U:\EUROMOD-STORAGE","reports\gamspy\boxcox\DE_2014_2016_panel\male_ascsOFF_q99\boxcox_male_ascsOFF_q99_parameters.csv","U:\EUROMOD-STORAGE\reports\gamspy\boxcox\DE_2014_2016_panel\male_ascsOFF_q99\boxcox_male_ascsOFF_q99_parameters.csv","boxcox_male_ascsOFF_q99_parameters.csv",".csv","1246","26-11-25 15:22:32"
"U:\EUROMOD-STORAGE","reports\gamspy\boxcox\DE_2014_2016_panel\male_ascsOFF_q99\boxcox_male_ascsOFF_q99_util_decomp.csv","U:\EUROMOD-STORAGE\reports\gamspy\boxcox\DE_2014_2016_panel\male_ascsOFF_q99\boxcox_male_ascsOFF_q99_util_decomp.csv","boxcox_male_ascsOFF_q99_util_decomp.csv",".csv","351","26-11-25 15:23:06"
"U:\EUROMOD-STORAGE","reports\gamspy\boxcox\DE_2014_2016_panel\male_ascsON_q99\boxcox_male_ascsON_q99_analysis.html","U:\EUROMOD-STORAGE\reports\gamspy\boxcox\DE_2014_2016_panel\male_ascsON_q99\boxcox_male_ascsON_q99_analysis.html","boxcox_male_ascsON_q99_analysis.html",".html","13232","26-11-25 15:25:00"
"U:\EUROMOD-STORAGE","reports\gamspy\boxcox\DE_2014_2016_panel\male_ascsON_q99\boxcox_male_ascsON_q99_confusion.csv","U:\EUROMOD-STORAGE\reports\gamspy\boxcox\DE_2014_2016_panel\male_ascsON_q99\boxcox_male_ascsON_q99_confusion.csv","boxcox_male_ascsON_q99_confusion.csv",".csv","172","26-11-25 15:24:28"
"U:\EUROMOD-STORAGE","reports\gamspy\boxcox\DE_2014_2016_panel\male_ascsON_q99\boxcox_male_ascsON_q99_meta.json","U:\EUROMOD-STORAGE\reports\gamspy\boxcox\DE_2014_2016_panel\male_ascsON_q99\boxcox_male_ascsON_q99_meta.json","boxcox_male_ascsON_q99_meta.json",".json","2114","26-11-25 15:24:28"
"U:\EUROMOD-STORAGE","reports\gamspy\boxcox\DE_2014_2016_panel\male_ascsON_q99\boxcox_male_ascsON_q99_mucmul_draws.csv","U:\EUROMOD-STORAGE\reports\gamspy\boxcox\DE_2014_2016_panel\male_ascsON_q99\boxcox_male_ascsON_q99_mucmul_draws.csv","boxcox_male_ascsON_q99_mucmul_draws.csv",".csv","97218","26-11-25 15:24:59"
"U:\EUROMOD-STORAGE","reports\gamspy\boxcox\DE_2014_2016_panel\male_ascsON_q99\boxcox_male_ascsON_q99_mucmul_summary.json","U:\EUROMOD-STORAGE\reports\gamspy\boxcox\DE_2014_2016_panel\male_ascsON_q99\boxcox_male_ascsON_q99_mucmul_summary.json","boxcox_male_ascsON_q99_mucmul_summary.json",".json","328","26-11-25 15:24:28"
"U:\EUROMOD-STORAGE","reports\gamspy\boxcox\DE_2014_2016_panel\male_ascsON_q99\boxcox_male_ascsON_q99_param_descriptions.json","U:\EUROMOD-STORAGE\reports\gamspy\boxcox\DE_2014_2016_panel\male_ascsON_q99\boxcox_male_ascsON_q99_param_descriptions.json","boxcox_male_ascsON_q99_param_descriptions.json",".json","850","26-11-25 15:24:28"
"U:\EUROMOD-STORAGE","reports\gamspy\boxcox\DE_2014_2016_panel\male_ascsON_q99\boxcox_male_ascsON_q99_param_labels.json","U:\EUROMOD-STORAGE\reports\gamspy\boxcox\DE_2014_2016_panel\male_ascsON_q99\boxcox_male_ascsON_q99_param_labels.json","boxcox_male_ascsON_q99_param_labels.json",".json","515","26-11-25 15:24:28"
"U:\EUROMOD-STORAGE","reports\gamspy\boxcox\DE_2014_2016_panel\male_ascsON_q99\boxcox_male_ascsON_q99_parameters.csv","U:\EUROMOD-STORAGE\reports\gamspy\boxcox\DE_2014_2016_panel\male_ascsON_q99\boxcox_male_ascsON_q99_parameters.csv","boxcox_male_ascsON_q99_parameters.csv",".csv","2125","26-11-25 15:24:28"
"U:\EUROMOD-STORAGE","reports\gamspy\boxcox\DE_2014_2016_panel\male_ascsON_q99\boxcox_male_ascsON_q99_util_decomp.csv","U:\EUROMOD-STORAGE\reports\gamspy\boxcox\DE_2014_2016_panel\male_ascsON_q99\boxcox_male_ascsON_q99_util_decomp.csv","boxcox_male_ascsON_q99_util_decomp.csv",".csv","390","26-11-25 15:24:59"
"U:\EUROMOD-STORAGE","reports\gamspy\boxcox\DE_2014_2016_panel\pooled_ascsOFF_q99\boxcox_pooled_ascsOFF_q99_analysis.html","U:\EUROMOD-STORAGE\reports\gamspy\boxcox\DE_2014_2016_panel\pooled_ascsOFF_q99\boxcox_pooled_ascsOFF_q99_analysis.html","boxcox_pooled_ascsOFF_q99_analysis.html",".html","11900","26-11-25 15:31:31"
"U:\EUROMOD-STORAGE","reports\gamspy\boxcox\DE_2014_2016_panel\pooled_ascsOFF_q99\boxcox_pooled_ascsOFF_q99_analysis~01.html","U:\EUROMOD-STORAGE\reports\gamspy\boxcox\DE_2014_2016_panel\pooled_ascsOFF_q99\boxcox_pooled_ascsOFF_q99_analysis~01.html","boxcox_pooled_ascsOFF_q99_analysis~01.html",".html","11900","26-11-25 16:58:20"
"U:\EUROMOD-STORAGE","reports\gamspy\boxcox\DE_2014_2016_panel\pooled_ascsOFF_q99\boxcox_pooled_ascsOFF_q99_confusion.csv","U:\EUROMOD-STORAGE\reports\gamspy\boxcox\DE_2014_2016_panel\pooled_ascsOFF_q99\boxcox_pooled_ascsOFF_q99_confusion.csv","boxcox_pooled_ascsOFF_q99_confusion.csv",".csv","182","26-11-25 15:30:49"
"U:\EUROMOD-STORAGE","reports\gamspy\boxcox\DE_2014_2016_panel\pooled_ascsOFF_q99\boxcox_pooled_ascsOFF_q99_meta.json","U:\EUROMOD-STORAGE\reports\gamspy\boxcox\DE_2014_2016_panel\pooled_ascsOFF_q99\boxcox_pooled_ascsOFF_q99_meta.json","boxcox_pooled_ascsOFF_q99_meta.json",".json","1951","26-11-25 15:30:49"
"U:\EUROMOD-STORAGE","reports\gamspy\boxcox\DE_2014_2016_panel\pooled_ascsOFF_q99\boxcox_pooled_ascsOFF_q99_mucmul_draws.csv","U:\EUROMOD-STORAGE\reports\gamspy\boxcox\DE_2014_2016_panel\pooled_ascsOFF_q99\boxcox_pooled_ascsOFF_q99_mucmul_draws.csv","boxcox_pooled_ascsOFF_q99_mucmul_draws.csv",".csv","203915","26-11-25 16:58:20"
"U:\EUROMOD-STORAGE","reports\gamspy\boxcox\DE_2014_2016_panel\pooled_ascsOFF_q99\boxcox_pooled_ascsOFF_q99_mucmul_summary.json","U:\EUROMOD-STORAGE\reports\gamspy\boxcox\DE_2014_2016_panel\pooled_ascsOFF_q99\boxcox_pooled_ascsOFF_q99_mucmul_summary.json","boxcox_pooled_ascsOFF_q99_mucmul_summary.json",".json","328","26-11-25 15:30:50"
"U:\EUROMOD-STORAGE","reports\gamspy\boxcox\DE_2014_2016_panel\pooled_ascsOFF_q99\boxcox_pooled_ascsOFF_q99_param_descriptions.json","U:\EUROMOD-STORAGE\reports\gamspy\boxcox\DE_2014_2016_panel\pooled_ascsOFF_q99\boxcox_pooled_ascsOFF_q99_param_descriptions.json","boxcox_pooled_ascsOFF_q99_param_descriptions.json",".json","632","26-11-25 15:30:49"
"U:\EUROMOD-STORAGE","reports\gamspy\boxcox\DE_2014_2016_panel\pooled_ascsOFF_q99\boxcox_pooled_ascsOFF_q99_param_labels.json","U:\EUROMOD-STORAGE\reports\gamspy\boxcox\DE_2014_2016_panel\pooled_ascsOFF_q99\boxcox_pooled_ascsOFF_q99_param_labels.json","boxcox_pooled_ascsOFF_q99_param_labels.json",".json","427","26-11-25 15:30:49"
"U:\EUROMOD-STORAGE","reports\gamspy\boxcox\DE_2014_2016_panel\pooled_ascsOFF_q99\boxcox_pooled_ascsOFF_q99_parameters.csv","U:\EUROMOD-STORAGE\reports\gamspy\boxcox\DE_2014_2016_panel\pooled_ascsOFF_q99\boxcox_pooled_ascsOFF_q99_parameters.csv","boxcox_pooled_ascsOFF_q99_parameters.csv",".csv","1409","26-11-25 15:30:49"
"U:\EUROMOD-STORAGE","reports\gamspy\boxcox\DE_2014_2016_panel\pooled_ascsOFF_q99\boxcox_pooled_ascsOFF_q99_util_decomp.csv","U:\EUROMOD-STORAGE\reports\gamspy\boxcox\DE_2014_2016_panel\pooled_ascsOFF_q99\boxcox_pooled_ascsOFF_q99_util_decomp.csv","boxcox_pooled_ascsOFF_q99_util_decomp.csv",".csv","345","26-11-25 16:58:20"
"U:\EUROMOD-STORAGE","reports\gamspy\boxcox\DE_2014_2016_panel\pooled_ascsON_q99\boxcox_pooled_ascsON_q99_analysis.html","U:\EUROMOD-STORAGE\reports\gamspy\boxcox\DE_2014_2016_panel\pooled_ascsON_q99\boxcox_pooled_ascsON_q99_analysis.html","boxcox_pooled_ascsON_q99_analysis.html",".html","13530","26-11-25 15:33:48"
"U:\EUROMOD-STORAGE","reports\gamspy\boxcox\DE_2014_2016_panel\pooled_ascsON_q99\boxcox_pooled_ascsON_q99_confusion.csv","U:\EUROMOD-STORAGE\reports\gamspy\boxcox\DE_2014_2016_panel\pooled_ascsON_q99\boxcox_pooled_ascsON_q99_confusion.csv","boxcox_pooled_ascsON_q99_confusion.csv",".csv","178","26-11-25 15:33:10"
"U:\EUROMOD-STORAGE","reports\gamspy\boxcox\DE_2014_2016_panel\pooled_ascsON_q99\boxcox_pooled_ascsON_q99_meta.json","U:\EUROMOD-STORAGE\reports\gamspy\boxcox\DE_2014_2016_panel\pooled_ascsON_q99\boxcox_pooled_ascsON_q99_meta.json","boxcox_pooled_ascsON_q99_meta.json",".json","2160","26-11-25 15:33:10"
"U:\EUROMOD-STORAGE","reports\gamspy\boxcox\DE_2014_2016_panel\pooled_ascsON_q99\boxcox_pooled_ascsON_q99_mucmul_draws.csv","U:\EUROMOD-STORAGE\reports\gamspy\boxcox\DE_2014_2016_panel\pooled_ascsON_q99\boxcox_pooled_ascsON_q99_mucmul_draws.csv","boxcox_pooled_ascsON_q99_mucmul_draws.csv",".csv","221754","26-11-25 15:33:47"
"U:\EUROMOD-STORAGE","reports\gamspy\boxcox\DE_2014_2016_panel\pooled_ascsON_q99\boxcox_pooled_ascsON_q99_mucmul_summary.json","U:\EUROMOD-STORAGE\reports\gamspy\boxcox\DE_2014_2016_panel\pooled_ascsON_q99\boxcox_pooled_ascsON_q99_mucmul_summary.json","boxcox_pooled_ascsON_q99_mucmul_summary.json",".json","329","26-11-25 15:33:10"
"U:\EUROMOD-STORAGE","reports\gamspy\boxcox\DE_2014_2016_panel\pooled_ascsON_q99\boxcox_pooled_ascsON_q99_param_descriptions.json","U:\EUROMOD-STORAGE\reports\gamspy\boxcox\DE_2014_2016_panel\pooled_ascsON_q99\boxcox_pooled_ascsON_q99_param_descriptions.json","boxcox_pooled_ascsON_q99_param_descriptions.json",".json","914","26-11-25 15:33:10"
"U:\EUROMOD-STORAGE","reports\gamspy\boxcox\DE_2014_2016_panel\pooled_ascsON_q99\boxcox_pooled_ascsON_q99_param_labels.json","U:\EUROMOD-STORAGE\reports\gamspy\boxcox\DE_2014_2016_panel\pooled_ascsON_q99\boxcox_pooled_ascsON_q99_param_labels.json","boxcox_pooled_ascsON_q99_param_labels.json",".json","565","26-11-25 15:33:10"
"U:\EUROMOD-STORAGE","reports\gamspy\boxcox\DE_2014_2016_panel\pooled_ascsON_q99\boxcox_pooled_ascsON_q99_parameters.csv","U:\EUROMOD-STORAGE\reports\gamspy\boxcox\DE_2014_2016_panel\pooled_ascsON_q99\boxcox_pooled_ascsON_q99_parameters.csv","boxcox_pooled_ascsON_q99_parameters.csv",".csv","2271","26-11-25 15:33:10"
"U:\EUROMOD-STORAGE","reports\gamspy\boxcox\DE_2014_2016_panel\pooled_ascsON_q99\boxcox_pooled_ascsON_q99_util_decomp.csv","U:\EUROMOD-STORAGE\reports\gamspy\boxcox\DE_2014_2016_panel\pooled_ascsON_q99\boxcox_pooled_ascsON_q99_util_decomp.csv","boxcox_pooled_ascsON_q99_util_decomp.csv",".csv","382","26-11-25 15:33:47"
"U:\EUROMOD-STORAGE","reports\gamspy\boxcox\pooled_genderSplit\pooled_ascsOFF_q99\boxcox_pooled_genderSplit_ascsOFF_q99_analysis.html","U:\EUROMOD-STORAGE\reports\gamspy\boxcox\pooled_genderSplit\pooled_ascsOFF_q99\boxcox_pooled_genderSplit_ascsOFF_q99_analysis.html","boxcox_pooled_genderSplit_ascsOFF_q99_analysis.html",".html","15682","26-11-25 17:21:46"
"U:\EUROMOD-STORAGE","reports\gamspy\boxcox\pooled_genderSplit\pooled_ascsOFF_q99\boxcox_pooled_genderSplit_ascsOFF_q99_confusion.csv","U:\EUROMOD-STORAGE\reports\gamspy\boxcox\pooled_genderSplit\pooled_ascsOFF_q99\boxcox_pooled_genderSplit_ascsOFF_q99_confusion.csv","boxcox_pooled_genderSplit_ascsOFF_q99_confusion.csv",".csv","183","26-11-25 17:21:06"
"U:\EUROMOD-STORAGE","reports\gamspy\boxcox\pooled_genderSplit\pooled_ascsOFF_q99\boxcox_pooled_genderSplit_ascsOFF_q99_meta.json","U:\EUROMOD-STORAGE\reports\gamspy\boxcox\pooled_genderSplit\pooled_ascsOFF_q99\boxcox_pooled_genderSplit_ascsOFF_q99_meta.json","boxcox_pooled_genderSplit_ascsOFF_q99_meta.json",".json","2300","26-11-25 17:21:06"
"U:\EUROMOD-STORAGE","reports\gamspy\boxcox\pooled_genderSplit\pooled_ascsOFF_q99\boxcox_pooled_genderSplit_ascsOFF_q99_mucmul_draws.csv","U:\EUROMOD-STORAGE\reports\gamspy\boxcox\pooled_genderSplit\pooled_ascsOFF_q99\boxcox_pooled_genderSplit_ascsOFF_q99_mucmul_draws.csv","boxcox_pooled_genderSplit_ascsOFF_q99_mucmul_draws.csv",".csv","203618","26-11-25 17:21:44"
"U:\EUROMOD-STORAGE","reports\gamspy\boxcox\pooled_genderSplit\pooled_ascsOFF_q99\boxcox_pooled_genderSplit_ascsOFF_q99_mucmul_summary.json","U:\EUROMOD-STORAGE\reports\gamspy\boxcox\pooled_genderSplit\pooled_ascsOFF_q99\boxcox_pooled_genderSplit_ascsOFF_q99_mucmul_summary.json","boxcox_pooled_genderSplit_ascsOFF_q99_mucmul_summary.json",".json","327","26-11-25 17:21:06"
"U:\EUROMOD-STORAGE","reports\gamspy\boxcox\pooled_genderSplit\pooled_ascsOFF_q99\boxcox_pooled_genderSplit_ascsOFF_q99_param_descriptions.json","U:\EUROMOD-STORAGE\reports\gamspy\boxcox\pooled_genderSplit\pooled_ascsOFF_q99\boxcox_pooled_genderSplit_ascsOFF_q99_param_descriptions.json","boxcox_pooled_genderSplit_ascsOFF_q99_param_descriptions.json",".json","373","26-11-25 17:21:06"
"U:\EUROMOD-STORAGE","reports\gamspy\boxcox\pooled_genderSplit\pooled_ascsOFF_q99\boxcox_pooled_genderSplit_ascsOFF_q99_param_labels.json","U:\EUROMOD-STORAGE\reports\gamspy\boxcox\pooled_genderSplit\pooled_ascsOFF_q99\boxcox_pooled_genderSplit_ascsOFF_q99_param_labels.json","boxcox_pooled_genderSplit_ascsOFF_q99_param_labels.json",".json","567","26-11-25 17:21:06"
"U:\EUROMOD-STORAGE","reports\gamspy\boxcox\pooled_genderSplit\pooled_ascsOFF_q99\boxcox_pooled_genderSplit_ascsOFF_q99_parameters.csv","U:\EUROMOD-STORAGE\reports\gamspy\boxcox\pooled_genderSplit\pooled_ascsOFF_q99\boxcox_pooled_genderSplit_ascsOFF_q99_parameters.csv","boxcox_pooled_genderSplit_ascsOFF_q99_parameters.csv",".csv","2508","26-11-25 17:21:06"
"U:\EUROMOD-STORAGE","reports\gamspy\boxcox\pooled_genderSplit\pooled_ascsOFF_q99\boxcox_pooled_genderSplit_ascsOFF_q99_util_decomp.csv","U:\EUROMOD-STORAGE\reports\gamspy\boxcox\pooled_genderSplit\pooled_ascsOFF_q99\boxcox_pooled_genderSplit_ascsOFF_q99_util_decomp.csv","boxcox_pooled_genderSplit_ascsOFF_q99_util_decomp.csv",".csv","350","26-11-25 17:21:44"
"U:\EUROMOD-STORAGE","reports\mle_dcm\boxcox\DE_2014_2016_panel\female_ascsOFF_q99\boxcox_female_ascsOFF_q99_analysis.html","U:\EUROMOD-STORAGE\reports\mle_dcm\boxcox\DE_2014_2016_panel\female_ascsOFF_q99\boxcox_female_ascsOFF_q99_analysis.html","boxcox_female_ascsOFF_q99_analysis.html",".html","11858","26-11-25 12:07:04"
"U:\EUROMOD-STORAGE","reports\mle_dcm\boxcox\DE_2014_2016_panel\female_ascsOFF_q99\boxcox_female_ascsOFF_q99_confusion.csv","U:\EUROMOD-STORAGE\reports\mle_dcm\boxcox\DE_2014_2016_panel\female_ascsOFF_q99\boxcox_female_ascsOFF_q99_confusion.csv","boxcox_female_ascsOFF_q99_confusion.csv",".csv","178","26-11-25 12:06:31"
"U:\EUROMOD-STORAGE","reports\mle_dcm\boxcox\DE_2014_2016_panel\female_ascsOFF_q99\boxcox_female_ascsOFF_q99_meta.json","U:\EUROMOD-STORAGE\reports\mle_dcm\boxcox\DE_2014_2016_panel\female_ascsOFF_q99\boxcox_female_ascsOFF_q99_meta.json","boxcox_female_ascsOFF_q99_meta.json",".json","2183","26-11-25 12:06:31"
"U:\EUROMOD-STORAGE","reports\mle_dcm\boxcox\DE_2014_2016_panel\female_ascsOFF_q99\boxcox_female_ascsOFF_q99_mucmul_draws.csv","U:\EUROMOD-STORAGE\reports\mle_dcm\boxcox\DE_2014_2016_panel\female_ascsOFF_q99\boxcox_female_ascsOFF_q99_mucmul_draws.csv","boxcox_female_ascsOFF_q99_mucmul_draws.csv",".csv","114658","26-11-25 12:07:03"
"U:\EUROMOD-STORAGE","reports\mle_dcm\boxcox\DE_2014_2016_panel\female_ascsOFF_q99\boxcox_female_ascsOFF_q99_mucmul_summary.json","U:\EUROMOD-STORAGE\reports\mle_dcm\boxcox\DE_2014_2016_panel\female_ascsOFF_q99\boxcox_female_ascsOFF_q99_mucmul_summary.json","boxcox_female_ascsOFF_q99_mucmul_summary.json",".json","326","26-11-25 12:06:31"
"U:\EUROMOD-STORAGE","reports\mle_dcm\boxcox\DE_2014_2016_panel\female_ascsOFF_q99\boxcox_female_ascsOFF_q99_param_descriptions.json","U:\EUROMOD-STORAGE\reports\mle_dcm\boxcox\DE_2014_2016_panel\female_ascsOFF_q99\boxcox_female_ascsOFF_q99_param_descriptions.json","boxcox_female_ascsOFF_q99_param_descriptions.json",".json","568","26-11-25 12:06:31"
"U:\EUROMOD-STORAGE","reports\mle_dcm\boxcox\DE_2014_2016_panel\female_ascsOFF_q99\boxcox_female_ascsOFF_q99_param_labels.json","U:\EUROMOD-STORAGE\reports\mle_dcm\boxcox\DE_2014_2016_panel\female_ascsOFF_q99\boxcox_female_ascsOFF_q99_param_labels.json","boxcox_female_ascsOFF_q99_param_labels.json",".json","377","26-11-25 12:06:31"
"U:\EUROMOD-STORAGE","reports\mle_dcm\boxcox\DE_2014_2016_panel\female_ascsOFF_q99\boxcox_female_ascsOFF_q99_parameters.csv","U:\EUROMOD-STORAGE\reports\mle_dcm\boxcox\DE_2014_2016_panel\female_ascsOFF_q99\boxcox_female_ascsOFF_q99_parameters.csv","boxcox_female_ascsOFF_q99_parameters.csv",".csv","1248","26-11-25 12:06:31"
"U:\EUROMOD-STORAGE","reports\mle_dcm\boxcox\DE_2014_2016_panel\female_ascsOFF_q99\boxcox_female_ascsOFF_q99_util_decomp.csv","U:\EUROMOD-STORAGE\reports\mle_dcm\boxcox\DE_2014_2016_panel\female_ascsOFF_q99\boxcox_female_ascsOFF_q99_util_decomp.csv","boxcox_female_ascsOFF_q99_util_decomp.csv",".csv","350","26-11-25 12:07:03"
"U:\EUROMOD-STORAGE","reports\mle_dcm\boxcox\DE_2014_2016_panel\female_ascsON_q99\boxcox_female_ascsON_q99_analysis.html","U:\EUROMOD-STORAGE\reports\mle_dcm\boxcox\DE_2014_2016_panel\female_ascsON_q99\boxcox_female_ascsON_q99_analysis.html","boxcox_female_ascsON_q99_analysis.html",".html","13480","26-11-25 12:13:01"
"U:\EUROMOD-STORAGE","reports\mle_dcm\boxcox\DE_2014_2016_panel\female_ascsON_q99\boxcox_female_ascsON_q99_confusion.csv","U:\EUROMOD-STORAGE\reports\mle_dcm\boxcox\DE_2014_2016_panel\female_ascsON_q99\boxcox_female_ascsON_q99_confusion.csv","boxcox_female_ascsON_q99_confusion.csv",".csv","176","26-11-25 12:12:27"
"U:\EUROMOD-STORAGE","reports\mle_dcm\boxcox\DE_2014_2016_panel\female_ascsON_q99\boxcox_female_ascsON_q99_meta.json","U:\EUROMOD-STORAGE\reports\mle_dcm\boxcox\DE_2014_2016_panel\female_ascsON_q99\boxcox_female_ascsON_q99_meta.json","boxcox_female_ascsON_q99_meta.json",".json","2393","26-11-25 12:12:27"
"U:\EUROMOD-STORAGE","reports\mle_dcm\boxcox\DE_2014_2016_panel\female_ascsON_q99\boxcox_female_ascsON_q99_mucmul_draws.csv","U:\EUROMOD-STORAGE\reports\mle_dcm\boxcox\DE_2014_2016_panel\female_ascsON_q99\boxcox_female_ascsON_q99_mucmul_draws.csv","boxcox_female_ascsON_q99_mucmul_draws.csv",".csv","125029","26-11-25 12:13:00"
"U:\EUROMOD-STORAGE","reports\mle_dcm\boxcox\DE_2014_2016_panel\female_ascsON_q99\boxcox_female_ascsON_q99_mucmul_summary.json","U:\EUROMOD-STORAGE\reports\mle_dcm\boxcox\DE_2014_2016_panel\female_ascsON_q99\boxcox_female_ascsON_q99_mucmul_summary.json","boxcox_female_ascsON_q99_mucmul_summary.json",".json","329","26-11-25 12:12:27"
"U:\EUROMOD-STORAGE","reports\mle_dcm\boxcox\DE_2014_2016_panel\female_ascsON_q99\boxcox_female_ascsON_q99_param_descriptions.json","U:\EUROMOD-STORAGE\reports\mle_dcm\boxcox\DE_2014_2016_panel\female_ascsON_q99\boxcox_female_ascsON_q99_param_descriptions.json","boxcox_female_ascsON_q99_param_descriptions.json",".json","850","26-11-25 12:12:27"
"U:\EUROMOD-STORAGE","reports\mle_dcm\boxcox\DE_2014_2016_panel\female_ascsON_q99\boxcox_female_ascsON_q99_param_labels.json","U:\EUROMOD-STORAGE\reports\mle_dcm\boxcox\DE_2014_2016_panel\female_ascsON_q99\boxcox_female_ascsON_q99_param_labels.json","boxcox_female_ascsON_q99_param_labels.json",".json","515","26-11-25 12:12:27"
"U:\EUROMOD-STORAGE","reports\mle_dcm\boxcox\DE_2014_2016_panel\female_ascsON_q99\boxcox_female_ascsON_q99_parameters.csv","U:\EUROMOD-STORAGE\reports\mle_dcm\boxcox\DE_2014_2016_panel\female_ascsON_q99\boxcox_female_ascsON_q99_parameters.csv","boxcox_female_ascsON_q99_parameters.csv",".csv","2103","26-11-25 12:12:27"
"U:\EUROMOD-STORAGE","reports\mle_dcm\boxcox\DE_2014_2016_panel\female_ascsON_q99\boxcox_female_ascsON_q99_util_decomp.csv","U:\EUROMOD-STORAGE\reports\mle_dcm\boxcox\DE_2014_2016_panel\female_ascsON_q99\boxcox_female_ascsON_q99_util_decomp.csv","boxcox_female_ascsON_q99_util_decomp.csv",".csv","379","26-11-25 12:13:00"
"U:\EUROMOD-STORAGE","reports\mle_dcm\boxcox\DE_2014_2016_panel\male_ascsOFF_q99\boxcox_male_ascsOFF_q99_analysis.html","U:\EUROMOD-STORAGE\reports\mle_dcm\boxcox\DE_2014_2016_panel\male_ascsOFF_q99\boxcox_male_ascsOFF_q99_analysis.html","boxcox_male_ascsOFF_q99_analysis.html",".html","11831","26-11-25 12:04:02"
"U:\EUROMOD-STORAGE","reports\mle_dcm\boxcox\DE_2014_2016_panel\male_ascsOFF_q99\boxcox_male_ascsOFF_q99_confusion.csv","U:\EUROMOD-STORAGE\reports\mle_dcm\boxcox\DE_2014_2016_panel\male_ascsOFF_q99\boxcox_male_ascsOFF_q99_confusion.csv","boxcox_male_ascsOFF_q99_confusion.csv",".csv","169","26-11-25 12:03:27"
"U:\EUROMOD-STORAGE","reports\mle_dcm\boxcox\DE_2014_2016_panel\male_ascsOFF_q99\boxcox_male_ascsOFF_q99_meta.json","U:\EUROMOD-STORAGE\reports\mle_dcm\boxcox\DE_2014_2016_panel\male_ascsOFF_q99\boxcox_male_ascsOFF_q99_meta.json","boxcox_male_ascsOFF_q99_meta.json",".json","2184","26-11-25 12:03:27"
"U:\EUROMOD-STORAGE","reports\mle_dcm\boxcox\DE_2014_2016_panel\male_ascsOFF_q99\boxcox_male_ascsOFF_q99_mucmul_draws.csv","U:\EUROMOD-STORAGE\reports\mle_dcm\boxcox\DE_2014_2016_panel\male_ascsOFF_q99\boxcox_male_ascsOFF_q99_mucmul_draws.csv","boxcox_male_ascsOFF_q99_mucmul_draws.csv",".csv","89925","26-11-25 12:04:01"
"U:\EUROMOD-STORAGE","reports\mle_dcm\boxcox\DE_2014_2016_panel\male_ascsOFF_q99\boxcox_male_ascsOFF_q99_mucmul_summary.json","U:\EUROMOD-STORAGE\reports\mle_dcm\boxcox\DE_2014_2016_panel\male_ascsOFF_q99\boxcox_male_ascsOFF_q99_mucmul_summary.json","boxcox_male_ascsOFF_q99_mucmul_summary.json",".json","325","26-11-25 12:03:28"
"U:\EUROMOD-STORAGE","reports\mle_dcm\boxcox\DE_2014_2016_panel\male_ascsOFF_q99\boxcox_male_ascsOFF_q99_param_descriptions.json","U:\EUROMOD-STORAGE\reports\mle_dcm\boxcox\DE_2014_2016_panel\male_ascsOFF_q99\boxcox_male_ascsOFF_q99_param_descriptions.json","boxcox_male_ascsOFF_q99_param_descriptions.json",".json","568","26-11-25 12:03:27"
"U:\EUROMOD-STORAGE","reports\mle_dcm\boxcox\DE_2014_2016_panel\male_ascsOFF_q99\boxcox_male_ascsOFF_q99_param_labels.json","U:\EUROMOD-STORAGE\reports\mle_dcm\boxcox\DE_2014_2016_panel\male_ascsOFF_q99\boxcox_male_ascsOFF_q99_param_labels.json","boxcox_male_ascsOFF_q99_param_labels.json",".json","377","26-11-25 12:03:27"
"U:\EUROMOD-STORAGE","reports\mle_dcm\boxcox\DE_2014_2016_panel\male_ascsOFF_q99\boxcox_male_ascsOFF_q99_parameters.csv","U:\EUROMOD-STORAGE\reports\mle_dcm\boxcox\DE_2014_2016_panel\male_ascsOFF_q99\boxcox_male_ascsOFF_q99_parameters.csv","boxcox_male_ascsOFF_q99_parameters.csv",".csv","1237","26-11-25 12:03:27"
"U:\EUROMOD-STORAGE","reports\mle_dcm\boxcox\DE_2014_2016_panel\male_ascsOFF_q99\boxcox_male_ascsOFF_q99_util_decomp.csv","U:\EUROMOD-STORAGE\reports\mle_dcm\boxcox\DE_2014_2016_panel\male_ascsOFF_q99\boxcox_male_ascsOFF_q99_util_decomp.csv","boxcox_male_ascsOFF_q99_util_decomp.csv",".csv","351","26-11-25 12:04:01"
"U:\EUROMOD-STORAGE","reports\mle_dcm\boxcox\DE_2014_2016_panel\male_ascsON_q99\boxcox_male_ascsON_q99_analysis.html","U:\EUROMOD-STORAGE\reports\mle_dcm\boxcox\DE_2014_2016_panel\male_ascsON_q99\boxcox_male_ascsON_q99_analysis.html","boxcox_male_ascsON_q99_analysis.html",".html","13484","26-11-25 12:09:42"
"U:\EUROMOD-STORAGE","reports\mle_dcm\boxcox\DE_2014_2016_panel\male_ascsON_q99\boxcox_male_ascsON_q99_confusion.csv","U:\EUROMOD-STORAGE\reports\mle_dcm\boxcox\DE_2014_2016_panel\male_ascsON_q99\boxcox_male_ascsON_q99_confusion.csv","boxcox_male_ascsON_q99_confusion.csv",".csv","173","26-11-25 12:09:10"
"U:\EUROMOD-STORAGE","reports\mle_dcm\boxcox\DE_2014_2016_panel\male_ascsON_q99\boxcox_male_ascsON_q99_meta.json","U:\EUROMOD-STORAGE\reports\mle_dcm\boxcox\DE_2014_2016_panel\male_ascsON_q99\boxcox_male_ascsON_q99_meta.json","boxcox_male_ascsON_q99_meta.json",".json","2414","26-11-25 12:09:10"
"U:\EUROMOD-STORAGE","reports\mle_dcm\boxcox\DE_2014_2016_panel\male_ascsON_q99\boxcox_male_ascsON_q99_mucmul_draws.csv","U:\EUROMOD-STORAGE\reports\mle_dcm\boxcox\DE_2014_2016_panel\male_ascsON_q99\boxcox_male_ascsON_q99_mucmul_draws.csv","boxcox_male_ascsON_q99_mucmul_draws.csv",".csv","109612","26-11-25 12:09:41"
"U:\EUROMOD-STORAGE","reports\mle_dcm\boxcox\DE_2014_2016_panel\male_ascsON_q99\boxcox_male_ascsON_q99_mucmul_summary.json","U:\EUROMOD-STORAGE\reports\mle_dcm\boxcox\DE_2014_2016_panel\male_ascsON_q99\boxcox_male_ascsON_q99_mucmul_summary.json","boxcox_male_ascsON_q99_mucmul_summary.json",".json","343","26-11-25 12:09:10"
"U:\EUROMOD-STORAGE","reports\mle_dcm\boxcox\DE_2014_2016_panel\male_ascsON_q99\boxcox_male_ascsON_q99_param_descriptions.json","U:\EUROMOD-STORAGE\reports\mle_dcm\boxcox\DE_2014_2016_panel\male_ascsON_q99\boxcox_male_ascsON_q99_param_descriptions.json","boxcox_male_ascsON_q99_param_descriptions.json",".json","850","26-11-25 12:09:10"
"U:\EUROMOD-STORAGE","reports\mle_dcm\boxcox\DE_2014_2016_panel\male_ascsON_q99\boxcox_male_ascsON_q99_param_labels.json","U:\EUROMOD-STORAGE\reports\mle_dcm\boxcox\DE_2014_2016_panel\male_ascsON_q99\boxcox_male_ascsON_q99_param_labels.json","boxcox_male_ascsON_q99_param_labels.json",".json","515","26-11-25 12:09:10"
"U:\EUROMOD-STORAGE","reports\mle_dcm\boxcox\DE_2014_2016_panel\male_ascsON_q99\boxcox_male_ascsON_q99_parameters.csv","U:\EUROMOD-STORAGE\reports\mle_dcm\boxcox\DE_2014_2016_panel\male_ascsON_q99\boxcox_male_ascsON_q99_parameters.csv","boxcox_male_ascsON_q99_parameters.csv",".csv","1995","26-11-25 12:09:10"
"U:\EUROMOD-STORAGE","reports\mle_dcm\boxcox\DE_2014_2016_panel\male_ascsON_q99\boxcox_male_ascsON_q99_util_decomp.csv","U:\EUROMOD-STORAGE\reports\mle_dcm\boxcox\DE_2014_2016_panel\male_ascsON_q99\boxcox_male_ascsON_q99_util_decomp.csv","boxcox_male_ascsON_q99_util_decomp.csv",".csv","377","26-11-25 12:09:41"
"U:\EUROMOD-STORAGE","reports\mle_dcm\boxcox\DE_2014_2016_panel\pooled_ascsOFF_q99\boxcox_pooled_ascsOFF_q99_analysis.html","U:\EUROMOD-STORAGE\reports\mle_dcm\boxcox\DE_2014_2016_panel\pooled_ascsOFF_q99\boxcox_pooled_ascsOFF_q99_analysis.html","boxcox_pooled_ascsOFF_q99_analysis.html",".html","12153","26-11-25 12:15:40"
"U:\EUROMOD-STORAGE","reports\mle_dcm\boxcox\DE_2014_2016_panel\pooled_ascsOFF_q99\boxcox_pooled_ascsOFF_q99_confusion.csv","U:\EUROMOD-STORAGE\reports\mle_dcm\boxcox\DE_2014_2016_panel\pooled_ascsOFF_q99\boxcox_pooled_ascsOFF_q99_confusion.csv","boxcox_pooled_ascsOFF_q99_confusion.csv",".csv","182","26-11-25 12:15:05"
"U:\EUROMOD-STORAGE","reports\mle_dcm\boxcox\DE_2014_2016_panel\pooled_ascsOFF_q99\boxcox_pooled_ascsOFF_q99_meta.json","U:\EUROMOD-STORAGE\reports\mle_dcm\boxcox\DE_2014_2016_panel\pooled_ascsOFF_q99\boxcox_pooled_ascsOFF_q99_meta.json","boxcox_pooled_ascsOFF_q99_meta.json",".json","2227","26-11-25 12:15:05"
"U:\EUROMOD-STORAGE","reports\mle_dcm\boxcox\DE_2014_2016_panel\pooled_ascsOFF_q99\boxcox_pooled_ascsOFF_q99_mucmul_draws.csv","U:\EUROMOD-STORAGE\reports\mle_dcm\boxcox\DE_2014_2016_panel\pooled_ascsOFF_q99\boxcox_pooled_ascsOFF_q99_mucmul_draws.csv","boxcox_pooled_ascsOFF_q99_mucmul_draws.csv",".csv","205030","26-11-25 12:15:39"
"U:\EUROMOD-STORAGE","reports\mle_dcm\boxcox\DE_2014_2016_panel\pooled_ascsOFF_q99\boxcox_pooled_ascsOFF_q99_mucmul_summary.json","U:\EUROMOD-STORAGE\reports\mle_dcm\boxcox\DE_2014_2016_panel\pooled_ascsOFF_q99\boxcox_pooled_ascsOFF_q99_mucmul_summary.json","boxcox_pooled_ascsOFF_q99_mucmul_summary.json",".json","327","26-11-25 12:15:05"
"U:\EUROMOD-STORAGE","reports\mle_dcm\boxcox\DE_2014_2016_panel\pooled_ascsOFF_q99\boxcox_pooled_ascsOFF_q99_param_descriptions.json","U:\EUROMOD-STORAGE\reports\mle_dcm\boxcox\DE_2014_2016_panel\pooled_ascsOFF_q99\boxcox_pooled_ascsOFF_q99_param_descriptions.json","boxcox_pooled_ascsOFF_q99_param_descriptions.json",".json","632","26-11-25 12:15:05"
"U:\EUROMOD-STORAGE","reports\mle_dcm\boxcox\DE_2014_2016_panel\pooled_ascsOFF_q99\boxcox_pooled_ascsOFF_q99_param_labels.json","U:\EUROMOD-STORAGE\reports\mle_dcm\boxcox\DE_2014_2016_panel\pooled_ascsOFF_q99\boxcox_pooled_ascsOFF_q99_param_labels.json","boxcox_pooled_ascsOFF_q99_param_labels.json",".json","427","26-11-25 12:15:05"
"U:\EUROMOD-STORAGE","reports\mle_dcm\boxcox\DE_2014_2016_panel\pooled_ascsOFF_q99\boxcox_pooled_ascsOFF_q99_parameters.csv","U:\EUROMOD-STORAGE\reports\mle_dcm\boxcox\DE_2014_2016_panel\pooled_ascsOFF_q99\boxcox_pooled_ascsOFF_q99_parameters.csv","boxcox_pooled_ascsOFF_q99_parameters.csv",".csv","1408","26-11-25 12:15:05"
"U:\EUROMOD-STORAGE","reports\mle_dcm\boxcox\DE_2014_2016_panel\pooled_ascsOFF_q99\boxcox_pooled_ascsOFF_q99_util_decomp.csv","U:\EUROMOD-STORAGE\reports\mle_dcm\boxcox\DE_2014_2016_panel\pooled_ascsOFF_q99\boxcox_pooled_ascsOFF_q99_util_decomp.csv","boxcox_pooled_ascsOFF_q99_util_decomp.csv",".csv","350","26-11-25 12:15:39"
"U:\EUROMOD-STORAGE","reports\mle_dcm\boxcox\DE_2014_2016_panel\pooled_ascsOFF_q99_split\boxcox_pooled_genderSplit_ascsOFF_q99_analysis.html","U:\EUROMOD-STORAGE\reports\mle_dcm\boxcox\DE_2014_2016_panel\pooled_ascsOFF_q99_split\boxcox_pooled_genderSplit_ascsOFF_q99_analysis.html","boxcox_pooled_genderSplit_ascsOFF_q99_analysis.html",".html","15929","26-11-25 11:48:12"
"U:\EUROMOD-STORAGE","reports\mle_dcm\boxcox\DE_2014_2016_panel\pooled_ascsOFF_q99_split\boxcox_pooled_genderSplit_ascsOFF_q99_confusion.csv","U:\EUROMOD-STORAGE\reports\mle_dcm\boxcox\DE_2014_2016_panel\pooled_ascsOFF_q99_split\boxcox_pooled_genderSplit_ascsOFF_q99_confusion.csv","boxcox_pooled_genderSplit_ascsOFF_q99_confusion.csv",".csv","183","26-11-25 11:47:37"
"U:\EUROMOD-STORAGE","reports\mle_dcm\boxcox\DE_2014_2016_panel\pooled_ascsOFF_q99_split\boxcox_pooled_genderSplit_ascsOFF_q99_meta.json","U:\EUROMOD-STORAGE\reports\mle_dcm\boxcox\DE_2014_2016_panel\pooled_ascsOFF_q99_split\boxcox_pooled_genderSplit_ascsOFF_q99_meta.json","boxcox_pooled_genderSplit_ascsOFF_q99_meta.json",".json","2525","26-11-25 11:47:37"
"U:\EUROMOD-STORAGE","reports\mle_dcm\boxcox\DE_2014_2016_panel\pooled_ascsOFF_q99_split\boxcox_pooled_genderSplit_ascsOFF_q99_mucmul_draws.csv","U:\EUROMOD-STORAGE\reports\mle_dcm\boxcox\DE_2014_2016_panel\pooled_ascsOFF_q99_split\boxcox_pooled_genderSplit_ascsOFF_q99_mucmul_draws.csv","boxcox_pooled_genderSplit_ascsOFF_q99_mucmul_draws.csv",".csv","203895","26-11-25 11:48:09"
"U:\EUROMOD-STORAGE","reports\mle_dcm\boxcox\DE_2014_2016_panel\pooled_ascsOFF_q99_split\boxcox_pooled_genderSplit_ascsOFF_q99_mucmul_summary.json","U:\EUROMOD-STORAGE\reports\mle_dcm\boxcox\DE_2014_2016_panel\pooled_ascsOFF_q99_split\boxcox_pooled_genderSplit_ascsOFF_q99_mucmul_summary.json","boxcox_pooled_genderSplit_ascsOFF_q99_mucmul_summary.json",".json","327","26-11-25 11:47:37"
"U:\EUROMOD-STORAGE","reports\mle_dcm\boxcox\DE_2014_2016_panel\pooled_ascsOFF_q99_split\boxcox_pooled_genderSplit_ascsOFF_q99_param_descriptions.json","U:\EUROMOD-STORAGE\reports\mle_dcm\boxcox\DE_2014_2016_panel\pooled_ascsOFF_q99_split\boxcox_pooled_genderSplit_ascsOFF_q99_param_descriptions.json","boxcox_pooled_genderSplit_ascsOFF_q99_param_descriptions.json",".json","373","26-11-25 11:47:37"
"U:\EUROMOD-STORAGE","reports\mle_dcm\boxcox\DE_2014_2016_panel\pooled_ascsOFF_q99_split\boxcox_pooled_genderSplit_ascsOFF_q99_param_labels.json","U:\EUROMOD-STORAGE\reports\mle_dcm\boxcox\DE_2014_2016_panel\pooled_ascsOFF_q99_split\boxcox_pooled_genderSplit_ascsOFF_q99_param_labels.json","boxcox_pooled_genderSplit_ascsOFF_q99_param_labels.json",".json","567","26-11-25 11:47:37"
"U:\EUROMOD-STORAGE","reports\mle_dcm\boxcox\DE_2014_2016_panel\pooled_ascsOFF_q99_split\boxcox_pooled_genderSplit_ascsOFF_q99_parameters.csv","U:\EUROMOD-STORAGE\reports\mle_dcm\boxcox\DE_2014_2016_panel\pooled_ascsOFF_q99_split\boxcox_pooled_genderSplit_ascsOFF_q99_parameters.csv","boxcox_pooled_genderSplit_ascsOFF_q99_parameters.csv",".csv","2498","26-11-25 11:47:37"
"U:\EUROMOD-STORAGE","reports\mle_dcm\boxcox\DE_2014_2016_panel\pooled_ascsOFF_q99_split\boxcox_pooled_genderSplit_ascsOFF_q99_util_decomp.csv","U:\EUROMOD-STORAGE\reports\mle_dcm\boxcox\DE_2014_2016_panel\pooled_ascsOFF_q99_split\boxcox_pooled_genderSplit_ascsOFF_q99_util_decomp.csv","boxcox_pooled_genderSplit_ascsOFF_q99_util_decomp.csv",".csv","350","26-11-25 11:48:09"
"U:\EUROMOD-STORAGE","reports\mle_dcm\boxcox\DE_2014_2016_panel\pooled_ascsON_q99\boxcox_pooled_genderSplit_ascsON_q99_analysis.html","U:\EUROMOD-STORAGE\reports\mle_dcm\boxcox\DE_2014_2016_panel\pooled_ascsON_q99\boxcox_pooled_genderSplit_ascsON_q99_analysis.html","boxcox_pooled_genderSplit_ascsON_q99_analysis.html",".html","17553","26-11-25 12:26:59"
"U:\EUROMOD-STORAGE","reports\mle_dcm\boxcox\DE_2014_2016_panel\pooled_ascsON_q99\boxcox_pooled_genderSplit_ascsON_q99_confusion.csv","U:\EUROMOD-STORAGE\reports\mle_dcm\boxcox\DE_2014_2016_panel\pooled_ascsON_q99\boxcox_pooled_genderSplit_ascsON_q99_confusion.csv","boxcox_pooled_genderSplit_ascsON_q99_confusion.csv",".csv","179","26-11-25 12:26:20"
"U:\EUROMOD-STORAGE","reports\mle_dcm\boxcox\DE_2014_2016_panel\pooled_ascsON_q99\boxcox_pooled_genderSplit_ascsON_q99_meta.json","U:\EUROMOD-STORAGE\reports\mle_dcm\boxcox\DE_2014_2016_panel\pooled_ascsON_q99\boxcox_pooled_genderSplit_ascsON_q99_meta.json","boxcox_pooled_genderSplit_ascsON_q99_meta.json",".json","2746","26-11-25 12:26:20"
"U:\EUROMOD-STORAGE","reports\mle_dcm\boxcox\DE_2014_2016_panel\pooled_ascsON_q99\boxcox_pooled_genderSplit_ascsON_q99_mucmul_draws.csv","U:\EUROMOD-STORAGE\reports\mle_dcm\boxcox\DE_2014_2016_panel\pooled_ascsON_q99\boxcox_pooled_genderSplit_ascsON_q99_mucmul_draws.csv","boxcox_pooled_genderSplit_ascsON_q99_mucmul_draws.csv",".csv","223854","26-11-25 12:26:57"
"U:\EUROMOD-STORAGE","reports\mle_dcm\boxcox\DE_2014_2016_panel\pooled_ascsON_q99\boxcox_pooled_genderSplit_ascsON_q99_mucmul_summary.json","U:\EUROMOD-STORAGE\reports\mle_dcm\boxcox\DE_2014_2016_panel\pooled_ascsON_q99\boxcox_pooled_genderSplit_ascsON_q99_mucmul_summary.json","boxcox_pooled_genderSplit_ascsON_q99_mucmul_summary.json",".json","344","26-11-25 12:26:20"
"U:\EUROMOD-STORAGE","reports\mle_dcm\boxcox\DE_2014_2016_panel\pooled_ascsON_q99\boxcox_pooled_genderSplit_ascsON_q99_param_descriptions.json","U:\EUROMOD-STORAGE\reports\mle_dcm\boxcox\DE_2014_2016_panel\pooled_ascsON_q99\boxcox_pooled_genderSplit_ascsON_q99_param_descriptions.json","boxcox_pooled_genderSplit_ascsON_q99_param_descriptions.json",".json","655","26-11-25 12:26:20"
"U:\EUROMOD-STORAGE","reports\mle_dcm\boxcox\DE_2014_2016_panel\pooled_ascsON_q99\boxcox_pooled_genderSplit_ascsON_q99_param_labels.json","U:\EUROMOD-STORAGE\reports\mle_dcm\boxcox\DE_2014_2016_panel\pooled_ascsON_q99\boxcox_pooled_genderSplit_ascsON_q99_param_labels.json","boxcox_pooled_genderSplit_ascsON_q99_param_labels.json",".json","705","26-11-25 12:26:20"
"U:\EUROMOD-STORAGE","reports\mle_dcm\boxcox\DE_2014_2016_panel\pooled_ascsON_q99\boxcox_pooled_genderSplit_ascsON_q99_parameters.csv","U:\EUROMOD-STORAGE\reports\mle_dcm\boxcox\DE_2014_2016_panel\pooled_ascsON_q99\boxcox_pooled_genderSplit_ascsON_q99_parameters.csv","boxcox_pooled_genderSplit_ascsON_q99_parameters.csv",".csv","3240","26-11-25 12:26:20"
"U:\EUROMOD-STORAGE","reports\mle_dcm\boxcox\DE_2014_2016_panel\pooled_ascsON_q99\boxcox_pooled_genderSplit_ascsON_q99_util_decomp.csv","U:\EUROMOD-STORAGE\reports\mle_dcm\boxcox\DE_2014_2016_panel\pooled_ascsON_q99\boxcox_pooled_genderSplit_ascsON_q99_util_decomp.csv","boxcox_pooled_genderSplit_ascsON_q99_util_decomp.csv",".csv","382","26-11-25 12:26:57"
"U:\EUROMOD-STORAGE","reports\mle_dcm\boxcox\DE_2014_2016_panel\pooled_ascsON_q99_nosp\boxcox_pooled_ascsON_q99_analysis.html","U:\EUROMOD-STORAGE\reports\mle_dcm\boxcox\DE_2014_2016_panel\pooled_ascsON_q99_nosp\boxcox_pooled_ascsON_q99_analysis.html","boxcox_pooled_ascsON_q99_analysis.html",".html","13805","26-11-25 12:18:20"
"U:\EUROMOD-STORAGE","reports\mle_dcm\boxcox\DE_2014_2016_panel\pooled_ascsON_q99_nosp\boxcox_pooled_ascsON_q99_confusion.csv","U:\EUROMOD-STORAGE\reports\mle_dcm\boxcox\DE_2014_2016_panel\pooled_ascsON_q99_nosp\boxcox_pooled_ascsON_q99_confusion.csv","boxcox_pooled_ascsON_q99_confusion.csv",".csv","179","26-11-25 12:17:43"
"U:\EUROMOD-STORAGE","reports\mle_dcm\boxcox\DE_2014_2016_panel\pooled_ascsON_q99_nosp\boxcox_pooled_ascsON_q99_meta.json","U:\EUROMOD-STORAGE\reports\mle_dcm\boxcox\DE_2014_2016_panel\pooled_ascsON_q99_nosp\boxcox_pooled_ascsON_q99_meta.json","boxcox_pooled_ascsON_q99_meta.json",".json","2437","26-11-25 12:17:43"
"U:\EUROMOD-STORAGE","reports\mle_dcm\boxcox\DE_2014_2016_panel\pooled_ascsON_q99_nosp\boxcox_pooled_ascsON_q99_mucmul_draws.csv","U:\EUROMOD-STORAGE\reports\mle_dcm\boxcox\DE_2014_2016_panel\pooled_ascsON_q99_nosp\boxcox_pooled_ascsON_q99_mucmul_draws.csv","boxcox_pooled_ascsON_q99_mucmul_draws.csv",".csv","244582","26-11-25 12:18:19"
"U:\EUROMOD-STORAGE","reports\mle_dcm\boxcox\DE_2014_2016_panel\pooled_ascsON_q99_nosp\boxcox_pooled_ascsON_q99_mucmul_summary.json","U:\EUROMOD-STORAGE\reports\mle_dcm\boxcox\DE_2014_2016_panel\pooled_ascsON_q99_nosp\boxcox_pooled_ascsON_q99_mucmul_summary.json","boxcox_pooled_ascsON_q99_mucmul_summary.json",".json","329","26-11-25 12:17:43"
"U:\EUROMOD-STORAGE","reports\mle_dcm\boxcox\DE_2014_2016_panel\pooled_ascsON_q99_nosp\boxcox_pooled_ascsON_q99_param_descriptions.json","U:\EUROMOD-STORAGE\reports\mle_dcm\boxcox\DE_2014_2016_panel\pooled_ascsON_q99_nosp\boxcox_pooled_ascsON_q99_param_descriptions.json","boxcox_pooled_ascsON_q99_param_descriptions.json",".json","914","26-11-25 12:17:43"
"U:\EUROMOD-STORAGE","reports\mle_dcm\boxcox\DE_2014_2016_panel\pooled_ascsON_q99_nosp\boxcox_pooled_ascsON_q99_param_labels.json","U:\EUROMOD-STORAGE\reports\mle_dcm\boxcox\DE_2014_2016_panel\pooled_ascsON_q99_nosp\boxcox_pooled_ascsON_q99_param_labels.json","boxcox_pooled_ascsON_q99_param_labels.json",".json","565","26-11-25 12:17:43"
"U:\EUROMOD-STORAGE","reports\mle_dcm\boxcox\DE_2014_2016_panel\pooled_ascsON_q99_nosp\boxcox_pooled_ascsON_q99_parameters.csv","U:\EUROMOD-STORAGE\reports\mle_dcm\boxcox\DE_2014_2016_panel\pooled_ascsON_q99_nosp\boxcox_pooled_ascsON_q99_parameters.csv","boxcox_pooled_ascsON_q99_parameters.csv",".csv","2091","26-11-25 12:17:43"
"U:\EUROMOD-STORAGE","reports\mle_dcm\boxcox\DE_2014_2016_panel\pooled_ascsON_q99_nosp\boxcox_pooled_ascsON_q99_util_decomp.csv","U:\EUROMOD-STORAGE\reports\mle_dcm\boxcox\DE_2014_2016_panel\pooled_ascsON_q99_nosp\boxcox_pooled_ascsON_q99_util_decomp.csv","boxcox_pooled_ascsON_q99_util_decomp.csv",".csv","406","26-11-25 12:18:19"
"U:\EUROMOD-STORAGE","reports\mle_dcm\boxcox\female_ascsOFF_q99\boxcox_female_ascsOFF_q99_analysis.html","U:\EUROMOD-STORAGE\reports\mle_dcm\boxcox\female_ascsOFF_q99\boxcox_female_ascsOFF_q99_analysis.html","boxcox_female_ascsOFF_q99_analysis.html",".html","10551","07-11-25 14:35:42"
"U:\EUROMOD-STORAGE","reports\mle_dcm\boxcox\female_ascsOFF_q99\boxcox_female_ascsOFF_q99_confusion.csv","U:\EUROMOD-STORAGE\reports\mle_dcm\boxcox\female_ascsOFF_q99\boxcox_female_ascsOFF_q99_confusion.csv","boxcox_female_ascsOFF_q99_confusion.csv",".csv","182","07-11-25 14:35:10"
"U:\EUROMOD-STORAGE","reports\mle_dcm\boxcox\female_ascsOFF_q99\boxcox_female_ascsOFF_q99_meta.json","U:\EUROMOD-STORAGE\reports\mle_dcm\boxcox\female_ascsOFF_q99\boxcox_female_ascsOFF_q99_meta.json","boxcox_female_ascsOFF_q99_meta.json",".json","1820","07-11-25 14:35:10"
"U:\EUROMOD-STORAGE","reports\mle_dcm\boxcox\female_ascsOFF_q99\boxcox_female_ascsOFF_q99_mucmul_summary.json","U:\EUROMOD-STORAGE\reports\mle_dcm\boxcox\female_ascsOFF_q99\boxcox_female_ascsOFF_q99_mucmul_summary.json","boxcox_female_ascsOFF_q99_mucmul_summary.json",".json","327","07-11-25 14:35:10"
"U:\EUROMOD-STORAGE","reports\mle_dcm\boxcox\female_ascsOFF_q99\boxcox_female_ascsOFF_q99_param_descriptions.json","U:\EUROMOD-STORAGE\reports\mle_dcm\boxcox\female_ascsOFF_q99\boxcox_female_ascsOFF_q99_param_descriptions.json","boxcox_female_ascsOFF_q99_param_descriptions.json",".json","568","07-11-25 14:35:10"
"U:\EUROMOD-STORAGE","reports\mle_dcm\boxcox\female_ascsOFF_q99\boxcox_female_ascsOFF_q99_param_labels.json","U:\EUROMOD-STORAGE\reports\mle_dcm\boxcox\female_ascsOFF_q99\boxcox_female_ascsOFF_q99_param_labels.json","boxcox_female_ascsOFF_q99_param_labels.json",".json","377","07-11-25 14:35:10"
"U:\EUROMOD-STORAGE","reports\mle_dcm\boxcox\female_ascsOFF_q99\boxcox_female_ascsOFF_q99_parameters.csv","U:\EUROMOD-STORAGE\reports\mle_dcm\boxcox\female_ascsOFF_q99\boxcox_female_ascsOFF_q99_parameters.csv","boxcox_female_ascsOFF_q99_parameters.csv",".csv","1233","07-11-25 14:35:10"
"U:\EUROMOD-STORAGE","reports\mle_dcm\boxcox\female_ascsOFF_q99\separate\boxcox_female_ascsOFF_q99_analysis.html","U:\EUROMOD-STORAGE\reports\mle_dcm\boxcox\female_ascsOFF_q99\separate\boxcox_female_ascsOFF_q99_analysis.html","boxcox_female_ascsOFF_q99_analysis.html",".html","10352","07-11-25 11:15:39"
"U:\EUROMOD-STORAGE","reports\mle_dcm\boxcox\female_ascsOFF_q99\separate\boxcox_female_ascsOFF_q99_confusion.csv","U:\EUROMOD-STORAGE\reports\mle_dcm\boxcox\female_ascsOFF_q99\separate\boxcox_female_ascsOFF_q99_confusion.csv","boxcox_female_ascsOFF_q99_confusion.csv",".csv","169","07-11-25 11:15:07"
"U:\EUROMOD-STORAGE","reports\mle_dcm\boxcox\female_ascsOFF_q99\separate\boxcox_female_ascsOFF_q99_meta.json","U:\EUROMOD-STORAGE\reports\mle_dcm\boxcox\female_ascsOFF_q99\separate\boxcox_female_ascsOFF_q99_meta.json","boxcox_female_ascsOFF_q99_meta.json",".json","1694","07-11-25 11:15:07"
"U:\EUROMOD-STORAGE","reports\mle_dcm\boxcox\female_ascsOFF_q99\separate\boxcox_female_ascsOFF_q99_mucmul_draws.csv","U:\EUROMOD-STORAGE\reports\mle_dcm\boxcox\female_ascsOFF_q99\separate\boxcox_female_ascsOFF_q99_mucmul_draws.csv","boxcox_female_ascsOFF_q99_mucmul_draws.csv",".csv","38363","07-11-25 11:15:38"
"U:\EUROMOD-STORAGE","reports\mle_dcm\boxcox\female_ascsOFF_q99\separate\boxcox_female_ascsOFF_q99_mucmul_summary.json","U:\EUROMOD-STORAGE\reports\mle_dcm\boxcox\female_ascsOFF_q99\separate\boxcox_female_ascsOFF_q99_mucmul_summary.json","boxcox_female_ascsOFF_q99_mucmul_summary.json",".json","327","07-11-25 11:15:07"
"U:\EUROMOD-STORAGE","reports\mle_dcm\boxcox\female_ascsOFF_q99\separate\boxcox_female_ascsOFF_q99_param_descriptions.json","U:\EUROMOD-STORAGE\reports\mle_dcm\boxcox\female_ascsOFF_q99\separate\boxcox_female_ascsOFF_q99_param_descriptions.json","boxcox_female_ascsOFF_q99_param_descriptions.json",".json","568","07-11-25 11:15:07"
"U:\EUROMOD-STORAGE","reports\mle_dcm\boxcox\female_ascsOFF_q99\separate\boxcox_female_ascsOFF_q99_param_labels.json","U:\EUROMOD-STORAGE\reports\mle_dcm\boxcox\female_ascsOFF_q99\separate\boxcox_female_ascsOFF_q99_param_labels.json","boxcox_female_ascsOFF_q99_param_labels.json",".json","377","07-11-25 11:15:07"
"U:\EUROMOD-STORAGE","reports\mle_dcm\boxcox\female_ascsOFF_q99\separate\boxcox_female_ascsOFF_q99_parameters.csv","U:\EUROMOD-STORAGE\reports\mle_dcm\boxcox\female_ascsOFF_q99\separate\boxcox_female_ascsOFF_q99_parameters.csv","boxcox_female_ascsOFF_q99_parameters.csv",".csv","1212","07-11-25 11:15:07"
"U:\EUROMOD-STORAGE","reports\mle_dcm\boxcox\female_ascsOFF_q99\separate\boxcox_female_ascsOFF_q99_util_decomp.csv","U:\EUROMOD-STORAGE\reports\mle_dcm\boxcox\female_ascsOFF_q99\separate\boxcox_female_ascsOFF_q99_util_decomp.csv","boxcox_female_ascsOFF_q99_util_decomp.csv",".csv","346","07-11-25 11:15:38"
"U:\EUROMOD-STORAGE","reports\mle_dcm\boxcox\female_ascsON_q99\boxcox_female_ascsON_q99_analysis.html","U:\EUROMOD-STORAGE\reports\mle_dcm\boxcox\female_ascsON_q99\boxcox_female_ascsON_q99_analysis.html","boxcox_female_ascsON_q99_analysis.html",".html","11450","07-11-25 14:32:39"
"U:\EUROMOD-STORAGE","reports\mle_dcm\boxcox\female_ascsON_q99\boxcox_female_ascsON_q99_confusion.csv","U:\EUROMOD-STORAGE\reports\mle_dcm\boxcox\female_ascsON_q99\boxcox_female_ascsON_q99_confusion.csv","boxcox_female_ascsON_q99_confusion.csv",".csv","175","07-11-25 14:32:06"
"U:\EUROMOD-STORAGE","reports\mle_dcm\boxcox\female_ascsON_q99\boxcox_female_ascsON_q99_meta.json","U:\EUROMOD-STORAGE\reports\mle_dcm\boxcox\female_ascsON_q99\boxcox_female_ascsON_q99_meta.json","boxcox_female_ascsON_q99_meta.json",".json","2030","07-11-25 14:32:06"
"U:\EUROMOD-STORAGE","reports\mle_dcm\boxcox\female_ascsON_q99\boxcox_female_ascsON_q99_mucmul_draws.csv","U:\EUROMOD-STORAGE\reports\mle_dcm\boxcox\female_ascsON_q99\boxcox_female_ascsON_q99_mucmul_draws.csv","boxcox_female_ascsON_q99_mucmul_draws.csv",".csv","124570","07-11-25 14:32:38"
"U:\EUROMOD-STORAGE","reports\mle_dcm\boxcox\female_ascsON_q99\boxcox_female_ascsON_q99_mucmul_summary.json","U:\EUROMOD-STORAGE\reports\mle_dcm\boxcox\female_ascsON_q99\boxcox_female_ascsON_q99_mucmul_summary.json","boxcox_female_ascsON_q99_mucmul_summary.json",".json","328","07-11-25 14:32:06"
"U:\EUROMOD-STORAGE","reports\mle_dcm\boxcox\female_ascsON_q99\boxcox_female_ascsON_q99_param_descriptions.json","U:\EUROMOD-STORAGE\reports\mle_dcm\boxcox\female_ascsON_q99\boxcox_female_ascsON_q99_param_descriptions.json","boxcox_female_ascsON_q99_param_descriptions.json",".json","850","07-11-25 14:32:06"
"U:\EUROMOD-STORAGE","reports\mle_dcm\boxcox\female_ascsON_q99\boxcox_female_ascsON_q99_param_labels.json","U:\EUROMOD-STORAGE\reports\mle_dcm\boxcox\female_ascsON_q99\boxcox_female_ascsON_q99_param_labels.json","boxcox_female_ascsON_q99_param_labels.json",".json","515","07-11-25 14:32:06"
"U:\EUROMOD-STORAGE","reports\mle_dcm\boxcox\female_ascsON_q99\boxcox_female_ascsON_q99_parameters.csv","U:\EUROMOD-STORAGE\reports\mle_dcm\boxcox\female_ascsON_q99\boxcox_female_ascsON_q99_parameters.csv","boxcox_female_ascsON_q99_parameters.csv",".csv","2065","07-11-25 14:32:06"
"U:\EUROMOD-STORAGE","reports\mle_dcm\boxcox\female_ascsON_q99\boxcox_female_ascsON_q99_util_decomp.csv","U:\EUROMOD-STORAGE\reports\mle_dcm\boxcox\female_ascsON_q99\boxcox_female_ascsON_q99_util_decomp.csv","boxcox_female_ascsON_q99_util_decomp.csv",".csv","380","07-11-25 14:32:38"
"U:\EUROMOD-STORAGE","reports\mle_dcm\boxcox\male_ascsOFF_q99\boxcox_male_ascsOFF_q99_analysis.html","U:\EUROMOD-STORAGE\reports\mle_dcm\boxcox\male_ascsOFF_q99\boxcox_male_ascsOFF_q99_analysis.html","boxcox_male_ascsOFF_q99_analysis.html",".html","10693","07-11-25 13:13:57"
"U:\EUROMOD-STORAGE","reports\mle_dcm\boxcox\male_ascsOFF_q99\boxcox_male_ascsOFF_q99_analysis~01.html","U:\EUROMOD-STORAGE\reports\mle_dcm\boxcox\male_ascsOFF_q99\boxcox_male_ascsOFF_q99_analysis~01.html","boxcox_male_ascsOFF_q99_analysis~01.html",".html","10707","07-11-25 14:27:46"
"U:\EUROMOD-STORAGE","reports\mle_dcm\boxcox\male_ascsOFF_q99\boxcox_male_ascsOFF_q99_confusion.csv","U:\EUROMOD-STORAGE\reports\mle_dcm\boxcox\male_ascsOFF_q99\boxcox_male_ascsOFF_q99_confusion.csv","boxcox_male_ascsOFF_q99_confusion.csv",".csv","170","07-11-25 13:13:29"
"U:\EUROMOD-STORAGE","reports\mle_dcm\boxcox\male_ascsOFF_q99\boxcox_male_ascsOFF_q99_meta.json","U:\EUROMOD-STORAGE\reports\mle_dcm\boxcox\male_ascsOFF_q99\boxcox_male_ascsOFF_q99_meta.json","boxcox_male_ascsOFF_q99_meta.json",".json","1698","07-11-25 13:13:29"
"U:\EUROMOD-STORAGE","reports\mle_dcm\boxcox\male_ascsOFF_q99\boxcox_male_ascsOFF_q99_mucmul_draws.csv","U:\EUROMOD-STORAGE\reports\mle_dcm\boxcox\male_ascsOFF_q99\boxcox_male_ascsOFF_q99_mucmul_draws.csv","boxcox_male_ascsOFF_q99_mucmul_draws.csv",".csv","89666","07-11-25 14:27:44"
"U:\EUROMOD-STORAGE","reports\mle_dcm\boxcox\male_ascsOFF_q99\boxcox_male_ascsOFF_q99_mucmul_summary.json","U:\EUROMOD-STORAGE\reports\mle_dcm\boxcox\male_ascsOFF_q99\boxcox_male_ascsOFF_q99_mucmul_summary.json","boxcox_male_ascsOFF_q99_mucmul_summary.json",".json","326","07-11-25 13:13:29"
"U:\EUROMOD-STORAGE","reports\mle_dcm\boxcox\male_ascsOFF_q99\boxcox_male_ascsOFF_q99_param_descriptions.json","U:\EUROMOD-STORAGE\reports\mle_dcm\boxcox\male_ascsOFF_q99\boxcox_male_ascsOFF_q99_param_descriptions.json","boxcox_male_ascsOFF_q99_param_descriptions.json",".json","568","07-11-25 13:13:29"
"U:\EUROMOD-STORAGE","reports\mle_dcm\boxcox\male_ascsOFF_q99\boxcox_male_ascsOFF_q99_param_labels.json","U:\EUROMOD-STORAGE\reports\mle_dcm\boxcox\male_ascsOFF_q99\boxcox_male_ascsOFF_q99_param_labels.json","boxcox_male_ascsOFF_q99_param_labels.json",".json","377","07-11-25 13:13:29"
"U:\EUROMOD-STORAGE","reports\mle_dcm\boxcox\male_ascsOFF_q99\boxcox_male_ascsOFF_q99_parameters.csv","U:\EUROMOD-STORAGE\reports\mle_dcm\boxcox\male_ascsOFF_q99\boxcox_male_ascsOFF_q99_parameters.csv","boxcox_male_ascsOFF_q99_parameters.csv",".csv","1224","07-11-25 13:13:29"
"U:\EUROMOD-STORAGE","reports\mle_dcm\boxcox\male_ascsOFF_q99\boxcox_male_ascsOFF_q99_util_decomp.csv","U:\EUROMOD-STORAGE\reports\mle_dcm\boxcox\male_ascsOFF_q99\boxcox_male_ascsOFF_q99_util_decomp.csv","boxcox_male_ascsOFF_q99_util_decomp.csv",".csv","346","07-11-25 14:27:44"
"U:\EUROMOD-STORAGE","reports\mle_dcm\boxcox\male_ascsOFF_q99\separate_2015\boxcox_male_ascsOFF_q99_analysis.html","U:\EUROMOD-STORAGE\reports\mle_dcm\boxcox\male_ascsOFF_q99\separate_2015\boxcox_male_ascsOFF_q99_analysis.html","boxcox_male_ascsOFF_q99_analysis.html",".html","10482","07-11-25 09:46:29"
"U:\EUROMOD-STORAGE","reports\mle_dcm\boxcox\male_ascsOFF_q99\separate_2015\boxcox_male_ascsOFF_q99_confusion.csv","U:\EUROMOD-STORAGE\reports\mle_dcm\boxcox\male_ascsOFF_q99\separate_2015\boxcox_male_ascsOFF_q99_confusion.csv","boxcox_male_ascsOFF_q99_confusion.csv",".csv","164","07-11-25 10:05:15"
"U:\EUROMOD-STORAGE","reports\mle_dcm\boxcox\male_ascsOFF_q99\separate_2015\boxcox_male_ascsOFF_q99_meta.json","U:\EUROMOD-STORAGE\reports\mle_dcm\boxcox\male_ascsOFF_q99\separate_2015\boxcox_male_ascsOFF_q99_meta.json","boxcox_male_ascsOFF_q99_meta.json",".json","1697","07-11-25 10:05:15"
"U:\EUROMOD-STORAGE","reports\mle_dcm\boxcox\male_ascsOFF_q99\separate_2015\boxcox_male_ascsOFF_q99_mucmul_draws.csv","U:\EUROMOD-STORAGE\reports\mle_dcm\boxcox\male_ascsOFF_q99\separate_2015\boxcox_male_ascsOFF_q99_mucmul_draws.csv","boxcox_male_ascsOFF_q99_mucmul_draws.csv",".csv","30582","07-11-25 10:05:49"
"U:\EUROMOD-STORAGE","reports\mle_dcm\boxcox\male_ascsOFF_q99\separate_2015\boxcox_male_ascsOFF_q99_mucmul_summary.json","U:\EUROMOD-STORAGE\reports\mle_dcm\boxcox\male_ascsOFF_q99\separate_2015\boxcox_male_ascsOFF_q99_mucmul_summary.json","boxcox_male_ascsOFF_q99_mucmul_summary.json",".json","327","07-11-25 10:05:15"
"U:\EUROMOD-STORAGE","reports\mle_dcm\boxcox\male_ascsOFF_q99\separate_2015\boxcox_male_ascsOFF_q99_param_descriptions.json","U:\EUROMOD-STORAGE\reports\mle_dcm\boxcox\male_ascsOFF_q99\separate_2015\boxcox_male_ascsOFF_q99_param_descriptions.json","boxcox_male_ascsOFF_q99_param_descriptions.json",".json","568","07-11-25 10:05:15"
"U:\EUROMOD-STORAGE","reports\mle_dcm\boxcox\male_ascsOFF_q99\separate_2015\boxcox_male_ascsOFF_q99_param_labels.json","U:\EUROMOD-STORAGE\reports\mle_dcm\boxcox\male_ascsOFF_q99\separate_2015\boxcox_male_ascsOFF_q99_param_labels.json","boxcox_male_ascsOFF_q99_param_labels.json",".json","377","07-11-25 10:05:15"
"U:\EUROMOD-STORAGE","reports\mle_dcm\boxcox\male_ascsOFF_q99\separate_2015\boxcox_male_ascsOFF_q99_parameters.csv","U:\EUROMOD-STORAGE\reports\mle_dcm\boxcox\male_ascsOFF_q99\separate_2015\boxcox_male_ascsOFF_q99_parameters.csv","boxcox_male_ascsOFF_q99_parameters.csv",".csv","1211","07-11-25 10:05:15"
"U:\EUROMOD-STORAGE","reports\mle_dcm\boxcox\male_ascsOFF_q99\separate_2015\boxcox_male_ascsOFF_q99_util_decomp.csv","U:\EUROMOD-STORAGE\reports\mle_dcm\boxcox\male_ascsOFF_q99\separate_2015\boxcox_male_ascsOFF_q99_util_decomp.csv","boxcox_male_ascsOFF_q99_util_decomp.csv",".csv","346","07-11-25 10:05:49"
"U:\EUROMOD-STORAGE","reports\mle_dcm\boxcox\pooled_ascsOFF_q99\boxcox_pooled_ascsOFF_q99_analysis.html","U:\EUROMOD-STORAGE\reports\mle_dcm\boxcox\pooled_ascsOFF_q99\boxcox_pooled_ascsOFF_q99_analysis.html","boxcox_pooled_ascsOFF_q99_analysis.html",".html","11011","07-11-25 11:02:52"
"U:\EUROMOD-STORAGE","reports\mle_dcm\boxcox\pooled_ascsOFF_q99\boxcox_pooled_ascsOFF_q99_confusion.csv","U:\EUROMOD-STORAGE\reports\mle_dcm\boxcox\pooled_ascsOFF_q99\boxcox_pooled_ascsOFF_q99_confusion.csv","boxcox_pooled_ascsOFF_q99_confusion.csv",".csv","174","07-11-25 11:02:18"
"U:\EUROMOD-STORAGE","reports\mle_dcm\boxcox\pooled_ascsOFF_q99\boxcox_pooled_ascsOFF_q99_meta.json","U:\EUROMOD-STORAGE\reports\mle_dcm\boxcox\pooled_ascsOFF_q99\boxcox_pooled_ascsOFF_q99_meta.json","boxcox_pooled_ascsOFF_q99_meta.json",".json","1756","07-11-25 11:02:18"
"U:\EUROMOD-STORAGE","reports\mle_dcm\boxcox\pooled_ascsOFF_q99\boxcox_pooled_ascsOFF_q99_mucmul_draws.csv","U:\EUROMOD-STORAGE\reports\mle_dcm\boxcox\pooled_ascsOFF_q99\boxcox_pooled_ascsOFF_q99_mucmul_draws.csv","boxcox_pooled_ascsOFF_q99_mucmul_draws.csv",".csv","68716","07-11-25 11:02:51"
"U:\EUROMOD-STORAGE","reports\mle_dcm\boxcox\pooled_ascsOFF_q99\boxcox_pooled_ascsOFF_q99_mucmul_summary.json","U:\EUROMOD-STORAGE\reports\mle_dcm\boxcox\pooled_ascsOFF_q99\boxcox_pooled_ascsOFF_q99_mucmul_summary.json","boxcox_pooled_ascsOFF_q99_mucmul_summary.json",".json","328","07-11-25 11:02:18"
"U:\EUROMOD-STORAGE","reports\mle_dcm\boxcox\pooled_ascsOFF_q99\boxcox_pooled_ascsOFF_q99_param_descriptions.json","U:\EUROMOD-STORAGE\reports\mle_dcm\boxcox\pooled_ascsOFF_q99\boxcox_pooled_ascsOFF_q99_param_descriptions.json","boxcox_pooled_ascsOFF_q99_param_descriptions.json",".json","632","07-11-25 11:02:18"
"U:\EUROMOD-STORAGE","reports\mle_dcm\boxcox\pooled_ascsOFF_q99\boxcox_pooled_ascsOFF_q99_param_labels.json","U:\EUROMOD-STORAGE\reports\mle_dcm\boxcox\pooled_ascsOFF_q99\boxcox_pooled_ascsOFF_q99_param_labels.json","boxcox_pooled_ascsOFF_q99_param_labels.json",".json","427","07-11-25 11:02:18"
"U:\EUROMOD-STORAGE","reports\mle_dcm\boxcox\pooled_ascsOFF_q99\boxcox_pooled_ascsOFF_q99_parameters.csv","U:\EUROMOD-STORAGE\reports\mle_dcm\boxcox\pooled_ascsOFF_q99\boxcox_pooled_ascsOFF_q99_parameters.csv","boxcox_pooled_ascsOFF_q99_parameters.csv",".csv","1395","07-11-25 11:02:18"
"U:\EUROMOD-STORAGE","reports\mle_dcm\boxcox\pooled_ascsOFF_q99\boxcox_pooled_ascsOFF_q99_util_decomp.csv","U:\EUROMOD-STORAGE\reports\mle_dcm\boxcox\pooled_ascsOFF_q99\boxcox_pooled_ascsOFF_q99_util_decomp.csv","boxcox_pooled_ascsOFF_q99_util_decomp.csv",".csv","345","07-11-25 11:02:51"
"U:\EUROMOD-STORAGE","RURO1\_bestwithses1\2016\fr_2016_joint.json","U:\EUROMOD-STORAGE\RURO1\_bestwithses1\2016\fr_2016_joint.json","fr_2016_joint.json",".json","15297","07-12-25 02:13:05"
"U:\EUROMOD-STORAGE","RURO1\_bestwithses1\2016\identification_analysis.csv","U:\EUROMOD-STORAGE\RURO1\_bestwithses1\2016\identification_analysis.csv","identification_analysis.csv",".csv","12023","07-12-25 02:25:59"
"U:\EUROMOD-STORAGE","RURO1\_bestwithses1\2016\vw_joint_elasticities.csv","U:\EUROMOD-STORAGE\RURO1\_bestwithses1\2016\vw_joint_elasticities.csv","vw_joint_elasticities.csv",".csv","422","07-12-25 02:13:09"
"U:\EUROMOD-STORAGE","RURO1\_bestwithses1\2016\vw_joint_params.csv","U:\EUROMOD-STORAGE\RURO1\_bestwithses1\2016\vw_joint_params.csv","vw_joint_params.csv",".csv","10530","07-12-25 02:13:09"
"U:\EUROMOD-STORAGE","RURO1\_bestwithses1\2016\vw_joint_post_estimation_report.html","U:\EUROMOD-STORAGE\RURO1\_bestwithses1\2016\vw_joint_post_estimation_report.html","vw_joint_post_estimation_report.html",".html","56450","07-12-25 02:13:09"
"U:\EUROMOD-STORAGE","RURO1\2016\couples_filtering_final.parquet","U:\EUROMOD-STORAGE\RURO1\2016\couples_filtering_final.parquet","couples_filtering_final.parquet",".parquet","5843797","05-12-25 01:32:12"
"U:\EUROMOD-STORAGE","RURO1\2016\couples_RURO_ready.parquet","U:\EUROMOD-STORAGE\RURO1\2016\couples_RURO_ready.parquet","couples_RURO_ready.parquet",".parquet","6005080","05-12-25 13:53:48"
"U:\EUROMOD-STORAGE","RURO1\2016\fr_2016.parquet","U:\EUROMOD-STORAGE\RURO1\2016\fr_2016.parquet","fr_2016.parquet",".parquet","7461306","05-12-25 11:22:06"
"U:\EUROMOD-STORAGE","RURO1\2016\fr_2016_couples.parquet","U:\EUROMOD-STORAGE\RURO1\2016\fr_2016_couples.parquet","fr_2016_couples.parquet",".parquet","5845671","05-12-25 11:22:07"
"U:\EUROMOD-STORAGE","RURO1\2016\fr_2016_singles.parquet","U:\EUROMOD-STORAGE\RURO1\2016\fr_2016_singles.parquet","fr_2016_singles.parquet",".parquet","1940863","05-12-25 11:22:08"
"U:\EUROMOD-STORAGE","RURO1\2016\fr_2016_singles_female.parquet","U:\EUROMOD-STORAGE\RURO1\2016\fr_2016_singles_female.parquet","fr_2016_singles_female.parquet",".parquet","1218246","05-12-25 11:22:09"
"U:\EUROMOD-STORAGE","RURO1\2016\fr_2016_singles_male.parquet","U:\EUROMOD-STORAGE\RURO1\2016\fr_2016_singles_male.parquet","fr_2016_singles_male.parquet",".parquet","979456","05-12-25 11:22:09"
"U:\EUROMOD-STORAGE","RURO1\2016\singles_filtering_final.parquet","U:\EUROMOD-STORAGE\RURO1\2016\singles_filtering_final.parquet","singles_filtering_final.parquet",".parquet","1939927","05-12-25 01:32:12"
"U:\EUROMOD-STORAGE","RURO1\2016\singles_RURO_ready.parquet","U:\EUROMOD-STORAGE\RURO1\2016\singles_RURO_ready.parquet","singles_RURO_ready.parquet",".parquet","2026893","05-12-25 13:53:48"
"U:\EUROMOD-STORAGE","RURO1\2021\couples_filtering_final.parquet","U:\EUROMOD-STORAGE\RURO1\2021\couples_filtering_final.parquet","couples_filtering_final.parquet",".parquet","1275382","01-12-25 19:30:25"
"U:\EUROMOD-STORAGE","RURO1\2021\couples_RURO_ready.parquet","U:\EUROMOD-STORAGE\RURO1\2021\couples_RURO_ready.parquet","couples_RURO_ready.parquet",".parquet","1400815","01-12-25 19:31:35"
"U:\EUROMOD-STORAGE","RURO1\2021\couples_RURO_ready_RURO_draws.csv","U:\EUROMOD-STORAGE\RURO1\2021\couples_RURO_ready_RURO_draws.csv","couples_RURO_ready_RURO_draws.csv",".csv","500627931","02-12-25 00:36:27"
"U:\EUROMOD-STORAGE","RURO1\2021\couples_RURO_ready_RURO_draws.parquet","U:\EUROMOD-STORAGE\RURO1\2021\couples_RURO_ready_RURO_draws.parquet","couples_RURO_ready_RURO_draws.parquet",".parquet","23959781","02-12-25 00:35:19"
"U:\EUROMOD-STORAGE","RURO1\2021\FR_2021_c2_prepared_master.csv","U:\EUROMOD-STORAGE\RURO1\2021\FR_2021_c2_prepared_master.csv","FR_2021_c2_prepared_master.csv",".csv","27152343","01-12-25 19:30:23"
"U:\EUROMOD-STORAGE","RURO1\2021\fr_2021_clean.parquet","U:\EUROMOD-STORAGE\RURO1\2021\fr_2021_clean.parquet","fr_2021_clean.parquet",".parquet","6162530","01-12-25 19:30:38"
"U:\EUROMOD-STORAGE","RURO1\2021\fr_2021_RURO_mnl.csv","U:\EUROMOD-STORAGE\RURO1\2021\fr_2021_RURO_mnl.csv","fr_2021_RURO_mnl.csv",".csv","123347357","02-12-25 01:44:43"
"U:\EUROMOD-STORAGE","RURO1\2021\fr_2021_RURO_mnl.parquet","U:\EUROMOD-STORAGE\RURO1\2021\fr_2021_RURO_mnl.parquet","fr_2021_RURO_mnl.parquet",".parquet","31788943","02-12-25 01:44:28"
"U:\EUROMOD-STORAGE","RURO1\2021\outputs\couples_filtering_filtering_summary.csv","U:\EUROMOD-STORAGE\RURO1\2021\outputs\couples_filtering_filtering_summary.csv","couples_filtering_filtering_summary.csv",".csv","1311","01-12-25 19:30:25"
"U:\EUROMOD-STORAGE","RURO1\2021\outputs\singles_filtering_filtering_summary.csv","U:\EUROMOD-STORAGE\RURO1\2021\outputs\singles_filtering_filtering_summary.csv","singles_filtering_filtering_summary.csv",".csv","846","01-12-25 19:30:29"
"U:\EUROMOD-STORAGE","RURO1\2021\prep_meta.json","U:\EUROMOD-STORAGE\RURO1\2021\prep_meta.json","prep_meta.json",".json","286","01-12-25 19:30:38"
"U:\EUROMOD-STORAGE","RURO1\2021\singles_filtering_final.parquet","U:\EUROMOD-STORAGE\RURO1\2021\singles_filtering_final.parquet","singles_filtering_final.parquet",".parquet","713414","01-12-25 19:30:29"
"U:\EUROMOD-STORAGE","RURO1\2021\singles_final_filtered_female.parquet","U:\EUROMOD-STORAGE\RURO1\2021\singles_final_filtered_female.parquet","singles_final_filtered_female.parquet",".parquet","457546","01-12-25 19:30:29"
"U:\EUROMOD-STORAGE","RURO1\2021\singles_final_filtered_male.parquet","U:\EUROMOD-STORAGE\RURO1\2021\singles_final_filtered_male.parquet","singles_final_filtered_male.parquet",".parquet","390430","01-12-25 19:30:30"
"U:\EUROMOD-STORAGE","RURO1\2021\singles_RURO_ready.parquet","U:\EUROMOD-STORAGE\RURO1\2021\singles_RURO_ready.parquet","singles_RURO_ready.parquet",".parquet","773527","01-12-25 19:31:34"
"U:\EUROMOD-STORAGE","RURO1\2021\singles_RURO_ready_RURO_draws.csv","U:\EUROMOD-STORAGE\RURO1\2021\singles_RURO_ready_RURO_draws.csv","singles_RURO_ready_RURO_draws.csv",".csv","218986550","02-12-25 00:34:49"
"U:\EUROMOD-STORAGE","RURO1\2021\singles_RURO_ready_RURO_draws.parquet","U:\EUROMOD-STORAGE\RURO1\2021\singles_RURO_ready_RURO_draws.parquet","singles_RURO_ready_RURO_draws.parquet",".parquet","11640329","02-12-25 00:34:19"
"U:\EUROMOD-STORAGE","RURO1\actua_1\2016\fr_2016_couples_fast.json","U:\EUROMOD-STORAGE\RURO1\actua_1\2016\fr_2016_couples_fast.json","fr_2016_couples_fast.json",".json","4346","06-12-25 12:46:23"
"U:\EUROMOD-STORAGE","RURO1\actua_1\2016\fr_2016_couples_fixed.json","U:\EUROMOD-STORAGE\RURO1\actua_1\2016\fr_2016_couples_fixed.json","fr_2016_couples_fixed.json",".json","4223","06-12-25 12:59:09"
"U:\EUROMOD-STORAGE","RURO1\actua_1\2016\fr_2016_couples_loosebounds.json","U:\EUROMOD-STORAGE\RURO1\actua_1\2016\fr_2016_couples_loosebounds.json","fr_2016_couples_loosebounds.json",".json","4357","06-12-25 13:38:43"
"U:\EUROMOD-STORAGE","RURO1\actua_1\2016\fr_2016_couples_test.json","U:\EUROMOD-STORAGE\RURO1\actua_1\2016\fr_2016_couples_test.json","fr_2016_couples_test.json",".json","4353","06-12-25 12:37:32"
"U:\EUROMOD-STORAGE","RURO1\actua_1\2016\fr_2016_joint.json","U:\EUROMOD-STORAGE\RURO1\actua_1\2016\fr_2016_joint.json","fr_2016_joint.json",".json","7392","06-12-25 16:14:20"
"U:\EUROMOD-STORAGE","RURO1\actua_1\2016\fr_2016_single_females.json","U:\EUROMOD-STORAGE\RURO1\actua_1\2016\fr_2016_single_females.json","fr_2016_single_females.json",".json","2132","06-12-25 11:38:30"
"U:\EUROMOD-STORAGE","RURO1\actua_1\2016\fr_2016_single_males.json","U:\EUROMOD-STORAGE\RURO1\actua_1\2016\fr_2016_single_males.json","fr_2016_single_males.json",".json","2155","06-12-25 11:37:52"
"U:\EUROMOD-STORAGE","RURO1\actua_1\2016\vw_joint_elasticities.csv","U:\EUROMOD-STORAGE\RURO1\actua_1\2016\vw_joint_elasticities.csv","vw_joint_elasticities.csv",".csv","395","06-12-25 16:14:23"
"U:\EUROMOD-STORAGE","RURO1\actua_1\2016\vw_joint_params.csv","U:\EUROMOD-STORAGE\RURO1\actua_1\2016\vw_joint_params.csv","vw_joint_params.csv",".csv","4060","06-12-25 16:14:24"
"U:\EUROMOD-STORAGE","RURO1\actua_1\2016\vw_joint_post_estimation_report.html","U:\EUROMOD-STORAGE\RURO1\actua_1\2016\vw_joint_post_estimation_report.html","vw_joint_post_estimation_report.html",".html","26083","06-12-25 16:14:24"
"U:\EUROMOD-STORAGE","RURO1\bad_results\results2\ruro_boxcox_groupopps_parameters.csv","U:\EUROMOD-STORAGE\RURO1\bad_results\results2\ruro_boxcox_groupopps_parameters.csv","ruro_boxcox_groupopps_parameters.csv",".csv","3390","03-12-25 11:08:58"
"U:\EUROMOD-STORAGE","RURO1\bad_results\results2\ruro_boxcox_groupopps_results.json","U:\EUROMOD-STORAGE\RURO1\bad_results\results2\ruro_boxcox_groupopps_results.json","ruro_boxcox_groupopps_results.json",".json","12022","03-12-25 11:08:58"
"U:\EUROMOD-STORAGE","RURO1\bad_results\results2\ruro_boxcox_groupopps_summary.html","U:\EUROMOD-STORAGE\RURO1\bad_results\results2\ruro_boxcox_groupopps_summary.html","ruro_boxcox_groupopps_summary.html",".html","812","03-12-25 11:08:58"
"U:\EUROMOD-STORAGE","RURO1\best_by_far\fr_2016_joint.json","U:\EUROMOD-STORAGE\RURO1\best_by_far\fr_2016_joint.json","fr_2016_joint.json",".json","12571","06-12-25 21:30:40"
"U:\EUROMOD-STORAGE","RURO1\best_by_far\vw_joint_elasticities.csv","U:\EUROMOD-STORAGE\RURO1\best_by_far\vw_joint_elasticities.csv","vw_joint_elasticities.csv",".csv","423","06-12-25 21:30:44"
"U:\EUROMOD-STORAGE","RURO1\best_by_far\vw_joint_params.csv","U:\EUROMOD-STORAGE\RURO1\best_by_far\vw_joint_params.csv","vw_joint_params.csv",".csv","6810","06-12-25 21:30:44"
"U:\EUROMOD-STORAGE","RURO1\best_by_far\vw_joint_post_estimation_report_lim.html","U:\EUROMOD-STORAGE\RURO1\best_by_far\vw_joint_post_estimation_report_lim.html","vw_joint_post_estimation_report_lim.html",".html","51586","06-12-25 21:30:44"
"U:\EUROMOD-STORAGE","RURO1\enhanced_results1\2016\fr_2016_couples_fast.json","U:\EUROMOD-STORAGE\RURO1\enhanced_results1\2016\fr_2016_couples_fast.json","fr_2016_couples_fast.json",".json","4346","06-12-25 12:46:23"
"U:\EUROMOD-STORAGE","RURO1\enhanced_results1\2016\fr_2016_couples_fixed.json","U:\EUROMOD-STORAGE\RURO1\enhanced_results1\2016\fr_2016_couples_fixed.json","fr_2016_couples_fixed.json",".json","4223","06-12-25 12:59:09"
"U:\EUROMOD-STORAGE","RURO1\enhanced_results1\2016\fr_2016_couples_loosebounds.json","U:\EUROMOD-STORAGE\RURO1\enhanced_results1\2016\fr_2016_couples_loosebounds.json","fr_2016_couples_loosebounds.json",".json","4357","06-12-25 13:38:43"
"U:\EUROMOD-STORAGE","RURO1\enhanced_results1\2016\fr_2016_couples_test.json","U:\EUROMOD-STORAGE\RURO1\enhanced_results1\2016\fr_2016_couples_test.json","fr_2016_couples_test.json",".json","4353","06-12-25 12:37:32"
"U:\EUROMOD-STORAGE","RURO1\enhanced_results1\2016\fr_2016_joint.json","U:\EUROMOD-STORAGE\RURO1\enhanced_results1\2016\fr_2016_joint.json","fr_2016_joint.json",".json","12533","06-12-25 17:03:16"
"U:\EUROMOD-STORAGE","RURO1\enhanced_results1\2016\fr_2016_single_females.json","U:\EUROMOD-STORAGE\RURO1\enhanced_results1\2016\fr_2016_single_females.json","fr_2016_single_females.json",".json","2132","06-12-25 11:38:30"
"U:\EUROMOD-STORAGE","RURO1\enhanced_results1\2016\fr_2016_single_males.json","U:\EUROMOD-STORAGE\RURO1\enhanced_results1\2016\fr_2016_single_males.json","fr_2016_single_males.json",".json","2155","06-12-25 11:37:52"
"U:\EUROMOD-STORAGE","RURO1\enhanced_results1\2016\vw_joint_elasticities.csv","U:\EUROMOD-STORAGE\RURO1\enhanced_results1\2016\vw_joint_elasticities.csv","vw_joint_elasticities.csv",".csv","405","06-12-25 17:03:19"
"U:\EUROMOD-STORAGE","RURO1\enhanced_results1\2016\vw_joint_params.csv","U:\EUROMOD-STORAGE\RURO1\enhanced_results1\2016\vw_joint_params.csv","vw_joint_params.csv",".csv","6756","06-12-25 17:03:19"
"U:\EUROMOD-STORAGE","RURO1\enhanced_results1\2016\vw_joint_post_estimation_report.html","U:\EUROMOD-STORAGE\RURO1\enhanced_results1\2016\vw_joint_post_estimation_report.html","vw_joint_post_estimation_report.html",".html","47746","06-12-25 17:03:20"
"U:\EUROMOD-STORAGE","RURO1\enhanced_results1\post_estimation\fr\2016\joint\vw_pooled_post_estimation_report.html","U:\EUROMOD-STORAGE\RURO1\enhanced_results1\post_estimation\fr\2016\joint\vw_pooled_post_estimation_report.html","vw_pooled_post_estimation_report.html",".html","22003","06-12-25 17:03:42"
"U:\EUROMOD-STORAGE","RURO1\enhanced_results1\post_estimation\fr\2016\joint_full\vw_pooled_post_estimation_report.html","U:\EUROMOD-STORAGE\RURO1\enhanced_results1\post_estimation\fr\2016\joint_full\vw_pooled_post_estimation_report.html","vw_pooled_post_estimation_report.html",".html","21964","06-12-25 12:59:54"
"U:\EUROMOD-STORAGE","RURO1\enhanced_results1\post_estimation\fr\2016\joint_test\vw_pooled_post_estimation_report.html","U:\EUROMOD-STORAGE\RURO1\enhanced_results1\post_estimation\fr\2016\joint_test\vw_pooled_post_estimation_report.html","vw_pooled_post_estimation_report.html",".html","21963","06-12-25 13:08:36"
"U:\EUROMOD-STORAGE","RURO1\enhanced_results1\post_estimation\fr\2016\single_males\vw_m_post_estimation_report.html","U:\EUROMOD-STORAGE\RURO1\enhanced_results1\post_estimation\fr\2016\single_males\vw_m_post_estimation_report.html","vw_m_post_estimation_report.html",".html","11982","06-12-25 12:20:16"
"U:\EUROMOD-STORAGE","RURO1\enhanced_results1\prep\fr\2016\fr_2016_singles_stats.csv","U:\EUROMOD-STORAGE\RURO1\enhanced_results1\prep\fr\2016\fr_2016_singles_stats.csv","fr_2016_singles_stats.csv",".csv","347","06-12-25 09:27:27"
"U:\EUROMOD-STORAGE","RURO1\enhanced_results1\prep\fr\2016\fr_2016_stats.csv","U:\EUROMOD-STORAGE\RURO1\enhanced_results1\prep\fr\2016\fr_2016_stats.csv","fr_2016_stats.csv",".csv","426","06-12-25 09:27:23"
"U:\EUROMOD-STORAGE","RURO1\enhanced_results1\vw_joint_elasticities.csv","U:\EUROMOD-STORAGE\RURO1\enhanced_results1\vw_joint_elasticities.csv","vw_joint_elasticities.csv",".csv","415","06-12-25 18:23:44"
"U:\EUROMOD-STORAGE","RURO1\enhanced_results1\vw_joint_params.csv","U:\EUROMOD-STORAGE\RURO1\enhanced_results1\vw_joint_params.csv","vw_joint_params.csv",".csv","6835","06-12-25 18:23:45"
"U:\EUROMOD-STORAGE","RURO1\enhanced_results1\vw_joint_post_estimation_report.html","U:\EUROMOD-STORAGE\RURO1\enhanced_results1\vw_joint_post_estimation_report.html","vw_joint_post_estimation_report.html",".html","51694","06-12-25 18:23:45"
"U:\EUROMOD-STORAGE","RURO1\perpartion_2016\2016\fr_2016_singles_stats.csv","U:\EUROMOD-STORAGE\RURO1\perpartion_2016\2016\fr_2016_singles_stats.csv","fr_2016_singles_stats.csv",".csv","347","05-12-25 11:22:09"
"U:\EUROMOD-STORAGE","RURO1\perpartion_2016\2016\fr_2016_stats.csv","U:\EUROMOD-STORAGE\RURO1\perpartion_2016\2016\fr_2016_stats.csv","fr_2016_stats.csv",".csv","426","05-12-25 11:22:06"
"U:\EUROMOD-STORAGE","RURO1\try1\couples_filtering_final.parquet","U:\EUROMOD-STORAGE\RURO1\try1\couples_filtering_final.parquet","couples_filtering_final.parquet",".parquet","1275382","01-12-25 14:08:49"
"U:\EUROMOD-STORAGE","RURO1\try1\couples_RURO_ready.parquet","U:\EUROMOD-STORAGE\RURO1\try1\couples_RURO_ready.parquet","couples_RURO_ready.parquet",".parquet","1400815","01-12-25 14:11:29"
"U:\EUROMOD-STORAGE","RURO1\try1\couples_RURO_ready_RURO_draws.csv","U:\EUROMOD-STORAGE\RURO1\try1\couples_RURO_ready_RURO_draws.csv","couples_RURO_ready_RURO_draws.csv",".csv","500627931","01-12-25 15:58:02"
"U:\EUROMOD-STORAGE","RURO1\try1\couples_RURO_ready_RURO_draws.parquet","U:\EUROMOD-STORAGE\RURO1\try1\couples_RURO_ready_RURO_draws.parquet","couples_RURO_ready_RURO_draws.parquet",".parquet","23959781","01-12-25 15:56:54"
"U:\EUROMOD-STORAGE","RURO1\try1\FR_2021_c2_prepared_master.csv","U:\EUROMOD-STORAGE\RURO1\try1\FR_2021_c2_prepared_master.csv","FR_2021_c2_prepared_master.csv",".csv","27152343","01-12-25 14:08:47"
"U:\EUROMOD-STORAGE","RURO1\try1\fr_2021_clean.parquet","U:\EUROMOD-STORAGE\RURO1\try1\fr_2021_clean.parquet","fr_2021_clean.parquet",".parquet","6162530","01-12-25 14:09:01"
"U:\EUROMOD-STORAGE","RURO1\try1\fr_2021_RURO_mnl.csv","U:\EUROMOD-STORAGE\RURO1\try1\fr_2021_RURO_mnl.csv","fr_2021_RURO_mnl.csv",".csv","111638860","01-12-25 16:18:59"
"U:\EUROMOD-STORAGE","RURO1\try1\fr_2021_RURO_mnl.parquet","U:\EUROMOD-STORAGE\RURO1\try1\fr_2021_RURO_mnl.parquet","fr_2021_RURO_mnl.parquet",".parquet","36703242","01-12-25 16:18:46"
"U:\EUROMOD-STORAGE","RURO1\try1\outputs\couples_filtering_filtering_summary.csv","U:\EUROMOD-STORAGE\RURO1\try1\outputs\couples_filtering_filtering_summary.csv","couples_filtering_filtering_summary.csv",".csv","1311","01-12-25 14:08:49"
"U:\EUROMOD-STORAGE","RURO1\try1\outputs\singles_filtering_filtering_summary.csv","U:\EUROMOD-STORAGE\RURO1\try1\outputs\singles_filtering_filtering_summary.csv","singles_filtering_filtering_summary.csv",".csv","846","01-12-25 14:08:51"
"U:\EUROMOD-STORAGE","RURO1\try1\prep_meta.json","U:\EUROMOD-STORAGE\RURO1\try1\prep_meta.json","prep_meta.json",".json","286","01-12-25 14:09:01"
"U:\EUROMOD-STORAGE","RURO1\try1\singles_filtering_final.parquet","U:\EUROMOD-STORAGE\RURO1\try1\singles_filtering_final.parquet","singles_filtering_final.parquet",".parquet","713414","01-12-25 14:08:51"
"U:\EUROMOD-STORAGE","RURO1\try1\singles_final_filtered_female.parquet","U:\EUROMOD-STORAGE\RURO1\try1\singles_final_filtered_female.parquet","singles_final_filtered_female.parquet",".parquet","457546","01-12-25 14:08:52"
"U:\EUROMOD-STORAGE","RURO1\try1\singles_final_filtered_male.parquet","U:\EUROMOD-STORAGE\RURO1\try1\singles_final_filtered_male.parquet","singles_final_filtered_male.parquet",".parquet","390430","01-12-25 14:08:52"
"U:\EUROMOD-STORAGE","RURO1\try1\singles_RURO_ready.parquet","U:\EUROMOD-STORAGE\RURO1\try1\singles_RURO_ready.parquet","singles_RURO_ready.parquet",".parquet","773527","01-12-25 14:11:29"
"U:\EUROMOD-STORAGE","RURO1\try1\singles_RURO_ready_RURO_draws.csv","U:\EUROMOD-STORAGE\RURO1\try1\singles_RURO_ready_RURO_draws.csv","singles_RURO_ready_RURO_draws.csv",".csv","218986550","01-12-25 15:56:23"
"U:\EUROMOD-STORAGE","RURO1\try1\singles_RURO_ready_RURO_draws.parquet","U:\EUROMOD-STORAGE\RURO1\try1\singles_RURO_ready_RURO_draws.parquet","singles_RURO_ready_RURO_draws.parquet",".parquet","11640329","01-12-25 15:55:53"
"U:\EUROMOD-STORAGE","RURO1\try2\2021\couples_filtering_final.parquet","U:\EUROMOD-STORAGE\RURO1\try2\2021\couples_filtering_final.parquet","couples_filtering_final.parquet",".parquet","1275382","01-12-25 17:15:54"
"U:\EUROMOD-STORAGE","RURO1\try2\2021\couples_RURO_ready.parquet","U:\EUROMOD-STORAGE\RURO1\try2\2021\couples_RURO_ready.parquet","couples_RURO_ready.parquet",".parquet","1400815","01-12-25 17:17:41"
"U:\EUROMOD-STORAGE","RURO1\try2\2021\couples_RURO_ready_RURO_draws.csv","U:\EUROMOD-STORAGE\RURO1\try2\2021\couples_RURO_ready_RURO_draws.csv","couples_RURO_ready_RURO_draws.csv",".csv","500627931","01-12-25 17:20:56"
"U:\EUROMOD-STORAGE","RURO1\try2\2021\couples_RURO_ready_RURO_draws.parquet","U:\EUROMOD-STORAGE\RURO1\try2\2021\couples_RURO_ready_RURO_draws.parquet","couples_RURO_ready_RURO_draws.parquet",".parquet","23959781","01-12-25 17:19:48"
"U:\EUROMOD-STORAGE","RURO1\try2\2021\FR_2021_c2_prepared_master.csv","U:\EUROMOD-STORAGE\RURO1\try2\2021\FR_2021_c2_prepared_master.csv","FR_2021_c2_prepared_master.csv",".csv","27152343","01-12-25 17:15:51"
"U:\EUROMOD-STORAGE","RURO1\try2\2021\fr_2021_clean.parquet","U:\EUROMOD-STORAGE\RURO1\try2\2021\fr_2021_clean.parquet","fr_2021_clean.parquet",".parquet","6162530","01-12-25 17:16:06"
"U:\EUROMOD-STORAGE","RURO1\try2\2021\outputs\couples_filtering_filtering_summary.csv","U:\EUROMOD-STORAGE\RURO1\try2\2021\outputs\couples_filtering_filtering_summary.csv","couples_filtering_filtering_summary.csv",".csv","1311","01-12-25 17:15:54"
"U:\EUROMOD-STORAGE","RURO1\try2\2021\outputs\singles_filtering_filtering_summary.csv","U:\EUROMOD-STORAGE\RURO1\try2\2021\outputs\singles_filtering_filtering_summary.csv","singles_filtering_filtering_summary.csv",".csv","846","01-12-25 17:15:57"
"U:\EUROMOD-STORAGE","RURO1\try2\2021\prep_meta.json","U:\EUROMOD-STORAGE\RURO1\try2\2021\prep_meta.json","prep_meta.json",".json","286","01-12-25 17:16:06"
"U:\EUROMOD-STORAGE","RURO1\try2\2021\singles_filtering_final.parquet","U:\EUROMOD-STORAGE\RURO1\try2\2021\singles_filtering_final.parquet","singles_filtering_final.parquet",".parquet","713414","01-12-25 17:15:57"
"U:\EUROMOD-STORAGE","RURO1\try2\2021\singles_final_filtered_female.parquet","U:\EUROMOD-STORAGE\RURO1\try2\2021\singles_final_filtered_female.parquet","singles_final_filtered_female.parquet",".parquet","457546","01-12-25 17:15:57"
"U:\EUROMOD-STORAGE","RURO1\try2\2021\singles_final_filtered_male.parquet","U:\EUROMOD-STORAGE\RURO1\try2\2021\singles_final_filtered_male.parquet","singles_final_filtered_male.parquet",".parquet","390430","01-12-25 17:15:58"
"U:\EUROMOD-STORAGE","RURO1\try2\2021\singles_RURO_ready.parquet","U:\EUROMOD-STORAGE\RURO1\try2\2021\singles_RURO_ready.parquet","singles_RURO_ready.parquet",".parquet","773527","01-12-25 17:17:40"
"U:\EUROMOD-STORAGE","RURO1\try2\2021\singles_RURO_ready_RURO_draws.csv","U:\EUROMOD-STORAGE\RURO1\try2\2021\singles_RURO_ready_RURO_draws.csv","singles_RURO_ready_RURO_draws.csv",".csv","218986550","01-12-25 17:19:18"
"U:\EUROMOD-STORAGE","RURO1\try2\2021\singles_RURO_ready_RURO_draws.parquet","U:\EUROMOD-STORAGE\RURO1\try2\2021\singles_RURO_ready_RURO_draws.parquet","singles_RURO_ready_RURO_draws.parquet",".parquet","11640329","01-12-25 17:18:48"
"U:\EUROMOD-STORAGE","RURO1\try3\2021\couples_filtering_final.parquet","U:\EUROMOD-STORAGE\RURO1\try3\2021\couples_filtering_final.parquet","couples_filtering_final.parquet",".parquet","1275382","02-12-25 22:12:12"
"U:\EUROMOD-STORAGE","RURO1\try3\2021\couples_RURO_ready.parquet","U:\EUROMOD-STORAGE\RURO1\try3\2021\couples_RURO_ready.parquet","couples_RURO_ready.parquet",".parquet","1400811","02-12-25 22:14:47"
"U:\EUROMOD-STORAGE","RURO1\try3\2021\couples_RURO_ready_RURO_draws.csv","U:\EUROMOD-STORAGE\RURO1\try3\2021\couples_RURO_ready_RURO_draws.csv","couples_RURO_ready_RURO_draws.csv",".csv","500672831","02-12-25 22:17:50"
"U:\EUROMOD-STORAGE","RURO1\try3\2021\couples_RURO_ready_RURO_draws.parquet","U:\EUROMOD-STORAGE\RURO1\try3\2021\couples_RURO_ready_RURO_draws.parquet","couples_RURO_ready_RURO_draws.parquet",".parquet","23959791","02-12-25 22:16:43"
"U:\EUROMOD-STORAGE","RURO1\try3\2021\FR_2021_c2_prepared_master.csv","U:\EUROMOD-STORAGE\RURO1\try3\2021\FR_2021_c2_prepared_master.csv","FR_2021_c2_prepared_master.csv",".csv","27152343","02-12-25 22:12:10"
"U:\EUROMOD-STORAGE","RURO1\try3\2021\fr_2021_clean.parquet","U:\EUROMOD-STORAGE\RURO1\try3\2021\fr_2021_clean.parquet","fr_2021_clean.parquet",".parquet","6162530","02-12-25 22:12:23"
"U:\EUROMOD-STORAGE","RURO1\try3\2021\fr_2021_RURO_mnl.csv","U:\EUROMOD-STORAGE\RURO1\try3\2021\fr_2021_RURO_mnl.csv","fr_2021_RURO_mnl.csv",".csv","2734143812","02-12-25 23:16:00"
"U:\EUROMOD-STORAGE","RURO1\try3\2021\fr_2021_RURO_mnl.parquet","U:\EUROMOD-STORAGE\RURO1\try3\2021\fr_2021_RURO_mnl.parquet","fr_2021_RURO_mnl.parquet",".parquet","148015528","02-12-25 23:07:58"
"U:\EUROMOD-STORAGE","RURO1\try3\2021\fr_2021_RURO_mnl_trim.parquet","U:\EUROMOD-STORAGE\RURO1\try3\2021\fr_2021_RURO_mnl_trim.parquet","fr_2021_RURO_mnl_trim.parquet",".parquet","26565785","03-12-25 00:06:20"
"U:\EUROMOD-STORAGE","RURO1\try3\2021\outputs\couples_filtering_filtering_summary.csv","U:\EUROMOD-STORAGE\RURO1\try3\2021\outputs\couples_filtering_filtering_summary.csv","couples_filtering_filtering_summary.csv",".csv","1311","02-12-25 22:12:12"
"U:\EUROMOD-STORAGE","RURO1\try3\2021\outputs\singles_filtering_filtering_summary.csv","U:\EUROMOD-STORAGE\RURO1\try3\2021\outputs\singles_filtering_filtering_summary.csv","singles_filtering_filtering_summary.csv",".csv","846","02-12-25 22:12:14"
"U:\EUROMOD-STORAGE","RURO1\try3\2021\prep_meta.json","U:\EUROMOD-STORAGE\RURO1\try3\2021\prep_meta.json","prep_meta.json",".json","286","02-12-25 22:12:23"
"U:\EUROMOD-STORAGE","RURO1\try3\2021\singles_filtering_final.parquet","U:\EUROMOD-STORAGE\RURO1\try3\2021\singles_filtering_final.parquet","singles_filtering_final.parquet",".parquet","713414","02-12-25 22:12:14"
"U:\EUROMOD-STORAGE","RURO1\try3\2021\singles_final_filtered_female.parquet","U:\EUROMOD-STORAGE\RURO1\try3\2021\singles_final_filtered_female.parquet","singles_final_filtered_female.parquet",".parquet","457546","02-12-25 22:12:14"
"U:\EUROMOD-STORAGE","RURO1\try3\2021\singles_final_filtered_male.parquet","U:\EUROMOD-STORAGE\RURO1\try3\2021\singles_final_filtered_male.parquet","singles_final_filtered_male.parquet",".parquet","390430","02-12-25 22:12:15"
"U:\EUROMOD-STORAGE","RURO1\try3\2021\singles_RURO_ready.parquet","U:\EUROMOD-STORAGE\RURO1\try3\2021\singles_RURO_ready.parquet","singles_RURO_ready.parquet",".parquet","773527","02-12-25 22:14:46"
"U:\EUROMOD-STORAGE","RURO1\try3\2021\singles_RURO_ready_RURO_draws.csv","U:\EUROMOD-STORAGE\RURO1\try3\2021\singles_RURO_ready_RURO_draws.csv","singles_RURO_ready_RURO_draws.csv",".csv","219006090","02-12-25 22:16:13"
"U:\EUROMOD-STORAGE","RURO1\try3\2021\singles_RURO_ready_RURO_draws.parquet","U:\EUROMOD-STORAGE\RURO1\try3\2021\singles_RURO_ready_RURO_draws.parquet","singles_RURO_ready_RURO_draws.parquet",".parquet","11640331","02-12-25 22:15:44"
"U:\EUROMOD-STORAGE","RURO1\try4\2021\couples_filtering_final.parquet","U:\EUROMOD-STORAGE\RURO1\try4\2021\couples_filtering_final.parquet","couples_filtering_final.parquet",".parquet","1275382","03-12-25 10:41:03"
"U:\EUROMOD-STORAGE","RURO1\try4\2021\couples_RURO_ready.parquet","U:\EUROMOD-STORAGE\RURO1\try4\2021\couples_RURO_ready.parquet","couples_RURO_ready.parquet",".parquet","1400811","03-12-25 10:41:44"
"U:\EUROMOD-STORAGE","RURO1\try4\2021\couples_RURO_ready_RURO_draws.parquet","U:\EUROMOD-STORAGE\RURO1\try4\2021\couples_RURO_ready_RURO_draws.parquet","couples_RURO_ready_RURO_draws.parquet",".parquet","23959791","03-12-25 10:46:31"
"U:\EUROMOD-STORAGE","RURO1\try4\2021\FR_2021_c2_prepared_master.csv","U:\EUROMOD-STORAGE\RURO1\try4\2021\FR_2021_c2_prepared_master.csv","FR_2021_c2_prepared_master.csv",".csv","27152343","03-12-25 10:41:01"
"U:\EUROMOD-STORAGE","RURO1\try4\2021\fr_2021_clean.parquet","U:\EUROMOD-STORAGE\RURO1\try4\2021\fr_2021_clean.parquet","fr_2021_clean.parquet",".parquet","6162530","03-12-25 10:41:14"
"U:\EUROMOD-STORAGE","RURO1\try4\2021\fr_2021_RURO_mnl.parquet","U:\EUROMOD-STORAGE\RURO1\try4\2021\fr_2021_RURO_mnl.parquet","fr_2021_RURO_mnl.parquet",".parquet","148015528","03-12-25 10:52:09"
"U:\EUROMOD-STORAGE","RURO1\try4\2021\fr_2021_RURO_mnl_trim.parquet","U:\EUROMOD-STORAGE\RURO1\try4\2021\fr_2021_RURO_mnl_trim.parquet","fr_2021_RURO_mnl_trim.parquet",".parquet","26565785","03-12-25 10:53:42"
"U:\EUROMOD-STORAGE","RURO1\try4\2021\outputs\couples_filtering_filtering_summary.csv","U:\EUROMOD-STORAGE\RURO1\try4\2021\outputs\couples_filtering_filtering_summary.csv","couples_filtering_filtering_summary.csv",".csv","1311","03-12-25 10:41:03"
"U:\EUROMOD-STORAGE","RURO1\try4\2021\outputs\singles_filtering_filtering_summary.csv","U:\EUROMOD-STORAGE\RURO1\try4\2021\outputs\singles_filtering_filtering_summary.csv","singles_filtering_filtering_summary.csv",".csv","846","03-12-25 10:41:05"
"U:\EUROMOD-STORAGE","RURO1\try4\2021\prep_meta.json","U:\EUROMOD-STORAGE\RURO1\try4\2021\prep_meta.json","prep_meta.json",".json","286","03-12-25 10:41:14"
"U:\EUROMOD-STORAGE","RURO1\try4\2021\singles_filtering_final.parquet","U:\EUROMOD-STORAGE\RURO1\try4\2021\singles_filtering_final.parquet","singles_filtering_final.parquet",".parquet","713414","03-12-25 10:41:05"
"U:\EUROMOD-STORAGE","RURO1\try4\2021\singles_final_filtered_female.parquet","U:\EUROMOD-STORAGE\RURO1\try4\2021\singles_final_filtered_female.parquet","singles_final_filtered_female.parquet",".parquet","457546","03-12-25 10:41:06"
"U:\EUROMOD-STORAGE","RURO1\try4\2021\singles_final_filtered_male.parquet","U:\EUROMOD-STORAGE\RURO1\try4\2021\singles_final_filtered_male.parquet","singles_final_filtered_male.parquet",".parquet","390430","03-12-25 10:41:06"
"U:\EUROMOD-STORAGE","RURO1\try4\2021\singles_RURO_ready.parquet","U:\EUROMOD-STORAGE\RURO1\try4\2021\singles_RURO_ready.parquet","singles_RURO_ready.parquet",".parquet","773527","03-12-25 10:41:44"
"U:\EUROMOD-STORAGE","RURO1\try4\2021\singles_RURO_ready_RURO_draws.parquet","U:\EUROMOD-STORAGE\RURO1\try4\2021\singles_RURO_ready_RURO_draws.parquet","singles_RURO_ready_RURO_draws.parquet",".parquet","11640331","03-12-25 10:46:01"
"Z:\Hisham\EUROMOD-STORAGE","Data\processed\fr\2016\couples_RURO_ready.parquet","Z:\Hisham\EUROMOD-STORAGE\Data\processed\fr\2016\couples_RURO_ready.parquet","couples_RURO_ready.parquet",".parquet","7195830","05-02-26 14:11:02"
"Z:\Hisham\EUROMOD-STORAGE","Data\processed\fr\2016\couples_RURO_ready__colgroups.json","Z:\Hisham\EUROMOD-STORAGE\Data\processed\fr\2016\couples_RURO_ready__colgroups.json","couples_RURO_ready__colgroups.json",".json","18196","05-02-26 14:11:02"
"Z:\Hisham\EUROMOD-STORAGE","Data\processed\fr\2016\couples_RURO_ready_jobdraws.parquet","Z:\Hisham\EUROMOD-STORAGE\Data\processed\fr\2016\couples_RURO_ready_jobdraws.parquet","couples_RURO_ready_jobdraws.parquet",".parquet","25065484","08-02-26 21:54:14"
"Z:\Hisham\EUROMOD-STORAGE","Data\processed\fr\2016\couples_RURO_ready_jobdraws__drawsmeta.json","Z:\Hisham\EUROMOD-STORAGE\Data\processed\fr\2016\couples_RURO_ready_jobdraws__drawsmeta.json","couples_RURO_ready_jobdraws__drawsmeta.json",".json","11826","08-02-26 21:54:14"
"Z:\Hisham\EUROMOD-STORAGE","Data\processed\fr\2016\couples_RURO_ready_RURO_draws.parquet","Z:\Hisham\EUROMOD-STORAGE\Data\processed\fr\2016\couples_RURO_ready_RURO_draws.parquet","couples_RURO_ready_RURO_draws.parquet",".parquet","35489416","05-02-26 14:11:02"
"Z:\Hisham\EUROMOD-STORAGE","Data\processed\fr\2016\couples_RURO_ready_RURO_draws__drawsmeta.json","Z:\Hisham\EUROMOD-STORAGE\Data\processed\fr\2016\couples_RURO_ready_RURO_draws__drawsmeta.json","couples_RURO_ready_RURO_draws__drawsmeta.json",".json","11595","05-02-26 14:11:02"
"Z:\Hisham\EUROMOD-STORAGE","Data\processed\fr\2016\fr_2016.parquet","Z:\Hisham\EUROMOD-STORAGE\Data\processed\fr\2016\fr_2016.parquet","fr_2016.parquet",".parquet","9110164","05-02-26 14:11:01"
"Z:\Hisham\EUROMOD-STORAGE","Data\processed\fr\2016\fr_2016__colgroups.json","Z:\Hisham\EUROMOD-STORAGE\Data\processed\fr\2016\fr_2016__colgroups.json","fr_2016__colgroups.json",".json","16110","05-02-26 14:11:02"
"Z:\Hisham\EUROMOD-STORAGE","Data\processed\fr\2016\fr_2016_couples.parquet","Z:\Hisham\EUROMOD-STORAGE\Data\processed\fr\2016\fr_2016_couples.parquet","fr_2016_couples.parquet",".parquet","6958700","05-02-26 14:11:02"
"Z:\Hisham\EUROMOD-STORAGE","Data\processed\fr\2016\fr_2016_RURO_mnl___combined.parquet","Z:\Hisham\EUROMOD-STORAGE\Data\processed\fr\2016\fr_2016_RURO_mnl___combined.parquet","fr_2016_RURO_mnl___combined.parquet",".parquet","466041152","04-02-26 16:01:20"
"Z:\Hisham\EUROMOD-STORAGE","Data\processed\fr\2016\fr_2016_RURO_mnl___couples.parquet","Z:\Hisham\EUROMOD-STORAGE\Data\processed\fr\2016\fr_2016_RURO_mnl___couples.parquet","fr_2016_RURO_mnl___couples.parquet",".parquet","332796367","04-02-26 16:01:22"
"Z:\Hisham\EUROMOD-STORAGE","Data\processed\fr\2016\fr_2016_RURO_mnl___mnlmeta.json","Z:\Hisham\EUROMOD-STORAGE\Data\processed\fr\2016\fr_2016_RURO_mnl___mnlmeta.json","fr_2016_RURO_mnl___mnlmeta.json",".json","57215","04-02-26 16:01:22"
"Z:\Hisham\EUROMOD-STORAGE","Data\processed\fr\2016\fr_2016_RURO_mnl___singles.parquet","Z:\Hisham\EUROMOD-STORAGE\Data\processed\fr\2016\fr_2016_RURO_mnl___singles.parquet","fr_2016_RURO_mnl___singles.parquet",".parquet","154498632","04-02-26 16:01:23"
"Z:\Hisham\EUROMOD-STORAGE","Data\processed\fr\2016\fr_2016_RURO_mnl__combined.parquet","Z:\Hisham\EUROMOD-STORAGE\Data\processed\fr\2016\fr_2016_RURO_mnl__combined.parquet","fr_2016_RURO_mnl__combined.parquet",".parquet","437123587","04-02-26 16:01:16"
"Z:\Hisham\EUROMOD-STORAGE","Data\processed\fr\2016\fr_2016_RURO_mnl__couples.parquet","Z:\Hisham\EUROMOD-STORAGE\Data\processed\fr\2016\fr_2016_RURO_mnl__couples.parquet","fr_2016_RURO_mnl__couples.parquet",".parquet","42433564","05-02-26 14:11:01"
"Z:\Hisham\EUROMOD-STORAGE","Data\processed\fr\2016\fr_2016_RURO_mnl__mnlmeta.json","Z:\Hisham\EUROMOD-STORAGE\Data\processed\fr\2016\fr_2016_RURO_mnl__mnlmeta.json","fr_2016_RURO_mnl__mnlmeta.json",".json","57443","05-02-26 14:11:01"
"Z:\Hisham\EUROMOD-STORAGE","Data\processed\fr\2016\fr_2016_RURO_mnl__singles.parquet","Z:\Hisham\EUROMOD-STORAGE\Data\processed\fr\2016\fr_2016_RURO_mnl__singles.parquet","fr_2016_RURO_mnl__singles.parquet",".parquet","21299439","05-02-26 14:11:02"
"Z:\Hisham\EUROMOD-STORAGE","Data\processed\fr\2016\fr_2016_RURO_mnl_job__couples.parquet","Z:\Hisham\EUROMOD-STORAGE\Data\processed\fr\2016\fr_2016_RURO_mnl_job__couples.parquet","fr_2016_RURO_mnl_job__couples.parquet",".parquet","16156943","05-02-26 13:31:35"
"Z:\Hisham\EUROMOD-STORAGE","Data\processed\fr\2016\fr_2016_RURO_mnl_job__mnlmeta.json","Z:\Hisham\EUROMOD-STORAGE\Data\processed\fr\2016\fr_2016_RURO_mnl_job__mnlmeta.json","fr_2016_RURO_mnl_job__mnlmeta.json",".json","58809","05-02-26 13:31:35"
"Z:\Hisham\EUROMOD-STORAGE","Data\processed\fr\2016\fr_2016_RURO_mnl_job__singles.parquet","Z:\Hisham\EUROMOD-STORAGE\Data\processed\fr\2016\fr_2016_RURO_mnl_job__singles.parquet","fr_2016_RURO_mnl_job__singles.parquet",".parquet","5377115","05-02-26 13:31:34"
"Z:\Hisham\EUROMOD-STORAGE","Data\processed\fr\2016\fr_2016_RURO_mnl_job_gmm__couples.parquet","Z:\Hisham\EUROMOD-STORAGE\Data\processed\fr\2016\fr_2016_RURO_mnl_job_gmm__couples.parquet","fr_2016_RURO_mnl_job_gmm__couples.parquet",".parquet","234727689","19-02-26 14:38:39"
"Z:\Hisham\EUROMOD-STORAGE","Data\processed\fr\2016\fr_2016_RURO_mnl_job_gmm__mnlmeta.json","Z:\Hisham\EUROMOD-STORAGE\Data\processed\fr\2016\fr_2016_RURO_mnl_job_gmm__mnlmeta.json","fr_2016_RURO_mnl_job_gmm__mnlmeta.json",".json","59019","19-02-26 14:38:39"
"Z:\Hisham\EUROMOD-STORAGE","Data\processed\fr\2016\fr_2016_RURO_mnl_job_gmm__singles.parquet","Z:\Hisham\EUROMOD-STORAGE\Data\processed\fr\2016\fr_2016_RURO_mnl_job_gmm__singles.parquet","fr_2016_RURO_mnl_job_gmm__singles.parquet",".parquet","102648079","19-02-26 14:38:23"
"Z:\Hisham\EUROMOD-STORAGE","Data\processed\fr\2016\fr_2016_singles.parquet","Z:\Hisham\EUROMOD-STORAGE\Data\processed\fr\2016\fr_2016_singles.parquet","fr_2016_singles.parquet",".parquet","2609390","05-02-26 14:11:02"
"Z:\Hisham\EUROMOD-STORAGE","Data\processed\fr\2016\fr_2016_singles_female.parquet","Z:\Hisham\EUROMOD-STORAGE\Data\processed\fr\2016\fr_2016_singles_female.parquet","fr_2016_singles_female.parquet",".parquet","1646125","05-02-26 14:11:02"
"Z:\Hisham\EUROMOD-STORAGE","Data\processed\fr\2016\fr_2016_singles_male.parquet","Z:\Hisham\EUROMOD-STORAGE\Data\processed\fr\2016\fr_2016_singles_male.parquet","fr_2016_singles_male.parquet",".parquet","1314066","05-02-26 14:11:02"
"Z:\Hisham\EUROMOD-STORAGE","Data\processed\fr\2016\job_model\job_universe_2016.parquet","Z:\Hisham\EUROMOD-STORAGE\Data\processed\fr\2016\job_model\job_universe_2016.parquet","job_universe_2016.parquet",".parquet","14972","04-02-26 20:36:50"
"Z:\Hisham\EUROMOD-STORAGE","Data\processed\fr\2016\job_model\job_universe_2016__meta.json","Z:\Hisham\EUROMOD-STORAGE\Data\processed\fr\2016\job_model\job_universe_2016__meta.json","job_universe_2016__meta.json",".json","2017","04-02-26 20:36:50"
"Z:\Hisham\EUROMOD-STORAGE","Data\processed\fr\2016\job_model_gmm\job_universe_2016.parquet","Z:\Hisham\EUROMOD-STORAGE\Data\processed\fr\2016\job_model_gmm\job_universe_2016.parquet","job_universe_2016.parquet",".parquet","12797","08-02-26 21:43:18"
"Z:\Hisham\EUROMOD-STORAGE","Data\processed\fr\2016\job_model_gmm\job_universe_2016__gmm_diagnostics.csv","Z:\Hisham\EUROMOD-STORAGE\Data\processed\fr\2016\job_model_gmm\job_universe_2016__gmm_diagnostics.csv","job_universe_2016__gmm_diagnostics.csv",".csv","1616","08-02-26 21:43:18"
"Z:\Hisham\EUROMOD-STORAGE","Data\processed\fr\2016\job_model_gmm\job_universe_2016__meta.json","Z:\Hisham\EUROMOD-STORAGE\Data\processed\fr\2016\job_model_gmm\job_universe_2016__meta.json","job_universe_2016__meta.json",".json","24784","08-02-26 21:43:18"
"Z:\Hisham\EUROMOD-STORAGE","Data\processed\fr\2016\singles_RURO_ready.parquet","Z:\Hisham\EUROMOD-STORAGE\Data\processed\fr\2016\singles_RURO_ready.parquet","singles_RURO_ready.parquet",".parquet","2705401","05-02-26 14:11:02"
"Z:\Hisham\EUROMOD-STORAGE","Data\processed\fr\2016\singles_RURO_ready__colgroups.json","Z:\Hisham\EUROMOD-STORAGE\Data\processed\fr\2016\singles_RURO_ready__colgroups.json","singles_RURO_ready__colgroups.json",".json","18196","05-02-26 14:11:02"
"Z:\Hisham\EUROMOD-STORAGE","Data\processed\fr\2016\singles_RURO_ready_jobdraws.parquet","Z:\Hisham\EUROMOD-STORAGE\Data\processed\fr\2016\singles_RURO_ready_jobdraws.parquet","singles_RURO_ready_jobdraws.parquet",".parquet","8627000","08-02-26 21:53:51"
"Z:\Hisham\EUROMOD-STORAGE","Data\processed\fr\2016\singles_RURO_ready_jobdraws__drawsmeta.json","Z:\Hisham\EUROMOD-STORAGE\Data\processed\fr\2016\singles_RURO_ready_jobdraws__drawsmeta.json","singles_RURO_ready_jobdraws__drawsmeta.json",".json","11826","08-02-26 21:53:51"
"Z:\Hisham\EUROMOD-STORAGE","Data\processed\fr\2016\singles_RURO_ready_RURO_draws.parquet","Z:\Hisham\EUROMOD-STORAGE\Data\processed\fr\2016\singles_RURO_ready_RURO_draws.parquet","singles_RURO_ready_RURO_draws.parquet",".parquet","13115349","05-02-26 14:11:02"
"Z:\Hisham\EUROMOD-STORAGE","Data\processed\fr\2016\singles_RURO_ready_RURO_draws__drawsmeta.json","Z:\Hisham\EUROMOD-STORAGE\Data\processed\fr\2016\singles_RURO_ready_RURO_draws__drawsmeta.json","singles_RURO_ready_RURO_draws__drawsmeta.json",".json","11595","05-02-26 14:11:02"
"Z:\Hisham\EUROMOD-STORAGE","gamspy\female_ascsOFF_q99\boxcox_female_ascsOFF_q99_confusion.csv","Z:\Hisham\EUROMOD-STORAGE\gamspy\female_ascsOFF_q99\boxcox_female_ascsOFF_q99_confusion.csv","boxcox_female_ascsOFF_q99_confusion.csv",".csv","178","04-02-26 16:01:50"
"Z:\Hisham\EUROMOD-STORAGE","gamspy\female_ascsOFF_q99\boxcox_female_ascsOFF_q99_meta.json","Z:\Hisham\EUROMOD-STORAGE\gamspy\female_ascsOFF_q99\boxcox_female_ascsOFF_q99_meta.json","boxcox_female_ascsOFF_q99_meta.json",".json","1904","04-02-26 16:01:50"
"Z:\Hisham\EUROMOD-STORAGE","gamspy\female_ascsOFF_q99\boxcox_female_ascsOFF_q99_mucmul_draws.csv","Z:\Hisham\EUROMOD-STORAGE\gamspy\female_ascsOFF_q99\boxcox_female_ascsOFF_q99_mucmul_draws.csv","boxcox_female_ascsOFF_q99_mucmul_draws.csv",".csv","114171","04-02-26 16:01:50"
"Z:\Hisham\EUROMOD-STORAGE","gamspy\female_ascsOFF_q99\boxcox_female_ascsOFF_q99_mucmul_summary.json","Z:\Hisham\EUROMOD-STORAGE\gamspy\female_ascsOFF_q99\boxcox_female_ascsOFF_q99_mucmul_summary.json","boxcox_female_ascsOFF_q99_mucmul_summary.json",".json","327","04-02-26 16:01:50"
"Z:\Hisham\EUROMOD-STORAGE","gamspy\female_ascsOFF_q99\boxcox_female_ascsOFF_q99_param_descriptions.json","Z:\Hisham\EUROMOD-STORAGE\gamspy\female_ascsOFF_q99\boxcox_female_ascsOFF_q99_param_descriptions.json","boxcox_female_ascsOFF_q99_param_descriptions.json",".json","568","04-02-26 16:01:50"
"Z:\Hisham\EUROMOD-STORAGE","gamspy\female_ascsOFF_q99\boxcox_female_ascsOFF_q99_param_labels.json","Z:\Hisham\EUROMOD-STORAGE\gamspy\female_ascsOFF_q99\boxcox_female_ascsOFF_q99_param_labels.json","boxcox_female_ascsOFF_q99_param_labels.json",".json","377","04-02-26 16:01:50"
"Z:\Hisham\EUROMOD-STORAGE","gamspy\female_ascsOFF_q99\boxcox_female_ascsOFF_q99_parameters.csv","Z:\Hisham\EUROMOD-STORAGE\gamspy\female_ascsOFF_q99\boxcox_female_ascsOFF_q99_parameters.csv","boxcox_female_ascsOFF_q99_parameters.csv",".csv","1255","04-02-26 16:01:50"
"Z:\Hisham\EUROMOD-STORAGE","gamspy\female_ascsOFF_q99\boxcox_female_ascsOFF_q99_util_decomp.csv","Z:\Hisham\EUROMOD-STORAGE\gamspy\female_ascsOFF_q99\boxcox_female_ascsOFF_q99_util_decomp.csv","boxcox_female_ascsOFF_q99_util_decomp.csv",".csv","348","04-02-26 16:01:50"
"Z:\Hisham\EUROMOD-STORAGE","gamspy\female_ascsOFF_q99\boxcox_female_gamspy_ascsOFF_q99_analysis.html","Z:\Hisham\EUROMOD-STORAGE\gamspy\female_ascsOFF_q99\boxcox_female_gamspy_ascsOFF_q99_analysis.html","boxcox_female_gamspy_ascsOFF_q99_analysis.html",".html","11638","04-02-26 16:01:50"
"Z:\Hisham\EUROMOD-STORAGE","gamspy\female_ascsOFF_q99\boxcox_female_gamspy_ascsOFF_q99_confusion.csv","Z:\Hisham\EUROMOD-STORAGE\gamspy\female_ascsOFF_q99\boxcox_female_gamspy_ascsOFF_q99_confusion.csv","boxcox_female_gamspy_ascsOFF_q99_confusion.csv",".csv","178","04-02-26 16:01:50"
"Z:\Hisham\EUROMOD-STORAGE","gamspy\female_ascsOFF_q99\boxcox_female_gamspy_ascsOFF_q99_meta.json","Z:\Hisham\EUROMOD-STORAGE\gamspy\female_ascsOFF_q99\boxcox_female_gamspy_ascsOFF_q99_meta.json","boxcox_female_gamspy_ascsOFF_q99_meta.json",".json","1929","04-02-26 16:01:50"
"Z:\Hisham\EUROMOD-STORAGE","gamspy\female_ascsOFF_q99\boxcox_female_gamspy_ascsOFF_q99_mucmul_draws.csv","Z:\Hisham\EUROMOD-STORAGE\gamspy\female_ascsOFF_q99\boxcox_female_gamspy_ascsOFF_q99_mucmul_draws.csv","boxcox_female_gamspy_ascsOFF_q99_mucmul_draws.csv",".csv","114833","04-02-26 16:01:50"
"Z:\Hisham\EUROMOD-STORAGE","gamspy\female_ascsOFF_q99\boxcox_female_gamspy_ascsOFF_q99_mucmul_summary.json","Z:\Hisham\EUROMOD-STORAGE\gamspy\female_ascsOFF_q99\boxcox_female_gamspy_ascsOFF_q99_mucmul_summary.json","boxcox_female_gamspy_ascsOFF_q99_mucmul_summary.json",".json","326","04-02-26 16:01:50"
"Z:\Hisham\EUROMOD-STORAGE","gamspy\female_ascsOFF_q99\boxcox_female_gamspy_ascsOFF_q99_param_descriptions.json","Z:\Hisham\EUROMOD-STORAGE\gamspy\female_ascsOFF_q99\boxcox_female_gamspy_ascsOFF_q99_param_descriptions.json","boxcox_female_gamspy_ascsOFF_q99_param_descriptions.json",".json","568","04-02-26 16:01:50"
"Z:\Hisham\EUROMOD-STORAGE","gamspy\female_ascsOFF_q99\boxcox_female_gamspy_ascsOFF_q99_param_labels.json","Z:\Hisham\EUROMOD-STORAGE\gamspy\female_ascsOFF_q99\boxcox_female_gamspy_ascsOFF_q99_param_labels.json","boxcox_female_gamspy_ascsOFF_q99_param_labels.json",".json","377","04-02-26 16:01:50"
"Z:\Hisham\EUROMOD-STORAGE","gamspy\female_ascsOFF_q99\boxcox_female_gamspy_ascsOFF_q99_parameters.csv","Z:\Hisham\EUROMOD-STORAGE\gamspy\female_ascsOFF_q99\boxcox_female_gamspy_ascsOFF_q99_parameters.csv","boxcox_female_gamspy_ascsOFF_q99_parameters.csv",".csv","1250","04-02-26 16:01:50"
"Z:\Hisham\EUROMOD-STORAGE","gamspy\female_ascsOFF_q99\boxcox_female_gamspy_ascsOFF_q99_util_decomp.csv","Z:\Hisham\EUROMOD-STORAGE\gamspy\female_ascsOFF_q99\boxcox_female_gamspy_ascsOFF_q99_util_decomp.csv","boxcox_female_gamspy_ascsOFF_q99_util_decomp.csv",".csv","343","04-02-26 16:01:50"
"Z:\Hisham\EUROMOD-STORAGE","gamspy\female_ascsOFF_q99\gamspy.html","Z:\Hisham\EUROMOD-STORAGE\gamspy\female_ascsOFF_q99\gamspy.html","gamspy.html",".html","10192","04-02-26 16:01:50"
"Z:\Hisham\EUROMOD-STORAGE","gamspy\female_ascsON_q99\boxcox_female_gamspy_ascsON_q99_analysis.html","Z:\Hisham\EUROMOD-STORAGE\gamspy\female_ascsON_q99\boxcox_female_gamspy_ascsON_q99_analysis.html","boxcox_female_gamspy_ascsON_q99_analysis.html",".html","13262","04-02-26 16:01:50"
"Z:\Hisham\EUROMOD-STORAGE","gamspy\female_ascsON_q99\boxcox_female_gamspy_ascsON_q99_confusion.csv","Z:\Hisham\EUROMOD-STORAGE\gamspy\female_ascsON_q99\boxcox_female_gamspy_ascsON_q99_confusion.csv","boxcox_female_gamspy_ascsON_q99_confusion.csv",".csv","176","04-02-26 16:01:50"
"Z:\Hisham\EUROMOD-STORAGE","gamspy\female_ascsON_q99\boxcox_female_gamspy_ascsON_q99_meta.json","Z:\Hisham\EUROMOD-STORAGE\gamspy\female_ascsON_q99\boxcox_female_gamspy_ascsON_q99_meta.json","boxcox_female_gamspy_ascsON_q99_meta.json",".json","2139","04-02-26 16:01:51"
"Z:\Hisham\EUROMOD-STORAGE","gamspy\female_ascsON_q99\boxcox_female_gamspy_ascsON_q99_mucmul_draws.csv","Z:\Hisham\EUROMOD-STORAGE\gamspy\female_ascsON_q99\boxcox_female_gamspy_ascsON_q99_mucmul_draws.csv","boxcox_female_gamspy_ascsON_q99_mucmul_draws.csv",".csv","125362","04-02-26 16:01:51"
"Z:\Hisham\EUROMOD-STORAGE","gamspy\female_ascsON_q99\boxcox_female_gamspy_ascsON_q99_mucmul_summary.json","Z:\Hisham\EUROMOD-STORAGE\gamspy\female_ascsON_q99\boxcox_female_gamspy_ascsON_q99_mucmul_summary.json","boxcox_female_gamspy_ascsON_q99_mucmul_summary.json",".json","329","04-02-26 16:01:51"
"Z:\Hisham\EUROMOD-STORAGE","gamspy\female_ascsON_q99\boxcox_female_gamspy_ascsON_q99_param_descriptions.json","Z:\Hisham\EUROMOD-STORAGE\gamspy\female_ascsON_q99\boxcox_female_gamspy_ascsON_q99_param_descriptions.json","boxcox_female_gamspy_ascsON_q99_param_descriptions.json",".json","850","04-02-26 16:01:51"
"Z:\Hisham\EUROMOD-STORAGE","gamspy\female_ascsON_q99\boxcox_female_gamspy_ascsON_q99_param_labels.json","Z:\Hisham\EUROMOD-STORAGE\gamspy\female_ascsON_q99\boxcox_female_gamspy_ascsON_q99_param_labels.json","boxcox_female_gamspy_ascsON_q99_param_labels.json",".json","515","04-02-26 16:01:51"
"Z:\Hisham\EUROMOD-STORAGE","gamspy\female_ascsON_q99\boxcox_female_gamspy_ascsON_q99_parameters.csv","Z:\Hisham\EUROMOD-STORAGE\gamspy\female_ascsON_q99\boxcox_female_gamspy_ascsON_q99_parameters.csv","boxcox_female_gamspy_ascsON_q99_parameters.csv",".csv","1998","04-02-26 16:01:51"
"Z:\Hisham\EUROMOD-STORAGE","gamspy\female_ascsON_q99\boxcox_female_gamspy_ascsON_q99_util_decomp.csv","Z:\Hisham\EUROMOD-STORAGE\gamspy\female_ascsON_q99\boxcox_female_gamspy_ascsON_q99_util_decomp.csv","boxcox_female_gamspy_ascsON_q99_util_decomp.csv",".csv","381","04-02-26 16:01:51"
"Z:\Hisham\EUROMOD-STORAGE","gamspy\male_ascsOFF_q99\boxcox_male_gamspy_ascsOFF_q99_analysis.html","Z:\Hisham\EUROMOD-STORAGE\gamspy\male_ascsOFF_q99\boxcox_male_gamspy_ascsOFF_q99_analysis.html","boxcox_male_gamspy_ascsOFF_q99_analysis.html",".html","11619","04-02-26 16:01:51"
"Z:\Hisham\EUROMOD-STORAGE","gamspy\male_ascsOFF_q99\boxcox_male_gamspy_ascsOFF_q99_confusion.csv","Z:\Hisham\EUROMOD-STORAGE\gamspy\male_ascsOFF_q99\boxcox_male_gamspy_ascsOFF_q99_confusion.csv","boxcox_male_gamspy_ascsOFF_q99_confusion.csv",".csv","169","04-02-26 16:01:51"
"Z:\Hisham\EUROMOD-STORAGE","gamspy\male_ascsOFF_q99\boxcox_male_gamspy_ascsOFF_q99_meta.json","Z:\Hisham\EUROMOD-STORAGE\gamspy\male_ascsOFF_q99\boxcox_male_gamspy_ascsOFF_q99_meta.json","boxcox_male_gamspy_ascsOFF_q99_meta.json",".json","1931","04-02-26 16:01:51"
"Z:\Hisham\EUROMOD-STORAGE","gamspy\male_ascsOFF_q99\boxcox_male_gamspy_ascsOFF_q99_mucmul_draws.csv","Z:\Hisham\EUROMOD-STORAGE\gamspy\male_ascsOFF_q99\boxcox_male_gamspy_ascsOFF_q99_mucmul_draws.csv","boxcox_male_gamspy_ascsOFF_q99_mucmul_draws.csv",".csv","89944","04-02-26 16:01:51"
"Z:\Hisham\EUROMOD-STORAGE","gamspy\male_ascsOFF_q99\boxcox_male_gamspy_ascsOFF_q99_mucmul_summary.json","Z:\Hisham\EUROMOD-STORAGE\gamspy\male_ascsOFF_q99\boxcox_male_gamspy_ascsOFF_q99_mucmul_summary.json","boxcox_male_gamspy_ascsOFF_q99_mucmul_summary.json",".json","327","04-02-26 16:01:51"
"Z:\Hisham\EUROMOD-STORAGE","gamspy\male_ascsOFF_q99\boxcox_male_gamspy_ascsOFF_q99_param_descriptions.json","Z:\Hisham\EUROMOD-STORAGE\gamspy\male_ascsOFF_q99\boxcox_male_gamspy_ascsOFF_q99_param_descriptions.json","boxcox_male_gamspy_ascsOFF_q99_param_descriptions.json",".json","568","04-02-26 16:01:51"
"Z:\Hisham\EUROMOD-STORAGE","gamspy\male_ascsOFF_q99\boxcox_male_gamspy_ascsOFF_q99_param_labels.json","Z:\Hisham\EUROMOD-STORAGE\gamspy\male_ascsOFF_q99\boxcox_male_gamspy_ascsOFF_q99_param_labels.json","boxcox_male_gamspy_ascsOFF_q99_param_labels.json",".json","377","04-02-26 16:01:51"
"Z:\Hisham\EUROMOD-STORAGE","gamspy\male_ascsOFF_q99\boxcox_male_gamspy_ascsOFF_q99_parameters.csv","Z:\Hisham\EUROMOD-STORAGE\gamspy\male_ascsOFF_q99\boxcox_male_gamspy_ascsOFF_q99_parameters.csv","boxcox_male_gamspy_ascsOFF_q99_parameters.csv",".csv","1238","04-02-26 16:01:51"
"Z:\Hisham\EUROMOD-STORAGE","gamspy\male_ascsOFF_q99\boxcox_male_gamspy_ascsOFF_q99_util_decomp.csv","Z:\Hisham\EUROMOD-STORAGE\gamspy\male_ascsOFF_q99\boxcox_male_gamspy_ascsOFF_q99_util_decomp.csv","boxcox_male_gamspy_ascsOFF_q99_util_decomp.csv",".csv","353","04-02-26 16:01:51"
"Z:\Hisham\EUROMOD-STORAGE","gamspy\male_ascsON_q99\boxcox_male_gamspy_ascsON_q99_analysis.html","Z:\Hisham\EUROMOD-STORAGE\gamspy\male_ascsON_q99\boxcox_male_gamspy_ascsON_q99_analysis.html","boxcox_male_gamspy_ascsON_q99_analysis.html",".html","13223","04-02-26 16:01:51"
"Z:\Hisham\EUROMOD-STORAGE","gamspy\male_ascsON_q99\boxcox_male_gamspy_ascsON_q99_confusion.csv","Z:\Hisham\EUROMOD-STORAGE\gamspy\male_ascsON_q99\boxcox_male_gamspy_ascsON_q99_confusion.csv","boxcox_male_gamspy_ascsON_q99_confusion.csv",".csv","171","04-02-26 16:01:51"
"Z:\Hisham\EUROMOD-STORAGE","gamspy\male_ascsON_q99\boxcox_male_gamspy_ascsON_q99_meta.json","Z:\Hisham\EUROMOD-STORAGE\gamspy\male_ascsON_q99\boxcox_male_gamspy_ascsON_q99_meta.json","boxcox_male_gamspy_ascsON_q99_meta.json",".json","2142","04-02-26 16:01:51"
"Z:\Hisham\EUROMOD-STORAGE","gamspy\male_ascsON_q99\boxcox_male_gamspy_ascsON_q99_mucmul_draws.csv","Z:\Hisham\EUROMOD-STORAGE\gamspy\male_ascsON_q99\boxcox_male_gamspy_ascsON_q99_mucmul_draws.csv","boxcox_male_gamspy_ascsON_q99_mucmul_draws.csv",".csv","99251","04-02-26 16:01:51"
"Z:\Hisham\EUROMOD-STORAGE","gamspy\male_ascsON_q99\boxcox_male_gamspy_ascsON_q99_mucmul_summary.json","Z:\Hisham\EUROMOD-STORAGE\gamspy\male_ascsON_q99\boxcox_male_gamspy_ascsON_q99_mucmul_summary.json","boxcox_male_gamspy_ascsON_q99_mucmul_summary.json",".json","327","04-02-26 16:01:51"
"Z:\Hisham\EUROMOD-STORAGE","gamspy\male_ascsON_q99\boxcox_male_gamspy_ascsON_q99_param_descriptions.json","Z:\Hisham\EUROMOD-STORAGE\gamspy\male_ascsON_q99\boxcox_male_gamspy_ascsON_q99_param_descriptions.json","boxcox_male_gamspy_ascsON_q99_param_descriptions.json",".json","850","04-02-26 16:01:51"
"Z:\Hisham\EUROMOD-STORAGE","gamspy\male_ascsON_q99\boxcox_male_gamspy_ascsON_q99_param_labels.json","Z:\Hisham\EUROMOD-STORAGE\gamspy\male_ascsON_q99\boxcox_male_gamspy_ascsON_q99_param_labels.json","boxcox_male_gamspy_ascsON_q99_param_labels.json",".json","515","04-02-26 16:01:51"
"Z:\Hisham\EUROMOD-STORAGE","gamspy\male_ascsON_q99\boxcox_male_gamspy_ascsON_q99_parameters.csv","Z:\Hisham\EUROMOD-STORAGE\gamspy\male_ascsON_q99\boxcox_male_gamspy_ascsON_q99_parameters.csv","boxcox_male_gamspy_ascsON_q99_parameters.csv",".csv","1960","04-02-26 16:01:51"
"Z:\Hisham\EUROMOD-STORAGE","gamspy\male_ascsON_q99\boxcox_male_gamspy_ascsON_q99_util_decomp.csv","Z:\Hisham\EUROMOD-STORAGE\gamspy\male_ascsON_q99\boxcox_male_gamspy_ascsON_q99_util_decomp.csv","boxcox_male_gamspy_ascsON_q99_util_decomp.csv",".csv","382","04-02-26 16:01:51"
"Z:\Hisham\EUROMOD-STORAGE","interim\ruro\fr\2016\job_model\scenarios\combined_draws_em.parquet","Z:\Hisham\EUROMOD-STORAGE\interim\ruro\fr\2016\job_model\scenarios\combined_draws_em.parquet","combined_draws_em.parquet",".parquet","206452185","04-02-26 20:39:11"
"Z:\Hisham\EUROMOD-STORAGE","interim\ruro\fr\2016\job_model\scenarios\combined_draws_em__euromodmeta.json","Z:\Hisham\EUROMOD-STORAGE\interim\ruro\fr\2016\job_model\scenarios\combined_draws_em__euromodmeta.json","combined_draws_em__euromodmeta.json",".json","512","04-02-26 20:39:01"
"Z:\Hisham\EUROMOD-STORAGE","interim\ruro\fr\2016\job_model_gmm\scenarios\combined_draws_em.parquet","Z:\Hisham\EUROMOD-STORAGE\interim\ruro\fr\2016\job_model_gmm\scenarios\combined_draws_em.parquet","combined_draws_em.parquet",".parquet","457848833","08-02-26 21:59:39"
"Z:\Hisham\EUROMOD-STORAGE","interim\ruro\fr\2016\job_model_gmm\scenarios\combined_draws_em__euromodmeta.json","Z:\Hisham\EUROMOD-STORAGE\interim\ruro\fr\2016\job_model_gmm\scenarios\combined_draws_em__euromodmeta.json","combined_draws_em__euromodmeta.json",".json","512","08-02-26 21:59:18"
"Z:\Hisham\EUROMOD-STORAGE","interim\ruro\fr\scenarios_2016\combined_draws_em.parquet","Z:\Hisham\EUROMOD-STORAGE\interim\ruro\fr\scenarios_2016\combined_draws_em.parquet","combined_draws_em.parquet",".parquet","487842751","04-02-26 16:01:54"
"Z:\Hisham\EUROMOD-STORAGE","interim\ruro\fr\scenarios_2016\combined_draws_em__euromodmeta.json","Z:\Hisham\EUROMOD-STORAGE\interim\ruro\fr\scenarios_2016\combined_draws_em__euromodmeta.json","combined_draws_em__euromodmeta.json",".json","364","04-02-26 16:01:54"
"Z:\Hisham\EUROMOD-STORAGE","interim\ruro\fr\scenarios_2016_reduced\combined_draws_em.parquet","Z:\Hisham\EUROMOD-STORAGE\interim\ruro\fr\scenarios_2016_reduced\combined_draws_em.parquet","combined_draws_em.parquet",".parquet","66509736","04-02-26 16:01:54"
"Z:\Hisham\EUROMOD-STORAGE","old rep\biogeme\boxcox_biogeme\male_ascsOFF\boxcox_male_ascsOFF_confusion.csv","Z:\Hisham\EUROMOD-STORAGE\old rep\biogeme\boxcox_biogeme\male_ascsOFF\boxcox_male_ascsOFF_confusion.csv","boxcox_male_ascsOFF_confusion.csv",".csv","164","04-02-26 16:01:54"
"Z:\Hisham\EUROMOD-STORAGE","old rep\biogeme\boxcox_biogeme\male_ascsOFF\boxcox_male_ascsOFF_meta.json","Z:\Hisham\EUROMOD-STORAGE\old rep\biogeme\boxcox_biogeme\male_ascsOFF\boxcox_male_ascsOFF_meta.json","boxcox_male_ascsOFF_meta.json",".json","528","04-02-26 16:01:54"
"Z:\Hisham\EUROMOD-STORAGE","old rep\biogeme\boxcox_biogeme\male_ascsOFF\boxcox_male_ascsOFF_parameters.csv","Z:\Hisham\EUROMOD-STORAGE\old rep\biogeme\boxcox_biogeme\male_ascsOFF\boxcox_male_ascsOFF_parameters.csv","boxcox_male_ascsOFF_parameters.csv",".csv","811","04-02-26 16:01:54"
"Z:\Hisham\EUROMOD-STORAGE","old rep\biogeme\boxcox_biogeme\male_ascsOFF_q99\boxcox_male_ascsOFF_q99_confusion.csv","Z:\Hisham\EUROMOD-STORAGE\old rep\biogeme\boxcox_biogeme\male_ascsOFF_q99\boxcox_male_ascsOFF_q99_confusion.csv","boxcox_male_ascsOFF_q99_confusion.csv",".csv","164","04-02-26 16:01:54"
"Z:\Hisham\EUROMOD-STORAGE","old rep\biogeme\boxcox_biogeme\male_ascsOFF_q99\boxcox_male_ascsOFF_q99_meta.json","Z:\Hisham\EUROMOD-STORAGE\old rep\biogeme\boxcox_biogeme\male_ascsOFF_q99\boxcox_male_ascsOFF_q99_meta.json","boxcox_male_ascsOFF_q99_meta.json",".json","996","04-02-26 16:01:54"
"Z:\Hisham\EUROMOD-STORAGE","old rep\biogeme\boxcox_biogeme\male_ascsOFF_q99\boxcox_male_ascsOFF_q99_parameters.csv","Z:\Hisham\EUROMOD-STORAGE\old rep\biogeme\boxcox_biogeme\male_ascsOFF_q99\boxcox_male_ascsOFF_q99_parameters.csv","boxcox_male_ascsOFF_q99_parameters.csv",".csv","810","04-02-26 16:01:54"
"Z:\Hisham\EUROMOD-STORAGE","old rep\biogeme\boxcox_biogeme\male_ascsON\boxcox_male_ascsON_confusion.csv","Z:\Hisham\EUROMOD-STORAGE\old rep\biogeme\boxcox_biogeme\male_ascsON\boxcox_male_ascsON_confusion.csv","boxcox_male_ascsON_confusion.csv",".csv","167","04-02-26 16:01:54"
"Z:\Hisham\EUROMOD-STORAGE","old rep\biogeme\boxcox_biogeme\male_ascsON\boxcox_male_ascsON_meta.json","Z:\Hisham\EUROMOD-STORAGE\old rep\biogeme\boxcox_biogeme\male_ascsON\boxcox_male_ascsON_meta.json","boxcox_male_ascsON_meta.json",".json","524","04-02-26 16:01:54"
"Z:\Hisham\EUROMOD-STORAGE","old rep\biogeme\boxcox_biogeme\male_ascsON\boxcox_male_ascsON_parameters.csv","Z:\Hisham\EUROMOD-STORAGE\old rep\biogeme\boxcox_biogeme\male_ascsON\boxcox_male_ascsON_parameters.csv","boxcox_male_ascsON_parameters.csv",".csv","1284","04-02-26 16:01:54"
"Z:\Hisham\EUROMOD-STORAGE","old rep\biogeme\dcm_female_parameters.csv","Z:\Hisham\EUROMOD-STORAGE\old rep\biogeme\dcm_female_parameters.csv","dcm_female_parameters.csv",".csv","838","04-02-26 16:01:54"
"Z:\Hisham\EUROMOD-STORAGE","old rep\biogeme\dcm_male_parameters.csv","Z:\Hisham\EUROMOD-STORAGE\old rep\biogeme\dcm_male_parameters.csv","dcm_male_parameters.csv",".csv","848","04-02-26 16:01:54"
"Z:\Hisham\EUROMOD-STORAGE","old rep\biogeme\female\dcm_female.html","Z:\Hisham\EUROMOD-STORAGE\old rep\biogeme\female\dcm_female.html","dcm_female.html",".html","9686","04-02-26 16:01:54"
"Z:\Hisham\EUROMOD-STORAGE","old rep\biogeme\female\dcm_female_analysis.html","Z:\Hisham\EUROMOD-STORAGE\old rep\biogeme\female\dcm_female_analysis.html","dcm_female_analysis.html",".html","5416","04-02-26 16:01:54"
"Z:\Hisham\EUROMOD-STORAGE","old rep\biogeme\female\dcm_female_parameters.csv","Z:\Hisham\EUROMOD-STORAGE\old rep\biogeme\female\dcm_female_parameters.csv","dcm_female_parameters.csv",".csv","838","04-02-26 16:01:54"
"Z:\Hisham\EUROMOD-STORAGE","old rep\biogeme\female_ascsOFF\dcm_female_ascsOFF.html","Z:\Hisham\EUROMOD-STORAGE\old rep\biogeme\female_ascsOFF\dcm_female_ascsOFF.html","dcm_female_ascsOFF.html",".html","10598","04-02-26 16:01:54"
"Z:\Hisham\EUROMOD-STORAGE","old rep\biogeme\female_ascsOFF\dcm_female_ascsOFF_analysis.html","Z:\Hisham\EUROMOD-STORAGE\old rep\biogeme\female_ascsOFF\dcm_female_ascsOFF_analysis.html","dcm_female_ascsOFF_analysis.html",".html","7100","04-02-26 16:01:54"
"Z:\Hisham\EUROMOD-STORAGE","old rep\biogeme\female_ascsOFF\dcm_female_ascsOFF_param_descriptions.json","Z:\Hisham\EUROMOD-STORAGE\old rep\biogeme\female_ascsOFF\dcm_female_ascsOFF_param_descriptions.json","dcm_female_ascsOFF_param_descriptions.json",".json","728","04-02-26 16:01:55"
"Z:\Hisham\EUROMOD-STORAGE","old rep\biogeme\female_ascsOFF\dcm_female_ascsOFF_param_labels.json","Z:\Hisham\EUROMOD-STORAGE\old rep\biogeme\female_ascsOFF\dcm_female_ascsOFF_param_labels.json","dcm_female_ascsOFF_param_labels.json",".json","321","04-02-26 16:01:55"
"Z:\Hisham\EUROMOD-STORAGE","old rep\biogeme\female_ascsOFF\dcm_female_ascsOFF_parameters.csv","Z:\Hisham\EUROMOD-STORAGE\old rep\biogeme\female_ascsOFF\dcm_female_ascsOFF_parameters.csv","dcm_female_ascsOFF_parameters.csv",".csv","943","04-02-26 16:01:55"
"Z:\Hisham\EUROMOD-STORAGE","old rep\biogeme\female_ascsOFF_center_ys1000\dcm_female_ascsOFF_center_ys1000.html","Z:\Hisham\EUROMOD-STORAGE\old rep\biogeme\female_ascsOFF_center_ys1000\dcm_female_ascsOFF_center_ys1000.html","dcm_female_ascsOFF_center_ys1000.html",".html","10635","04-02-26 16:01:55"
"Z:\Hisham\EUROMOD-STORAGE","old rep\biogeme\female_ascsOFF_center_ys1000\dcm_female_ascsOFF_center_ys1000_analysis.html","Z:\Hisham\EUROMOD-STORAGE\old rep\biogeme\female_ascsOFF_center_ys1000\dcm_female_ascsOFF_center_ys1000_analysis.html","dcm_female_ascsOFF_center_ys1000_analysis.html",".html","7302","04-02-26 16:01:55"
"Z:\Hisham\EUROMOD-STORAGE","old rep\biogeme\female_ascsOFF_center_ys1000\dcm_female_ascsOFF_center_ys1000_param_descriptions.json","Z:\Hisham\EUROMOD-STORAGE\old rep\biogeme\female_ascsOFF_center_ys1000\dcm_female_ascsOFF_center_ys1000_param_descriptions.json","dcm_female_ascsOFF_center_ys1000_param_descriptions.json",".json","728","04-02-26 16:01:55"
"Z:\Hisham\EUROMOD-STORAGE","old rep\biogeme\female_ascsOFF_center_ys1000\dcm_female_ascsOFF_center_ys1000_param_labels.json","Z:\Hisham\EUROMOD-STORAGE\old rep\biogeme\female_ascsOFF_center_ys1000\dcm_female_ascsOFF_center_ys1000_param_labels.json","dcm_female_ascsOFF_center_ys1000_param_labels.json",".json","321","04-02-26 16:01:55"
"Z:\Hisham\EUROMOD-STORAGE","old rep\biogeme\female_ascsOFF_center_ys1000\dcm_female_ascsOFF_center_ys1000_parameters.csv","Z:\Hisham\EUROMOD-STORAGE\old rep\biogeme\female_ascsOFF_center_ys1000\dcm_female_ascsOFF_center_ys1000_parameters.csv","dcm_female_ascsOFF_center_ys1000_parameters.csv",".csv","940","04-02-26 16:01:55"
"Z:\Hisham\EUROMOD-STORAGE","old rep\biogeme\female_ascsOFF_center_ys1000\dcm_female_ascsOFF_center_ys1000_transform_meta.json","Z:\Hisham\EUROMOD-STORAGE\old rep\biogeme\female_ascsOFF_center_ys1000\dcm_female_ascsOFF_center_ys1000_transform_meta.json","dcm_female_ascsOFF_center_ys1000_transform_meta.json",".json","271","04-02-26 16:01:55"
"Z:\Hisham\EUROMOD-STORAGE","old rep\biogeme\female_ascsON\dcm_female_ascsON.html","Z:\Hisham\EUROMOD-STORAGE\old rep\biogeme\female_ascsON\dcm_female_ascsON.html","dcm_female_ascsON.html",".html","19898","22-10-25 12:32:25"
"Z:\Hisham\EUROMOD-STORAGE","old rep\biogeme\female_ascsON\dcm_female_ascsON_analysis.html","Z:\Hisham\EUROMOD-STORAGE\old rep\biogeme\female_ascsON\dcm_female_ascsON_analysis.html","dcm_female_ascsON_analysis.html",".html","8592","04-02-26 16:01:55"
"Z:\Hisham\EUROMOD-STORAGE","old rep\biogeme\female_ascsON\dcm_female_ascsON_param_descriptions.json","Z:\Hisham\EUROMOD-STORAGE\old rep\biogeme\female_ascsON\dcm_female_ascsON_param_descriptions.json","dcm_female_ascsON_param_descriptions.json",".json","1400","04-02-26 16:01:55"
"Z:\Hisham\EUROMOD-STORAGE","old rep\biogeme\female_ascsON\dcm_female_ascsON_param_labels.json","Z:\Hisham\EUROMOD-STORAGE\old rep\biogeme\female_ascsON\dcm_female_ascsON_param_labels.json","dcm_female_ascsON_param_labels.json",".json","321","04-02-26 16:01:55"
"Z:\Hisham\EUROMOD-STORAGE","old rep\biogeme\female_ascsON\dcm_female_ascsON_parameters.csv","Z:\Hisham\EUROMOD-STORAGE\old rep\biogeme\female_ascsON\dcm_female_ascsON_parameters.csv","dcm_female_ascsON_parameters.csv",".csv","1494","04-02-26 16:01:55"
"Z:\Hisham\EUROMOD-STORAGE","old rep\biogeme\female_ascsON_center_ys1000\dcm_female_ascsON_center_ys1000.html","Z:\Hisham\EUROMOD-STORAGE\old rep\biogeme\female_ascsON_center_ys1000\dcm_female_ascsON_center_ys1000.html","dcm_female_ascsON_center_ys1000.html",".html","19937","04-02-26 16:01:55"
"Z:\Hisham\EUROMOD-STORAGE","old rep\biogeme\female_ascsON_center_ys1000\dcm_female_ascsON_center_ys1000_analysis.html","Z:\Hisham\EUROMOD-STORAGE\old rep\biogeme\female_ascsON_center_ys1000\dcm_female_ascsON_center_ys1000_analysis.html","dcm_female_ascsON_center_ys1000_analysis.html",".html","8793","04-02-26 16:01:55"
"Z:\Hisham\EUROMOD-STORAGE","old rep\biogeme\female_ascsON_center_ys1000\dcm_female_ascsON_center_ys1000_param_descriptions.json","Z:\Hisham\EUROMOD-STORAGE\old rep\biogeme\female_ascsON_center_ys1000\dcm_female_ascsON_center_ys1000_param_descriptions.json","dcm_female_ascsON_center_ys1000_param_descriptions.json",".json","1400","04-02-26 16:01:56"
"Z:\Hisham\EUROMOD-STORAGE","old rep\biogeme\female_ascsON_center_ys1000\dcm_female_ascsON_center_ys1000_param_labels.json","Z:\Hisham\EUROMOD-STORAGE\old rep\biogeme\female_ascsON_center_ys1000\dcm_female_ascsON_center_ys1000_param_labels.json","dcm_female_ascsON_center_ys1000_param_labels.json",".json","321","04-02-26 16:01:56"
"Z:\Hisham\EUROMOD-STORAGE","old rep\biogeme\female_ascsON_center_ys1000\dcm_female_ascsON_center_ys1000_parameters.csv","Z:\Hisham\EUROMOD-STORAGE\old rep\biogeme\female_ascsON_center_ys1000\dcm_female_ascsON_center_ys1000_parameters.csv","dcm_female_ascsON_center_ys1000_parameters.csv",".csv","1490","04-02-26 16:01:56"
"Z:\Hisham\EUROMOD-STORAGE","old rep\biogeme\female_ascsON_center_ys1000\dcm_female_ascsON_center_ys1000_transform_meta.json","Z:\Hisham\EUROMOD-STORAGE\old rep\biogeme\female_ascsON_center_ys1000\dcm_female_ascsON_center_ys1000_transform_meta.json","dcm_female_ascsON_center_ys1000_transform_meta.json",".json","270","04-02-26 16:01:56"
"Z:\Hisham\EUROMOD-STORAGE","old rep\biogeme\male\dcm_male.html","Z:\Hisham\EUROMOD-STORAGE\old rep\biogeme\male\dcm_male.html","dcm_male.html",".html","9651","04-02-26 16:01:56"
"Z:\Hisham\EUROMOD-STORAGE","old rep\biogeme\male\dcm_male_analysis.html","Z:\Hisham\EUROMOD-STORAGE\old rep\biogeme\male\dcm_male_analysis.html","dcm_male_analysis.html",".html","5211","04-02-26 16:01:56"
"Z:\Hisham\EUROMOD-STORAGE","old rep\biogeme\male\dcm_male_parameters.csv","Z:\Hisham\EUROMOD-STORAGE\old rep\biogeme\male\dcm_male_parameters.csv","dcm_male_parameters.csv",".csv","848","04-02-26 16:01:56"
"Z:\Hisham\EUROMOD-STORAGE","old rep\biogeme\male_ascsOFF\dcm_male_ascsOFF.html","Z:\Hisham\EUROMOD-STORAGE\old rep\biogeme\male_ascsOFF\dcm_male_ascsOFF.html","dcm_male_ascsOFF.html",".html","10579","04-02-26 16:01:56"
"Z:\Hisham\EUROMOD-STORAGE","old rep\biogeme\male_ascsOFF\dcm_male_ascsOFF_analysis.html","Z:\Hisham\EUROMOD-STORAGE\old rep\biogeme\male_ascsOFF\dcm_male_ascsOFF_analysis.html","dcm_male_ascsOFF_analysis.html",".html","6893","04-02-26 16:01:56"
"Z:\Hisham\EUROMOD-STORAGE","old rep\biogeme\male_ascsOFF\dcm_male_ascsOFF_param_descriptions.json","Z:\Hisham\EUROMOD-STORAGE\old rep\biogeme\male_ascsOFF\dcm_male_ascsOFF_param_descriptions.json","dcm_male_ascsOFF_param_descriptions.json",".json","728","04-02-26 16:01:56"
"Z:\Hisham\EUROMOD-STORAGE","old rep\biogeme\male_ascsOFF\dcm_male_ascsOFF_param_labels.json","Z:\Hisham\EUROMOD-STORAGE\old rep\biogeme\male_ascsOFF\dcm_male_ascsOFF_param_labels.json","dcm_male_ascsOFF_param_labels.json",".json","321","04-02-26 16:01:56"
"Z:\Hisham\EUROMOD-STORAGE","old rep\biogeme\male_ascsOFF\dcm_male_ascsOFF_parameters.csv","Z:\Hisham\EUROMOD-STORAGE\old rep\biogeme\male_ascsOFF\dcm_male_ascsOFF_parameters.csv","dcm_male_ascsOFF_parameters.csv",".csv","957","04-02-26 16:01:56"
"Z:\Hisham\EUROMOD-STORAGE","old rep\biogeme\male_ascsOFF_center_ys1000\dcm_male_ascsOFF_center_ys1000.html","Z:\Hisham\EUROMOD-STORAGE\old rep\biogeme\male_ascsOFF_center_ys1000\dcm_male_ascsOFF_center_ys1000.html","dcm_male_ascsOFF_center_ys1000.html",".html","10595","04-02-26 16:01:56"
"Z:\Hisham\EUROMOD-STORAGE","old rep\biogeme\male_ascsOFF_center_ys1000\dcm_male_ascsOFF_center_ys1000_analysis.html","Z:\Hisham\EUROMOD-STORAGE\old rep\biogeme\male_ascsOFF_center_ys1000\dcm_male_ascsOFF_center_ys1000_analysis.html","dcm_male_ascsOFF_center_ys1000_analysis.html",".html","7094","04-02-26 16:01:56"
"Z:\Hisham\EUROMOD-STORAGE","old rep\biogeme\male_ascsOFF_center_ys1000\dcm_male_ascsOFF_center_ys1000_param_descriptions.json","Z:\Hisham\EUROMOD-STORAGE\old rep\biogeme\male_ascsOFF_center_ys1000\dcm_male_ascsOFF_center_ys1000_param_descriptions.json","dcm_male_ascsOFF_center_ys1000_param_descriptions.json",".json","728","04-02-26 16:01:57"
"Z:\Hisham\EUROMOD-STORAGE","old rep\biogeme\male_ascsOFF_center_ys1000\dcm_male_ascsOFF_center_ys1000_param_labels.json","Z:\Hisham\EUROMOD-STORAGE\old rep\biogeme\male_ascsOFF_center_ys1000\dcm_male_ascsOFF_center_ys1000_param_labels.json","dcm_male_ascsOFF_center_ys1000_param_labels.json",".json","321","04-02-26 16:01:57"
"Z:\Hisham\EUROMOD-STORAGE","old rep\biogeme\male_ascsOFF_center_ys1000\dcm_male_ascsOFF_center_ys1000_parameters.csv","Z:\Hisham\EUROMOD-STORAGE\old rep\biogeme\male_ascsOFF_center_ys1000\dcm_male_ascsOFF_center_ys1000_parameters.csv","dcm_male_ascsOFF_center_ys1000_parameters.csv",".csv","956","04-02-26 16:01:56"
"Z:\Hisham\EUROMOD-STORAGE","old rep\biogeme\male_ascsOFF_center_ys1000\dcm_male_ascsOFF_center_ys1000_transform_meta.json","Z:\Hisham\EUROMOD-STORAGE\old rep\biogeme\male_ascsOFF_center_ys1000\dcm_male_ascsOFF_center_ys1000_transform_meta.json","dcm_male_ascsOFF_center_ys1000_transform_meta.json",".json","270","04-02-26 16:01:57"
"Z:\Hisham\EUROMOD-STORAGE","old rep\biogeme\male_ascsON\dcm_male_ascsON.html","Z:\Hisham\EUROMOD-STORAGE\old rep\biogeme\male_ascsON\dcm_male_ascsON.html","dcm_male_ascsON.html",".html","19764","22-10-25 12:32:07"
"Z:\Hisham\EUROMOD-STORAGE","old rep\biogeme\male_ascsON\dcm_male_ascsON_analysis.html","Z:\Hisham\EUROMOD-STORAGE\old rep\biogeme\male_ascsON\dcm_male_ascsON_analysis.html","dcm_male_ascsON_analysis.html",".html","8213","04-02-26 16:01:57"
"Z:\Hisham\EUROMOD-STORAGE","old rep\biogeme\male_ascsON\dcm_male_ascsON_param_descriptions.json","Z:\Hisham\EUROMOD-STORAGE\old rep\biogeme\male_ascsON\dcm_male_ascsON_param_descriptions.json","dcm_male_ascsON_param_descriptions.json",".json","1400","04-02-26 16:01:57"
"Z:\Hisham\EUROMOD-STORAGE","old rep\biogeme\male_ascsON\dcm_male_ascsON_param_labels.json","Z:\Hisham\EUROMOD-STORAGE\old rep\biogeme\male_ascsON\dcm_male_ascsON_param_labels.json","dcm_male_ascsON_param_labels.json",".json","321","04-02-26 16:01:57"
"Z:\Hisham\EUROMOD-STORAGE","old rep\biogeme\male_ascsON\dcm_male_ascsON_parameters.csv","Z:\Hisham\EUROMOD-STORAGE\old rep\biogeme\male_ascsON\dcm_male_ascsON_parameters.csv","dcm_male_ascsON_parameters.csv",".csv","1504","04-02-26 16:01:57"
"Z:\Hisham\EUROMOD-STORAGE","old rep\biogeme\male_ascsON_center_ys1000\dcm_male_ascsON_center_ys1000.html","Z:\Hisham\EUROMOD-STORAGE\old rep\biogeme\male_ascsON_center_ys1000\dcm_male_ascsON_center_ys1000.html","dcm_male_ascsON_center_ys1000.html",".html","19824","04-02-26 16:01:57"
"Z:\Hisham\EUROMOD-STORAGE","old rep\biogeme\male_ascsON_center_ys1000\dcm_male_ascsON_center_ys1000_analysis.html","Z:\Hisham\EUROMOD-STORAGE\old rep\biogeme\male_ascsON_center_ys1000\dcm_male_ascsON_center_ys1000_analysis.html","dcm_male_ascsON_center_ys1000_analysis.html",".html","8413","04-02-26 16:01:57"
"Z:\Hisham\EUROMOD-STORAGE","old rep\biogeme\male_ascsON_center_ys1000\dcm_male_ascsON_center_ys1000_param_descriptions.json","Z:\Hisham\EUROMOD-STORAGE\old rep\biogeme\male_ascsON_center_ys1000\dcm_male_ascsON_center_ys1000_param_descriptions.json","dcm_male_ascsON_center_ys1000_param_descriptions.json",".json","1400","04-02-26 16:01:57"
"Z:\Hisham\EUROMOD-STORAGE","old rep\biogeme\male_ascsON_center_ys1000\dcm_male_ascsON_center_ys1000_param_labels.json","Z:\Hisham\EUROMOD-STORAGE\old rep\biogeme\male_ascsON_center_ys1000\dcm_male_ascsON_center_ys1000_param_labels.json","dcm_male_ascsON_center_ys1000_param_labels.json",".json","321","04-02-26 16:01:57"
"Z:\Hisham\EUROMOD-STORAGE","old rep\biogeme\male_ascsON_center_ys1000\dcm_male_ascsON_center_ys1000_parameters.csv","Z:\Hisham\EUROMOD-STORAGE\old rep\biogeme\male_ascsON_center_ys1000\dcm_male_ascsON_center_ys1000_parameters.csv","dcm_male_ascsON_center_ys1000_parameters.csv",".csv","1484","04-02-26 16:01:57"
"Z:\Hisham\EUROMOD-STORAGE","old rep\biogeme\male_ascsON_center_ys1000\dcm_male_ascsON_center_ys1000_transform_meta.json","Z:\Hisham\EUROMOD-STORAGE\old rep\biogeme\male_ascsON_center_ys1000\dcm_male_ascsON_center_ys1000_transform_meta.json","dcm_male_ascsON_center_ys1000_transform_meta.json",".json","269","04-02-26 16:01:57"
"Z:\Hisham\EUROMOD-STORAGE","old rep\biogeme\pooled_ascsOFF_center_ys1000\dcm_pooled_ascsOFF_center_ys1000.html","Z:\Hisham\EUROMOD-STORAGE\old rep\biogeme\pooled_ascsOFF_center_ys1000\dcm_pooled_ascsOFF_center_ys1000.html","dcm_pooled_ascsOFF_center_ys1000.html",".html","29202","04-02-26 16:01:57"
"Z:\Hisham\EUROMOD-STORAGE","old rep\biogeme\pooled_ascsOFF_center_ys1000\dcm_pooled_ascsOFF_center_ys1000_param_descriptions.json","Z:\Hisham\EUROMOD-STORAGE\old rep\biogeme\pooled_ascsOFF_center_ys1000\dcm_pooled_ascsOFF_center_ys1000_param_descriptions.json","dcm_pooled_ascsOFF_center_ys1000_param_descriptions.json",".json","1251","04-02-26 16:01:57"
"Z:\Hisham\EUROMOD-STORAGE","old rep\biogeme\pooled_ascsOFF_center_ys1000\dcm_pooled_ascsOFF_center_ys1000_param_labels.json","Z:\Hisham\EUROMOD-STORAGE\old rep\biogeme\pooled_ascsOFF_center_ys1000\dcm_pooled_ascsOFF_center_ys1000_param_labels.json","dcm_pooled_ascsOFF_center_ys1000_param_labels.json",".json","726","04-02-26 16:01:57"
"Z:\Hisham\EUROMOD-STORAGE","old rep\biogeme\pooled_ascsOFF_center_ys1000\dcm_pooled_ascsOFF_center_ys1000_parameters.csv","Z:\Hisham\EUROMOD-STORAGE\old rep\biogeme\pooled_ascsOFF_center_ys1000\dcm_pooled_ascsOFF_center_ys1000_parameters.csv","dcm_pooled_ascsOFF_center_ys1000_parameters.csv",".csv","1913","04-02-26 16:01:57"
"Z:\Hisham\EUROMOD-STORAGE","old rep\biogeme\pooled_ascsOFF_center_ys1000\dcm_pooled_ascsOFF_center_ys1000_transform_meta.json","Z:\Hisham\EUROMOD-STORAGE\old rep\biogeme\pooled_ascsOFF_center_ys1000\dcm_pooled_ascsOFF_center_ys1000_transform_meta.json","dcm_pooled_ascsOFF_center_ys1000_transform_meta.json",".json","318","04-02-26 16:01:57"
"Z:\Hisham\EUROMOD-STORAGE","old rep\biogeme\pooled_ascsON_center_ys1000\dcm_pooled_ascsON_center_ys1000.html","Z:\Hisham\EUROMOD-STORAGE\old rep\biogeme\pooled_ascsON_center_ys1000\dcm_pooled_ascsON_center_ys1000.html","dcm_pooled_ascsON_center_ys1000.html",".html","45866","04-02-26 16:01:57"
"Z:\Hisham\EUROMOD-STORAGE","old rep\biogeme\pooled_ascsON_center_ys1000\dcm_pooled_ascsON_center_ys1000_analysis.html","Z:\Hisham\EUROMOD-STORAGE\old rep\biogeme\pooled_ascsON_center_ys1000\dcm_pooled_ascsON_center_ys1000_analysis.html","dcm_pooled_ascsON_center_ys1000_analysis.html",".html","13200","04-02-26 16:01:57"
"Z:\Hisham\EUROMOD-STORAGE","old rep\biogeme\pooled_ascsON_center_ys1000\dcm_pooled_ascsON_center_ys1000_param_descriptions.json","Z:\Hisham\EUROMOD-STORAGE\old rep\biogeme\pooled_ascsON_center_ys1000\dcm_pooled_ascsON_center_ys1000_param_descriptions.json","dcm_pooled_ascsON_center_ys1000_param_descriptions.json",".json","1923","04-02-26 16:01:58"
"Z:\Hisham\EUROMOD-STORAGE","old rep\biogeme\pooled_ascsON_center_ys1000\dcm_pooled_ascsON_center_ys1000_param_labels.json","Z:\Hisham\EUROMOD-STORAGE\old rep\biogeme\pooled_ascsON_center_ys1000\dcm_pooled_ascsON_center_ys1000_param_labels.json","dcm_pooled_ascsON_center_ys1000_param_labels.json",".json","726","04-02-26 16:01:58"
"Z:\Hisham\EUROMOD-STORAGE","old rep\biogeme\pooled_ascsON_center_ys1000\dcm_pooled_ascsON_center_ys1000_parameters.csv","Z:\Hisham\EUROMOD-STORAGE\old rep\biogeme\pooled_ascsON_center_ys1000\dcm_pooled_ascsON_center_ys1000_parameters.csv","dcm_pooled_ascsON_center_ys1000_parameters.csv",".csv","2451","04-02-26 16:01:58"
"Z:\Hisham\EUROMOD-STORAGE","old rep\biogeme\pooled_ascsON_center_ys1000\dcm_pooled_ascsON_center_ys1000_transform_meta.json","Z:\Hisham\EUROMOD-STORAGE\old rep\biogeme\pooled_ascsON_center_ys1000\dcm_pooled_ascsON_center_ys1000_transform_meta.json","dcm_pooled_ascsON_center_ys1000_transform_meta.json",".json","317","04-02-26 16:01:58"
"Z:\Hisham\EUROMOD-STORAGE","old rep\mle_dcm\boxcox\male_ascsOFF_q99\boxcox_male_ascsOFF_q99_confusion.csv","Z:\Hisham\EUROMOD-STORAGE\old rep\mle_dcm\boxcox\male_ascsOFF_q99\boxcox_male_ascsOFF_q99_confusion.csv","boxcox_male_ascsOFF_q99_confusion.csv",".csv","164","04-02-26 16:01:58"
"Z:\Hisham\EUROMOD-STORAGE","old rep\mle_dcm\boxcox\male_ascsOFF_q99\boxcox_male_ascsOFF_q99_meta.json","Z:\Hisham\EUROMOD-STORAGE\old rep\mle_dcm\boxcox\male_ascsOFF_q99\boxcox_male_ascsOFF_q99_meta.json","boxcox_male_ascsOFF_q99_meta.json",".json","1697","04-02-26 16:01:58"
"Z:\Hisham\EUROMOD-STORAGE","old rep\mle_dcm\boxcox\male_ascsOFF_q99\boxcox_male_ascsOFF_q99_mucmul_draws.csv","Z:\Hisham\EUROMOD-STORAGE\old rep\mle_dcm\boxcox\male_ascsOFF_q99\boxcox_male_ascsOFF_q99_mucmul_draws.csv","boxcox_male_ascsOFF_q99_mucmul_draws.csv",".csv","163387","04-02-26 16:01:58"
"Z:\Hisham\EUROMOD-STORAGE","old rep\mle_dcm\boxcox\male_ascsOFF_q99\boxcox_male_ascsOFF_q99_mucmul_summary.json","Z:\Hisham\EUROMOD-STORAGE\old rep\mle_dcm\boxcox\male_ascsOFF_q99\boxcox_male_ascsOFF_q99_mucmul_summary.json","boxcox_male_ascsOFF_q99_mucmul_summary.json",".json","327","04-02-26 16:01:58"
"Z:\Hisham\EUROMOD-STORAGE","old rep\mle_dcm\boxcox\male_ascsOFF_q99\boxcox_male_ascsOFF_q99_param_descriptions.json","Z:\Hisham\EUROMOD-STORAGE\old rep\mle_dcm\boxcox\male_ascsOFF_q99\boxcox_male_ascsOFF_q99_param_descriptions.json","boxcox_male_ascsOFF_q99_param_descriptions.json",".json","568","04-02-26 16:01:58"
"Z:\Hisham\EUROMOD-STORAGE","old rep\mle_dcm\boxcox\male_ascsOFF_q99\boxcox_male_ascsOFF_q99_param_labels.json","Z:\Hisham\EUROMOD-STORAGE\old rep\mle_dcm\boxcox\male_ascsOFF_q99\boxcox_male_ascsOFF_q99_param_labels.json","boxcox_male_ascsOFF_q99_param_labels.json",".json","377","04-02-26 16:01:58"
"Z:\Hisham\EUROMOD-STORAGE","old rep\mle_dcm\boxcox\male_ascsOFF_q99\boxcox_male_ascsOFF_q99_parameters.csv","Z:\Hisham\EUROMOD-STORAGE\old rep\mle_dcm\boxcox\male_ascsOFF_q99\boxcox_male_ascsOFF_q99_parameters.csv","boxcox_male_ascsOFF_q99_parameters.csv",".csv","1211","04-02-26 16:01:58"
"Z:\Hisham\EUROMOD-STORAGE","old rep\mle_dcm\mle_male_ascsOFF.csv","Z:\Hisham\EUROMOD-STORAGE\old rep\mle_dcm\mle_male_ascsOFF.csv","mle_male_ascsOFF.csv",".csv","296","04-02-26 16:01:58"
"Z:\Hisham\EUROMOD-STORAGE","old_Data_results\detailed_estimates\fr_2016_joint.json","Z:\Hisham\EUROMOD-STORAGE\old_Data_results\detailed_estimates\fr_2016_joint.json","fr_2016_joint.json",".json","7522","04-02-26 16:01:58"
"Z:\Hisham\EUROMOD-STORAGE","old_Data_results\detailed_estimates\v2_backward_compat_test\parameters.csv","Z:\Hisham\EUROMOD-STORAGE\old_Data_results\detailed_estimates\v2_backward_compat_test\parameters.csv","parameters.csv",".csv","2677","04-02-26 16:01:59"
"Z:\Hisham\EUROMOD-STORAGE","old_Data_results\detailed_estimates\v2_backward_compat_test\post_estimation_report.html","Z:\Hisham\EUROMOD-STORAGE\old_Data_results\detailed_estimates\v2_backward_compat_test\post_estimation_report.html","post_estimation_report.html",".html","24146","04-02-26 16:01:59"
"Z:\Hisham\EUROMOD-STORAGE","old_Data_results\detailed_estimates\v2_cleaned\vw_joint_elasticities.csv","Z:\Hisham\EUROMOD-STORAGE\old_Data_results\detailed_estimates\v2_cleaned\vw_joint_elasticities.csv","vw_joint_elasticities.csv",".csv","416","04-02-26 16:01:59"
"Z:\Hisham\EUROMOD-STORAGE","old_Data_results\detailed_estimates\v2_cleaned\vw_joint_params.csv","Z:\Hisham\EUROMOD-STORAGE\old_Data_results\detailed_estimates\v2_cleaned\vw_joint_params.csv","vw_joint_params.csv",".csv","2677","04-02-26 16:01:59"
"Z:\Hisham\EUROMOD-STORAGE","old_Data_results\detailed_estimates\v2_cleaned\vw_joint_post_estimation_report.html","Z:\Hisham\EUROMOD-STORAGE\old_Data_results\detailed_estimates\v2_cleaned\vw_joint_post_estimation_report.html","vw_joint_post_estimation_report.html",".html","37437","04-02-26 16:01:59"
"Z:\Hisham\EUROMOD-STORAGE","old_Data_results\detailed_estimates\v2_contours_test\parameters.csv","Z:\Hisham\EUROMOD-STORAGE\old_Data_results\detailed_estimates\v2_contours_test\parameters.csv","parameters.csv",".csv","2677","04-02-26 16:01:59"
"Z:\Hisham\EUROMOD-STORAGE","old_Data_results\detailed_estimates\v2_contours_test\post_estimation_report.html","Z:\Hisham\EUROMOD-STORAGE\old_Data_results\detailed_estimates\v2_contours_test\post_estimation_report.html","post_estimation_report.html",".html","37448","04-02-26 16:01:59"
"Z:\Hisham\EUROMOD-STORAGE","old_Data_results\detailed_estimates\v2_enhanced_test\parameters.csv","Z:\Hisham\EUROMOD-STORAGE\old_Data_results\detailed_estimates\v2_enhanced_test\parameters.csv","parameters.csv",".csv","2677","04-02-26 16:01:59"
"Z:\Hisham\EUROMOD-STORAGE","old_Data_results\detailed_estimates\v2_enhanced_test\post_estimation_report.html","Z:\Hisham\EUROMOD-STORAGE\old_Data_results\detailed_estimates\v2_enhanced_test\post_estimation_report.html","post_estimation_report.html",".html","36366","04-02-26 16:01:59"
"Z:\Hisham\EUROMOD-STORAGE","old_Data_results\detailed_estimates\v2_final_contours\parameters.csv","Z:\Hisham\EUROMOD-STORAGE\old_Data_results\detailed_estimates\v2_final_contours\parameters.csv","parameters.csv",".csv","2677","04-02-26 16:01:59"
"Z:\Hisham\EUROMOD-STORAGE","old_Data_results\detailed_estimates\v2_final_contours\post_estimation_report.html","Z:\Hisham\EUROMOD-STORAGE\old_Data_results\detailed_estimates\v2_final_contours\post_estimation_report.html","post_estimation_report.html",".html","37329","04-02-26 16:01:59"
"Z:\Hisham\EUROMOD-STORAGE","old_Data_results\detailed_estimates\v2_final_test\parameters.csv","Z:\Hisham\EUROMOD-STORAGE\old_Data_results\detailed_estimates\v2_final_test\parameters.csv","parameters.csv",".csv","2677","04-02-26 16:01:59"
"Z:\Hisham\EUROMOD-STORAGE","old_Data_results\detailed_estimates\v2_final_test\post_estimation_report.html","Z:\Hisham\EUROMOD-STORAGE\old_Data_results\detailed_estimates\v2_final_test\post_estimation_report.html","post_estimation_report.html",".html","13230","04-02-26 16:01:59"
"Z:\Hisham\EUROMOD-STORAGE","old_Data_results\detailed_estimates\v2_full_test\parameters.csv","Z:\Hisham\EUROMOD-STORAGE\old_Data_results\detailed_estimates\v2_full_test\parameters.csv","parameters.csv",".csv","2677","04-02-26 16:02:00"
"Z:\Hisham\EUROMOD-STORAGE","old_Data_results\detailed_estimates\v2_full_test\post_estimation_report.html","Z:\Hisham\EUROMOD-STORAGE\old_Data_results\detailed_estimates\v2_full_test\post_estimation_report.html","post_estimation_report.html",".html","16535","04-02-26 16:02:00"
"Z:\Hisham\EUROMOD-STORAGE","old_Data_results\detailed_estimates\v2_test\parameters.csv","Z:\Hisham\EUROMOD-STORAGE\old_Data_results\detailed_estimates\v2_test\parameters.csv","parameters.csv",".csv","4576","04-02-26 16:02:00"
"Z:\Hisham\EUROMOD-STORAGE","old_Data_results\detailed_estimates\v2_test\post_estimation_report.html","Z:\Hisham\EUROMOD-STORAGE\old_Data_results\detailed_estimates\v2_test\post_estimation_report.html","post_estimation_report.html",".html","16263","04-02-26 16:02:00"
"Z:\Hisham\EUROMOD-STORAGE","old_Data_results\detailed_estimates\v2_test_report\parameters.csv","Z:\Hisham\EUROMOD-STORAGE\old_Data_results\detailed_estimates\v2_test_report\parameters.csv","parameters.csv",".csv","2677","04-02-26 16:02:00"
"Z:\Hisham\EUROMOD-STORAGE","old_Data_results\detailed_estimates\v2_test_report\post_estimation_report.html","Z:\Hisham\EUROMOD-STORAGE\old_Data_results\detailed_estimates\v2_test_report\post_estimation_report.html","post_estimation_report.html",".html","24156","04-02-26 16:02:00"
"Z:\Hisham\EUROMOD-STORAGE","old_Data_results\detailed_estimates\v2_with_prefix\vw_elasticities.csv","Z:\Hisham\EUROMOD-STORAGE\old_Data_results\detailed_estimates\v2_with_prefix\vw_elasticities.csv","vw_elasticities.csv",".csv","416","04-02-26 16:02:00"
"Z:\Hisham\EUROMOD-STORAGE","old_Data_results\detailed_estimates\v2_with_prefix\vw_params.csv","Z:\Hisham\EUROMOD-STORAGE\old_Data_results\detailed_estimates\v2_with_prefix\vw_params.csv","vw_params.csv",".csv","2677","04-02-26 16:02:00"
"Z:\Hisham\EUROMOD-STORAGE","old_Data_results\detailed_estimates\v2_with_prefix\vw_post_estimation_report.html","Z:\Hisham\EUROMOD-STORAGE\old_Data_results\detailed_estimates\v2_with_prefix\vw_post_estimation_report.html","vw_post_estimation_report.html",".html","37365","04-02-26 16:02:00"
"Z:\Hisham\EUROMOD-STORAGE","old_Data_results\detailed_estimates\vw_joint_elasticities.csv","Z:\Hisham\EUROMOD-STORAGE\old_Data_results\detailed_estimates\vw_joint_elasticities.csv","vw_joint_elasticities.csv",".csv","414","04-02-26 16:01:58"
"Z:\Hisham\EUROMOD-STORAGE","old_Data_results\detailed_estimates\vw_joint_params.csv","Z:\Hisham\EUROMOD-STORAGE\old_Data_results\detailed_estimates\vw_joint_params.csv","vw_joint_params.csv",".csv","2304","04-02-26 16:01:58"
"Z:\Hisham\EUROMOD-STORAGE","old_Data_results\detailed_estimates\vw_joint_post_estimation_report.html","Z:\Hisham\EUROMOD-STORAGE\old_Data_results\detailed_estimates\vw_joint_post_estimation_report.html","vw_joint_post_estimation_report.html",".html","40157","04-02-26 16:01:58"
"Z:\Hisham\EUROMOD-STORAGE","old_Data_results\old_data\couples_filtering_final.parquet","Z:\Hisham\EUROMOD-STORAGE\old_Data_results\old_data\couples_filtering_final.parquet","couples_filtering_final.parquet",".parquet","913136","04-02-26 16:02:00"
"Z:\Hisham\EUROMOD-STORAGE","old_Data_results\old_data\de\2014\couples_filtering_final.parquet","Z:\Hisham\EUROMOD-STORAGE\old_Data_results\old_data\de\2014\couples_filtering_final.parquet","couples_filtering_final.parquet",".parquet","984556","04-02-26 16:02:00"
"Z:\Hisham\EUROMOD-STORAGE","old_Data_results\old_data\de\2014\couples_RURO_ready.parquet","Z:\Hisham\EUROMOD-STORAGE\old_Data_results\old_data\de\2014\couples_RURO_ready.parquet","couples_RURO_ready.parquet",".parquet","1041919","04-02-26 16:02:00"
"Z:\Hisham\EUROMOD-STORAGE","old_Data_results\old_data\de\2014\DE_2014_a3_prepared_master.csv","Z:\Hisham\EUROMOD-STORAGE\old_Data_results\old_data\de\2014\DE_2014_a3_prepared_master.csv","DE_2014_a3_prepared_master.csv",".csv","21579134","04-02-26 16:02:01"
"Z:\Hisham\EUROMOD-STORAGE","old_Data_results\old_data\de\2014\de_2014_clean.parquet","Z:\Hisham\EUROMOD-STORAGE\old_Data_results\old_data\de\2014\de_2014_clean.parquet","de_2014_clean.parquet",".parquet","4937673","04-02-26 16:02:01"
"Z:\Hisham\EUROMOD-STORAGE","old_Data_results\old_data\de\2014\outputs\couples_filtering_filtering_summary.csv","Z:\Hisham\EUROMOD-STORAGE\old_Data_results\old_data\de\2014\outputs\couples_filtering_filtering_summary.csv","couples_filtering_filtering_summary.csv",".csv","1308","04-02-26 16:02:01"
"Z:\Hisham\EUROMOD-STORAGE","old_Data_results\old_data\de\2014\outputs\singles_filtering_filtering_summary.csv","Z:\Hisham\EUROMOD-STORAGE\old_Data_results\old_data\de\2014\outputs\singles_filtering_filtering_summary.csv","singles_filtering_filtering_summary.csv",".csv","844","04-02-26 16:02:01"
"Z:\Hisham\EUROMOD-STORAGE","old_Data_results\old_data\de\2014\prep_meta.json","Z:\Hisham\EUROMOD-STORAGE\old_Data_results\old_data\de\2014\prep_meta.json","prep_meta.json",".json","308","04-02-26 16:02:01"
"Z:\Hisham\EUROMOD-STORAGE","old_Data_results\old_data\de\2014\singles_filtering_final.parquet","Z:\Hisham\EUROMOD-STORAGE\old_Data_results\old_data\de\2014\singles_filtering_final.parquet","singles_filtering_final.parquet",".parquet","561136","04-02-26 16:02:01"
"Z:\Hisham\EUROMOD-STORAGE","old_Data_results\old_data\de\2014\singles_final_filtered_female.parquet","Z:\Hisham\EUROMOD-STORAGE\old_Data_results\old_data\de\2014\singles_final_filtered_female.parquet","singles_final_filtered_female.parquet",".parquet","372280","04-02-26 16:02:01"
"Z:\Hisham\EUROMOD-STORAGE","old_Data_results\old_data\de\2014\singles_final_filtered_male.parquet","Z:\Hisham\EUROMOD-STORAGE\old_Data_results\old_data\de\2014\singles_final_filtered_male.parquet","singles_final_filtered_male.parquet",".parquet","313737","04-02-26 16:02:01"
"Z:\Hisham\EUROMOD-STORAGE","old_Data_results\old_data\de\2014\singles_RURO_ready.parquet","Z:\Hisham\EUROMOD-STORAGE\old_Data_results\old_data\de\2014\singles_RURO_ready.parquet","singles_RURO_ready.parquet",".parquet","592511","04-02-26 16:02:01"
"Z:\Hisham\EUROMOD-STORAGE","old_Data_results\old_data\de\2015\couples_filtering_final.parquet","Z:\Hisham\EUROMOD-STORAGE\old_Data_results\old_data\de\2015\couples_filtering_final.parquet","couples_filtering_final.parquet",".parquet","933215","04-02-26 16:02:02"
"Z:\Hisham\EUROMOD-STORAGE","old_Data_results\old_data\de\2015\couples_RURO_ready.parquet","Z:\Hisham\EUROMOD-STORAGE\old_Data_results\old_data\de\2015\couples_RURO_ready.parquet","couples_RURO_ready.parquet",".parquet","969542","04-02-26 16:02:02"
"Z:\Hisham\EUROMOD-STORAGE","old_Data_results\old_data\de\2015\DE_2015_a1_prepared_master.csv","Z:\Hisham\EUROMOD-STORAGE\old_Data_results\old_data\de\2015\DE_2015_a1_prepared_master.csv","DE_2015_a1_prepared_master.csv",".csv","20878011","04-02-26 16:02:02"
"Z:\Hisham\EUROMOD-STORAGE","old_Data_results\old_data\de\2015\de_2015_clean.parquet","Z:\Hisham\EUROMOD-STORAGE\old_Data_results\old_data\de\2015\de_2015_clean.parquet","de_2015_clean.parquet",".parquet","4711568","04-02-26 16:02:02"
"Z:\Hisham\EUROMOD-STORAGE","old_Data_results\old_data\de\2015\outputs\couples_filtering_filtering_summary.csv","Z:\Hisham\EUROMOD-STORAGE\old_Data_results\old_data\de\2015\outputs\couples_filtering_filtering_summary.csv","couples_filtering_filtering_summary.csv",".csv","1310","04-02-26 16:02:02"
"Z:\Hisham\EUROMOD-STORAGE","old_Data_results\old_data\de\2015\outputs\singles_filtering_filtering_summary.csv","Z:\Hisham\EUROMOD-STORAGE\old_Data_results\old_data\de\2015\outputs\singles_filtering_filtering_summary.csv","singles_filtering_filtering_summary.csv",".csv","845","04-02-26 16:02:02"
"Z:\Hisham\EUROMOD-STORAGE","old_Data_results\old_data\de\2015\prep_meta.json","Z:\Hisham\EUROMOD-STORAGE\old_Data_results\old_data\de\2015\prep_meta.json","prep_meta.json",".json","286","04-02-26 16:02:02"
"Z:\Hisham\EUROMOD-STORAGE","old_Data_results\old_data\de\2015\singles_filtering_final.parquet","Z:\Hisham\EUROMOD-STORAGE\old_Data_results\old_data\de\2015\singles_filtering_final.parquet","singles_filtering_final.parquet",".parquet","569428","04-02-26 16:02:02"
"Z:\Hisham\EUROMOD-STORAGE","old_Data_results\old_data\de\2015\singles_final_filtered_female.parquet","Z:\Hisham\EUROMOD-STORAGE\old_Data_results\old_data\de\2015\singles_final_filtered_female.parquet","singles_final_filtered_female.parquet",".parquet","374232","04-02-26 16:02:02"
"Z:\Hisham\EUROMOD-STORAGE","old_Data_results\old_data\de\2015\singles_final_filtered_male.parquet","Z:\Hisham\EUROMOD-STORAGE\old_Data_results\old_data\de\2015\singles_final_filtered_male.parquet","singles_final_filtered_male.parquet",".parquet","318153","04-02-26 16:02:02"
"Z:\Hisham\EUROMOD-STORAGE","old_Data_results\old_data\de\2015\singles_RURO_ready.parquet","Z:\Hisham\EUROMOD-STORAGE\old_Data_results\old_data\de\2015\singles_RURO_ready.parquet","singles_RURO_ready.parquet",".parquet","589518","04-02-26 16:02:02"
"Z:\Hisham\EUROMOD-STORAGE","old_Data_results\old_data\de\2016\couples_filtering_final.parquet","Z:\Hisham\EUROMOD-STORAGE\old_Data_results\old_data\de\2016\couples_filtering_final.parquet","couples_filtering_final.parquet",".parquet","911777","04-02-26 16:02:03"
"Z:\Hisham\EUROMOD-STORAGE","old_Data_results\old_data\de\2016\couples_RURO_ready.parquet","Z:\Hisham\EUROMOD-STORAGE\old_Data_results\old_data\de\2016\couples_RURO_ready.parquet","couples_RURO_ready.parquet",".parquet","969217","04-02-26 16:02:03"
"Z:\Hisham\EUROMOD-STORAGE","old_Data_results\old_data\de\2016\DE_2016_a1_prepared_master.csv","Z:\Hisham\EUROMOD-STORAGE\old_Data_results\old_data\de\2016\DE_2016_a1_prepared_master.csv","DE_2016_a1_prepared_master.csv",".csv","21471002","04-02-26 16:02:04"
"Z:\Hisham\EUROMOD-STORAGE","old_Data_results\old_data\de\2016\de_2016_clean.parquet","Z:\Hisham\EUROMOD-STORAGE\old_Data_results\old_data\de\2016\de_2016_clean.parquet","de_2016_clean.parquet",".parquet","4749742","04-02-26 16:02:04"
"Z:\Hisham\EUROMOD-STORAGE","old_Data_results\old_data\de\2016\outputs\couples_filtering_filtering_summary.csv","Z:\Hisham\EUROMOD-STORAGE\old_Data_results\old_data\de\2016\outputs\couples_filtering_filtering_summary.csv","couples_filtering_filtering_summary.csv",".csv","1309","04-02-26 16:02:04"
"Z:\Hisham\EUROMOD-STORAGE","old_Data_results\old_data\de\2016\outputs\singles_filtering_filtering_summary.csv","Z:\Hisham\EUROMOD-STORAGE\old_Data_results\old_data\de\2016\outputs\singles_filtering_filtering_summary.csv","singles_filtering_filtering_summary.csv",".csv","845","04-02-26 16:02:04"
"Z:\Hisham\EUROMOD-STORAGE","old_Data_results\old_data\de\2016\prep_meta.json","Z:\Hisham\EUROMOD-STORAGE\old_Data_results\old_data\de\2016\prep_meta.json","prep_meta.json",".json","308","04-02-26 16:02:04"
"Z:\Hisham\EUROMOD-STORAGE","old_Data_results\old_data\de\2016\singles_filtering_final.parquet","Z:\Hisham\EUROMOD-STORAGE\old_Data_results\old_data\de\2016\singles_filtering_final.parquet","singles_filtering_final.parquet",".parquet","564294","04-02-26 16:02:04"
"Z:\Hisham\EUROMOD-STORAGE","old_Data_results\old_data\de\2016\singles_final_filtered_female.parquet","Z:\Hisham\EUROMOD-STORAGE\old_Data_results\old_data\de\2016\singles_final_filtered_female.parquet","singles_final_filtered_female.parquet",".parquet","372659","04-02-26 16:02:04"
"Z:\Hisham\EUROMOD-STORAGE","old_Data_results\old_data\de\2016\singles_final_filtered_male.parquet","Z:\Hisham\EUROMOD-STORAGE\old_Data_results\old_data\de\2016\singles_final_filtered_male.parquet","singles_final_filtered_male.parquet",".parquet","314522","04-02-26 16:02:04"
"Z:\Hisham\EUROMOD-STORAGE","old_Data_results\old_data\de\2016\singles_RURO_ready.parquet","Z:\Hisham\EUROMOD-STORAGE\old_Data_results\old_data\de\2016\singles_RURO_ready.parquet","singles_RURO_ready.parquet",".parquet","598731","04-02-26 16:02:04"
"Z:\Hisham\EUROMOD-STORAGE","old_Data_results\old_data\DE_2015_a1_prepared_master.csv","Z:\Hisham\EUROMOD-STORAGE\old_Data_results\old_data\DE_2015_a1_prepared_master.csv","DE_2015_a1_prepared_master.csv",".csv","20828064","04-02-26 16:02:00"
"Z:\Hisham\EUROMOD-STORAGE","old_Data_results\old_data\fr\2016\couples_RURO_ready.parquet","Z:\Hisham\EUROMOD-STORAGE\old_Data_results\old_data\fr\2016\couples_RURO_ready.parquet","couples_RURO_ready.parquet",".parquet","5962627","04-02-26 16:02:05"
"Z:\Hisham\EUROMOD-STORAGE","old_Data_results\old_data\fr\2016\couples_RURO_ready_RURO_draws.parquet","Z:\Hisham\EUROMOD-STORAGE\old_Data_results\old_data\fr\2016\couples_RURO_ready_RURO_draws.parquet","couples_RURO_ready_RURO_draws.parquet",".parquet","38095607","04-02-26 16:02:05"
"Z:\Hisham\EUROMOD-STORAGE","old_Data_results\old_data\fr\2016\fr_2016.parquet","Z:\Hisham\EUROMOD-STORAGE\old_Data_results\old_data\fr\2016\fr_2016.parquet","fr_2016.parquet",".parquet","7461306","04-02-26 16:02:05"
"Z:\Hisham\EUROMOD-STORAGE","old_Data_results\old_data\fr\2016\fr_2016_couples.parquet","Z:\Hisham\EUROMOD-STORAGE\old_Data_results\old_data\fr\2016\fr_2016_couples.parquet","fr_2016_couples.parquet",".parquet","5845671","04-02-26 16:02:05"
"Z:\Hisham\EUROMOD-STORAGE","old_Data_results\old_data\fr\2016\fr_2016_RURO_mnl.parquet","Z:\Hisham\EUROMOD-STORAGE\old_Data_results\old_data\fr\2016\fr_2016_RURO_mnl.parquet","fr_2016_RURO_mnl.parquet",".parquet","35123764","04-02-26 16:02:06"
"Z:\Hisham\EUROMOD-STORAGE","old_Data_results\old_data\fr\2016\fr_2016_singles.parquet","Z:\Hisham\EUROMOD-STORAGE\old_Data_results\old_data\fr\2016\fr_2016_singles.parquet","fr_2016_singles.parquet",".parquet","1940863","04-02-26 16:02:06"
"Z:\Hisham\EUROMOD-STORAGE","old_Data_results\old_data\fr\2016\fr_2016_singles_female.parquet","Z:\Hisham\EUROMOD-STORAGE\old_Data_results\old_data\fr\2016\fr_2016_singles_female.parquet","fr_2016_singles_female.parquet",".parquet","1218246","04-02-26 16:02:06"
"Z:\Hisham\EUROMOD-STORAGE","old_Data_results\old_data\fr\2016\fr_2016_singles_male.parquet","Z:\Hisham\EUROMOD-STORAGE\old_Data_results\old_data\fr\2016\fr_2016_singles_male.parquet","fr_2016_singles_male.parquet",".parquet","979456","04-02-26 16:02:06"
"Z:\Hisham\EUROMOD-STORAGE","old_Data_results\old_data\fr\2016\singles_RURO_ready.parquet","Z:\Hisham\EUROMOD-STORAGE\old_Data_results\old_data\fr\2016\singles_RURO_ready.parquet","singles_RURO_ready.parquet",".parquet","1984962","04-02-26 16:02:06"
"Z:\Hisham\EUROMOD-STORAGE","old_Data_results\old_data\fr\2016\singles_RURO_ready_RURO_draws.parquet","Z:\Hisham\EUROMOD-STORAGE\old_Data_results\old_data\fr\2016\singles_RURO_ready_RURO_draws.parquet","singles_RURO_ready_RURO_draws.parquet",".parquet","12286637","04-02-26 16:02:06"
"Z:\Hisham\EUROMOD-STORAGE","old_Data_results\old_data\fr\2021\couples_filtering_final.parquet","Z:\Hisham\EUROMOD-STORAGE\old_Data_results\old_data\fr\2021\couples_filtering_final.parquet","couples_filtering_final.parquet",".parquet","1265610","04-02-26 16:02:06"
"Z:\Hisham\EUROMOD-STORAGE","old_Data_results\old_data\fr\2021\couples_RURO_ready.parquet","Z:\Hisham\EUROMOD-STORAGE\old_Data_results\old_data\fr\2021\couples_RURO_ready.parquet","couples_RURO_ready.parquet",".parquet","1385203","04-02-26 16:02:06"
"Z:\Hisham\EUROMOD-STORAGE","old_Data_results\old_data\fr\2021\couples_RURO_ready_RURO_draws.parquet","Z:\Hisham\EUROMOD-STORAGE\old_Data_results\old_data\fr\2021\couples_RURO_ready_RURO_draws.parquet","couples_RURO_ready_RURO_draws.parquet",".parquet","3867518","04-02-26 16:02:06"
"Z:\Hisham\EUROMOD-STORAGE","old_Data_results\old_data\fr\2021\FR_2021_c2_prepared_master.csv","Z:\Hisham\EUROMOD-STORAGE\old_Data_results\old_data\fr\2021\FR_2021_c2_prepared_master.csv","FR_2021_c2_prepared_master.csv",".csv","27152362","04-02-26 16:02:06"
"Z:\Hisham\EUROMOD-STORAGE","old_Data_results\old_data\fr\2021\fr_2021_clean.parquet","Z:\Hisham\EUROMOD-STORAGE\old_Data_results\old_data\fr\2021\fr_2021_clean.parquet","fr_2021_clean.parquet",".parquet","6162530","04-02-26 16:02:06"
"Z:\Hisham\EUROMOD-STORAGE","old_Data_results\old_data\fr\2021\fr_2021_RURO_mnl.parquet","Z:\Hisham\EUROMOD-STORAGE\old_Data_results\old_data\fr\2021\fr_2021_RURO_mnl.parquet","fr_2021_RURO_mnl.parquet",".parquet","24189072","04-02-26 16:02:06"
"Z:\Hisham\EUROMOD-STORAGE","old_Data_results\old_data\fr\2021\outputs\couples_filtering_filtering_summary.csv","Z:\Hisham\EUROMOD-STORAGE\old_Data_results\old_data\fr\2021\outputs\couples_filtering_filtering_summary.csv","couples_filtering_filtering_summary.csv",".csv","1311","04-02-26 16:02:07"
"Z:\Hisham\EUROMOD-STORAGE","old_Data_results\old_data\fr\2021\outputs\singles_filtering_filtering_summary.csv","Z:\Hisham\EUROMOD-STORAGE\old_Data_results\old_data\fr\2021\outputs\singles_filtering_filtering_summary.csv","singles_filtering_filtering_summary.csv",".csv","846","04-02-26 16:02:07"
"Z:\Hisham\EUROMOD-STORAGE","old_Data_results\old_data\fr\2021\prep_meta.json","Z:\Hisham\EUROMOD-STORAGE\old_Data_results\old_data\fr\2021\prep_meta.json","prep_meta.json",".json","286","04-02-26 16:02:07"
"Z:\Hisham\EUROMOD-STORAGE","old_Data_results\old_data\fr\2021\singles_filtering_final.parquet","Z:\Hisham\EUROMOD-STORAGE\old_Data_results\old_data\fr\2021\singles_filtering_final.parquet","singles_filtering_final.parquet",".parquet","712832","04-02-26 16:02:07"
"Z:\Hisham\EUROMOD-STORAGE","old_Data_results\old_data\fr\2021\singles_final_filtered_female.parquet","Z:\Hisham\EUROMOD-STORAGE\old_Data_results\old_data\fr\2021\singles_final_filtered_female.parquet","singles_final_filtered_female.parquet",".parquet","457342","04-02-26 16:02:07"
"Z:\Hisham\EUROMOD-STORAGE","old_Data_results\old_data\fr\2021\singles_final_filtered_male.parquet","Z:\Hisham\EUROMOD-STORAGE\old_Data_results\old_data\fr\2021\singles_final_filtered_male.parquet","singles_final_filtered_male.parquet",".parquet","390059","04-02-26 16:02:07"
"Z:\Hisham\EUROMOD-STORAGE","old_Data_results\old_data\fr\2021\singles_RURO_ready.parquet","Z:\Hisham\EUROMOD-STORAGE\old_Data_results\old_data\fr\2021\singles_RURO_ready.parquet","singles_RURO_ready.parquet",".parquet","772884","04-02-26 16:02:07"
"Z:\Hisham\EUROMOD-STORAGE","old_Data_results\old_data\fr\2021\singles_RURO_ready_RURO_draws.parquet","Z:\Hisham\EUROMOD-STORAGE\old_Data_results\old_data\fr\2021\singles_RURO_ready_RURO_draws.parquet","singles_RURO_ready_RURO_draws.parquet",".parquet","1898617","04-02-26 16:02:07"
"Z:\Hisham\EUROMOD-STORAGE","old_Data_results\old_data\prep\couples_filtering_filtering_summary.csv","Z:\Hisham\EUROMOD-STORAGE\old_Data_results\old_data\prep\couples_filtering_filtering_summary.csv","couples_filtering_filtering_summary.csv",".csv","1309","04-02-26 16:02:08"
"Z:\Hisham\EUROMOD-STORAGE","old_Data_results\old_data\prep\fr\2016\fr_2016_singles_stats.csv","Z:\Hisham\EUROMOD-STORAGE\old_Data_results\old_data\prep\fr\2016\fr_2016_singles_stats.csv","fr_2016_singles_stats.csv",".csv","347","04-02-26 16:02:08"
"Z:\Hisham\EUROMOD-STORAGE","old_Data_results\old_data\prep\fr\2016\fr_2016_stats.csv","Z:\Hisham\EUROMOD-STORAGE\old_Data_results\old_data\prep\fr\2016\fr_2016_stats.csv","fr_2016_stats.csv",".csv","426","04-02-26 16:02:08"
"Z:\Hisham\EUROMOD-STORAGE","old_Data_results\old_data\prep\singles_filtering_filtering_summary.csv","Z:\Hisham\EUROMOD-STORAGE\old_Data_results\old_data\prep\singles_filtering_filtering_summary.csv","singles_filtering_filtering_summary.csv",".csv","845","04-02-26 16:02:08"
"Z:\Hisham\EUROMOD-STORAGE","old_Data_results\old_data\scenarios\DE_2014\heads_wide_single_female.csv","Z:\Hisham\EUROMOD-STORAGE\old_Data_results\old_data\scenarios\DE_2014\heads_wide_single_female.csv","heads_wide_single_female.csv",".csv","1326018","04-02-26 16:02:10"
"Z:\Hisham\EUROMOD-STORAGE","old_Data_results\old_data\scenarios\DE_2014\heads_wide_single_female.parquet","Z:\Hisham\EUROMOD-STORAGE\old_Data_results\old_data\scenarios\DE_2014\heads_wide_single_female.parquet","heads_wide_single_female.parquet",".parquet","571940","04-02-26 16:02:11"
"Z:\Hisham\EUROMOD-STORAGE","old_Data_results\old_data\scenarios\DE_2014\heads_wide_single_female_dcm.csv","Z:\Hisham\EUROMOD-STORAGE\old_Data_results\old_data\scenarios\DE_2014\heads_wide_single_female_dcm.csv","heads_wide_single_female_dcm.csv",".csv","2349585","04-02-26 16:02:11"
"Z:\Hisham\EUROMOD-STORAGE","old_Data_results\old_data\scenarios\DE_2014\heads_wide_single_female_dcm.parquet","Z:\Hisham\EUROMOD-STORAGE\old_Data_results\old_data\scenarios\DE_2014\heads_wide_single_female_dcm.parquet","heads_wide_single_female_dcm.parquet",".parquet","853362","04-02-26 16:02:11"
"Z:\Hisham\EUROMOD-STORAGE","old_Data_results\old_data\scenarios\DE_2014\heads_wide_single_male.csv","Z:\Hisham\EUROMOD-STORAGE\old_Data_results\old_data\scenarios\DE_2014\heads_wide_single_male.csv","heads_wide_single_male.csv",".csv","1015828","04-02-26 16:02:11"
"Z:\Hisham\EUROMOD-STORAGE","old_Data_results\old_data\scenarios\DE_2014\heads_wide_single_male.parquet","Z:\Hisham\EUROMOD-STORAGE\old_Data_results\old_data\scenarios\DE_2014\heads_wide_single_male.parquet","heads_wide_single_male.parquet",".parquet","474205","04-02-26 16:02:11"
"Z:\Hisham\EUROMOD-STORAGE","old_Data_results\old_data\scenarios\DE_2014\heads_wide_single_male_dcm.csv","Z:\Hisham\EUROMOD-STORAGE\old_Data_results\old_data\scenarios\DE_2014\heads_wide_single_male_dcm.csv","heads_wide_single_male_dcm.csv",".csv","1785079","04-02-26 16:02:11"
"Z:\Hisham\EUROMOD-STORAGE","old_Data_results\old_data\scenarios\DE_2014\heads_wide_single_male_dcm.parquet","Z:\Hisham\EUROMOD-STORAGE\old_Data_results\old_data\scenarios\DE_2014\heads_wide_single_male_dcm.parquet","heads_wide_single_male_dcm.parquet",".parquet","701362","04-02-26 16:02:11"
"Z:\Hisham\EUROMOD-STORAGE","old_Data_results\old_data\scenarios\DE_2014\scenarios_meta.json","Z:\Hisham\EUROMOD-STORAGE\old_Data_results\old_data\scenarios\DE_2014\scenarios_meta.json","scenarios_meta.json",".json","50555","04-02-26 16:02:11"
"Z:\Hisham\EUROMOD-STORAGE","old_Data_results\old_data\scenarios\DE_2014\single_female_h0.parquet","Z:\Hisham\EUROMOD-STORAGE\old_Data_results\old_data\scenarios\DE_2014\single_female_h0.parquet","single_female_h0.parquet",".parquet","881286","04-02-26 16:02:11"
"Z:\Hisham\EUROMOD-STORAGE","old_Data_results\old_data\scenarios\DE_2014\single_female_h1.parquet","Z:\Hisham\EUROMOD-STORAGE\old_Data_results\old_data\scenarios\DE_2014\single_female_h1.parquet","single_female_h1.parquet",".parquet","1184816","04-02-26 16:02:11"
"Z:\Hisham\EUROMOD-STORAGE","old_Data_results\old_data\scenarios\DE_2014\single_female_h2.parquet","Z:\Hisham\EUROMOD-STORAGE\old_Data_results\old_data\scenarios\DE_2014\single_female_h2.parquet","single_female_h2.parquet",".parquet","1284948","04-02-26 16:02:11"
"Z:\Hisham\EUROMOD-STORAGE","old_Data_results\old_data\scenarios\DE_2014\single_female_h3.parquet","Z:\Hisham\EUROMOD-STORAGE\old_Data_results\old_data\scenarios\DE_2014\single_female_h3.parquet","single_female_h3.parquet",".parquet","1297031","04-02-26 16:02:11"
"Z:\Hisham\EUROMOD-STORAGE","old_Data_results\old_data\scenarios\DE_2014\single_female_h4.parquet","Z:\Hisham\EUROMOD-STORAGE\old_Data_results\old_data\scenarios\DE_2014\single_female_h4.parquet","single_female_h4.parquet",".parquet","1285663","04-02-26 16:02:11"
"Z:\Hisham\EUROMOD-STORAGE","old_Data_results\old_data\scenarios\DE_2014\single_female_h5.parquet","Z:\Hisham\EUROMOD-STORAGE\old_Data_results\old_data\scenarios\DE_2014\single_female_h5.parquet","single_female_h5.parquet",".parquet","1280670","04-02-26 16:02:11"
"Z:\Hisham\EUROMOD-STORAGE","old_Data_results\old_data\scenarios\DE_2014\single_female_h6.parquet","Z:\Hisham\EUROMOD-STORAGE\old_Data_results\old_data\scenarios\DE_2014\single_female_h6.parquet","single_female_h6.parquet",".parquet","1268075","04-02-26 16:02:11"
"Z:\Hisham\EUROMOD-STORAGE","old_Data_results\old_data\scenarios\DE_2014\single_male_h0.parquet","Z:\Hisham\EUROMOD-STORAGE\old_Data_results\old_data\scenarios\DE_2014\single_male_h0.parquet","single_male_h0.parquet",".parquet","764848","04-02-26 16:02:11"
"Z:\Hisham\EUROMOD-STORAGE","old_Data_results\old_data\scenarios\DE_2014\single_male_h1.parquet","Z:\Hisham\EUROMOD-STORAGE\old_Data_results\old_data\scenarios\DE_2014\single_male_h1.parquet","single_male_h1.parquet",".parquet","1004794","04-02-26 16:02:11"
"Z:\Hisham\EUROMOD-STORAGE","old_Data_results\old_data\scenarios\DE_2014\single_male_h2.parquet","Z:\Hisham\EUROMOD-STORAGE\old_Data_results\old_data\scenarios\DE_2014\single_male_h2.parquet","single_male_h2.parquet",".parquet","1080394","04-02-26 16:02:11"
"Z:\Hisham\EUROMOD-STORAGE","old_Data_results\old_data\scenarios\DE_2014\single_male_h3.parquet","Z:\Hisham\EUROMOD-STORAGE\old_Data_results\old_data\scenarios\DE_2014\single_male_h3.parquet","single_male_h3.parquet",".parquet","1086264","04-02-26 16:02:11"
"Z:\Hisham\EUROMOD-STORAGE","old_Data_results\old_data\scenarios\DE_2014\single_male_h4.parquet","Z:\Hisham\EUROMOD-STORAGE\old_Data_results\old_data\scenarios\DE_2014\single_male_h4.parquet","single_male_h4.parquet",".parquet","1078410","04-02-26 16:02:12"
"Z:\Hisham\EUROMOD-STORAGE","old_Data_results\old_data\scenarios\DE_2014\single_male_h5.parquet","Z:\Hisham\EUROMOD-STORAGE\old_Data_results\old_data\scenarios\DE_2014\single_male_h5.parquet","single_male_h5.parquet",".parquet","1068879","04-02-26 16:02:12"
"Z:\Hisham\EUROMOD-STORAGE","old_Data_results\old_data\scenarios\DE_2014\single_male_h6.parquet","Z:\Hisham\EUROMOD-STORAGE\old_Data_results\old_data\scenarios\DE_2014\single_male_h6.parquet","single_male_h6.parquet",".parquet","1057469","04-02-26 16:02:12"
"Z:\Hisham\EUROMOD-STORAGE","old_Data_results\old_data\scenarios\DE_2014_2016_combined\combine_meta.json","Z:\Hisham\EUROMOD-STORAGE\old_Data_results\old_data\scenarios\DE_2014_2016_combined\combine_meta.json","combine_meta.json",".json","1111","04-02-26 16:02:12"
"Z:\Hisham\EUROMOD-STORAGE","old_Data_results\old_data\scenarios\DE_2014_2016_combined\heads_wide_single_female_dcm.parquet","Z:\Hisham\EUROMOD-STORAGE\old_Data_results\old_data\scenarios\DE_2014_2016_combined\heads_wide_single_female_dcm.parquet","heads_wide_single_female_dcm.parquet",".parquet","2218598","04-02-26 16:02:12"
"Z:\Hisham\EUROMOD-STORAGE","old_Data_results\old_data\scenarios\DE_2014_2016_combined\heads_wide_single_male_dcm.parquet","Z:\Hisham\EUROMOD-STORAGE\old_Data_results\old_data\scenarios\DE_2014_2016_combined\heads_wide_single_male_dcm.parquet","heads_wide_single_male_dcm.parquet",".parquet","1783139","04-02-26 16:02:12"
"Z:\Hisham\EUROMOD-STORAGE","old_Data_results\old_data\scenarios\DE_2014_2016_cpi2015\combine_meta.json","Z:\Hisham\EUROMOD-STORAGE\old_Data_results\old_data\scenarios\DE_2014_2016_cpi2015\combine_meta.json","combine_meta.json",".json","1170","04-02-26 16:02:12"
"Z:\Hisham\EUROMOD-STORAGE","old_Data_results\old_data\scenarios\DE_2014_2016_cpi2015\heads_wide_single_female_dcm.parquet","Z:\Hisham\EUROMOD-STORAGE\old_Data_results\old_data\scenarios\DE_2014_2016_cpi2015\heads_wide_single_female_dcm.parquet","heads_wide_single_female_dcm.parquet",".parquet","2224116","04-02-26 16:02:12"
"Z:\Hisham\EUROMOD-STORAGE","old_Data_results\old_data\scenarios\DE_2014_2016_cpi2015\heads_wide_single_male_dcm.parquet","Z:\Hisham\EUROMOD-STORAGE\old_Data_results\old_data\scenarios\DE_2014_2016_cpi2015\heads_wide_single_male_dcm.parquet","heads_wide_single_male_dcm.parquet",".parquet","1786867","04-02-26 16:02:12"
"Z:\Hisham\EUROMOD-STORAGE","old_Data_results\old_data\scenarios\DE_2015\heads_wide_single_female.csv","Z:\Hisham\EUROMOD-STORAGE\old_Data_results\old_data\scenarios\DE_2015\heads_wide_single_female.csv","heads_wide_single_female.csv",".csv","1352804","04-02-26 16:02:12"
"Z:\Hisham\EUROMOD-STORAGE","old_Data_results\old_data\scenarios\DE_2015\heads_wide_single_female.parquet","Z:\Hisham\EUROMOD-STORAGE\old_Data_results\old_data\scenarios\DE_2015\heads_wide_single_female.parquet","heads_wide_single_female.parquet",".parquet","576455","04-02-26 16:02:12"
"Z:\Hisham\EUROMOD-STORAGE","old_Data_results\old_data\scenarios\DE_2015\heads_wide_single_female_dcm.csv","Z:\Hisham\EUROMOD-STORAGE\old_Data_results\old_data\scenarios\DE_2015\heads_wide_single_female_dcm.csv","heads_wide_single_female_dcm.csv",".csv","2419211","04-02-26 16:02:12"
"Z:\Hisham\EUROMOD-STORAGE","old_Data_results\old_data\scenarios\DE_2015\heads_wide_single_female_dcm.parquet","Z:\Hisham\EUROMOD-STORAGE\old_Data_results\old_data\scenarios\DE_2015\heads_wide_single_female_dcm.parquet","heads_wide_single_female_dcm.parquet",".parquet","869908","04-02-26 16:02:12"
"Z:\Hisham\EUROMOD-STORAGE","old_Data_results\old_data\scenarios\DE_2015\heads_wide_single_male.csv","Z:\Hisham\EUROMOD-STORAGE\old_Data_results\old_data\scenarios\DE_2015\heads_wide_single_male.csv","heads_wide_single_male.csv",".csv","1066087","04-02-26 16:02:12"
"Z:\Hisham\EUROMOD-STORAGE","old_Data_results\old_data\scenarios\DE_2015\heads_wide_single_male.parquet","Z:\Hisham\EUROMOD-STORAGE\old_Data_results\old_data\scenarios\DE_2015\heads_wide_single_male.parquet","heads_wide_single_male.parquet",".parquet","483002","04-02-26 16:02:12"
"Z:\Hisham\EUROMOD-STORAGE","old_Data_results\old_data\scenarios\DE_2015\heads_wide_single_male_dcm.csv","Z:\Hisham\EUROMOD-STORAGE\old_Data_results\old_data\scenarios\DE_2015\heads_wide_single_male_dcm.csv","heads_wide_single_male_dcm.csv",".csv","1892792","04-02-26 16:02:12"
"Z:\Hisham\EUROMOD-STORAGE","old_Data_results\old_data\scenarios\DE_2015\heads_wide_single_male_dcm.parquet","Z:\Hisham\EUROMOD-STORAGE\old_Data_results\old_data\scenarios\DE_2015\heads_wide_single_male_dcm.parquet","heads_wide_single_male_dcm.parquet",".parquet","722712","04-02-26 16:02:12"
"Z:\Hisham\EUROMOD-STORAGE","old_Data_results\old_data\scenarios\DE_2015\scenarios_meta.json","Z:\Hisham\EUROMOD-STORAGE\old_Data_results\old_data\scenarios\DE_2015\scenarios_meta.json","scenarios_meta.json",".json","56978","04-02-26 16:02:12"
"Z:\Hisham\EUROMOD-STORAGE","old_Data_results\old_data\scenarios\DE_2015\single_female_h0.parquet","Z:\Hisham\EUROMOD-STORAGE\old_Data_results\old_data\scenarios\DE_2015\single_female_h0.parquet","single_female_h0.parquet",".parquet","864562","04-02-26 16:02:12"
"Z:\Hisham\EUROMOD-STORAGE","old_Data_results\old_data\scenarios\DE_2015\single_female_h1.parquet","Z:\Hisham\EUROMOD-STORAGE\old_Data_results\old_data\scenarios\DE_2015\single_female_h1.parquet","single_female_h1.parquet",".parquet","1184177","04-02-26 16:02:12"
"Z:\Hisham\EUROMOD-STORAGE","old_Data_results\old_data\scenarios\DE_2015\single_female_h2.parquet","Z:\Hisham\EUROMOD-STORAGE\old_Data_results\old_data\scenarios\DE_2015\single_female_h2.parquet","single_female_h2.parquet",".parquet","1288645","04-02-26 16:02:12"
"Z:\Hisham\EUROMOD-STORAGE","old_Data_results\old_data\scenarios\DE_2015\single_female_h3.parquet","Z:\Hisham\EUROMOD-STORAGE\old_Data_results\old_data\scenarios\DE_2015\single_female_h3.parquet","single_female_h3.parquet",".parquet","1300011","04-02-26 16:02:13"
"Z:\Hisham\EUROMOD-STORAGE","old_Data_results\old_data\scenarios\DE_2015\single_female_h4.parquet","Z:\Hisham\EUROMOD-STORAGE\old_Data_results\old_data\scenarios\DE_2015\single_female_h4.parquet","single_female_h4.parquet",".parquet","1291606","04-02-26 16:02:13"
"Z:\Hisham\EUROMOD-STORAGE","old_Data_results\old_data\scenarios\DE_2015\single_female_h5.parquet","Z:\Hisham\EUROMOD-STORAGE\old_Data_results\old_data\scenarios\DE_2015\single_female_h5.parquet","single_female_h5.parquet",".parquet","1286942","04-02-26 16:02:13"
"Z:\Hisham\EUROMOD-STORAGE","old_Data_results\old_data\scenarios\DE_2015\single_female_h6.parquet","Z:\Hisham\EUROMOD-STORAGE\old_Data_results\old_data\scenarios\DE_2015\single_female_h6.parquet","single_female_h6.parquet",".parquet","1276143","04-02-26 16:02:13"
"Z:\Hisham\EUROMOD-STORAGE","old_Data_results\old_data\scenarios\DE_2015\single_male_h0.parquet","Z:\Hisham\EUROMOD-STORAGE\old_Data_results\old_data\scenarios\DE_2015\single_male_h0.parquet","single_male_h0.parquet",".parquet","764274","04-02-26 16:02:13"
"Z:\Hisham\EUROMOD-STORAGE","old_Data_results\old_data\scenarios\DE_2015\single_male_h1.parquet","Z:\Hisham\EUROMOD-STORAGE\old_Data_results\old_data\scenarios\DE_2015\single_male_h1.parquet","single_male_h1.parquet",".parquet","1021872","04-02-26 16:02:13"
"Z:\Hisham\EUROMOD-STORAGE","old_Data_results\old_data\scenarios\DE_2015\single_male_h2.parquet","Z:\Hisham\EUROMOD-STORAGE\old_Data_results\old_data\scenarios\DE_2015\single_male_h2.parquet","single_male_h2.parquet",".parquet","1101820","04-02-26 16:02:13"
"Z:\Hisham\EUROMOD-STORAGE","old_Data_results\old_data\scenarios\DE_2015\single_male_h3.parquet","Z:\Hisham\EUROMOD-STORAGE\old_Data_results\old_data\scenarios\DE_2015\single_male_h3.parquet","single_male_h3.parquet",".parquet","1108877","04-02-26 16:02:13"
"Z:\Hisham\EUROMOD-STORAGE","old_Data_results\old_data\scenarios\DE_2015\single_male_h4.parquet","Z:\Hisham\EUROMOD-STORAGE\old_Data_results\old_data\scenarios\DE_2015\single_male_h4.parquet","single_male_h4.parquet",".parquet","1098017","04-02-26 16:02:13"
"Z:\Hisham\EUROMOD-STORAGE","old_Data_results\old_data\scenarios\DE_2015\single_male_h5.parquet","Z:\Hisham\EUROMOD-STORAGE\old_Data_results\old_data\scenarios\DE_2015\single_male_h5.parquet","single_male_h5.parquet",".parquet","1088921","04-02-26 16:02:13"
"Z:\Hisham\EUROMOD-STORAGE","old_Data_results\old_data\scenarios\DE_2015\single_male_h6.parquet","Z:\Hisham\EUROMOD-STORAGE\old_Data_results\old_data\scenarios\DE_2015\single_male_h6.parquet","single_male_h6.parquet",".parquet","1077772","04-02-26 16:02:13"
"Z:\Hisham\EUROMOD-STORAGE","old_Data_results\old_data\scenarios\DE_2016\heads_wide_single_female.csv","Z:\Hisham\EUROMOD-STORAGE\old_Data_results\old_data\scenarios\DE_2016\heads_wide_single_female.csv","heads_wide_single_female.csv",".csv","1388165","04-02-26 16:02:13"
"Z:\Hisham\EUROMOD-STORAGE","old_Data_results\old_data\scenarios\DE_2016\heads_wide_single_female.parquet","Z:\Hisham\EUROMOD-STORAGE\old_Data_results\old_data\scenarios\DE_2016\heads_wide_single_female.parquet","heads_wide_single_female.parquet",".parquet","586686","04-02-26 16:02:13"
"Z:\Hisham\EUROMOD-STORAGE","old_Data_results\old_data\scenarios\DE_2016\heads_wide_single_female_dcm.csv","Z:\Hisham\EUROMOD-STORAGE\old_Data_results\old_data\scenarios\DE_2016\heads_wide_single_female_dcm.csv","heads_wide_single_female_dcm.csv",".csv","2471062","04-02-26 16:02:13"
"Z:\Hisham\EUROMOD-STORAGE","old_Data_results\old_data\scenarios\DE_2016\heads_wide_single_female_dcm.parquet","Z:\Hisham\EUROMOD-STORAGE\old_Data_results\old_data\scenarios\DE_2016\heads_wide_single_female_dcm.parquet","heads_wide_single_female_dcm.parquet",".parquet","884610","04-02-26 16:02:13"
"Z:\Hisham\EUROMOD-STORAGE","old_Data_results\old_data\scenarios\DE_2016\heads_wide_single_male.csv","Z:\Hisham\EUROMOD-STORAGE\old_Data_results\old_data\scenarios\DE_2016\heads_wide_single_male.csv","heads_wide_single_male.csv",".csv","1087710","04-02-26 16:02:13"
"Z:\Hisham\EUROMOD-STORAGE","old_Data_results\old_data\scenarios\DE_2016\heads_wide_single_male.parquet","Z:\Hisham\EUROMOD-STORAGE\old_Data_results\old_data\scenarios\DE_2016\heads_wide_single_male.parquet","heads_wide_single_male.parquet",".parquet","486795","04-02-26 16:02:13"
"Z:\Hisham\EUROMOD-STORAGE","old_Data_results\old_data\scenarios\DE_2016\heads_wide_single_male_dcm.csv","Z:\Hisham\EUROMOD-STORAGE\old_Data_results\old_data\scenarios\DE_2016\heads_wide_single_male_dcm.csv","heads_wide_single_male_dcm.csv",".csv","1919956","04-02-26 16:02:13"
"Z:\Hisham\EUROMOD-STORAGE","old_Data_results\old_data\scenarios\DE_2016\heads_wide_single_male_dcm.parquet","Z:\Hisham\EUROMOD-STORAGE\old_Data_results\old_data\scenarios\DE_2016\heads_wide_single_male_dcm.parquet","heads_wide_single_male_dcm.parquet",".parquet","728480","04-02-26 16:02:13"
"Z:\Hisham\EUROMOD-STORAGE","old_Data_results\old_data\scenarios\DE_2016\scenarios_meta.json","Z:\Hisham\EUROMOD-STORAGE\old_Data_results\old_data\scenarios\DE_2016\scenarios_meta.json","scenarios_meta.json",".json","57671","04-02-26 16:02:13"
"Z:\Hisham\EUROMOD-STORAGE","old_Data_results\old_data\scenarios\DE_2016\single_female_h0.parquet","Z:\Hisham\EUROMOD-STORAGE\old_Data_results\old_data\scenarios\DE_2016\single_female_h0.parquet","single_female_h0.parquet",".parquet","875571","04-02-26 16:02:13"
"Z:\Hisham\EUROMOD-STORAGE","old_Data_results\old_data\scenarios\DE_2016\single_female_h1.parquet","Z:\Hisham\EUROMOD-STORAGE\old_Data_results\old_data\scenarios\DE_2016\single_female_h1.parquet","single_female_h1.parquet",".parquet","1202339","04-02-26 16:02:13"
"Z:\Hisham\EUROMOD-STORAGE","old_Data_results\old_data\scenarios\DE_2016\single_female_h2.parquet","Z:\Hisham\EUROMOD-STORAGE\old_Data_results\old_data\scenarios\DE_2016\single_female_h2.parquet","single_female_h2.parquet",".parquet","1306587","04-02-26 16:02:13"
"Z:\Hisham\EUROMOD-STORAGE","old_Data_results\old_data\scenarios\DE_2016\single_female_h3.parquet","Z:\Hisham\EUROMOD-STORAGE\old_Data_results\old_data\scenarios\DE_2016\single_female_h3.parquet","single_female_h3.parquet",".parquet","1320816","04-02-26 16:02:14"
"Z:\Hisham\EUROMOD-STORAGE","old_Data_results\old_data\scenarios\DE_2016\single_female_h4.parquet","Z:\Hisham\EUROMOD-STORAGE\old_Data_results\old_data\scenarios\DE_2016\single_female_h4.parquet","single_female_h4.parquet",".parquet","1314443","04-02-26 16:02:14"
"Z:\Hisham\EUROMOD-STORAGE","old_Data_results\old_data\scenarios\DE_2016\single_female_h5.parquet","Z:\Hisham\EUROMOD-STORAGE\old_Data_results\old_data\scenarios\DE_2016\single_female_h5.parquet","single_female_h5.parquet",".parquet","1305885","04-02-26 16:02:14"
"Z:\Hisham\EUROMOD-STORAGE","old_Data_results\old_data\scenarios\DE_2016\single_female_h6.parquet","Z:\Hisham\EUROMOD-STORAGE\old_Data_results\old_data\scenarios\DE_2016\single_female_h6.parquet","single_female_h6.parquet",".parquet","1296141","04-02-26 16:02:14"
"Z:\Hisham\EUROMOD-STORAGE","old_Data_results\old_data\scenarios\DE_2016\single_male_h0.parquet","Z:\Hisham\EUROMOD-STORAGE\old_Data_results\old_data\scenarios\DE_2016\single_male_h0.parquet","single_male_h0.parquet",".parquet","766452","04-02-26 16:02:14"
"Z:\Hisham\EUROMOD-STORAGE","old_Data_results\old_data\scenarios\DE_2016\single_male_h1.parquet","Z:\Hisham\EUROMOD-STORAGE\old_Data_results\old_data\scenarios\DE_2016\single_male_h1.parquet","single_male_h1.parquet",".parquet","1026154","04-02-26 16:02:14"
"Z:\Hisham\EUROMOD-STORAGE","old_Data_results\old_data\scenarios\DE_2016\single_male_h2.parquet","Z:\Hisham\EUROMOD-STORAGE\old_Data_results\old_data\scenarios\DE_2016\single_male_h2.parquet","single_male_h2.parquet",".parquet","1104442","04-02-26 16:02:14"
"Z:\Hisham\EUROMOD-STORAGE","old_Data_results\old_data\scenarios\DE_2016\single_male_h3.parquet","Z:\Hisham\EUROMOD-STORAGE\old_Data_results\old_data\scenarios\DE_2016\single_male_h3.parquet","single_male_h3.parquet",".parquet","1113036","04-02-26 16:02:14"
"Z:\Hisham\EUROMOD-STORAGE","old_Data_results\old_data\scenarios\DE_2016\single_male_h4.parquet","Z:\Hisham\EUROMOD-STORAGE\old_Data_results\old_data\scenarios\DE_2016\single_male_h4.parquet","single_male_h4.parquet",".parquet","1100854","04-02-26 16:02:14"
"Z:\Hisham\EUROMOD-STORAGE","old_Data_results\old_data\scenarios\DE_2016\single_male_h5.parquet","Z:\Hisham\EUROMOD-STORAGE\old_Data_results\old_data\scenarios\DE_2016\single_male_h5.parquet","single_male_h5.parquet",".parquet","1094652","04-02-26 16:02:14"
"Z:\Hisham\EUROMOD-STORAGE","old_Data_results\old_data\scenarios\DE_2016\single_male_h6.parquet","Z:\Hisham\EUROMOD-STORAGE\old_Data_results\old_data\scenarios\DE_2016\single_male_h6.parquet","single_male_h6.parquet",".parquet","1084481","04-02-26 16:02:14"
"Z:\Hisham\EUROMOD-STORAGE","old_Data_results\old_data\scenarios\heads_wide_single_female.csv","Z:\Hisham\EUROMOD-STORAGE\old_Data_results\old_data\scenarios\heads_wide_single_female.csv","heads_wide_single_female.csv",".csv","1352804","04-02-26 16:02:10"
"Z:\Hisham\EUROMOD-STORAGE","old_Data_results\old_data\scenarios\heads_wide_single_female.parquet","Z:\Hisham\EUROMOD-STORAGE\old_Data_results\old_data\scenarios\heads_wide_single_female.parquet","heads_wide_single_female.parquet",".parquet","576455","04-02-26 16:02:10"
"Z:\Hisham\EUROMOD-STORAGE","old_Data_results\old_data\scenarios\heads_wide_single_female_dcm.csv","Z:\Hisham\EUROMOD-STORAGE\old_Data_results\old_data\scenarios\heads_wide_single_female_dcm.csv","heads_wide_single_female_dcm.csv",".csv","2419211","04-02-26 16:02:10"
"Z:\Hisham\EUROMOD-STORAGE","old_Data_results\old_data\scenarios\heads_wide_single_female_dcm.parquet","Z:\Hisham\EUROMOD-STORAGE\old_Data_results\old_data\scenarios\heads_wide_single_female_dcm.parquet","heads_wide_single_female_dcm.parquet",".parquet","869908","04-02-26 16:02:10"
"Z:\Hisham\EUROMOD-STORAGE","old_Data_results\old_data\scenarios\heads_wide_single_male.csv","Z:\Hisham\EUROMOD-STORAGE\old_Data_results\old_data\scenarios\heads_wide_single_male.csv","heads_wide_single_male.csv",".csv","1066087","04-02-26 16:02:10"
"Z:\Hisham\EUROMOD-STORAGE","old_Data_results\old_data\scenarios\heads_wide_single_male.parquet","Z:\Hisham\EUROMOD-STORAGE\old_Data_results\old_data\scenarios\heads_wide_single_male.parquet","heads_wide_single_male.parquet",".parquet","483002","04-02-26 16:02:10"
"Z:\Hisham\EUROMOD-STORAGE","old_Data_results\old_data\scenarios\heads_wide_single_male_dcm.csv","Z:\Hisham\EUROMOD-STORAGE\old_Data_results\old_data\scenarios\heads_wide_single_male_dcm.csv","heads_wide_single_male_dcm.csv",".csv","1892792","04-02-26 16:02:10"
"Z:\Hisham\EUROMOD-STORAGE","old_Data_results\old_data\scenarios\heads_wide_single_male_dcm.parquet","Z:\Hisham\EUROMOD-STORAGE\old_Data_results\old_data\scenarios\heads_wide_single_male_dcm.parquet","heads_wide_single_male_dcm.parquet",".parquet","722712","04-02-26 16:02:10"
"Z:\Hisham\EUROMOD-STORAGE","old_Data_results\old_data\scenarios\single_female_h0.parquet","Z:\Hisham\EUROMOD-STORAGE\old_Data_results\old_data\scenarios\single_female_h0.parquet","single_female_h0.parquet",".parquet","864562","04-02-26 16:02:10"
"Z:\Hisham\EUROMOD-STORAGE","old_Data_results\old_data\scenarios\single_female_h1.parquet","Z:\Hisham\EUROMOD-STORAGE\old_Data_results\old_data\scenarios\single_female_h1.parquet","single_female_h1.parquet",".parquet","1184177","04-02-26 16:02:10"
"Z:\Hisham\EUROMOD-STORAGE","old_Data_results\old_data\scenarios\single_female_h2.parquet","Z:\Hisham\EUROMOD-STORAGE\old_Data_results\old_data\scenarios\single_female_h2.parquet","single_female_h2.parquet",".parquet","1288645","04-02-26 16:02:10"
"Z:\Hisham\EUROMOD-STORAGE","old_Data_results\old_data\scenarios\single_female_h3.parquet","Z:\Hisham\EUROMOD-STORAGE\old_Data_results\old_data\scenarios\single_female_h3.parquet","single_female_h3.parquet",".parquet","1300011","04-02-26 16:02:10"
"Z:\Hisham\EUROMOD-STORAGE","old_Data_results\old_data\scenarios\single_female_h4.parquet","Z:\Hisham\EUROMOD-STORAGE\old_Data_results\old_data\scenarios\single_female_h4.parquet","single_female_h4.parquet",".parquet","1291606","04-02-26 16:02:10"
"Z:\Hisham\EUROMOD-STORAGE","old_Data_results\old_data\scenarios\single_female_h5.parquet","Z:\Hisham\EUROMOD-STORAGE\old_Data_results\old_data\scenarios\single_female_h5.parquet","single_female_h5.parquet",".parquet","1286942","04-02-26 16:02:10"
"Z:\Hisham\EUROMOD-STORAGE","old_Data_results\old_data\scenarios\single_female_h6.parquet","Z:\Hisham\EUROMOD-STORAGE\old_Data_results\old_data\scenarios\single_female_h6.parquet","single_female_h6.parquet",".parquet","1276143","04-02-26 16:02:10"
"Z:\Hisham\EUROMOD-STORAGE","old_Data_results\old_data\scenarios\single_male_h0.parquet","Z:\Hisham\EUROMOD-STORAGE\old_Data_results\old_data\scenarios\single_male_h0.parquet","single_male_h0.parquet",".parquet","764274","04-02-26 16:02:10"
"Z:\Hisham\EUROMOD-STORAGE","old_Data_results\old_data\scenarios\single_male_h1.parquet","Z:\Hisham\EUROMOD-STORAGE\old_Data_results\old_data\scenarios\single_male_h1.parquet","single_male_h1.parquet",".parquet","1021872","04-02-26 16:02:10"
"Z:\Hisham\EUROMOD-STORAGE","old_Data_results\old_data\scenarios\single_male_h2.parquet","Z:\Hisham\EUROMOD-STORAGE\old_Data_results\old_data\scenarios\single_male_h2.parquet","single_male_h2.parquet",".parquet","1101820","04-02-26 16:02:10"
"Z:\Hisham\EUROMOD-STORAGE","old_Data_results\old_data\scenarios\single_male_h3.parquet","Z:\Hisham\EUROMOD-STORAGE\old_Data_results\old_data\scenarios\single_male_h3.parquet","single_male_h3.parquet",".parquet","1108877","04-02-26 16:02:10"
"Z:\Hisham\EUROMOD-STORAGE","old_Data_results\old_data\scenarios\single_male_h4.parquet","Z:\Hisham\EUROMOD-STORAGE\old_Data_results\old_data\scenarios\single_male_h4.parquet","single_male_h4.parquet",".parquet","1098017","04-02-26 16:02:10"
"Z:\Hisham\EUROMOD-STORAGE","old_Data_results\old_data\scenarios\single_male_h5.parquet","Z:\Hisham\EUROMOD-STORAGE\old_Data_results\old_data\scenarios\single_male_h5.parquet","single_male_h5.parquet",".parquet","1088921","04-02-26 16:02:10"
"Z:\Hisham\EUROMOD-STORAGE","old_Data_results\old_data\scenarios\single_male_h6.parquet","Z:\Hisham\EUROMOD-STORAGE\old_Data_results\old_data\scenarios\single_male_h6.parquet","single_male_h6.parquet",".parquet","1077772","04-02-26 16:02:10"
"Z:\Hisham\EUROMOD-STORAGE","old_Data_results\old_data\singles_filtering_final.parquet","Z:\Hisham\EUROMOD-STORAGE\old_Data_results\old_data\singles_filtering_final.parquet","singles_filtering_final.parquet",".parquet","555874","04-02-26 16:02:00"
"Z:\Hisham\EUROMOD-STORAGE","old_Data_results\old_data\singles_final_filtered_female.parquet","Z:\Hisham\EUROMOD-STORAGE\old_Data_results\old_data\singles_final_filtered_female.parquet","singles_final_filtered_female.parquet",".parquet","365596","04-02-26 16:02:00"
"Z:\Hisham\EUROMOD-STORAGE","old_Data_results\old_data\singles_final_filtered_male.parquet","Z:\Hisham\EUROMOD-STORAGE\old_Data_results\old_data\singles_final_filtered_male.parquet","singles_final_filtered_male.parquet",".parquet","312437","04-02-26 16:02:00"
"Z:\Hisham\EUROMOD-STORAGE","old_Data_results\outputs\prep\couples_filtering_filtering_summary.csv","Z:\Hisham\EUROMOD-STORAGE\old_Data_results\outputs\prep\couples_filtering_filtering_summary.csv","couples_filtering_filtering_summary.csv",".csv","1309","22-10-25 12:01:45"
"Z:\Hisham\EUROMOD-STORAGE","old_Data_results\outputs\prep\singles_filtering_filtering_summary.csv","Z:\Hisham\EUROMOD-STORAGE\old_Data_results\outputs\prep\singles_filtering_filtering_summary.csv","singles_filtering_filtering_summary.csv",".csv","845","22-10-25 12:01:48"
"Z:\Hisham\EUROMOD-STORAGE","old_Data_results\reports\biogeme\dcm_female_parameters.csv","Z:\Hisham\EUROMOD-STORAGE\old_Data_results\reports\biogeme\dcm_female_parameters.csv","dcm_female_parameters.csv",".csv","838","15-10-25 14:37:21"
"Z:\Hisham\EUROMOD-STORAGE","old_Data_results\reports\biogeme\dcm_male_parameters.csv","Z:\Hisham\EUROMOD-STORAGE\old_Data_results\reports\biogeme\dcm_male_parameters.csv","dcm_male_parameters.csv",".csv","848","15-10-25 14:37:15"
"Z:\Hisham\EUROMOD-STORAGE","old_Data_results\reports\biogeme\female\dcm_female.html","Z:\Hisham\EUROMOD-STORAGE\old_Data_results\reports\biogeme\female\dcm_female.html","dcm_female.html",".html","9686","15-10-25 17:41:49"
"Z:\Hisham\EUROMOD-STORAGE","old_Data_results\reports\biogeme\female\dcm_female_analysis.html","Z:\Hisham\EUROMOD-STORAGE\old_Data_results\reports\biogeme\female\dcm_female_analysis.html","dcm_female_analysis.html",".html","5416","16-10-25 11:50:45"
"Z:\Hisham\EUROMOD-STORAGE","old_Data_results\reports\biogeme\female\dcm_female_parameters.csv","Z:\Hisham\EUROMOD-STORAGE\old_Data_results\reports\biogeme\female\dcm_female_parameters.csv","dcm_female_parameters.csv",".csv","838","15-10-25 17:41:49"
"Z:\Hisham\EUROMOD-STORAGE","old_Data_results\reports\biogeme\female_ascsOFF\dcm_female_ascsOFF.html","Z:\Hisham\EUROMOD-STORAGE\old_Data_results\reports\biogeme\female_ascsOFF\dcm_female_ascsOFF.html","dcm_female_ascsOFF.html",".html","10611","21-10-25 11:35:52"
"Z:\Hisham\EUROMOD-STORAGE","old_Data_results\reports\biogeme\female_ascsOFF\dcm_female_ascsOFF_param_descriptions.json","Z:\Hisham\EUROMOD-STORAGE\old_Data_results\reports\biogeme\female_ascsOFF\dcm_female_ascsOFF_param_descriptions.json","dcm_female_ascsOFF_param_descriptions.json",".json","728","21-10-25 11:35:52"
"Z:\Hisham\EUROMOD-STORAGE","old_Data_results\reports\biogeme\female_ascsOFF\dcm_female_ascsOFF_param_labels.json","Z:\Hisham\EUROMOD-STORAGE\old_Data_results\reports\biogeme\female_ascsOFF\dcm_female_ascsOFF_param_labels.json","dcm_female_ascsOFF_param_labels.json",".json","321","21-10-25 11:35:52"
"Z:\Hisham\EUROMOD-STORAGE","old_Data_results\reports\biogeme\female_ascsOFF\dcm_female_ascsOFF_parameters.csv","Z:\Hisham\EUROMOD-STORAGE\old_Data_results\reports\biogeme\female_ascsOFF\dcm_female_ascsOFF_parameters.csv","dcm_female_ascsOFF_parameters.csv",".csv","940","21-10-25 11:35:52"
"Z:\Hisham\EUROMOD-STORAGE","old_Data_results\reports\biogeme\female_ascsON\dcm_female_ascsON.html","Z:\Hisham\EUROMOD-STORAGE\old_Data_results\reports\biogeme\female_ascsON\dcm_female_ascsON.html","dcm_female_ascsON.html",".html","18340","16-10-25 11:41:52"
"Z:\Hisham\EUROMOD-STORAGE","old_Data_results\reports\biogeme\female_ascsON\dcm_female_ascsON_analysis.html","Z:\Hisham\EUROMOD-STORAGE\old_Data_results\reports\biogeme\female_ascsON\dcm_female_ascsON_analysis.html","dcm_female_ascsON_analysis.html",".html","5914","20-10-25 16:16:26"
"Z:\Hisham\EUROMOD-STORAGE","old_Data_results\reports\biogeme\female_ascsON\dcm_female_ascsON_parameters.csv","Z:\Hisham\EUROMOD-STORAGE\old_Data_results\reports\biogeme\female_ascsON\dcm_female_ascsON_parameters.csv","dcm_female_ascsON_parameters.csv",".csv","1405","16-10-25 11:41:52"
"Z:\Hisham\EUROMOD-STORAGE","old_Data_results\reports\biogeme\male\dcm_male.html","Z:\Hisham\EUROMOD-STORAGE\old_Data_results\reports\biogeme\male\dcm_male.html","dcm_male.html",".html","9651","15-10-25 17:41:37"
"Z:\Hisham\EUROMOD-STORAGE","old_Data_results\reports\biogeme\male\dcm_male_analysis.html","Z:\Hisham\EUROMOD-STORAGE\old_Data_results\reports\biogeme\male\dcm_male_analysis.html","dcm_male_analysis.html",".html","5211","16-10-25 11:50:44"
"Z:\Hisham\EUROMOD-STORAGE","old_Data_results\reports\biogeme\male\dcm_male_parameters.csv","Z:\Hisham\EUROMOD-STORAGE\old_Data_results\reports\biogeme\male\dcm_male_parameters.csv","dcm_male_parameters.csv",".csv","848","15-10-25 17:41:37"
"Z:\Hisham\EUROMOD-STORAGE","old_Data_results\reports\biogeme\male_ascsOFF\dcm_male_ascsOFF.html","Z:\Hisham\EUROMOD-STORAGE\old_Data_results\reports\biogeme\male_ascsOFF\dcm_male_ascsOFF.html","dcm_male_ascsOFF.html",".html","10573","21-10-25 11:35:41"
"Z:\Hisham\EUROMOD-STORAGE","old_Data_results\reports\biogeme\male_ascsOFF\dcm_male_ascsOFF_param_descriptions.json","Z:\Hisham\EUROMOD-STORAGE\old_Data_results\reports\biogeme\male_ascsOFF\dcm_male_ascsOFF_param_descriptions.json","dcm_male_ascsOFF_param_descriptions.json",".json","728","21-10-25 11:35:41"
"Z:\Hisham\EUROMOD-STORAGE","old_Data_results\reports\biogeme\male_ascsOFF\dcm_male_ascsOFF_param_labels.json","Z:\Hisham\EUROMOD-STORAGE\old_Data_results\reports\biogeme\male_ascsOFF\dcm_male_ascsOFF_param_labels.json","dcm_male_ascsOFF_param_labels.json",".json","321","21-10-25 11:35:41"
"Z:\Hisham\EUROMOD-STORAGE","old_Data_results\reports\biogeme\male_ascsOFF\dcm_male_ascsOFF_parameters.csv","Z:\Hisham\EUROMOD-STORAGE\old_Data_results\reports\biogeme\male_ascsOFF\dcm_male_ascsOFF_parameters.csv","dcm_male_ascsOFF_parameters.csv",".csv","951","21-10-25 11:35:41"
"Z:\Hisham\EUROMOD-STORAGE","old_Data_results\reports\biogeme\male_ascsON\dcm_male_ascsON.html","Z:\Hisham\EUROMOD-STORAGE\old_Data_results\reports\biogeme\male_ascsON\dcm_male_ascsON.html","dcm_male_ascsON.html",".html","18268","16-10-25 11:41:34"
"Z:\Hisham\EUROMOD-STORAGE","old_Data_results\reports\biogeme\male_ascsON\dcm_male_ascsON_analysis.html","Z:\Hisham\EUROMOD-STORAGE\old_Data_results\reports\biogeme\male_ascsON\dcm_male_ascsON_analysis.html","dcm_male_ascsON_analysis.html",".html","5718","20-10-25 16:16:25"
"Z:\Hisham\EUROMOD-STORAGE","old_Data_results\reports\biogeme\male_ascsON\dcm_male_ascsON_parameters.csv","Z:\Hisham\EUROMOD-STORAGE\old_Data_results\reports\biogeme\male_ascsON\dcm_male_ascsON_parameters.csv","dcm_male_ascsON_parameters.csv",".csv","1400","16-10-25 11:41:34"
"Z:\Hisham\EUROMOD-STORAGE","outputs\prep\fr\2016\fr_2016_meta.json","Z:\Hisham\EUROMOD-STORAGE\outputs\prep\fr\2016\fr_2016_meta.json","fr_2016_meta.json",".json","3704","04-02-26 16:02:19"
"Z:\Hisham\EUROMOD-STORAGE","outputs\prep\fr\2016\fr_2016_singles_stats.csv","Z:\Hisham\EUROMOD-STORAGE\outputs\prep\fr\2016\fr_2016_singles_stats.csv","fr_2016_singles_stats.csv",".csv","352","04-02-26 16:02:19"
"Z:\Hisham\EUROMOD-STORAGE","outputs\prep\fr\2016\fr_2016_stats.csv","Z:\Hisham\EUROMOD-STORAGE\outputs\prep\fr\2016\fr_2016_stats.csv","fr_2016_stats.csv",".csv","907","04-02-26 16:02:19"
"Z:\Hisham\EUROMOD-STORAGE","reports\gamspy\boxcox\DE_2014_2016_panel\female_ascsOFF_q99\boxcox_female_ascsOFF_q99_analysis.html","Z:\Hisham\EUROMOD-STORAGE\reports\gamspy\boxcox\DE_2014_2016_panel\female_ascsOFF_q99\boxcox_female_ascsOFF_q99_analysis.html","boxcox_female_ascsOFF_q99_analysis.html",".html","11608","04-02-26 16:02:20"
"Z:\Hisham\EUROMOD-STORAGE","reports\gamspy\boxcox\DE_2014_2016_panel\female_ascsOFF_q99\boxcox_female_ascsOFF_q99_confusion.csv","Z:\Hisham\EUROMOD-STORAGE\reports\gamspy\boxcox\DE_2014_2016_panel\female_ascsOFF_q99\boxcox_female_ascsOFF_q99_confusion.csv","boxcox_female_ascsOFF_q99_confusion.csv",".csv","178","04-02-26 16:02:20"
"Z:\Hisham\EUROMOD-STORAGE","reports\gamspy\boxcox\DE_2014_2016_panel\female_ascsOFF_q99\boxcox_female_ascsOFF_q99_meta.json","Z:\Hisham\EUROMOD-STORAGE\reports\gamspy\boxcox\DE_2014_2016_panel\female_ascsOFF_q99\boxcox_female_ascsOFF_q99_meta.json","boxcox_female_ascsOFF_q99_meta.json",".json","1904","04-02-26 16:02:20"
"Z:\Hisham\EUROMOD-STORAGE","reports\gamspy\boxcox\DE_2014_2016_panel\female_ascsOFF_q99\boxcox_female_ascsOFF_q99_mucmul_draws.csv","Z:\Hisham\EUROMOD-STORAGE\reports\gamspy\boxcox\DE_2014_2016_panel\female_ascsOFF_q99\boxcox_female_ascsOFF_q99_mucmul_draws.csv","boxcox_female_ascsOFF_q99_mucmul_draws.csv",".csv","114171","04-02-26 16:02:20"
"Z:\Hisham\EUROMOD-STORAGE","reports\gamspy\boxcox\DE_2014_2016_panel\female_ascsOFF_q99\boxcox_female_ascsOFF_q99_mucmul_summary.json","Z:\Hisham\EUROMOD-STORAGE\reports\gamspy\boxcox\DE_2014_2016_panel\female_ascsOFF_q99\boxcox_female_ascsOFF_q99_mucmul_summary.json","boxcox_female_ascsOFF_q99_mucmul_summary.json",".json","327","04-02-26 16:02:20"
"Z:\Hisham\EUROMOD-STORAGE","reports\gamspy\boxcox\DE_2014_2016_panel\female_ascsOFF_q99\boxcox_female_ascsOFF_q99_param_descriptions.json","Z:\Hisham\EUROMOD-STORAGE\reports\gamspy\boxcox\DE_2014_2016_panel\female_ascsOFF_q99\boxcox_female_ascsOFF_q99_param_descriptions.json","boxcox_female_ascsOFF_q99_param_descriptions.json",".json","568","04-02-26 16:02:20"
"Z:\Hisham\EUROMOD-STORAGE","reports\gamspy\boxcox\DE_2014_2016_panel\female_ascsOFF_q99\boxcox_female_ascsOFF_q99_param_labels.json","Z:\Hisham\EUROMOD-STORAGE\reports\gamspy\boxcox\DE_2014_2016_panel\female_ascsOFF_q99\boxcox_female_ascsOFF_q99_param_labels.json","boxcox_female_ascsOFF_q99_param_labels.json",".json","377","04-02-26 16:02:20"
"Z:\Hisham\EUROMOD-STORAGE","reports\gamspy\boxcox\DE_2014_2016_panel\female_ascsOFF_q99\boxcox_female_ascsOFF_q99_parameters.csv","Z:\Hisham\EUROMOD-STORAGE\reports\gamspy\boxcox\DE_2014_2016_panel\female_ascsOFF_q99\boxcox_female_ascsOFF_q99_parameters.csv","boxcox_female_ascsOFF_q99_parameters.csv",".csv","1255","04-02-26 16:02:20"
"Z:\Hisham\EUROMOD-STORAGE","reports\gamspy\boxcox\DE_2014_2016_panel\female_ascsOFF_q99\boxcox_female_ascsOFF_q99_util_decomp.csv","Z:\Hisham\EUROMOD-STORAGE\reports\gamspy\boxcox\DE_2014_2016_panel\female_ascsOFF_q99\boxcox_female_ascsOFF_q99_util_decomp.csv","boxcox_female_ascsOFF_q99_util_decomp.csv",".csv","348","04-02-26 16:02:20"
"Z:\Hisham\EUROMOD-STORAGE","reports\gamspy\boxcox\DE_2014_2016_panel\female_ascsON_q99\boxcox_female_ascsON_q99_analysis.html","Z:\Hisham\EUROMOD-STORAGE\reports\gamspy\boxcox\DE_2014_2016_panel\female_ascsON_q99\boxcox_female_ascsON_q99_analysis.html","boxcox_female_ascsON_q99_analysis.html",".html","13230","04-02-26 16:02:20"
"Z:\Hisham\EUROMOD-STORAGE","reports\gamspy\boxcox\DE_2014_2016_panel\female_ascsON_q99\boxcox_female_ascsON_q99_confusion.csv","Z:\Hisham\EUROMOD-STORAGE\reports\gamspy\boxcox\DE_2014_2016_panel\female_ascsON_q99\boxcox_female_ascsON_q99_confusion.csv","boxcox_female_ascsON_q99_confusion.csv",".csv","176","04-02-26 16:02:20"
"Z:\Hisham\EUROMOD-STORAGE","reports\gamspy\boxcox\DE_2014_2016_panel\female_ascsON_q99\boxcox_female_ascsON_q99_meta.json","Z:\Hisham\EUROMOD-STORAGE\reports\gamspy\boxcox\DE_2014_2016_panel\female_ascsON_q99\boxcox_female_ascsON_q99_meta.json","boxcox_female_ascsON_q99_meta.json",".json","2113","04-02-26 16:02:20"
"Z:\Hisham\EUROMOD-STORAGE","reports\gamspy\boxcox\DE_2014_2016_panel\female_ascsON_q99\boxcox_female_ascsON_q99_mucmul_draws.csv","Z:\Hisham\EUROMOD-STORAGE\reports\gamspy\boxcox\DE_2014_2016_panel\female_ascsON_q99\boxcox_female_ascsON_q99_mucmul_draws.csv","boxcox_female_ascsON_q99_mucmul_draws.csv",".csv","125140","04-02-26 16:02:20"
"Z:\Hisham\EUROMOD-STORAGE","reports\gamspy\boxcox\DE_2014_2016_panel\female_ascsON_q99\boxcox_female_ascsON_q99_mucmul_summary.json","Z:\Hisham\EUROMOD-STORAGE\reports\gamspy\boxcox\DE_2014_2016_panel\female_ascsON_q99\boxcox_female_ascsON_q99_mucmul_summary.json","boxcox_female_ascsON_q99_mucmul_summary.json",".json","329","04-02-26 16:02:20"
"Z:\Hisham\EUROMOD-STORAGE","reports\gamspy\boxcox\DE_2014_2016_panel\female_ascsON_q99\boxcox_female_ascsON_q99_param_descriptions.json","Z:\Hisham\EUROMOD-STORAGE\reports\gamspy\boxcox\DE_2014_2016_panel\female_ascsON_q99\boxcox_female_ascsON_q99_param_descriptions.json","boxcox_female_ascsON_q99_param_descriptions.json",".json","850","04-02-26 16:02:20"
"Z:\Hisham\EUROMOD-STORAGE","reports\gamspy\boxcox\DE_2014_2016_panel\female_ascsON_q99\boxcox_female_ascsON_q99_param_labels.json","Z:\Hisham\EUROMOD-STORAGE\reports\gamspy\boxcox\DE_2014_2016_panel\female_ascsON_q99\boxcox_female_ascsON_q99_param_labels.json","boxcox_female_ascsON_q99_param_labels.json",".json","515","04-02-26 16:02:20"
"Z:\Hisham\EUROMOD-STORAGE","reports\gamspy\boxcox\DE_2014_2016_panel\female_ascsON_q99\boxcox_female_ascsON_q99_parameters.csv","Z:\Hisham\EUROMOD-STORAGE\reports\gamspy\boxcox\DE_2014_2016_panel\female_ascsON_q99\boxcox_female_ascsON_q99_parameters.csv","boxcox_female_ascsON_q99_parameters.csv",".csv","2118","04-02-26 16:02:20"
"Z:\Hisham\EUROMOD-STORAGE","reports\gamspy\boxcox\DE_2014_2016_panel\female_ascsON_q99\boxcox_female_ascsON_q99_util_decomp.csv","Z:\Hisham\EUROMOD-STORAGE\reports\gamspy\boxcox\DE_2014_2016_panel\female_ascsON_q99\boxcox_female_ascsON_q99_util_decomp.csv","boxcox_female_ascsON_q99_util_decomp.csv",".csv","379","04-02-26 16:02:20"
"Z:\Hisham\EUROMOD-STORAGE","reports\gamspy\boxcox\DE_2014_2016_panel\male_ascsOFF_q99\boxcox_male_ascsOFF_q99_analysis.html","Z:\Hisham\EUROMOD-STORAGE\reports\gamspy\boxcox\DE_2014_2016_panel\male_ascsOFF_q99\boxcox_male_ascsOFF_q99_analysis.html","boxcox_male_ascsOFF_q99_analysis.html",".html","11582","04-02-26 16:02:20"
"Z:\Hisham\EUROMOD-STORAGE","reports\gamspy\boxcox\DE_2014_2016_panel\male_ascsOFF_q99\boxcox_male_ascsOFF_q99_confusion.csv","Z:\Hisham\EUROMOD-STORAGE\reports\gamspy\boxcox\DE_2014_2016_panel\male_ascsOFF_q99\boxcox_male_ascsOFF_q99_confusion.csv","boxcox_male_ascsOFF_q99_confusion.csv",".csv","169","04-02-26 16:02:20"
"Z:\Hisham\EUROMOD-STORAGE","reports\gamspy\boxcox\DE_2014_2016_panel\male_ascsOFF_q99\boxcox_male_ascsOFF_q99_meta.json","Z:\Hisham\EUROMOD-STORAGE\reports\gamspy\boxcox\DE_2014_2016_panel\male_ascsOFF_q99\boxcox_male_ascsOFF_q99_meta.json","boxcox_male_ascsOFF_q99_meta.json",".json","1904","04-02-26 16:02:20"
"Z:\Hisham\EUROMOD-STORAGE","reports\gamspy\boxcox\DE_2014_2016_panel\male_ascsOFF_q99\boxcox_male_ascsOFF_q99_mucmul_draws.csv","Z:\Hisham\EUROMOD-STORAGE\reports\gamspy\boxcox\DE_2014_2016_panel\male_ascsOFF_q99\boxcox_male_ascsOFF_q99_mucmul_draws.csv","boxcox_male_ascsOFF_q99_mucmul_draws.csv",".csv","89769","04-02-26 16:02:20"
"Z:\Hisham\EUROMOD-STORAGE","reports\gamspy\boxcox\DE_2014_2016_panel\male_ascsOFF_q99\boxcox_male_ascsOFF_q99_mucmul_summary.json","Z:\Hisham\EUROMOD-STORAGE\reports\gamspy\boxcox\DE_2014_2016_panel\male_ascsOFF_q99\boxcox_male_ascsOFF_q99_mucmul_summary.json","boxcox_male_ascsOFF_q99_mucmul_summary.json",".json","325","04-02-26 16:02:20"
"Z:\Hisham\EUROMOD-STORAGE","reports\gamspy\boxcox\DE_2014_2016_panel\male_ascsOFF_q99\boxcox_male_ascsOFF_q99_param_descriptions.json","Z:\Hisham\EUROMOD-STORAGE\reports\gamspy\boxcox\DE_2014_2016_panel\male_ascsOFF_q99\boxcox_male_ascsOFF_q99_param_descriptions.json","boxcox_male_ascsOFF_q99_param_descriptions.json",".json","568","04-02-26 16:02:21"
"Z:\Hisham\EUROMOD-STORAGE","reports\gamspy\boxcox\DE_2014_2016_panel\male_ascsOFF_q99\boxcox_male_ascsOFF_q99_param_labels.json","Z:\Hisham\EUROMOD-STORAGE\reports\gamspy\boxcox\DE_2014_2016_panel\male_ascsOFF_q99\boxcox_male_ascsOFF_q99_param_labels.json","boxcox_male_ascsOFF_q99_param_labels.json",".json","377","04-02-26 16:02:21"
"Z:\Hisham\EUROMOD-STORAGE","reports\gamspy\boxcox\DE_2014_2016_panel\male_ascsOFF_q99\boxcox_male_ascsOFF_q99_parameters.csv","Z:\Hisham\EUROMOD-STORAGE\reports\gamspy\boxcox\DE_2014_2016_panel\male_ascsOFF_q99\boxcox_male_ascsOFF_q99_parameters.csv","boxcox_male_ascsOFF_q99_parameters.csv",".csv","1246","04-02-26 16:02:21"
"Z:\Hisham\EUROMOD-STORAGE","reports\gamspy\boxcox\DE_2014_2016_panel\male_ascsOFF_q99\boxcox_male_ascsOFF_q99_util_decomp.csv","Z:\Hisham\EUROMOD-STORAGE\reports\gamspy\boxcox\DE_2014_2016_panel\male_ascsOFF_q99\boxcox_male_ascsOFF_q99_util_decomp.csv","boxcox_male_ascsOFF_q99_util_decomp.csv",".csv","351","04-02-26 16:02:21"
"Z:\Hisham\EUROMOD-STORAGE","reports\gamspy\boxcox\DE_2014_2016_panel\male_ascsON_q99\boxcox_male_ascsON_q99_analysis.html","Z:\Hisham\EUROMOD-STORAGE\reports\gamspy\boxcox\DE_2014_2016_panel\male_ascsON_q99\boxcox_male_ascsON_q99_analysis.html","boxcox_male_ascsON_q99_analysis.html",".html","13232","04-02-26 16:02:21"
"Z:\Hisham\EUROMOD-STORAGE","reports\gamspy\boxcox\DE_2014_2016_panel\male_ascsON_q99\boxcox_male_ascsON_q99_confusion.csv","Z:\Hisham\EUROMOD-STORAGE\reports\gamspy\boxcox\DE_2014_2016_panel\male_ascsON_q99\boxcox_male_ascsON_q99_confusion.csv","boxcox_male_ascsON_q99_confusion.csv",".csv","172","04-02-26 16:02:21"
"Z:\Hisham\EUROMOD-STORAGE","reports\gamspy\boxcox\DE_2014_2016_panel\male_ascsON_q99\boxcox_male_ascsON_q99_meta.json","Z:\Hisham\EUROMOD-STORAGE\reports\gamspy\boxcox\DE_2014_2016_panel\male_ascsON_q99\boxcox_male_ascsON_q99_meta.json","boxcox_male_ascsON_q99_meta.json",".json","2114","04-02-26 16:02:21"
"Z:\Hisham\EUROMOD-STORAGE","reports\gamspy\boxcox\DE_2014_2016_panel\male_ascsON_q99\boxcox_male_ascsON_q99_mucmul_draws.csv","Z:\Hisham\EUROMOD-STORAGE\reports\gamspy\boxcox\DE_2014_2016_panel\male_ascsON_q99\boxcox_male_ascsON_q99_mucmul_draws.csv","boxcox_male_ascsON_q99_mucmul_draws.csv",".csv","97218","04-02-26 16:02:21"
"Z:\Hisham\EUROMOD-STORAGE","reports\gamspy\boxcox\DE_2014_2016_panel\male_ascsON_q99\boxcox_male_ascsON_q99_mucmul_summary.json","Z:\Hisham\EUROMOD-STORAGE\reports\gamspy\boxcox\DE_2014_2016_panel\male_ascsON_q99\boxcox_male_ascsON_q99_mucmul_summary.json","boxcox_male_ascsON_q99_mucmul_summary.json",".json","328","04-02-26 16:02:21"
"Z:\Hisham\EUROMOD-STORAGE","reports\gamspy\boxcox\DE_2014_2016_panel\male_ascsON_q99\boxcox_male_ascsON_q99_param_descriptions.json","Z:\Hisham\EUROMOD-STORAGE\reports\gamspy\boxcox\DE_2014_2016_panel\male_ascsON_q99\boxcox_male_ascsON_q99_param_descriptions.json","boxcox_male_ascsON_q99_param_descriptions.json",".json","850","04-02-26 16:02:21"
"Z:\Hisham\EUROMOD-STORAGE","reports\gamspy\boxcox\DE_2014_2016_panel\male_ascsON_q99\boxcox_male_ascsON_q99_param_labels.json","Z:\Hisham\EUROMOD-STORAGE\reports\gamspy\boxcox\DE_2014_2016_panel\male_ascsON_q99\boxcox_male_ascsON_q99_param_labels.json","boxcox_male_ascsON_q99_param_labels.json",".json","515","04-02-26 16:02:21"
"Z:\Hisham\EUROMOD-STORAGE","reports\gamspy\boxcox\DE_2014_2016_panel\male_ascsON_q99\boxcox_male_ascsON_q99_parameters.csv","Z:\Hisham\EUROMOD-STORAGE\reports\gamspy\boxcox\DE_2014_2016_panel\male_ascsON_q99\boxcox_male_ascsON_q99_parameters.csv","boxcox_male_ascsON_q99_parameters.csv",".csv","2125","04-02-26 16:02:21"
"Z:\Hisham\EUROMOD-STORAGE","reports\gamspy\boxcox\DE_2014_2016_panel\male_ascsON_q99\boxcox_male_ascsON_q99_util_decomp.csv","Z:\Hisham\EUROMOD-STORAGE\reports\gamspy\boxcox\DE_2014_2016_panel\male_ascsON_q99\boxcox_male_ascsON_q99_util_decomp.csv","boxcox_male_ascsON_q99_util_decomp.csv",".csv","390","04-02-26 16:02:21"
"Z:\Hisham\EUROMOD-STORAGE","reports\gamspy\boxcox\DE_2014_2016_panel\pooled_ascsOFF_q99\boxcox_pooled_ascsOFF_q99_analysis.html","Z:\Hisham\EUROMOD-STORAGE\reports\gamspy\boxcox\DE_2014_2016_panel\pooled_ascsOFF_q99\boxcox_pooled_ascsOFF_q99_analysis.html","boxcox_pooled_ascsOFF_q99_analysis.html",".html","11900","04-02-26 16:02:21"
"Z:\Hisham\EUROMOD-STORAGE","reports\gamspy\boxcox\DE_2014_2016_panel\pooled_ascsOFF_q99\boxcox_pooled_ascsOFF_q99_analysis~01.html","Z:\Hisham\EUROMOD-STORAGE\reports\gamspy\boxcox\DE_2014_2016_panel\pooled_ascsOFF_q99\boxcox_pooled_ascsOFF_q99_analysis~01.html","boxcox_pooled_ascsOFF_q99_analysis~01.html",".html","11900","04-02-26 16:02:21"
"Z:\Hisham\EUROMOD-STORAGE","reports\gamspy\boxcox\DE_2014_2016_panel\pooled_ascsOFF_q99\boxcox_pooled_ascsOFF_q99_confusion.csv","Z:\Hisham\EUROMOD-STORAGE\reports\gamspy\boxcox\DE_2014_2016_panel\pooled_ascsOFF_q99\boxcox_pooled_ascsOFF_q99_confusion.csv","boxcox_pooled_ascsOFF_q99_confusion.csv",".csv","182","04-02-26 16:02:21"
"Z:\Hisham\EUROMOD-STORAGE","reports\gamspy\boxcox\DE_2014_2016_panel\pooled_ascsOFF_q99\boxcox_pooled_ascsOFF_q99_meta.json","Z:\Hisham\EUROMOD-STORAGE\reports\gamspy\boxcox\DE_2014_2016_panel\pooled_ascsOFF_q99\boxcox_pooled_ascsOFF_q99_meta.json","boxcox_pooled_ascsOFF_q99_meta.json",".json","1951","04-02-26 16:02:21"
"Z:\Hisham\EUROMOD-STORAGE","reports\gamspy\boxcox\DE_2014_2016_panel\pooled_ascsOFF_q99\boxcox_pooled_ascsOFF_q99_mucmul_draws.csv","Z:\Hisham\EUROMOD-STORAGE\reports\gamspy\boxcox\DE_2014_2016_panel\pooled_ascsOFF_q99\boxcox_pooled_ascsOFF_q99_mucmul_draws.csv","boxcox_pooled_ascsOFF_q99_mucmul_draws.csv",".csv","203915","04-02-26 16:02:21"
"Z:\Hisham\EUROMOD-STORAGE","reports\gamspy\boxcox\DE_2014_2016_panel\pooled_ascsOFF_q99\boxcox_pooled_ascsOFF_q99_mucmul_summary.json","Z:\Hisham\EUROMOD-STORAGE\reports\gamspy\boxcox\DE_2014_2016_panel\pooled_ascsOFF_q99\boxcox_pooled_ascsOFF_q99_mucmul_summary.json","boxcox_pooled_ascsOFF_q99_mucmul_summary.json",".json","328","04-02-26 16:02:21"
"Z:\Hisham\EUROMOD-STORAGE","reports\gamspy\boxcox\DE_2014_2016_panel\pooled_ascsOFF_q99\boxcox_pooled_ascsOFF_q99_param_descriptions.json","Z:\Hisham\EUROMOD-STORAGE\reports\gamspy\boxcox\DE_2014_2016_panel\pooled_ascsOFF_q99\boxcox_pooled_ascsOFF_q99_param_descriptions.json","boxcox_pooled_ascsOFF_q99_param_descriptions.json",".json","632","04-02-26 16:02:21"
"Z:\Hisham\EUROMOD-STORAGE","reports\gamspy\boxcox\DE_2014_2016_panel\pooled_ascsOFF_q99\boxcox_pooled_ascsOFF_q99_param_labels.json","Z:\Hisham\EUROMOD-STORAGE\reports\gamspy\boxcox\DE_2014_2016_panel\pooled_ascsOFF_q99\boxcox_pooled_ascsOFF_q99_param_labels.json","boxcox_pooled_ascsOFF_q99_param_labels.json",".json","427","04-02-26 16:02:21"
"Z:\Hisham\EUROMOD-STORAGE","reports\gamspy\boxcox\DE_2014_2016_panel\pooled_ascsOFF_q99\boxcox_pooled_ascsOFF_q99_parameters.csv","Z:\Hisham\EUROMOD-STORAGE\reports\gamspy\boxcox\DE_2014_2016_panel\pooled_ascsOFF_q99\boxcox_pooled_ascsOFF_q99_parameters.csv","boxcox_pooled_ascsOFF_q99_parameters.csv",".csv","1409","04-02-26 16:02:21"
"Z:\Hisham\EUROMOD-STORAGE","reports\gamspy\boxcox\DE_2014_2016_panel\pooled_ascsOFF_q99\boxcox_pooled_ascsOFF_q99_util_decomp.csv","Z:\Hisham\EUROMOD-STORAGE\reports\gamspy\boxcox\DE_2014_2016_panel\pooled_ascsOFF_q99\boxcox_pooled_ascsOFF_q99_util_decomp.csv","boxcox_pooled_ascsOFF_q99_util_decomp.csv",".csv","345","04-02-26 16:02:21"
"Z:\Hisham\EUROMOD-STORAGE","reports\gamspy\boxcox\DE_2014_2016_panel\pooled_ascsON_q99\boxcox_pooled_ascsON_q99_analysis.html","Z:\Hisham\EUROMOD-STORAGE\reports\gamspy\boxcox\DE_2014_2016_panel\pooled_ascsON_q99\boxcox_pooled_ascsON_q99_analysis.html","boxcox_pooled_ascsON_q99_analysis.html",".html","13530","04-02-26 16:02:21"
"Z:\Hisham\EUROMOD-STORAGE","reports\gamspy\boxcox\DE_2014_2016_panel\pooled_ascsON_q99\boxcox_pooled_ascsON_q99_confusion.csv","Z:\Hisham\EUROMOD-STORAGE\reports\gamspy\boxcox\DE_2014_2016_panel\pooled_ascsON_q99\boxcox_pooled_ascsON_q99_confusion.csv","boxcox_pooled_ascsON_q99_confusion.csv",".csv","178","04-02-26 16:02:22"
"Z:\Hisham\EUROMOD-STORAGE","reports\gamspy\boxcox\DE_2014_2016_panel\pooled_ascsON_q99\boxcox_pooled_ascsON_q99_meta.json","Z:\Hisham\EUROMOD-STORAGE\reports\gamspy\boxcox\DE_2014_2016_panel\pooled_ascsON_q99\boxcox_pooled_ascsON_q99_meta.json","boxcox_pooled_ascsON_q99_meta.json",".json","2160","04-02-26 16:02:22"
"Z:\Hisham\EUROMOD-STORAGE","reports\gamspy\boxcox\DE_2014_2016_panel\pooled_ascsON_q99\boxcox_pooled_ascsON_q99_mucmul_draws.csv","Z:\Hisham\EUROMOD-STORAGE\reports\gamspy\boxcox\DE_2014_2016_panel\pooled_ascsON_q99\boxcox_pooled_ascsON_q99_mucmul_draws.csv","boxcox_pooled_ascsON_q99_mucmul_draws.csv",".csv","221754","04-02-26 16:02:22"
"Z:\Hisham\EUROMOD-STORAGE","reports\gamspy\boxcox\DE_2014_2016_panel\pooled_ascsON_q99\boxcox_pooled_ascsON_q99_mucmul_summary.json","Z:\Hisham\EUROMOD-STORAGE\reports\gamspy\boxcox\DE_2014_2016_panel\pooled_ascsON_q99\boxcox_pooled_ascsON_q99_mucmul_summary.json","boxcox_pooled_ascsON_q99_mucmul_summary.json",".json","329","04-02-26 16:02:22"
"Z:\Hisham\EUROMOD-STORAGE","reports\gamspy\boxcox\DE_2014_2016_panel\pooled_ascsON_q99\boxcox_pooled_ascsON_q99_param_descriptions.json","Z:\Hisham\EUROMOD-STORAGE\reports\gamspy\boxcox\DE_2014_2016_panel\pooled_ascsON_q99\boxcox_pooled_ascsON_q99_param_descriptions.json","boxcox_pooled_ascsON_q99_param_descriptions.json",".json","914","04-02-26 16:02:22"
"Z:\Hisham\EUROMOD-STORAGE","reports\gamspy\boxcox\DE_2014_2016_panel\pooled_ascsON_q99\boxcox_pooled_ascsON_q99_param_labels.json","Z:\Hisham\EUROMOD-STORAGE\reports\gamspy\boxcox\DE_2014_2016_panel\pooled_ascsON_q99\boxcox_pooled_ascsON_q99_param_labels.json","boxcox_pooled_ascsON_q99_param_labels.json",".json","565","04-02-26 16:02:22"
"Z:\Hisham\EUROMOD-STORAGE","reports\gamspy\boxcox\DE_2014_2016_panel\pooled_ascsON_q99\boxcox_pooled_ascsON_q99_parameters.csv","Z:\Hisham\EUROMOD-STORAGE\reports\gamspy\boxcox\DE_2014_2016_panel\pooled_ascsON_q99\boxcox_pooled_ascsON_q99_parameters.csv","boxcox_pooled_ascsON_q99_parameters.csv",".csv","2271","04-02-26 16:02:22"
"Z:\Hisham\EUROMOD-STORAGE","reports\gamspy\boxcox\DE_2014_2016_panel\pooled_ascsON_q99\boxcox_pooled_ascsON_q99_util_decomp.csv","Z:\Hisham\EUROMOD-STORAGE\reports\gamspy\boxcox\DE_2014_2016_panel\pooled_ascsON_q99\boxcox_pooled_ascsON_q99_util_decomp.csv","boxcox_pooled_ascsON_q99_util_decomp.csv",".csv","382","04-02-26 16:02:22"
"Z:\Hisham\EUROMOD-STORAGE","reports\gamspy\boxcox\pooled_genderSplit\pooled_ascsOFF_q99\boxcox_pooled_genderSplit_ascsOFF_q99_analysis.html","Z:\Hisham\EUROMOD-STORAGE\reports\gamspy\boxcox\pooled_genderSplit\pooled_ascsOFF_q99\boxcox_pooled_genderSplit_ascsOFF_q99_analysis.html","boxcox_pooled_genderSplit_ascsOFF_q99_analysis.html",".html","15682","04-02-26 16:02:22"
"Z:\Hisham\EUROMOD-STORAGE","reports\gamspy\boxcox\pooled_genderSplit\pooled_ascsOFF_q99\boxcox_pooled_genderSplit_ascsOFF_q99_confusion.csv","Z:\Hisham\EUROMOD-STORAGE\reports\gamspy\boxcox\pooled_genderSplit\pooled_ascsOFF_q99\boxcox_pooled_genderSplit_ascsOFF_q99_confusion.csv","boxcox_pooled_genderSplit_ascsOFF_q99_confusion.csv",".csv","183","04-02-26 16:02:22"
"Z:\Hisham\EUROMOD-STORAGE","reports\gamspy\boxcox\pooled_genderSplit\pooled_ascsOFF_q99\boxcox_pooled_genderSplit_ascsOFF_q99_meta.json","Z:\Hisham\EUROMOD-STORAGE\reports\gamspy\boxcox\pooled_genderSplit\pooled_ascsOFF_q99\boxcox_pooled_genderSplit_ascsOFF_q99_meta.json","boxcox_pooled_genderSplit_ascsOFF_q99_meta.json",".json","2300","04-02-26 16:02:22"
"Z:\Hisham\EUROMOD-STORAGE","reports\gamspy\boxcox\pooled_genderSplit\pooled_ascsOFF_q99\boxcox_pooled_genderSplit_ascsOFF_q99_mucmul_draws.csv","Z:\Hisham\EUROMOD-STORAGE\reports\gamspy\boxcox\pooled_genderSplit\pooled_ascsOFF_q99\boxcox_pooled_genderSplit_ascsOFF_q99_mucmul_draws.csv","boxcox_pooled_genderSplit_ascsOFF_q99_mucmul_draws.csv",".csv","203618","04-02-26 16:02:22"
"Z:\Hisham\EUROMOD-STORAGE","reports\gamspy\boxcox\pooled_genderSplit\pooled_ascsOFF_q99\boxcox_pooled_genderSplit_ascsOFF_q99_mucmul_summary.json","Z:\Hisham\EUROMOD-STORAGE\reports\gamspy\boxcox\pooled_genderSplit\pooled_ascsOFF_q99\boxcox_pooled_genderSplit_ascsOFF_q99_mucmul_summary.json","boxcox_pooled_genderSplit_ascsOFF_q99_mucmul_summary.json",".json","327","04-02-26 16:02:22"
"Z:\Hisham\EUROMOD-STORAGE","reports\gamspy\boxcox\pooled_genderSplit\pooled_ascsOFF_q99\boxcox_pooled_genderSplit_ascsOFF_q99_param_descriptions.json","Z:\Hisham\EUROMOD-STORAGE\reports\gamspy\boxcox\pooled_genderSplit\pooled_ascsOFF_q99\boxcox_pooled_genderSplit_ascsOFF_q99_param_descriptions.json","boxcox_pooled_genderSplit_ascsOFF_q99_param_descriptions.json",".json","373","04-02-26 16:02:22"
"Z:\Hisham\EUROMOD-STORAGE","reports\gamspy\boxcox\pooled_genderSplit\pooled_ascsOFF_q99\boxcox_pooled_genderSplit_ascsOFF_q99_param_labels.json","Z:\Hisham\EUROMOD-STORAGE\reports\gamspy\boxcox\pooled_genderSplit\pooled_ascsOFF_q99\boxcox_pooled_genderSplit_ascsOFF_q99_param_labels.json","boxcox_pooled_genderSplit_ascsOFF_q99_param_labels.json",".json","567","04-02-26 16:02:22"
"Z:\Hisham\EUROMOD-STORAGE","reports\gamspy\boxcox\pooled_genderSplit\pooled_ascsOFF_q99\boxcox_pooled_genderSplit_ascsOFF_q99_parameters.csv","Z:\Hisham\EUROMOD-STORAGE\reports\gamspy\boxcox\pooled_genderSplit\pooled_ascsOFF_q99\boxcox_pooled_genderSplit_ascsOFF_q99_parameters.csv","boxcox_pooled_genderSplit_ascsOFF_q99_parameters.csv",".csv","2508","04-02-26 16:02:22"
"Z:\Hisham\EUROMOD-STORAGE","reports\gamspy\boxcox\pooled_genderSplit\pooled_ascsOFF_q99\boxcox_pooled_genderSplit_ascsOFF_q99_util_decomp.csv","Z:\Hisham\EUROMOD-STORAGE\reports\gamspy\boxcox\pooled_genderSplit\pooled_ascsOFF_q99\boxcox_pooled_genderSplit_ascsOFF_q99_util_decomp.csv","boxcox_pooled_genderSplit_ascsOFF_q99_util_decomp.csv",".csv","350","04-02-26 16:02:22"
"Z:\Hisham\EUROMOD-STORAGE","reports\mle_dcm\boxcox\DE_2014_2016_panel\female_ascsOFF_q99\boxcox_female_ascsOFF_q99_analysis.html","Z:\Hisham\EUROMOD-STORAGE\reports\mle_dcm\boxcox\DE_2014_2016_panel\female_ascsOFF_q99\boxcox_female_ascsOFF_q99_analysis.html","boxcox_female_ascsOFF_q99_analysis.html",".html","11858","04-02-26 16:02:23"
"Z:\Hisham\EUROMOD-STORAGE","reports\mle_dcm\boxcox\DE_2014_2016_panel\female_ascsOFF_q99\boxcox_female_ascsOFF_q99_confusion.csv","Z:\Hisham\EUROMOD-STORAGE\reports\mle_dcm\boxcox\DE_2014_2016_panel\female_ascsOFF_q99\boxcox_female_ascsOFF_q99_confusion.csv","boxcox_female_ascsOFF_q99_confusion.csv",".csv","178","04-02-26 16:02:23"
"Z:\Hisham\EUROMOD-STORAGE","reports\mle_dcm\boxcox\DE_2014_2016_panel\female_ascsOFF_q99\boxcox_female_ascsOFF_q99_meta.json","Z:\Hisham\EUROMOD-STORAGE\reports\mle_dcm\boxcox\DE_2014_2016_panel\female_ascsOFF_q99\boxcox_female_ascsOFF_q99_meta.json","boxcox_female_ascsOFF_q99_meta.json",".json","2183","04-02-26 16:02:23"
"Z:\Hisham\EUROMOD-STORAGE","reports\mle_dcm\boxcox\DE_2014_2016_panel\female_ascsOFF_q99\boxcox_female_ascsOFF_q99_mucmul_draws.csv","Z:\Hisham\EUROMOD-STORAGE\reports\mle_dcm\boxcox\DE_2014_2016_panel\female_ascsOFF_q99\boxcox_female_ascsOFF_q99_mucmul_draws.csv","boxcox_female_ascsOFF_q99_mucmul_draws.csv",".csv","114658","04-02-26 16:02:23"
"Z:\Hisham\EUROMOD-STORAGE","reports\mle_dcm\boxcox\DE_2014_2016_panel\female_ascsOFF_q99\boxcox_female_ascsOFF_q99_mucmul_summary.json","Z:\Hisham\EUROMOD-STORAGE\reports\mle_dcm\boxcox\DE_2014_2016_panel\female_ascsOFF_q99\boxcox_female_ascsOFF_q99_mucmul_summary.json","boxcox_female_ascsOFF_q99_mucmul_summary.json",".json","326","04-02-26 16:02:23"
"Z:\Hisham\EUROMOD-STORAGE","reports\mle_dcm\boxcox\DE_2014_2016_panel\female_ascsOFF_q99\boxcox_female_ascsOFF_q99_param_descriptions.json","Z:\Hisham\EUROMOD-STORAGE\reports\mle_dcm\boxcox\DE_2014_2016_panel\female_ascsOFF_q99\boxcox_female_ascsOFF_q99_param_descriptions.json","boxcox_female_ascsOFF_q99_param_descriptions.json",".json","568","04-02-26 16:02:23"
"Z:\Hisham\EUROMOD-STORAGE","reports\mle_dcm\boxcox\DE_2014_2016_panel\female_ascsOFF_q99\boxcox_female_ascsOFF_q99_param_labels.json","Z:\Hisham\EUROMOD-STORAGE\reports\mle_dcm\boxcox\DE_2014_2016_panel\female_ascsOFF_q99\boxcox_female_ascsOFF_q99_param_labels.json","boxcox_female_ascsOFF_q99_param_labels.json",".json","377","04-02-26 16:02:23"
"Z:\Hisham\EUROMOD-STORAGE","reports\mle_dcm\boxcox\DE_2014_2016_panel\female_ascsOFF_q99\boxcox_female_ascsOFF_q99_parameters.csv","Z:\Hisham\EUROMOD-STORAGE\reports\mle_dcm\boxcox\DE_2014_2016_panel\female_ascsOFF_q99\boxcox_female_ascsOFF_q99_parameters.csv","boxcox_female_ascsOFF_q99_parameters.csv",".csv","1248","04-02-26 16:02:23"
"Z:\Hisham\EUROMOD-STORAGE","reports\mle_dcm\boxcox\DE_2014_2016_panel\female_ascsOFF_q99\boxcox_female_ascsOFF_q99_util_decomp.csv","Z:\Hisham\EUROMOD-STORAGE\reports\mle_dcm\boxcox\DE_2014_2016_panel\female_ascsOFF_q99\boxcox_female_ascsOFF_q99_util_decomp.csv","boxcox_female_ascsOFF_q99_util_decomp.csv",".csv","350","04-02-26 16:02:23"
"Z:\Hisham\EUROMOD-STORAGE","reports\mle_dcm\boxcox\DE_2014_2016_panel\female_ascsON_q99\boxcox_female_ascsON_q99_analysis.html","Z:\Hisham\EUROMOD-STORAGE\reports\mle_dcm\boxcox\DE_2014_2016_panel\female_ascsON_q99\boxcox_female_ascsON_q99_analysis.html","boxcox_female_ascsON_q99_analysis.html",".html","13480","04-02-26 16:02:23"
"Z:\Hisham\EUROMOD-STORAGE","reports\mle_dcm\boxcox\DE_2014_2016_panel\female_ascsON_q99\boxcox_female_ascsON_q99_confusion.csv","Z:\Hisham\EUROMOD-STORAGE\reports\mle_dcm\boxcox\DE_2014_2016_panel\female_ascsON_q99\boxcox_female_ascsON_q99_confusion.csv","boxcox_female_ascsON_q99_confusion.csv",".csv","176","04-02-26 16:02:23"
"Z:\Hisham\EUROMOD-STORAGE","reports\mle_dcm\boxcox\DE_2014_2016_panel\female_ascsON_q99\boxcox_female_ascsON_q99_meta.json","Z:\Hisham\EUROMOD-STORAGE\reports\mle_dcm\boxcox\DE_2014_2016_panel\female_ascsON_q99\boxcox_female_ascsON_q99_meta.json","boxcox_female_ascsON_q99_meta.json",".json","2393","04-02-26 16:02:23"
"Z:\Hisham\EUROMOD-STORAGE","reports\mle_dcm\boxcox\DE_2014_2016_panel\female_ascsON_q99\boxcox_female_ascsON_q99_mucmul_draws.csv","Z:\Hisham\EUROMOD-STORAGE\reports\mle_dcm\boxcox\DE_2014_2016_panel\female_ascsON_q99\boxcox_female_ascsON_q99_mucmul_draws.csv","boxcox_female_ascsON_q99_mucmul_draws.csv",".csv","125029","04-02-26 16:02:23"
"Z:\Hisham\EUROMOD-STORAGE","reports\mle_dcm\boxcox\DE_2014_2016_panel\female_ascsON_q99\boxcox_female_ascsON_q99_mucmul_summary.json","Z:\Hisham\EUROMOD-STORAGE\reports\mle_dcm\boxcox\DE_2014_2016_panel\female_ascsON_q99\boxcox_female_ascsON_q99_mucmul_summary.json","boxcox_female_ascsON_q99_mucmul_summary.json",".json","329","04-02-26 16:02:23"
"Z:\Hisham\EUROMOD-STORAGE","reports\mle_dcm\boxcox\DE_2014_2016_panel\female_ascsON_q99\boxcox_female_ascsON_q99_param_descriptions.json","Z:\Hisham\EUROMOD-STORAGE\reports\mle_dcm\boxcox\DE_2014_2016_panel\female_ascsON_q99\boxcox_female_ascsON_q99_param_descriptions.json","boxcox_female_ascsON_q99_param_descriptions.json",".json","850","04-02-26 16:02:23"
"Z:\Hisham\EUROMOD-STORAGE","reports\mle_dcm\boxcox\DE_2014_2016_panel\female_ascsON_q99\boxcox_female_ascsON_q99_param_labels.json","Z:\Hisham\EUROMOD-STORAGE\reports\mle_dcm\boxcox\DE_2014_2016_panel\female_ascsON_q99\boxcox_female_ascsON_q99_param_labels.json","boxcox_female_ascsON_q99_param_labels.json",".json","515","04-02-26 16:02:23"
"Z:\Hisham\EUROMOD-STORAGE","reports\mle_dcm\boxcox\DE_2014_2016_panel\female_ascsON_q99\boxcox_female_ascsON_q99_parameters.csv","Z:\Hisham\EUROMOD-STORAGE\reports\mle_dcm\boxcox\DE_2014_2016_panel\female_ascsON_q99\boxcox_female_ascsON_q99_parameters.csv","boxcox_female_ascsON_q99_parameters.csv",".csv","2103","04-02-26 16:02:23"
"Z:\Hisham\EUROMOD-STORAGE","reports\mle_dcm\boxcox\DE_2014_2016_panel\female_ascsON_q99\boxcox_female_ascsON_q99_util_decomp.csv","Z:\Hisham\EUROMOD-STORAGE\reports\mle_dcm\boxcox\DE_2014_2016_panel\female_ascsON_q99\boxcox_female_ascsON_q99_util_decomp.csv","boxcox_female_ascsON_q99_util_decomp.csv",".csv","379","04-02-26 16:02:23"
"Z:\Hisham\EUROMOD-STORAGE","reports\mle_dcm\boxcox\DE_2014_2016_panel\male_ascsOFF_q99\boxcox_male_ascsOFF_q99_analysis.html","Z:\Hisham\EUROMOD-STORAGE\reports\mle_dcm\boxcox\DE_2014_2016_panel\male_ascsOFF_q99\boxcox_male_ascsOFF_q99_analysis.html","boxcox_male_ascsOFF_q99_analysis.html",".html","11831","04-02-26 16:02:23"
"Z:\Hisham\EUROMOD-STORAGE","reports\mle_dcm\boxcox\DE_2014_2016_panel\male_ascsOFF_q99\boxcox_male_ascsOFF_q99_confusion.csv","Z:\Hisham\EUROMOD-STORAGE\reports\mle_dcm\boxcox\DE_2014_2016_panel\male_ascsOFF_q99\boxcox_male_ascsOFF_q99_confusion.csv","boxcox_male_ascsOFF_q99_confusion.csv",".csv","169","04-02-26 16:02:23"
"Z:\Hisham\EUROMOD-STORAGE","reports\mle_dcm\boxcox\DE_2014_2016_panel\male_ascsOFF_q99\boxcox_male_ascsOFF_q99_meta.json","Z:\Hisham\EUROMOD-STORAGE\reports\mle_dcm\boxcox\DE_2014_2016_panel\male_ascsOFF_q99\boxcox_male_ascsOFF_q99_meta.json","boxcox_male_ascsOFF_q99_meta.json",".json","2184","04-02-26 16:02:23"
"Z:\Hisham\EUROMOD-STORAGE","reports\mle_dcm\boxcox\DE_2014_2016_panel\male_ascsOFF_q99\boxcox_male_ascsOFF_q99_mucmul_draws.csv","Z:\Hisham\EUROMOD-STORAGE\reports\mle_dcm\boxcox\DE_2014_2016_panel\male_ascsOFF_q99\boxcox_male_ascsOFF_q99_mucmul_draws.csv","boxcox_male_ascsOFF_q99_mucmul_draws.csv",".csv","89925","04-02-26 16:02:23"
"Z:\Hisham\EUROMOD-STORAGE","reports\mle_dcm\boxcox\DE_2014_2016_panel\male_ascsOFF_q99\boxcox_male_ascsOFF_q99_mucmul_summary.json","Z:\Hisham\EUROMOD-STORAGE\reports\mle_dcm\boxcox\DE_2014_2016_panel\male_ascsOFF_q99\boxcox_male_ascsOFF_q99_mucmul_summary.json","boxcox_male_ascsOFF_q99_mucmul_summary.json",".json","325","04-02-26 16:02:23"
"Z:\Hisham\EUROMOD-STORAGE","reports\mle_dcm\boxcox\DE_2014_2016_panel\male_ascsOFF_q99\boxcox_male_ascsOFF_q99_param_descriptions.json","Z:\Hisham\EUROMOD-STORAGE\reports\mle_dcm\boxcox\DE_2014_2016_panel\male_ascsOFF_q99\boxcox_male_ascsOFF_q99_param_descriptions.json","boxcox_male_ascsOFF_q99_param_descriptions.json",".json","568","04-02-26 16:02:23"
"Z:\Hisham\EUROMOD-STORAGE","reports\mle_dcm\boxcox\DE_2014_2016_panel\male_ascsOFF_q99\boxcox_male_ascsOFF_q99_param_labels.json","Z:\Hisham\EUROMOD-STORAGE\reports\mle_dcm\boxcox\DE_2014_2016_panel\male_ascsOFF_q99\boxcox_male_ascsOFF_q99_param_labels.json","boxcox_male_ascsOFF_q99_param_labels.json",".json","377","04-02-26 16:02:23"
"Z:\Hisham\EUROMOD-STORAGE","reports\mle_dcm\boxcox\DE_2014_2016_panel\male_ascsOFF_q99\boxcox_male_ascsOFF_q99_parameters.csv","Z:\Hisham\EUROMOD-STORAGE\reports\mle_dcm\boxcox\DE_2014_2016_panel\male_ascsOFF_q99\boxcox_male_ascsOFF_q99_parameters.csv","boxcox_male_ascsOFF_q99_parameters.csv",".csv","1237","04-02-26 16:02:23"
"Z:\Hisham\EUROMOD-STORAGE","reports\mle_dcm\boxcox\DE_2014_2016_panel\male_ascsOFF_q99\boxcox_male_ascsOFF_q99_util_decomp.csv","Z:\Hisham\EUROMOD-STORAGE\reports\mle_dcm\boxcox\DE_2014_2016_panel\male_ascsOFF_q99\boxcox_male_ascsOFF_q99_util_decomp.csv","boxcox_male_ascsOFF_q99_util_decomp.csv",".csv","351","04-02-26 16:02:23"
"Z:\Hisham\EUROMOD-STORAGE","reports\mle_dcm\boxcox\DE_2014_2016_panel\male_ascsON_q99\boxcox_male_ascsON_q99_analysis.html","Z:\Hisham\EUROMOD-STORAGE\reports\mle_dcm\boxcox\DE_2014_2016_panel\male_ascsON_q99\boxcox_male_ascsON_q99_analysis.html","boxcox_male_ascsON_q99_analysis.html",".html","13484","04-02-26 16:02:24"
"Z:\Hisham\EUROMOD-STORAGE","reports\mle_dcm\boxcox\DE_2014_2016_panel\male_ascsON_q99\boxcox_male_ascsON_q99_confusion.csv","Z:\Hisham\EUROMOD-STORAGE\reports\mle_dcm\boxcox\DE_2014_2016_panel\male_ascsON_q99\boxcox_male_ascsON_q99_confusion.csv","boxcox_male_ascsON_q99_confusion.csv",".csv","173","04-02-26 16:02:24"
"Z:\Hisham\EUROMOD-STORAGE","reports\mle_dcm\boxcox\DE_2014_2016_panel\male_ascsON_q99\boxcox_male_ascsON_q99_meta.json","Z:\Hisham\EUROMOD-STORAGE\reports\mle_dcm\boxcox\DE_2014_2016_panel\male_ascsON_q99\boxcox_male_ascsON_q99_meta.json","boxcox_male_ascsON_q99_meta.json",".json","2414","04-02-26 16:02:24"
"Z:\Hisham\EUROMOD-STORAGE","reports\mle_dcm\boxcox\DE_2014_2016_panel\male_ascsON_q99\boxcox_male_ascsON_q99_mucmul_draws.csv","Z:\Hisham\EUROMOD-STORAGE\reports\mle_dcm\boxcox\DE_2014_2016_panel\male_ascsON_q99\boxcox_male_ascsON_q99_mucmul_draws.csv","boxcox_male_ascsON_q99_mucmul_draws.csv",".csv","109612","04-02-26 16:02:24"
"Z:\Hisham\EUROMOD-STORAGE","reports\mle_dcm\boxcox\DE_2014_2016_panel\male_ascsON_q99\boxcox_male_ascsON_q99_mucmul_summary.json","Z:\Hisham\EUROMOD-STORAGE\reports\mle_dcm\boxcox\DE_2014_2016_panel\male_ascsON_q99\boxcox_male_ascsON_q99_mucmul_summary.json","boxcox_male_ascsON_q99_mucmul_summary.json",".json","343","04-02-26 16:02:24"
"Z:\Hisham\EUROMOD-STORAGE","reports\mle_dcm\boxcox\DE_2014_2016_panel\male_ascsON_q99\boxcox_male_ascsON_q99_param_descriptions.json","Z:\Hisham\EUROMOD-STORAGE\reports\mle_dcm\boxcox\DE_2014_2016_panel\male_ascsON_q99\boxcox_male_ascsON_q99_param_descriptions.json","boxcox_male_ascsON_q99_param_descriptions.json",".json","850","04-02-26 16:02:24"
"Z:\Hisham\EUROMOD-STORAGE","reports\mle_dcm\boxcox\DE_2014_2016_panel\male_ascsON_q99\boxcox_male_ascsON_q99_param_labels.json","Z:\Hisham\EUROMOD-STORAGE\reports\mle_dcm\boxcox\DE_2014_2016_panel\male_ascsON_q99\boxcox_male_ascsON_q99_param_labels.json","boxcox_male_ascsON_q99_param_labels.json",".json","515","04-02-26 16:02:24"
"Z:\Hisham\EUROMOD-STORAGE","reports\mle_dcm\boxcox\DE_2014_2016_panel\male_ascsON_q99\boxcox_male_ascsON_q99_parameters.csv","Z:\Hisham\EUROMOD-STORAGE\reports\mle_dcm\boxcox\DE_2014_2016_panel\male_ascsON_q99\boxcox_male_ascsON_q99_parameters.csv","boxcox_male_ascsON_q99_parameters.csv",".csv","1995","04-02-26 16:02:24"
"Z:\Hisham\EUROMOD-STORAGE","reports\mle_dcm\boxcox\DE_2014_2016_panel\male_ascsON_q99\boxcox_male_ascsON_q99_util_decomp.csv","Z:\Hisham\EUROMOD-STORAGE\reports\mle_dcm\boxcox\DE_2014_2016_panel\male_ascsON_q99\boxcox_male_ascsON_q99_util_decomp.csv","boxcox_male_ascsON_q99_util_decomp.csv",".csv","377","04-02-26 16:02:24"
"Z:\Hisham\EUROMOD-STORAGE","reports\mle_dcm\boxcox\DE_2014_2016_panel\pooled_ascsOFF_q99\boxcox_pooled_ascsOFF_q99_analysis.html","Z:\Hisham\EUROMOD-STORAGE\reports\mle_dcm\boxcox\DE_2014_2016_panel\pooled_ascsOFF_q99\boxcox_pooled_ascsOFF_q99_analysis.html","boxcox_pooled_ascsOFF_q99_analysis.html",".html","12153","04-02-26 16:02:24"
"Z:\Hisham\EUROMOD-STORAGE","reports\mle_dcm\boxcox\DE_2014_2016_panel\pooled_ascsOFF_q99\boxcox_pooled_ascsOFF_q99_confusion.csv","Z:\Hisham\EUROMOD-STORAGE\reports\mle_dcm\boxcox\DE_2014_2016_panel\pooled_ascsOFF_q99\boxcox_pooled_ascsOFF_q99_confusion.csv","boxcox_pooled_ascsOFF_q99_confusion.csv",".csv","182","04-02-26 16:02:24"
"Z:\Hisham\EUROMOD-STORAGE","reports\mle_dcm\boxcox\DE_2014_2016_panel\pooled_ascsOFF_q99\boxcox_pooled_ascsOFF_q99_meta.json","Z:\Hisham\EUROMOD-STORAGE\reports\mle_dcm\boxcox\DE_2014_2016_panel\pooled_ascsOFF_q99\boxcox_pooled_ascsOFF_q99_meta.json","boxcox_pooled_ascsOFF_q99_meta.json",".json","2227","04-02-26 16:02:24"
"Z:\Hisham\EUROMOD-STORAGE","reports\mle_dcm\boxcox\DE_2014_2016_panel\pooled_ascsOFF_q99\boxcox_pooled_ascsOFF_q99_mucmul_draws.csv","Z:\Hisham\EUROMOD-STORAGE\reports\mle_dcm\boxcox\DE_2014_2016_panel\pooled_ascsOFF_q99\boxcox_pooled_ascsOFF_q99_mucmul_draws.csv","boxcox_pooled_ascsOFF_q99_mucmul_draws.csv",".csv","205030","04-02-26 16:02:24"
"Z:\Hisham\EUROMOD-STORAGE","reports\mle_dcm\boxcox\DE_2014_2016_panel\pooled_ascsOFF_q99\boxcox_pooled_ascsOFF_q99_mucmul_summary.json","Z:\Hisham\EUROMOD-STORAGE\reports\mle_dcm\boxcox\DE_2014_2016_panel\pooled_ascsOFF_q99\boxcox_pooled_ascsOFF_q99_mucmul_summary.json","boxcox_pooled_ascsOFF_q99_mucmul_summary.json",".json","327","04-02-26 16:02:24"
"Z:\Hisham\EUROMOD-STORAGE","reports\mle_dcm\boxcox\DE_2014_2016_panel\pooled_ascsOFF_q99\boxcox_pooled_ascsOFF_q99_param_descriptions.json","Z:\Hisham\EUROMOD-STORAGE\reports\mle_dcm\boxcox\DE_2014_2016_panel\pooled_ascsOFF_q99\boxcox_pooled_ascsOFF_q99_param_descriptions.json","boxcox_pooled_ascsOFF_q99_param_descriptions.json",".json","632","04-02-26 16:02:24"
"Z:\Hisham\EUROMOD-STORAGE","reports\mle_dcm\boxcox\DE_2014_2016_panel\pooled_ascsOFF_q99\boxcox_pooled_ascsOFF_q99_param_labels.json","Z:\Hisham\EUROMOD-STORAGE\reports\mle_dcm\boxcox\DE_2014_2016_panel\pooled_ascsOFF_q99\boxcox_pooled_ascsOFF_q99_param_labels.json","boxcox_pooled_ascsOFF_q99_param_labels.json",".json","427","04-02-26 16:02:24"
"Z:\Hisham\EUROMOD-STORAGE","reports\mle_dcm\boxcox\DE_2014_2016_panel\pooled_ascsOFF_q99\boxcox_pooled_ascsOFF_q99_parameters.csv","Z:\Hisham\EUROMOD-STORAGE\reports\mle_dcm\boxcox\DE_2014_2016_panel\pooled_ascsOFF_q99\boxcox_pooled_ascsOFF_q99_parameters.csv","boxcox_pooled_ascsOFF_q99_parameters.csv",".csv","1408","04-02-26 16:02:24"
"Z:\Hisham\EUROMOD-STORAGE","reports\mle_dcm\boxcox\DE_2014_2016_panel\pooled_ascsOFF_q99\boxcox_pooled_ascsOFF_q99_util_decomp.csv","Z:\Hisham\EUROMOD-STORAGE\reports\mle_dcm\boxcox\DE_2014_2016_panel\pooled_ascsOFF_q99\boxcox_pooled_ascsOFF_q99_util_decomp.csv","boxcox_pooled_ascsOFF_q99_util_decomp.csv",".csv","350","04-02-26 16:02:24"
"Z:\Hisham\EUROMOD-STORAGE","reports\mle_dcm\boxcox\DE_2014_2016_panel\pooled_ascsOFF_q99_split\boxcox_pooled_genderSplit_ascsOFF_q99_analysis.html","Z:\Hisham\EUROMOD-STORAGE\reports\mle_dcm\boxcox\DE_2014_2016_panel\pooled_ascsOFF_q99_split\boxcox_pooled_genderSplit_ascsOFF_q99_analysis.html","boxcox_pooled_genderSplit_ascsOFF_q99_analysis.html",".html","15929","04-02-26 16:02:24"
"Z:\Hisham\EUROMOD-STORAGE","reports\mle_dcm\boxcox\DE_2014_2016_panel\pooled_ascsOFF_q99_split\boxcox_pooled_genderSplit_ascsOFF_q99_confusion.csv","Z:\Hisham\EUROMOD-STORAGE\reports\mle_dcm\boxcox\DE_2014_2016_panel\pooled_ascsOFF_q99_split\boxcox_pooled_genderSplit_ascsOFF_q99_confusion.csv","boxcox_pooled_genderSplit_ascsOFF_q99_confusion.csv",".csv","183","04-02-26 16:02:24"
"Z:\Hisham\EUROMOD-STORAGE","reports\mle_dcm\boxcox\DE_2014_2016_panel\pooled_ascsOFF_q99_split\boxcox_pooled_genderSplit_ascsOFF_q99_meta.json","Z:\Hisham\EUROMOD-STORAGE\reports\mle_dcm\boxcox\DE_2014_2016_panel\pooled_ascsOFF_q99_split\boxcox_pooled_genderSplit_ascsOFF_q99_meta.json","boxcox_pooled_genderSplit_ascsOFF_q99_meta.json",".json","2525","04-02-26 16:02:25"
"Z:\Hisham\EUROMOD-STORAGE","reports\mle_dcm\boxcox\DE_2014_2016_panel\pooled_ascsOFF_q99_split\boxcox_pooled_genderSplit_ascsOFF_q99_mucmul_draws.csv","Z:\Hisham\EUROMOD-STORAGE\reports\mle_dcm\boxcox\DE_2014_2016_panel\pooled_ascsOFF_q99_split\boxcox_pooled_genderSplit_ascsOFF_q99_mucmul_draws.csv","boxcox_pooled_genderSplit_ascsOFF_q99_mucmul_draws.csv",".csv","203895","04-02-26 16:02:25"
"Z:\Hisham\EUROMOD-STORAGE","reports\mle_dcm\boxcox\DE_2014_2016_panel\pooled_ascsOFF_q99_split\boxcox_pooled_genderSplit_ascsOFF_q99_mucmul_summary.json","Z:\Hisham\EUROMOD-STORAGE\reports\mle_dcm\boxcox\DE_2014_2016_panel\pooled_ascsOFF_q99_split\boxcox_pooled_genderSplit_ascsOFF_q99_mucmul_summary.json","boxcox_pooled_genderSplit_ascsOFF_q99_mucmul_summary.json",".json","327","04-02-26 16:02:25"
"Z:\Hisham\EUROMOD-STORAGE","reports\mle_dcm\boxcox\DE_2014_2016_panel\pooled_ascsOFF_q99_split\boxcox_pooled_genderSplit_ascsOFF_q99_param_descriptions.json","Z:\Hisham\EUROMOD-STORAGE\reports\mle_dcm\boxcox\DE_2014_2016_panel\pooled_ascsOFF_q99_split\boxcox_pooled_genderSplit_ascsOFF_q99_param_descriptions.json","boxcox_pooled_genderSplit_ascsOFF_q99_param_descriptions.json",".json","373","04-02-26 16:02:25"
"Z:\Hisham\EUROMOD-STORAGE","reports\mle_dcm\boxcox\DE_2014_2016_panel\pooled_ascsOFF_q99_split\boxcox_pooled_genderSplit_ascsOFF_q99_param_labels.json","Z:\Hisham\EUROMOD-STORAGE\reports\mle_dcm\boxcox\DE_2014_2016_panel\pooled_ascsOFF_q99_split\boxcox_pooled_genderSplit_ascsOFF_q99_param_labels.json","boxcox_pooled_genderSplit_ascsOFF_q99_param_labels.json",".json","567","04-02-26 16:02:25"
"Z:\Hisham\EUROMOD-STORAGE","reports\mle_dcm\boxcox\DE_2014_2016_panel\pooled_ascsOFF_q99_split\boxcox_pooled_genderSplit_ascsOFF_q99_parameters.csv","Z:\Hisham\EUROMOD-STORAGE\reports\mle_dcm\boxcox\DE_2014_2016_panel\pooled_ascsOFF_q99_split\boxcox_pooled_genderSplit_ascsOFF_q99_parameters.csv","boxcox_pooled_genderSplit_ascsOFF_q99_parameters.csv",".csv","2498","04-02-26 16:02:25"
"Z:\Hisham\EUROMOD-STORAGE","reports\mle_dcm\boxcox\DE_2014_2016_panel\pooled_ascsOFF_q99_split\boxcox_pooled_genderSplit_ascsOFF_q99_util_decomp.csv","Z:\Hisham\EUROMOD-STORAGE\reports\mle_dcm\boxcox\DE_2014_2016_panel\pooled_ascsOFF_q99_split\boxcox_pooled_genderSplit_ascsOFF_q99_util_decomp.csv","boxcox_pooled_genderSplit_ascsOFF_q99_util_decomp.csv",".csv","350","04-02-26 16:02:25"
"Z:\Hisham\EUROMOD-STORAGE","reports\mle_dcm\boxcox\DE_2014_2016_panel\pooled_ascsON_q99\boxcox_pooled_genderSplit_ascsON_q99_analysis.html","Z:\Hisham\EUROMOD-STORAGE\reports\mle_dcm\boxcox\DE_2014_2016_panel\pooled_ascsON_q99\boxcox_pooled_genderSplit_ascsON_q99_analysis.html","boxcox_pooled_genderSplit_ascsON_q99_analysis.html",".html","17553","04-02-26 16:02:25"
"Z:\Hisham\EUROMOD-STORAGE","reports\mle_dcm\boxcox\DE_2014_2016_panel\pooled_ascsON_q99\boxcox_pooled_genderSplit_ascsON_q99_confusion.csv","Z:\Hisham\EUROMOD-STORAGE\reports\mle_dcm\boxcox\DE_2014_2016_panel\pooled_ascsON_q99\boxcox_pooled_genderSplit_ascsON_q99_confusion.csv","boxcox_pooled_genderSplit_ascsON_q99_confusion.csv",".csv","179","04-02-26 16:02:25"
"Z:\Hisham\EUROMOD-STORAGE","reports\mle_dcm\boxcox\DE_2014_2016_panel\pooled_ascsON_q99\boxcox_pooled_genderSplit_ascsON_q99_meta.json","Z:\Hisham\EUROMOD-STORAGE\reports\mle_dcm\boxcox\DE_2014_2016_panel\pooled_ascsON_q99\boxcox_pooled_genderSplit_ascsON_q99_meta.json","boxcox_pooled_genderSplit_ascsON_q99_meta.json",".json","2746","04-02-26 16:02:25"
"Z:\Hisham\EUROMOD-STORAGE","reports\mle_dcm\boxcox\DE_2014_2016_panel\pooled_ascsON_q99\boxcox_pooled_genderSplit_ascsON_q99_mucmul_draws.csv","Z:\Hisham\EUROMOD-STORAGE\reports\mle_dcm\boxcox\DE_2014_2016_panel\pooled_ascsON_q99\boxcox_pooled_genderSplit_ascsON_q99_mucmul_draws.csv","boxcox_pooled_genderSplit_ascsON_q99_mucmul_draws.csv",".csv","223854","04-02-26 16:02:25"
"Z:\Hisham\EUROMOD-STORAGE","reports\mle_dcm\boxcox\DE_2014_2016_panel\pooled_ascsON_q99\boxcox_pooled_genderSplit_ascsON_q99_mucmul_summary.json","Z:\Hisham\EUROMOD-STORAGE\reports\mle_dcm\boxcox\DE_2014_2016_panel\pooled_ascsON_q99\boxcox_pooled_genderSplit_ascsON_q99_mucmul_summary.json","boxcox_pooled_genderSplit_ascsON_q99_mucmul_summary.json",".json","344","04-02-26 16:02:25"
"Z:\Hisham\EUROMOD-STORAGE","reports\mle_dcm\boxcox\DE_2014_2016_panel\pooled_ascsON_q99\boxcox_pooled_genderSplit_ascsON_q99_param_descriptions.json","Z:\Hisham\EUROMOD-STORAGE\reports\mle_dcm\boxcox\DE_2014_2016_panel\pooled_ascsON_q99\boxcox_pooled_genderSplit_ascsON_q99_param_descriptions.json","boxcox_pooled_genderSplit_ascsON_q99_param_descriptions.json",".json","655","04-02-26 16:02:25"
"Z:\Hisham\EUROMOD-STORAGE","reports\mle_dcm\boxcox\DE_2014_2016_panel\pooled_ascsON_q99\boxcox_pooled_genderSplit_ascsON_q99_param_labels.json","Z:\Hisham\EUROMOD-STORAGE\reports\mle_dcm\boxcox\DE_2014_2016_panel\pooled_ascsON_q99\boxcox_pooled_genderSplit_ascsON_q99_param_labels.json","boxcox_pooled_genderSplit_ascsON_q99_param_labels.json",".json","705","04-02-26 16:02:25"
"Z:\Hisham\EUROMOD-STORAGE","reports\mle_dcm\boxcox\DE_2014_2016_panel\pooled_ascsON_q99\boxcox_pooled_genderSplit_ascsON_q99_parameters.csv","Z:\Hisham\EUROMOD-STORAGE\reports\mle_dcm\boxcox\DE_2014_2016_panel\pooled_ascsON_q99\boxcox_pooled_genderSplit_ascsON_q99_parameters.csv","boxcox_pooled_genderSplit_ascsON_q99_parameters.csv",".csv","3240","04-02-26 16:02:25"
"Z:\Hisham\EUROMOD-STORAGE","reports\mle_dcm\boxcox\DE_2014_2016_panel\pooled_ascsON_q99\boxcox_pooled_genderSplit_ascsON_q99_util_decomp.csv","Z:\Hisham\EUROMOD-STORAGE\reports\mle_dcm\boxcox\DE_2014_2016_panel\pooled_ascsON_q99\boxcox_pooled_genderSplit_ascsON_q99_util_decomp.csv","boxcox_pooled_genderSplit_ascsON_q99_util_decomp.csv",".csv","382","04-02-26 16:02:25"
"Z:\Hisham\EUROMOD-STORAGE","reports\mle_dcm\boxcox\DE_2014_2016_panel\pooled_ascsON_q99_nosp\boxcox_pooled_ascsON_q99_analysis.html","Z:\Hisham\EUROMOD-STORAGE\reports\mle_dcm\boxcox\DE_2014_2016_panel\pooled_ascsON_q99_nosp\boxcox_pooled_ascsON_q99_analysis.html","boxcox_pooled_ascsON_q99_analysis.html",".html","13805","04-02-26 16:02:25"
"Z:\Hisham\EUROMOD-STORAGE","reports\mle_dcm\boxcox\DE_2014_2016_panel\pooled_ascsON_q99_nosp\boxcox_pooled_ascsON_q99_confusion.csv","Z:\Hisham\EUROMOD-STORAGE\reports\mle_dcm\boxcox\DE_2014_2016_panel\pooled_ascsON_q99_nosp\boxcox_pooled_ascsON_q99_confusion.csv","boxcox_pooled_ascsON_q99_confusion.csv",".csv","179","04-02-26 16:02:25"
"Z:\Hisham\EUROMOD-STORAGE","reports\mle_dcm\boxcox\DE_2014_2016_panel\pooled_ascsON_q99_nosp\boxcox_pooled_ascsON_q99_meta.json","Z:\Hisham\EUROMOD-STORAGE\reports\mle_dcm\boxcox\DE_2014_2016_panel\pooled_ascsON_q99_nosp\boxcox_pooled_ascsON_q99_meta.json","boxcox_pooled_ascsON_q99_meta.json",".json","2437","04-02-26 16:02:25"
"Z:\Hisham\EUROMOD-STORAGE","reports\mle_dcm\boxcox\DE_2014_2016_panel\pooled_ascsON_q99_nosp\boxcox_pooled_ascsON_q99_mucmul_draws.csv","Z:\Hisham\EUROMOD-STORAGE\reports\mle_dcm\boxcox\DE_2014_2016_panel\pooled_ascsON_q99_nosp\boxcox_pooled_ascsON_q99_mucmul_draws.csv","boxcox_pooled_ascsON_q99_mucmul_draws.csv",".csv","244582","04-02-26 16:02:26"
"Z:\Hisham\EUROMOD-STORAGE","reports\mle_dcm\boxcox\DE_2014_2016_panel\pooled_ascsON_q99_nosp\boxcox_pooled_ascsON_q99_mucmul_summary.json","Z:\Hisham\EUROMOD-STORAGE\reports\mle_dcm\boxcox\DE_2014_2016_panel\pooled_ascsON_q99_nosp\boxcox_pooled_ascsON_q99_mucmul_summary.json","boxcox_pooled_ascsON_q99_mucmul_summary.json",".json","329","04-02-26 16:02:26"
"Z:\Hisham\EUROMOD-STORAGE","reports\mle_dcm\boxcox\DE_2014_2016_panel\pooled_ascsON_q99_nosp\boxcox_pooled_ascsON_q99_param_descriptions.json","Z:\Hisham\EUROMOD-STORAGE\reports\mle_dcm\boxcox\DE_2014_2016_panel\pooled_ascsON_q99_nosp\boxcox_pooled_ascsON_q99_param_descriptions.json","boxcox_pooled_ascsON_q99_param_descriptions.json",".json","914","04-02-26 16:02:26"
"Z:\Hisham\EUROMOD-STORAGE","reports\mle_dcm\boxcox\DE_2014_2016_panel\pooled_ascsON_q99_nosp\boxcox_pooled_ascsON_q99_param_labels.json","Z:\Hisham\EUROMOD-STORAGE\reports\mle_dcm\boxcox\DE_2014_2016_panel\pooled_ascsON_q99_nosp\boxcox_pooled_ascsON_q99_param_labels.json","boxcox_pooled_ascsON_q99_param_labels.json",".json","565","04-02-26 16:02:26"
"Z:\Hisham\EUROMOD-STORAGE","reports\mle_dcm\boxcox\DE_2014_2016_panel\pooled_ascsON_q99_nosp\boxcox_pooled_ascsON_q99_parameters.csv","Z:\Hisham\EUROMOD-STORAGE\reports\mle_dcm\boxcox\DE_2014_2016_panel\pooled_ascsON_q99_nosp\boxcox_pooled_ascsON_q99_parameters.csv","boxcox_pooled_ascsON_q99_parameters.csv",".csv","2091","04-02-26 16:02:26"
"Z:\Hisham\EUROMOD-STORAGE","reports\mle_dcm\boxcox\DE_2014_2016_panel\pooled_ascsON_q99_nosp\boxcox_pooled_ascsON_q99_util_decomp.csv","Z:\Hisham\EUROMOD-STORAGE\reports\mle_dcm\boxcox\DE_2014_2016_panel\pooled_ascsON_q99_nosp\boxcox_pooled_ascsON_q99_util_decomp.csv","boxcox_pooled_ascsON_q99_util_decomp.csv",".csv","406","04-02-26 16:02:26"
"Z:\Hisham\EUROMOD-STORAGE","reports\mle_dcm\boxcox\female_ascsOFF_q99\boxcox_female_ascsOFF_q99_analysis.html","Z:\Hisham\EUROMOD-STORAGE\reports\mle_dcm\boxcox\female_ascsOFF_q99\boxcox_female_ascsOFF_q99_analysis.html","boxcox_female_ascsOFF_q99_analysis.html",".html","10551","04-02-26 16:02:26"
"Z:\Hisham\EUROMOD-STORAGE","reports\mle_dcm\boxcox\female_ascsOFF_q99\boxcox_female_ascsOFF_q99_confusion.csv","Z:\Hisham\EUROMOD-STORAGE\reports\mle_dcm\boxcox\female_ascsOFF_q99\boxcox_female_ascsOFF_q99_confusion.csv","boxcox_female_ascsOFF_q99_confusion.csv",".csv","182","04-02-26 16:02:26"
"Z:\Hisham\EUROMOD-STORAGE","reports\mle_dcm\boxcox\female_ascsOFF_q99\boxcox_female_ascsOFF_q99_meta.json","Z:\Hisham\EUROMOD-STORAGE\reports\mle_dcm\boxcox\female_ascsOFF_q99\boxcox_female_ascsOFF_q99_meta.json","boxcox_female_ascsOFF_q99_meta.json",".json","1820","04-02-26 16:02:26"
"Z:\Hisham\EUROMOD-STORAGE","reports\mle_dcm\boxcox\female_ascsOFF_q99\boxcox_female_ascsOFF_q99_mucmul_summary.json","Z:\Hisham\EUROMOD-STORAGE\reports\mle_dcm\boxcox\female_ascsOFF_q99\boxcox_female_ascsOFF_q99_mucmul_summary.json","boxcox_female_ascsOFF_q99_mucmul_summary.json",".json","327","04-02-26 16:02:26"
"Z:\Hisham\EUROMOD-STORAGE","reports\mle_dcm\boxcox\female_ascsOFF_q99\boxcox_female_ascsOFF_q99_param_descriptions.json","Z:\Hisham\EUROMOD-STORAGE\reports\mle_dcm\boxcox\female_ascsOFF_q99\boxcox_female_ascsOFF_q99_param_descriptions.json","boxcox_female_ascsOFF_q99_param_descriptions.json",".json","568","04-02-26 16:02:26"
"Z:\Hisham\EUROMOD-STORAGE","reports\mle_dcm\boxcox\female_ascsOFF_q99\boxcox_female_ascsOFF_q99_param_labels.json","Z:\Hisham\EUROMOD-STORAGE\reports\mle_dcm\boxcox\female_ascsOFF_q99\boxcox_female_ascsOFF_q99_param_labels.json","boxcox_female_ascsOFF_q99_param_labels.json",".json","377","04-02-26 16:02:26"
"Z:\Hisham\EUROMOD-STORAGE","reports\mle_dcm\boxcox\female_ascsOFF_q99\boxcox_female_ascsOFF_q99_parameters.csv","Z:\Hisham\EUROMOD-STORAGE\reports\mle_dcm\boxcox\female_ascsOFF_q99\boxcox_female_ascsOFF_q99_parameters.csv","boxcox_female_ascsOFF_q99_parameters.csv",".csv","1233","04-02-26 16:02:26"
"Z:\Hisham\EUROMOD-STORAGE","reports\mle_dcm\boxcox\female_ascsOFF_q99\separate\boxcox_female_ascsOFF_q99_analysis.html","Z:\Hisham\EUROMOD-STORAGE\reports\mle_dcm\boxcox\female_ascsOFF_q99\separate\boxcox_female_ascsOFF_q99_analysis.html","boxcox_female_ascsOFF_q99_analysis.html",".html","10352","04-02-26 16:02:26"
"Z:\Hisham\EUROMOD-STORAGE","reports\mle_dcm\boxcox\female_ascsOFF_q99\separate\boxcox_female_ascsOFF_q99_confusion.csv","Z:\Hisham\EUROMOD-STORAGE\reports\mle_dcm\boxcox\female_ascsOFF_q99\separate\boxcox_female_ascsOFF_q99_confusion.csv","boxcox_female_ascsOFF_q99_confusion.csv",".csv","169","04-02-26 16:02:26"
"Z:\Hisham\EUROMOD-STORAGE","reports\mle_dcm\boxcox\female_ascsOFF_q99\separate\boxcox_female_ascsOFF_q99_meta.json","Z:\Hisham\EUROMOD-STORAGE\reports\mle_dcm\boxcox\female_ascsOFF_q99\separate\boxcox_female_ascsOFF_q99_meta.json","boxcox_female_ascsOFF_q99_meta.json",".json","1694","04-02-26 16:02:26"
"Z:\Hisham\EUROMOD-STORAGE","reports\mle_dcm\boxcox\female_ascsOFF_q99\separate\boxcox_female_ascsOFF_q99_mucmul_draws.csv","Z:\Hisham\EUROMOD-STORAGE\reports\mle_dcm\boxcox\female_ascsOFF_q99\separate\boxcox_female_ascsOFF_q99_mucmul_draws.csv","boxcox_female_ascsOFF_q99_mucmul_draws.csv",".csv","38363","04-02-26 16:02:26"
"Z:\Hisham\EUROMOD-STORAGE","reports\mle_dcm\boxcox\female_ascsOFF_q99\separate\boxcox_female_ascsOFF_q99_mucmul_summary.json","Z:\Hisham\EUROMOD-STORAGE\reports\mle_dcm\boxcox\female_ascsOFF_q99\separate\boxcox_female_ascsOFF_q99_mucmul_summary.json","boxcox_female_ascsOFF_q99_mucmul_summary.json",".json","327","04-02-26 16:02:26"
"Z:\Hisham\EUROMOD-STORAGE","reports\mle_dcm\boxcox\female_ascsOFF_q99\separate\boxcox_female_ascsOFF_q99_param_descriptions.json","Z:\Hisham\EUROMOD-STORAGE\reports\mle_dcm\boxcox\female_ascsOFF_q99\separate\boxcox_female_ascsOFF_q99_param_descriptions.json","boxcox_female_ascsOFF_q99_param_descriptions.json",".json","568","04-02-26 16:02:26"
"Z:\Hisham\EUROMOD-STORAGE","reports\mle_dcm\boxcox\female_ascsOFF_q99\separate\boxcox_female_ascsOFF_q99_param_labels.json","Z:\Hisham\EUROMOD-STORAGE\reports\mle_dcm\boxcox\female_ascsOFF_q99\separate\boxcox_female_ascsOFF_q99_param_labels.json","boxcox_female_ascsOFF_q99_param_labels.json",".json","377","04-02-26 16:02:26"
"Z:\Hisham\EUROMOD-STORAGE","reports\mle_dcm\boxcox\female_ascsOFF_q99\separate\boxcox_female_ascsOFF_q99_parameters.csv","Z:\Hisham\EUROMOD-STORAGE\reports\mle_dcm\boxcox\female_ascsOFF_q99\separate\boxcox_female_ascsOFF_q99_parameters.csv","boxcox_female_ascsOFF_q99_parameters.csv",".csv","1212","04-02-26 16:02:26"
"Z:\Hisham\EUROMOD-STORAGE","reports\mle_dcm\boxcox\female_ascsOFF_q99\separate\boxcox_female_ascsOFF_q99_util_decomp.csv","Z:\Hisham\EUROMOD-STORAGE\reports\mle_dcm\boxcox\female_ascsOFF_q99\separate\boxcox_female_ascsOFF_q99_util_decomp.csv","boxcox_female_ascsOFF_q99_util_decomp.csv",".csv","346","04-02-26 16:02:26"
"Z:\Hisham\EUROMOD-STORAGE","reports\mle_dcm\boxcox\female_ascsON_q99\boxcox_female_ascsON_q99_analysis.html","Z:\Hisham\EUROMOD-STORAGE\reports\mle_dcm\boxcox\female_ascsON_q99\boxcox_female_ascsON_q99_analysis.html","boxcox_female_ascsON_q99_analysis.html",".html","11450","04-02-26 16:02:26"
"Z:\Hisham\EUROMOD-STORAGE","reports\mle_dcm\boxcox\female_ascsON_q99\boxcox_female_ascsON_q99_confusion.csv","Z:\Hisham\EUROMOD-STORAGE\reports\mle_dcm\boxcox\female_ascsON_q99\boxcox_female_ascsON_q99_confusion.csv","boxcox_female_ascsON_q99_confusion.csv",".csv","175","04-02-26 16:02:26"
"Z:\Hisham\EUROMOD-STORAGE","reports\mle_dcm\boxcox\female_ascsON_q99\boxcox_female_ascsON_q99_meta.json","Z:\Hisham\EUROMOD-STORAGE\reports\mle_dcm\boxcox\female_ascsON_q99\boxcox_female_ascsON_q99_meta.json","boxcox_female_ascsON_q99_meta.json",".json","2030","04-02-26 16:02:26"
"Z:\Hisham\EUROMOD-STORAGE","reports\mle_dcm\boxcox\female_ascsON_q99\boxcox_female_ascsON_q99_mucmul_draws.csv","Z:\Hisham\EUROMOD-STORAGE\reports\mle_dcm\boxcox\female_ascsON_q99\boxcox_female_ascsON_q99_mucmul_draws.csv","boxcox_female_ascsON_q99_mucmul_draws.csv",".csv","124570","04-02-26 16:02:26"
"Z:\Hisham\EUROMOD-STORAGE","reports\mle_dcm\boxcox\female_ascsON_q99\boxcox_female_ascsON_q99_mucmul_summary.json","Z:\Hisham\EUROMOD-STORAGE\reports\mle_dcm\boxcox\female_ascsON_q99\boxcox_female_ascsON_q99_mucmul_summary.json","boxcox_female_ascsON_q99_mucmul_summary.json",".json","328","04-02-26 16:02:26"
"Z:\Hisham\EUROMOD-STORAGE","reports\mle_dcm\boxcox\female_ascsON_q99\boxcox_female_ascsON_q99_param_descriptions.json","Z:\Hisham\EUROMOD-STORAGE\reports\mle_dcm\boxcox\female_ascsON_q99\boxcox_female_ascsON_q99_param_descriptions.json","boxcox_female_ascsON_q99_param_descriptions.json",".json","850","04-02-26 16:02:27"
"Z:\Hisham\EUROMOD-STORAGE","reports\mle_dcm\boxcox\female_ascsON_q99\boxcox_female_ascsON_q99_param_labels.json","Z:\Hisham\EUROMOD-STORAGE\reports\mle_dcm\boxcox\female_ascsON_q99\boxcox_female_ascsON_q99_param_labels.json","boxcox_female_ascsON_q99_param_labels.json",".json","515","04-02-26 16:02:27"
"Z:\Hisham\EUROMOD-STORAGE","reports\mle_dcm\boxcox\female_ascsON_q99\boxcox_female_ascsON_q99_parameters.csv","Z:\Hisham\EUROMOD-STORAGE\reports\mle_dcm\boxcox\female_ascsON_q99\boxcox_female_ascsON_q99_parameters.csv","boxcox_female_ascsON_q99_parameters.csv",".csv","2065","04-02-26 16:02:27"
"Z:\Hisham\EUROMOD-STORAGE","reports\mle_dcm\boxcox\female_ascsON_q99\boxcox_female_ascsON_q99_util_decomp.csv","Z:\Hisham\EUROMOD-STORAGE\reports\mle_dcm\boxcox\female_ascsON_q99\boxcox_female_ascsON_q99_util_decomp.csv","boxcox_female_ascsON_q99_util_decomp.csv",".csv","380","04-02-26 16:02:27"
"Z:\Hisham\EUROMOD-STORAGE","reports\mle_dcm\boxcox\male_ascsOFF_q99\boxcox_male_ascsOFF_q99_analysis.html","Z:\Hisham\EUROMOD-STORAGE\reports\mle_dcm\boxcox\male_ascsOFF_q99\boxcox_male_ascsOFF_q99_analysis.html","boxcox_male_ascsOFF_q99_analysis.html",".html","10693","04-02-26 16:02:27"
"Z:\Hisham\EUROMOD-STORAGE","reports\mle_dcm\boxcox\male_ascsOFF_q99\boxcox_male_ascsOFF_q99_analysis~01.html","Z:\Hisham\EUROMOD-STORAGE\reports\mle_dcm\boxcox\male_ascsOFF_q99\boxcox_male_ascsOFF_q99_analysis~01.html","boxcox_male_ascsOFF_q99_analysis~01.html",".html","10707","04-02-26 16:02:27"
"Z:\Hisham\EUROMOD-STORAGE","reports\mle_dcm\boxcox\male_ascsOFF_q99\boxcox_male_ascsOFF_q99_confusion.csv","Z:\Hisham\EUROMOD-STORAGE\reports\mle_dcm\boxcox\male_ascsOFF_q99\boxcox_male_ascsOFF_q99_confusion.csv","boxcox_male_ascsOFF_q99_confusion.csv",".csv","170","04-02-26 16:02:27"
"Z:\Hisham\EUROMOD-STORAGE","reports\mle_dcm\boxcox\male_ascsOFF_q99\boxcox_male_ascsOFF_q99_meta.json","Z:\Hisham\EUROMOD-STORAGE\reports\mle_dcm\boxcox\male_ascsOFF_q99\boxcox_male_ascsOFF_q99_meta.json","boxcox_male_ascsOFF_q99_meta.json",".json","1698","04-02-26 16:02:27"
"Z:\Hisham\EUROMOD-STORAGE","reports\mle_dcm\boxcox\male_ascsOFF_q99\boxcox_male_ascsOFF_q99_mucmul_draws.csv","Z:\Hisham\EUROMOD-STORAGE\reports\mle_dcm\boxcox\male_ascsOFF_q99\boxcox_male_ascsOFF_q99_mucmul_draws.csv","boxcox_male_ascsOFF_q99_mucmul_draws.csv",".csv","89666","04-02-26 16:02:27"
"Z:\Hisham\EUROMOD-STORAGE","reports\mle_dcm\boxcox\male_ascsOFF_q99\boxcox_male_ascsOFF_q99_mucmul_summary.json","Z:\Hisham\EUROMOD-STORAGE\reports\mle_dcm\boxcox\male_ascsOFF_q99\boxcox_male_ascsOFF_q99_mucmul_summary.json","boxcox_male_ascsOFF_q99_mucmul_summary.json",".json","326","04-02-26 16:02:27"
"Z:\Hisham\EUROMOD-STORAGE","reports\mle_dcm\boxcox\male_ascsOFF_q99\boxcox_male_ascsOFF_q99_param_descriptions.json","Z:\Hisham\EUROMOD-STORAGE\reports\mle_dcm\boxcox\male_ascsOFF_q99\boxcox_male_ascsOFF_q99_param_descriptions.json","boxcox_male_ascsOFF_q99_param_descriptions.json",".json","568","04-02-26 16:02:27"
"Z:\Hisham\EUROMOD-STORAGE","reports\mle_dcm\boxcox\male_ascsOFF_q99\boxcox_male_ascsOFF_q99_param_labels.json","Z:\Hisham\EUROMOD-STORAGE\reports\mle_dcm\boxcox\male_ascsOFF_q99\boxcox_male_ascsOFF_q99_param_labels.json","boxcox_male_ascsOFF_q99_param_labels.json",".json","377","04-02-26 16:02:27"
"Z:\Hisham\EUROMOD-STORAGE","reports\mle_dcm\boxcox\male_ascsOFF_q99\boxcox_male_ascsOFF_q99_parameters.csv","Z:\Hisham\EUROMOD-STORAGE\reports\mle_dcm\boxcox\male_ascsOFF_q99\boxcox_male_ascsOFF_q99_parameters.csv","boxcox_male_ascsOFF_q99_parameters.csv",".csv","1224","04-02-26 16:02:27"
"Z:\Hisham\EUROMOD-STORAGE","reports\mle_dcm\boxcox\male_ascsOFF_q99\boxcox_male_ascsOFF_q99_util_decomp.csv","Z:\Hisham\EUROMOD-STORAGE\reports\mle_dcm\boxcox\male_ascsOFF_q99\boxcox_male_ascsOFF_q99_util_decomp.csv","boxcox_male_ascsOFF_q99_util_decomp.csv",".csv","346","04-02-26 16:02:27"
"Z:\Hisham\EUROMOD-STORAGE","reports\mle_dcm\boxcox\male_ascsOFF_q99\separate_2015\boxcox_male_ascsOFF_q99_analysis.html","Z:\Hisham\EUROMOD-STORAGE\reports\mle_dcm\boxcox\male_ascsOFF_q99\separate_2015\boxcox_male_ascsOFF_q99_analysis.html","boxcox_male_ascsOFF_q99_analysis.html",".html","10482","07-11-25 09:46:29"
"Z:\Hisham\EUROMOD-STORAGE","reports\mle_dcm\boxcox\male_ascsOFF_q99\separate_2015\boxcox_male_ascsOFF_q99_confusion.csv","Z:\Hisham\EUROMOD-STORAGE\reports\mle_dcm\boxcox\male_ascsOFF_q99\separate_2015\boxcox_male_ascsOFF_q99_confusion.csv","boxcox_male_ascsOFF_q99_confusion.csv",".csv","164","07-11-25 10:05:15"
"Z:\Hisham\EUROMOD-STORAGE","reports\mle_dcm\boxcox\male_ascsOFF_q99\separate_2015\boxcox_male_ascsOFF_q99_meta.json","Z:\Hisham\EUROMOD-STORAGE\reports\mle_dcm\boxcox\male_ascsOFF_q99\separate_2015\boxcox_male_ascsOFF_q99_meta.json","boxcox_male_ascsOFF_q99_meta.json",".json","1697","07-11-25 10:05:15"
"Z:\Hisham\EUROMOD-STORAGE","reports\mle_dcm\boxcox\male_ascsOFF_q99\separate_2015\boxcox_male_ascsOFF_q99_mucmul_draws.csv","Z:\Hisham\EUROMOD-STORAGE\reports\mle_dcm\boxcox\male_ascsOFF_q99\separate_2015\boxcox_male_ascsOFF_q99_mucmul_draws.csv","boxcox_male_ascsOFF_q99_mucmul_draws.csv",".csv","30582","07-11-25 10:05:49"
"Z:\Hisham\EUROMOD-STORAGE","reports\mle_dcm\boxcox\male_ascsOFF_q99\separate_2015\boxcox_male_ascsOFF_q99_mucmul_summary.json","Z:\Hisham\EUROMOD-STORAGE\reports\mle_dcm\boxcox\male_ascsOFF_q99\separate_2015\boxcox_male_ascsOFF_q99_mucmul_summary.json","boxcox_male_ascsOFF_q99_mucmul_summary.json",".json","327","07-11-25 10:05:15"
"Z:\Hisham\EUROMOD-STORAGE","reports\mle_dcm\boxcox\male_ascsOFF_q99\separate_2015\boxcox_male_ascsOFF_q99_param_descriptions.json","Z:\Hisham\EUROMOD-STORAGE\reports\mle_dcm\boxcox\male_ascsOFF_q99\separate_2015\boxcox_male_ascsOFF_q99_param_descriptions.json","boxcox_male_ascsOFF_q99_param_descriptions.json",".json","568","07-11-25 10:05:15"
"Z:\Hisham\EUROMOD-STORAGE","reports\mle_dcm\boxcox\male_ascsOFF_q99\separate_2015\boxcox_male_ascsOFF_q99_param_labels.json","Z:\Hisham\EUROMOD-STORAGE\reports\mle_dcm\boxcox\male_ascsOFF_q99\separate_2015\boxcox_male_ascsOFF_q99_param_labels.json","boxcox_male_ascsOFF_q99_param_labels.json",".json","377","07-11-25 10:05:15"
"Z:\Hisham\EUROMOD-STORAGE","reports\mle_dcm\boxcox\male_ascsOFF_q99\separate_2015\boxcox_male_ascsOFF_q99_parameters.csv","Z:\Hisham\EUROMOD-STORAGE\reports\mle_dcm\boxcox\male_ascsOFF_q99\separate_2015\boxcox_male_ascsOFF_q99_parameters.csv","boxcox_male_ascsOFF_q99_parameters.csv",".csv","1211","07-11-25 10:05:15"
"Z:\Hisham\EUROMOD-STORAGE","reports\mle_dcm\boxcox\male_ascsOFF_q99\separate_2015\boxcox_male_ascsOFF_q99_util_decomp.csv","Z:\Hisham\EUROMOD-STORAGE\reports\mle_dcm\boxcox\male_ascsOFF_q99\separate_2015\boxcox_male_ascsOFF_q99_util_decomp.csv","boxcox_male_ascsOFF_q99_util_decomp.csv",".csv","346","07-11-25 10:05:49"
"Z:\Hisham\EUROMOD-STORAGE","reports\mle_dcm\boxcox\pooled_ascsOFF_q99\boxcox_pooled_ascsOFF_q99_analysis.html","Z:\Hisham\EUROMOD-STORAGE\reports\mle_dcm\boxcox\pooled_ascsOFF_q99\boxcox_pooled_ascsOFF_q99_analysis.html","boxcox_pooled_ascsOFF_q99_analysis.html",".html","11011","04-02-26 16:02:28"
"Z:\Hisham\EUROMOD-STORAGE","reports\mle_dcm\boxcox\pooled_ascsOFF_q99\boxcox_pooled_ascsOFF_q99_confusion.csv","Z:\Hisham\EUROMOD-STORAGE\reports\mle_dcm\boxcox\pooled_ascsOFF_q99\boxcox_pooled_ascsOFF_q99_confusion.csv","boxcox_pooled_ascsOFF_q99_confusion.csv",".csv","174","04-02-26 16:02:28"
"Z:\Hisham\EUROMOD-STORAGE","reports\mle_dcm\boxcox\pooled_ascsOFF_q99\boxcox_pooled_ascsOFF_q99_meta.json","Z:\Hisham\EUROMOD-STORAGE\reports\mle_dcm\boxcox\pooled_ascsOFF_q99\boxcox_pooled_ascsOFF_q99_meta.json","boxcox_pooled_ascsOFF_q99_meta.json",".json","1756","04-02-26 16:02:28"
"Z:\Hisham\EUROMOD-STORAGE","reports\mle_dcm\boxcox\pooled_ascsOFF_q99\boxcox_pooled_ascsOFF_q99_mucmul_draws.csv","Z:\Hisham\EUROMOD-STORAGE\reports\mle_dcm\boxcox\pooled_ascsOFF_q99\boxcox_pooled_ascsOFF_q99_mucmul_draws.csv","boxcox_pooled_ascsOFF_q99_mucmul_draws.csv",".csv","68716","04-02-26 16:02:28"
"Z:\Hisham\EUROMOD-STORAGE","reports\mle_dcm\boxcox\pooled_ascsOFF_q99\boxcox_pooled_ascsOFF_q99_mucmul_summary.json","Z:\Hisham\EUROMOD-STORAGE\reports\mle_dcm\boxcox\pooled_ascsOFF_q99\boxcox_pooled_ascsOFF_q99_mucmul_summary.json","boxcox_pooled_ascsOFF_q99_mucmul_summary.json",".json","328","04-02-26 16:02:28"
"Z:\Hisham\EUROMOD-STORAGE","reports\mle_dcm\boxcox\pooled_ascsOFF_q99\boxcox_pooled_ascsOFF_q99_param_descriptions.json","Z:\Hisham\EUROMOD-STORAGE\reports\mle_dcm\boxcox\pooled_ascsOFF_q99\boxcox_pooled_ascsOFF_q99_param_descriptions.json","boxcox_pooled_ascsOFF_q99_param_descriptions.json",".json","632","04-02-26 16:02:28"
"Z:\Hisham\EUROMOD-STORAGE","reports\mle_dcm\boxcox\pooled_ascsOFF_q99\boxcox_pooled_ascsOFF_q99_param_labels.json","Z:\Hisham\EUROMOD-STORAGE\reports\mle_dcm\boxcox\pooled_ascsOFF_q99\boxcox_pooled_ascsOFF_q99_param_labels.json","boxcox_pooled_ascsOFF_q99_param_labels.json",".json","427","04-02-26 16:02:28"
"Z:\Hisham\EUROMOD-STORAGE","reports\mle_dcm\boxcox\pooled_ascsOFF_q99\boxcox_pooled_ascsOFF_q99_parameters.csv","Z:\Hisham\EUROMOD-STORAGE\reports\mle_dcm\boxcox\pooled_ascsOFF_q99\boxcox_pooled_ascsOFF_q99_parameters.csv","boxcox_pooled_ascsOFF_q99_parameters.csv",".csv","1395","04-02-26 16:02:28"
"Z:\Hisham\EUROMOD-STORAGE","reports\mle_dcm\boxcox\pooled_ascsOFF_q99\boxcox_pooled_ascsOFF_q99_util_decomp.csv","Z:\Hisham\EUROMOD-STORAGE\reports\mle_dcm\boxcox\pooled_ascsOFF_q99\boxcox_pooled_ascsOFF_q99_util_decomp.csv","boxcox_pooled_ascsOFF_q99_util_decomp.csv",".csv","345","04-02-26 16:02:28"
"Z:\Hisham\EUROMOD-STORAGE","RURO1\_bestwithses1\2016\fr_2016_joint.json","Z:\Hisham\EUROMOD-STORAGE\RURO1\_bestwithses1\2016\fr_2016_joint.json","fr_2016_joint.json",".json","15297","07-12-25 02:13:05"
"Z:\Hisham\EUROMOD-STORAGE","RURO1\_bestwithses1\2016\identification_analysis.csv","Z:\Hisham\EUROMOD-STORAGE\RURO1\_bestwithses1\2016\identification_analysis.csv","identification_analysis.csv",".csv","12023","07-12-25 02:25:59"
"Z:\Hisham\EUROMOD-STORAGE","RURO1\_bestwithses1\2016\vw_joint_elasticities.csv","Z:\Hisham\EUROMOD-STORAGE\RURO1\_bestwithses1\2016\vw_joint_elasticities.csv","vw_joint_elasticities.csv",".csv","422","07-12-25 02:13:09"
"Z:\Hisham\EUROMOD-STORAGE","RURO1\_bestwithses1\2016\vw_joint_params.csv","Z:\Hisham\EUROMOD-STORAGE\RURO1\_bestwithses1\2016\vw_joint_params.csv","vw_joint_params.csv",".csv","10530","07-12-25 02:13:09"
"Z:\Hisham\EUROMOD-STORAGE","RURO1\_bestwithses1\2016\vw_joint_post_estimation_report.html","Z:\Hisham\EUROMOD-STORAGE\RURO1\_bestwithses1\2016\vw_joint_post_estimation_report.html","vw_joint_post_estimation_report.html",".html","56450","07-12-25 02:13:09"
"Z:\Hisham\EUROMOD-STORAGE","RURO1\2016\couples_filtering_final.parquet","Z:\Hisham\EUROMOD-STORAGE\RURO1\2016\couples_filtering_final.parquet","couples_filtering_final.parquet",".parquet","5843797","04-02-26 16:02:28"
"Z:\Hisham\EUROMOD-STORAGE","RURO1\2016\couples_RURO_ready.parquet","Z:\Hisham\EUROMOD-STORAGE\RURO1\2016\couples_RURO_ready.parquet","couples_RURO_ready.parquet",".parquet","6005080","04-02-26 16:02:28"
"Z:\Hisham\EUROMOD-STORAGE","RURO1\2016\fr_2016.parquet","Z:\Hisham\EUROMOD-STORAGE\RURO1\2016\fr_2016.parquet","fr_2016.parquet",".parquet","7461306","04-02-26 16:02:28"
"Z:\Hisham\EUROMOD-STORAGE","RURO1\2016\fr_2016_couples.parquet","Z:\Hisham\EUROMOD-STORAGE\RURO1\2016\fr_2016_couples.parquet","fr_2016_couples.parquet",".parquet","5845671","04-02-26 16:02:28"
"Z:\Hisham\EUROMOD-STORAGE","RURO1\2016\fr_2016_singles.parquet","Z:\Hisham\EUROMOD-STORAGE\RURO1\2016\fr_2016_singles.parquet","fr_2016_singles.parquet",".parquet","1940863","04-02-26 16:02:28"
"Z:\Hisham\EUROMOD-STORAGE","RURO1\2016\fr_2016_singles_female.parquet","Z:\Hisham\EUROMOD-STORAGE\RURO1\2016\fr_2016_singles_female.parquet","fr_2016_singles_female.parquet",".parquet","1218246","04-02-26 16:02:28"
"Z:\Hisham\EUROMOD-STORAGE","RURO1\2016\fr_2016_singles_male.parquet","Z:\Hisham\EUROMOD-STORAGE\RURO1\2016\fr_2016_singles_male.parquet","fr_2016_singles_male.parquet",".parquet","979456","04-02-26 16:02:28"
"Z:\Hisham\EUROMOD-STORAGE","RURO1\2016\singles_filtering_final.parquet","Z:\Hisham\EUROMOD-STORAGE\RURO1\2016\singles_filtering_final.parquet","singles_filtering_final.parquet",".parquet","1939927","04-02-26 16:02:28"
"Z:\Hisham\EUROMOD-STORAGE","RURO1\2016\singles_RURO_ready.parquet","Z:\Hisham\EUROMOD-STORAGE\RURO1\2016\singles_RURO_ready.parquet","singles_RURO_ready.parquet",".parquet","2026893","04-02-26 16:02:28"
"Z:\Hisham\EUROMOD-STORAGE","RURO1\2021\couples_filtering_final.parquet","Z:\Hisham\EUROMOD-STORAGE\RURO1\2021\couples_filtering_final.parquet","couples_filtering_final.parquet",".parquet","1275382","04-02-26 16:02:28"
"Z:\Hisham\EUROMOD-STORAGE","RURO1\2021\couples_RURO_ready.parquet","Z:\Hisham\EUROMOD-STORAGE\RURO1\2021\couples_RURO_ready.parquet","couples_RURO_ready.parquet",".parquet","1400815","04-02-26 16:02:28"
"Z:\Hisham\EUROMOD-STORAGE","RURO1\2021\couples_RURO_ready_RURO_draws.csv","Z:\Hisham\EUROMOD-STORAGE\RURO1\2021\couples_RURO_ready_RURO_draws.csv","couples_RURO_ready_RURO_draws.csv",".csv","500627931","04-02-26 16:02:31"
"Z:\Hisham\EUROMOD-STORAGE","RURO1\2021\couples_RURO_ready_RURO_draws.parquet","Z:\Hisham\EUROMOD-STORAGE\RURO1\2021\couples_RURO_ready_RURO_draws.parquet","couples_RURO_ready_RURO_draws.parquet",".parquet","23959781","04-02-26 16:02:31"
"Z:\Hisham\EUROMOD-STORAGE","RURO1\2021\FR_2021_c2_prepared_master.csv","Z:\Hisham\EUROMOD-STORAGE\RURO1\2021\FR_2021_c2_prepared_master.csv","FR_2021_c2_prepared_master.csv",".csv","27152343","04-02-26 16:02:32"
"Z:\Hisham\EUROMOD-STORAGE","RURO1\2021\fr_2021_clean.parquet","Z:\Hisham\EUROMOD-STORAGE\RURO1\2021\fr_2021_clean.parquet","fr_2021_clean.parquet",".parquet","6162530","04-02-26 16:02:32"
"Z:\Hisham\EUROMOD-STORAGE","RURO1\2021\fr_2021_RURO_mnl.csv","Z:\Hisham\EUROMOD-STORAGE\RURO1\2021\fr_2021_RURO_mnl.csv","fr_2021_RURO_mnl.csv",".csv","123347357","04-02-26 16:02:32"
"Z:\Hisham\EUROMOD-STORAGE","RURO1\2021\fr_2021_RURO_mnl.parquet","Z:\Hisham\EUROMOD-STORAGE\RURO1\2021\fr_2021_RURO_mnl.parquet","fr_2021_RURO_mnl.parquet",".parquet","31788943","04-02-26 16:02:33"
"Z:\Hisham\EUROMOD-STORAGE","RURO1\2021\outputs\couples_filtering_filtering_summary.csv","Z:\Hisham\EUROMOD-STORAGE\RURO1\2021\outputs\couples_filtering_filtering_summary.csv","couples_filtering_filtering_summary.csv",".csv","1311","04-02-26 16:02:34"
"Z:\Hisham\EUROMOD-STORAGE","RURO1\2021\outputs\singles_filtering_filtering_summary.csv","Z:\Hisham\EUROMOD-STORAGE\RURO1\2021\outputs\singles_filtering_filtering_summary.csv","singles_filtering_filtering_summary.csv",".csv","846","04-02-26 16:02:34"
"Z:\Hisham\EUROMOD-STORAGE","RURO1\2021\prep_meta.json","Z:\Hisham\EUROMOD-STORAGE\RURO1\2021\prep_meta.json","prep_meta.json",".json","286","04-02-26 16:02:33"
"Z:\Hisham\EUROMOD-STORAGE","RURO1\2021\singles_filtering_final.parquet","Z:\Hisham\EUROMOD-STORAGE\RURO1\2021\singles_filtering_final.parquet","singles_filtering_final.parquet",".parquet","713414","04-02-26 16:02:33"
"Z:\Hisham\EUROMOD-STORAGE","RURO1\2021\singles_final_filtered_female.parquet","Z:\Hisham\EUROMOD-STORAGE\RURO1\2021\singles_final_filtered_female.parquet","singles_final_filtered_female.parquet",".parquet","457546","04-02-26 16:02:33"
"Z:\Hisham\EUROMOD-STORAGE","RURO1\2021\singles_final_filtered_male.parquet","Z:\Hisham\EUROMOD-STORAGE\RURO1\2021\singles_final_filtered_male.parquet","singles_final_filtered_male.parquet",".parquet","390430","04-02-26 16:02:33"
"Z:\Hisham\EUROMOD-STORAGE","RURO1\2021\singles_RURO_ready.parquet","Z:\Hisham\EUROMOD-STORAGE\RURO1\2021\singles_RURO_ready.parquet","singles_RURO_ready.parquet",".parquet","773527","04-02-26 16:02:33"
"Z:\Hisham\EUROMOD-STORAGE","RURO1\2021\singles_RURO_ready_RURO_draws.csv","Z:\Hisham\EUROMOD-STORAGE\RURO1\2021\singles_RURO_ready_RURO_draws.csv","singles_RURO_ready_RURO_draws.csv",".csv","218986550","04-02-26 16:02:34"
"Z:\Hisham\EUROMOD-STORAGE","RURO1\2021\singles_RURO_ready_RURO_draws.parquet","Z:\Hisham\EUROMOD-STORAGE\RURO1\2021\singles_RURO_ready_RURO_draws.parquet","singles_RURO_ready_RURO_draws.parquet",".parquet","11640329","04-02-26 16:02:34"
"Z:\Hisham\EUROMOD-STORAGE","RURO1\actua_1\2016\fr_2016_couples_fast.json","Z:\Hisham\EUROMOD-STORAGE\RURO1\actua_1\2016\fr_2016_couples_fast.json","fr_2016_couples_fast.json",".json","4346","06-12-25 12:46:23"
"Z:\Hisham\EUROMOD-STORAGE","RURO1\actua_1\2016\fr_2016_couples_fixed.json","Z:\Hisham\EUROMOD-STORAGE\RURO1\actua_1\2016\fr_2016_couples_fixed.json","fr_2016_couples_fixed.json",".json","4223","06-12-25 12:59:09"
"Z:\Hisham\EUROMOD-STORAGE","RURO1\actua_1\2016\fr_2016_couples_loosebounds.json","Z:\Hisham\EUROMOD-STORAGE\RURO1\actua_1\2016\fr_2016_couples_loosebounds.json","fr_2016_couples_loosebounds.json",".json","4357","06-12-25 13:38:43"
"Z:\Hisham\EUROMOD-STORAGE","RURO1\actua_1\2016\fr_2016_couples_test.json","Z:\Hisham\EUROMOD-STORAGE\RURO1\actua_1\2016\fr_2016_couples_test.json","fr_2016_couples_test.json",".json","4353","06-12-25 12:37:32"
"Z:\Hisham\EUROMOD-STORAGE","RURO1\actua_1\2016\fr_2016_joint.json","Z:\Hisham\EUROMOD-STORAGE\RURO1\actua_1\2016\fr_2016_joint.json","fr_2016_joint.json",".json","7392","06-12-25 16:14:20"
"Z:\Hisham\EUROMOD-STORAGE","RURO1\actua_1\2016\fr_2016_single_females.json","Z:\Hisham\EUROMOD-STORAGE\RURO1\actua_1\2016\fr_2016_single_females.json","fr_2016_single_females.json",".json","2132","06-12-25 11:38:30"
"Z:\Hisham\EUROMOD-STORAGE","RURO1\actua_1\2016\fr_2016_single_males.json","Z:\Hisham\EUROMOD-STORAGE\RURO1\actua_1\2016\fr_2016_single_males.json","fr_2016_single_males.json",".json","2155","06-12-25 11:37:52"
"Z:\Hisham\EUROMOD-STORAGE","RURO1\actua_1\2016\vw_joint_elasticities.csv","Z:\Hisham\EUROMOD-STORAGE\RURO1\actua_1\2016\vw_joint_elasticities.csv","vw_joint_elasticities.csv",".csv","395","06-12-25 16:14:23"
"Z:\Hisham\EUROMOD-STORAGE","RURO1\actua_1\2016\vw_joint_params.csv","Z:\Hisham\EUROMOD-STORAGE\RURO1\actua_1\2016\vw_joint_params.csv","vw_joint_params.csv",".csv","4060","06-12-25 16:14:24"
"Z:\Hisham\EUROMOD-STORAGE","RURO1\actua_1\2016\vw_joint_post_estimation_report.html","Z:\Hisham\EUROMOD-STORAGE\RURO1\actua_1\2016\vw_joint_post_estimation_report.html","vw_joint_post_estimation_report.html",".html","26083","06-12-25 16:14:24"
"Z:\Hisham\EUROMOD-STORAGE","RURO1\bad_results\results2\ruro_boxcox_groupopps_parameters.csv","Z:\Hisham\EUROMOD-STORAGE\RURO1\bad_results\results2\ruro_boxcox_groupopps_parameters.csv","ruro_boxcox_groupopps_parameters.csv",".csv","3390","04-02-26 16:02:36"
"Z:\Hisham\EUROMOD-STORAGE","RURO1\bad_results\results2\ruro_boxcox_groupopps_results.json","Z:\Hisham\EUROMOD-STORAGE\RURO1\bad_results\results2\ruro_boxcox_groupopps_results.json","ruro_boxcox_groupopps_results.json",".json","12022","04-02-26 16:02:36"
"Z:\Hisham\EUROMOD-STORAGE","RURO1\bad_results\results2\ruro_boxcox_groupopps_summary.html","Z:\Hisham\EUROMOD-STORAGE\RURO1\bad_results\results2\ruro_boxcox_groupopps_summary.html","ruro_boxcox_groupopps_summary.html",".html","812","04-02-26 16:02:36"
"Z:\Hisham\EUROMOD-STORAGE","RURO1\best_by_far\fr_2016_joint.json","Z:\Hisham\EUROMOD-STORAGE\RURO1\best_by_far\fr_2016_joint.json","fr_2016_joint.json",".json","12571","06-12-25 21:30:40"
"Z:\Hisham\EUROMOD-STORAGE","RURO1\best_by_far\vw_joint_elasticities.csv","Z:\Hisham\EUROMOD-STORAGE\RURO1\best_by_far\vw_joint_elasticities.csv","vw_joint_elasticities.csv",".csv","423","06-12-25 21:30:44"
"Z:\Hisham\EUROMOD-STORAGE","RURO1\best_by_far\vw_joint_params.csv","Z:\Hisham\EUROMOD-STORAGE\RURO1\best_by_far\vw_joint_params.csv","vw_joint_params.csv",".csv","6810","06-12-25 21:30:44"
"Z:\Hisham\EUROMOD-STORAGE","RURO1\best_by_far\vw_joint_post_estimation_report_lim.html","Z:\Hisham\EUROMOD-STORAGE\RURO1\best_by_far\vw_joint_post_estimation_report_lim.html","vw_joint_post_estimation_report_lim.html",".html","51586","06-12-25 21:30:44"
"Z:\Hisham\EUROMOD-STORAGE","RURO1\enhanced_results1\2016\fr_2016_couples_fast.json","Z:\Hisham\EUROMOD-STORAGE\RURO1\enhanced_results1\2016\fr_2016_couples_fast.json","fr_2016_couples_fast.json",".json","4346","06-12-25 12:46:23"
"Z:\Hisham\EUROMOD-STORAGE","RURO1\enhanced_results1\2016\fr_2016_couples_fixed.json","Z:\Hisham\EUROMOD-STORAGE\RURO1\enhanced_results1\2016\fr_2016_couples_fixed.json","fr_2016_couples_fixed.json",".json","4223","06-12-25 12:59:09"
"Z:\Hisham\EUROMOD-STORAGE","RURO1\enhanced_results1\2016\fr_2016_couples_loosebounds.json","Z:\Hisham\EUROMOD-STORAGE\RURO1\enhanced_results1\2016\fr_2016_couples_loosebounds.json","fr_2016_couples_loosebounds.json",".json","4357","06-12-25 13:38:43"
"Z:\Hisham\EUROMOD-STORAGE","RURO1\enhanced_results1\2016\fr_2016_couples_test.json","Z:\Hisham\EUROMOD-STORAGE\RURO1\enhanced_results1\2016\fr_2016_couples_test.json","fr_2016_couples_test.json",".json","4353","06-12-25 12:37:32"
"Z:\Hisham\EUROMOD-STORAGE","RURO1\enhanced_results1\2016\fr_2016_joint.json","Z:\Hisham\EUROMOD-STORAGE\RURO1\enhanced_results1\2016\fr_2016_joint.json","fr_2016_joint.json",".json","12533","06-12-25 17:03:16"
"Z:\Hisham\EUROMOD-STORAGE","RURO1\enhanced_results1\2016\fr_2016_single_females.json","Z:\Hisham\EUROMOD-STORAGE\RURO1\enhanced_results1\2016\fr_2016_single_females.json","fr_2016_single_females.json",".json","2132","06-12-25 11:38:30"
"Z:\Hisham\EUROMOD-STORAGE","RURO1\enhanced_results1\2016\fr_2016_single_males.json","Z:\Hisham\EUROMOD-STORAGE\RURO1\enhanced_results1\2016\fr_2016_single_males.json","fr_2016_single_males.json",".json","2155","06-12-25 11:37:52"
"Z:\Hisham\EUROMOD-STORAGE","RURO1\enhanced_results1\2016\vw_joint_elasticities.csv","Z:\Hisham\EUROMOD-STORAGE\RURO1\enhanced_results1\2016\vw_joint_elasticities.csv","vw_joint_elasticities.csv",".csv","405","06-12-25 17:03:19"
"Z:\Hisham\EUROMOD-STORAGE","RURO1\enhanced_results1\2016\vw_joint_params.csv","Z:\Hisham\EUROMOD-STORAGE\RURO1\enhanced_results1\2016\vw_joint_params.csv","vw_joint_params.csv",".csv","6756","06-12-25 17:03:19"
"Z:\Hisham\EUROMOD-STORAGE","RURO1\enhanced_results1\2016\vw_joint_post_estimation_report.html","Z:\Hisham\EUROMOD-STORAGE\RURO1\enhanced_results1\2016\vw_joint_post_estimation_report.html","vw_joint_post_estimation_report.html",".html","47746","06-12-25 17:03:20"
"Z:\Hisham\EUROMOD-STORAGE","RURO1\enhanced_results1\post_estimation\fr\2016\joint\vw_pooled_post_estimation_report.html","Z:\Hisham\EUROMOD-STORAGE\RURO1\enhanced_results1\post_estimation\fr\2016\joint\vw_pooled_post_estimation_report.html","vw_pooled_post_estimation_report.html",".html","22003","04-02-26 16:02:39"
"Z:\Hisham\EUROMOD-STORAGE","RURO1\enhanced_results1\post_estimation\fr\2016\joint_full\vw_pooled_post_estimation_report.html","Z:\Hisham\EUROMOD-STORAGE\RURO1\enhanced_results1\post_estimation\fr\2016\joint_full\vw_pooled_post_estimation_report.html","vw_pooled_post_estimation_report.html",".html","21964","04-02-26 16:02:39"
"Z:\Hisham\EUROMOD-STORAGE","RURO1\enhanced_results1\post_estimation\fr\2016\joint_test\vw_pooled_post_estimation_report.html","Z:\Hisham\EUROMOD-STORAGE\RURO1\enhanced_results1\post_estimation\fr\2016\joint_test\vw_pooled_post_estimation_report.html","vw_pooled_post_estimation_report.html",".html","21963","04-02-26 16:02:39"
"Z:\Hisham\EUROMOD-STORAGE","RURO1\enhanced_results1\post_estimation\fr\2016\single_males\vw_m_post_estimation_report.html","Z:\Hisham\EUROMOD-STORAGE\RURO1\enhanced_results1\post_estimation\fr\2016\single_males\vw_m_post_estimation_report.html","vw_m_post_estimation_report.html",".html","11982","04-02-26 16:02:39"
"Z:\Hisham\EUROMOD-STORAGE","RURO1\enhanced_results1\prep\fr\2016\fr_2016_singles_stats.csv","Z:\Hisham\EUROMOD-STORAGE\RURO1\enhanced_results1\prep\fr\2016\fr_2016_singles_stats.csv","fr_2016_singles_stats.csv",".csv","347","04-02-26 16:02:39"
"Z:\Hisham\EUROMOD-STORAGE","RURO1\enhanced_results1\prep\fr\2016\fr_2016_stats.csv","Z:\Hisham\EUROMOD-STORAGE\RURO1\enhanced_results1\prep\fr\2016\fr_2016_stats.csv","fr_2016_stats.csv",".csv","426","04-02-26 16:02:39"
"Z:\Hisham\EUROMOD-STORAGE","RURO1\enhanced_results1\vw_joint_elasticities.csv","Z:\Hisham\EUROMOD-STORAGE\RURO1\enhanced_results1\vw_joint_elasticities.csv","vw_joint_elasticities.csv",".csv","415","06-12-25 18:23:44"
"Z:\Hisham\EUROMOD-STORAGE","RURO1\enhanced_results1\vw_joint_params.csv","Z:\Hisham\EUROMOD-STORAGE\RURO1\enhanced_results1\vw_joint_params.csv","vw_joint_params.csv",".csv","6835","06-12-25 18:23:45"
"Z:\Hisham\EUROMOD-STORAGE","RURO1\enhanced_results1\vw_joint_post_estimation_report.html","Z:\Hisham\EUROMOD-STORAGE\RURO1\enhanced_results1\vw_joint_post_estimation_report.html","vw_joint_post_estimation_report.html",".html","51694","06-12-25 18:23:45"
"Z:\Hisham\EUROMOD-STORAGE","RURO1\perpartion_2016\2016\fr_2016_singles_stats.csv","Z:\Hisham\EUROMOD-STORAGE\RURO1\perpartion_2016\2016\fr_2016_singles_stats.csv","fr_2016_singles_stats.csv",".csv","347","04-02-26 16:02:40"
"Z:\Hisham\EUROMOD-STORAGE","RURO1\perpartion_2016\2016\fr_2016_stats.csv","Z:\Hisham\EUROMOD-STORAGE\RURO1\perpartion_2016\2016\fr_2016_stats.csv","fr_2016_stats.csv",".csv","426","04-02-26 16:02:40"
"Z:\Hisham\EUROMOD-STORAGE","RURO1\try1\couples_filtering_final.parquet","Z:\Hisham\EUROMOD-STORAGE\RURO1\try1\couples_filtering_final.parquet","couples_filtering_final.parquet",".parquet","1275382","04-02-26 16:02:41"
"Z:\Hisham\EUROMOD-STORAGE","RURO1\try1\couples_RURO_ready.parquet","Z:\Hisham\EUROMOD-STORAGE\RURO1\try1\couples_RURO_ready.parquet","couples_RURO_ready.parquet",".parquet","1400815","04-02-26 16:02:41"
"Z:\Hisham\EUROMOD-STORAGE","RURO1\try1\couples_RURO_ready_RURO_draws.csv","Z:\Hisham\EUROMOD-STORAGE\RURO1\try1\couples_RURO_ready_RURO_draws.csv","couples_RURO_ready_RURO_draws.csv",".csv","500627931","04-02-26 16:02:41"
"Z:\Hisham\EUROMOD-STORAGE","RURO1\try1\couples_RURO_ready_RURO_draws.parquet","Z:\Hisham\EUROMOD-STORAGE\RURO1\try1\couples_RURO_ready_RURO_draws.parquet","couples_RURO_ready_RURO_draws.parquet",".parquet","23959781","04-02-26 16:02:42"
"Z:\Hisham\EUROMOD-STORAGE","RURO1\try1\FR_2021_c2_prepared_master.csv","Z:\Hisham\EUROMOD-STORAGE\RURO1\try1\FR_2021_c2_prepared_master.csv","FR_2021_c2_prepared_master.csv",".csv","27152343","04-02-26 16:02:42"
"Z:\Hisham\EUROMOD-STORAGE","RURO1\try1\fr_2021_clean.parquet","Z:\Hisham\EUROMOD-STORAGE\RURO1\try1\fr_2021_clean.parquet","fr_2021_clean.parquet",".parquet","6162530","04-02-26 16:02:42"
"Z:\Hisham\EUROMOD-STORAGE","RURO1\try1\fr_2021_RURO_mnl.csv","Z:\Hisham\EUROMOD-STORAGE\RURO1\try1\fr_2021_RURO_mnl.csv","fr_2021_RURO_mnl.csv",".csv","111638860","04-02-26 16:02:42"
"Z:\Hisham\EUROMOD-STORAGE","RURO1\try1\fr_2021_RURO_mnl.parquet","Z:\Hisham\EUROMOD-STORAGE\RURO1\try1\fr_2021_RURO_mnl.parquet","fr_2021_RURO_mnl.parquet",".parquet","36703242","04-02-26 16:02:42"
"Z:\Hisham\EUROMOD-STORAGE","RURO1\try1\outputs\couples_filtering_filtering_summary.csv","Z:\Hisham\EUROMOD-STORAGE\RURO1\try1\outputs\couples_filtering_filtering_summary.csv","couples_filtering_filtering_summary.csv",".csv","1311","04-02-26 16:02:43"
"Z:\Hisham\EUROMOD-STORAGE","RURO1\try1\outputs\singles_filtering_filtering_summary.csv","Z:\Hisham\EUROMOD-STORAGE\RURO1\try1\outputs\singles_filtering_filtering_summary.csv","singles_filtering_filtering_summary.csv",".csv","846","04-02-26 16:02:43"
"Z:\Hisham\EUROMOD-STORAGE","RURO1\try1\prep_meta.json","Z:\Hisham\EUROMOD-STORAGE\RURO1\try1\prep_meta.json","prep_meta.json",".json","286","04-02-26 16:02:42"
"Z:\Hisham\EUROMOD-STORAGE","RURO1\try1\singles_filtering_final.parquet","Z:\Hisham\EUROMOD-STORAGE\RURO1\try1\singles_filtering_final.parquet","singles_filtering_final.parquet",".parquet","713414","04-02-26 16:02:43"
"Z:\Hisham\EUROMOD-STORAGE","RURO1\try1\singles_final_filtered_female.parquet","Z:\Hisham\EUROMOD-STORAGE\RURO1\try1\singles_final_filtered_female.parquet","singles_final_filtered_female.parquet",".parquet","457546","04-02-26 16:02:43"
"Z:\Hisham\EUROMOD-STORAGE","RURO1\try1\singles_final_filtered_male.parquet","Z:\Hisham\EUROMOD-STORAGE\RURO1\try1\singles_final_filtered_male.parquet","singles_final_filtered_male.parquet",".parquet","390430","04-02-26 16:02:43"
"Z:\Hisham\EUROMOD-STORAGE","RURO1\try1\singles_RURO_ready.parquet","Z:\Hisham\EUROMOD-STORAGE\RURO1\try1\singles_RURO_ready.parquet","singles_RURO_ready.parquet",".parquet","773527","04-02-26 16:02:43"
"Z:\Hisham\EUROMOD-STORAGE","RURO1\try1\singles_RURO_ready_RURO_draws.csv","Z:\Hisham\EUROMOD-STORAGE\RURO1\try1\singles_RURO_ready_RURO_draws.csv","singles_RURO_ready_RURO_draws.csv",".csv","218986550","04-02-26 16:02:43"
"Z:\Hisham\EUROMOD-STORAGE","RURO1\try1\singles_RURO_ready_RURO_draws.parquet","Z:\Hisham\EUROMOD-STORAGE\RURO1\try1\singles_RURO_ready_RURO_draws.parquet","singles_RURO_ready_RURO_draws.parquet",".parquet","11640329","04-02-26 16:02:43"
"Z:\Hisham\EUROMOD-STORAGE","RURO1\try2\2021\couples_filtering_final.parquet","Z:\Hisham\EUROMOD-STORAGE\RURO1\try2\2021\couples_filtering_final.parquet","couples_filtering_final.parquet",".parquet","1275382","04-02-26 16:02:44"
"Z:\Hisham\EUROMOD-STORAGE","RURO1\try2\2021\couples_RURO_ready.parquet","Z:\Hisham\EUROMOD-STORAGE\RURO1\try2\2021\couples_RURO_ready.parquet","couples_RURO_ready.parquet",".parquet","1400815","04-02-26 16:02:44"
"Z:\Hisham\EUROMOD-STORAGE","RURO1\try2\2021\couples_RURO_ready_RURO_draws.csv","Z:\Hisham\EUROMOD-STORAGE\RURO1\try2\2021\couples_RURO_ready_RURO_draws.csv","couples_RURO_ready_RURO_draws.csv",".csv","500627931","04-02-26 16:02:45"
"Z:\Hisham\EUROMOD-STORAGE","RURO1\try2\2021\couples_RURO_ready_RURO_draws.parquet","Z:\Hisham\EUROMOD-STORAGE\RURO1\try2\2021\couples_RURO_ready_RURO_draws.parquet","couples_RURO_ready_RURO_draws.parquet",".parquet","23959781","04-02-26 16:02:45"
"Z:\Hisham\EUROMOD-STORAGE","RURO1\try2\2021\FR_2021_c2_prepared_master.csv","Z:\Hisham\EUROMOD-STORAGE\RURO1\try2\2021\FR_2021_c2_prepared_master.csv","FR_2021_c2_prepared_master.csv",".csv","27152343","04-02-26 16:02:45"
"Z:\Hisham\EUROMOD-STORAGE","RURO1\try2\2021\fr_2021_clean.parquet","Z:\Hisham\EUROMOD-STORAGE\RURO1\try2\2021\fr_2021_clean.parquet","fr_2021_clean.parquet",".parquet","6162530","04-02-26 16:02:45"
"Z:\Hisham\EUROMOD-STORAGE","RURO1\try2\2021\outputs\couples_filtering_filtering_summary.csv","Z:\Hisham\EUROMOD-STORAGE\RURO1\try2\2021\outputs\couples_filtering_filtering_summary.csv","couples_filtering_filtering_summary.csv",".csv","1311","04-02-26 16:02:46"
"Z:\Hisham\EUROMOD-STORAGE","RURO1\try2\2021\outputs\singles_filtering_filtering_summary.csv","Z:\Hisham\EUROMOD-STORAGE\RURO1\try2\2021\outputs\singles_filtering_filtering_summary.csv","singles_filtering_filtering_summary.csv",".csv","846","04-02-26 16:02:46"
"Z:\Hisham\EUROMOD-STORAGE","RURO1\try2\2021\prep_meta.json","Z:\Hisham\EUROMOD-STORAGE\RURO1\try2\2021\prep_meta.json","prep_meta.json",".json","286","04-02-26 16:02:45"
"Z:\Hisham\EUROMOD-STORAGE","RURO1\try2\2021\singles_filtering_final.parquet","Z:\Hisham\EUROMOD-STORAGE\RURO1\try2\2021\singles_filtering_final.parquet","singles_filtering_final.parquet",".parquet","713414","04-02-26 16:02:45"
"Z:\Hisham\EUROMOD-STORAGE","RURO1\try2\2021\singles_final_filtered_female.parquet","Z:\Hisham\EUROMOD-STORAGE\RURO1\try2\2021\singles_final_filtered_female.parquet","singles_final_filtered_female.parquet",".parquet","457546","04-02-26 16:02:45"
"Z:\Hisham\EUROMOD-STORAGE","RURO1\try2\2021\singles_final_filtered_male.parquet","Z:\Hisham\EUROMOD-STORAGE\RURO1\try2\2021\singles_final_filtered_male.parquet","singles_final_filtered_male.parquet",".parquet","390430","04-02-26 16:02:45"
"Z:\Hisham\EUROMOD-STORAGE","RURO1\try2\2021\singles_RURO_ready.parquet","Z:\Hisham\EUROMOD-STORAGE\RURO1\try2\2021\singles_RURO_ready.parquet","singles_RURO_ready.parquet",".parquet","773527","04-02-26 16:02:45"
"Z:\Hisham\EUROMOD-STORAGE","RURO1\try2\2021\singles_RURO_ready_RURO_draws.csv","Z:\Hisham\EUROMOD-STORAGE\RURO1\try2\2021\singles_RURO_ready_RURO_draws.csv","singles_RURO_ready_RURO_draws.csv",".csv","218986550","04-02-26 16:02:46"
"Z:\Hisham\EUROMOD-STORAGE","RURO1\try2\2021\singles_RURO_ready_RURO_draws.parquet","Z:\Hisham\EUROMOD-STORAGE\RURO1\try2\2021\singles_RURO_ready_RURO_draws.parquet","singles_RURO_ready_RURO_draws.parquet",".parquet","11640329","04-02-26 16:02:46"
"Z:\Hisham\EUROMOD-STORAGE","RURO1\try3\2021\couples_filtering_final.parquet","Z:\Hisham\EUROMOD-STORAGE\RURO1\try3\2021\couples_filtering_final.parquet","couples_filtering_final.parquet",".parquet","1275382","04-02-26 16:02:47"
"Z:\Hisham\EUROMOD-STORAGE","RURO1\try3\2021\couples_RURO_ready.parquet","Z:\Hisham\EUROMOD-STORAGE\RURO1\try3\2021\couples_RURO_ready.parquet","couples_RURO_ready.parquet",".parquet","1400811","04-02-26 16:02:47"
"Z:\Hisham\EUROMOD-STORAGE","RURO1\try3\2021\couples_RURO_ready_RURO_draws.csv","Z:\Hisham\EUROMOD-STORAGE\RURO1\try3\2021\couples_RURO_ready_RURO_draws.csv","couples_RURO_ready_RURO_draws.csv",".csv","500672831","04-02-26 16:02:50"
"Z:\Hisham\EUROMOD-STORAGE","RURO1\try3\2021\couples_RURO_ready_RURO_draws.parquet","Z:\Hisham\EUROMOD-STORAGE\RURO1\try3\2021\couples_RURO_ready_RURO_draws.parquet","couples_RURO_ready_RURO_draws.parquet",".parquet","23959791","04-02-26 16:02:50"
"Z:\Hisham\EUROMOD-STORAGE","RURO1\try3\2021\FR_2021_c2_prepared_master.csv","Z:\Hisham\EUROMOD-STORAGE\RURO1\try3\2021\FR_2021_c2_prepared_master.csv","FR_2021_c2_prepared_master.csv",".csv","27152343","04-02-26 16:02:50"
"Z:\Hisham\EUROMOD-STORAGE","RURO1\try3\2021\fr_2021_clean.parquet","Z:\Hisham\EUROMOD-STORAGE\RURO1\try3\2021\fr_2021_clean.parquet","fr_2021_clean.parquet",".parquet","6162530","04-02-26 16:02:50"
"Z:\Hisham\EUROMOD-STORAGE","RURO1\try3\2021\fr_2021_RURO_mnl.csv","Z:\Hisham\EUROMOD-STORAGE\RURO1\try3\2021\fr_2021_RURO_mnl.csv","fr_2021_RURO_mnl.csv",".csv","2734143812","04-02-26 16:03:05"
"Z:\Hisham\EUROMOD-STORAGE","RURO1\try3\2021\fr_2021_RURO_mnl.parquet","Z:\Hisham\EUROMOD-STORAGE\RURO1\try3\2021\fr_2021_RURO_mnl.parquet","fr_2021_RURO_mnl.parquet",".parquet","148015528","04-02-26 16:03:06"
"Z:\Hisham\EUROMOD-STORAGE","RURO1\try3\2021\fr_2021_RURO_mnl_trim.parquet","Z:\Hisham\EUROMOD-STORAGE\RURO1\try3\2021\fr_2021_RURO_mnl_trim.parquet","fr_2021_RURO_mnl_trim.parquet",".parquet","26565785","04-02-26 16:03:06"
"Z:\Hisham\EUROMOD-STORAGE","RURO1\try3\2021\outputs\couples_filtering_filtering_summary.csv","Z:\Hisham\EUROMOD-STORAGE\RURO1\try3\2021\outputs\couples_filtering_filtering_summary.csv","couples_filtering_filtering_summary.csv",".csv","1311","04-02-26 16:03:07"
"Z:\Hisham\EUROMOD-STORAGE","RURO1\try3\2021\outputs\singles_filtering_filtering_summary.csv","Z:\Hisham\EUROMOD-STORAGE\RURO1\try3\2021\outputs\singles_filtering_filtering_summary.csv","singles_filtering_filtering_summary.csv",".csv","846","04-02-26 16:03:07"
"Z:\Hisham\EUROMOD-STORAGE","RURO1\try3\2021\prep_meta.json","Z:\Hisham\EUROMOD-STORAGE\RURO1\try3\2021\prep_meta.json","prep_meta.json",".json","286","04-02-26 16:03:06"
"Z:\Hisham\EUROMOD-STORAGE","RURO1\try3\2021\singles_filtering_final.parquet","Z:\Hisham\EUROMOD-STORAGE\RURO1\try3\2021\singles_filtering_final.parquet","singles_filtering_final.parquet",".parquet","713414","04-02-26 16:03:06"
"Z:\Hisham\EUROMOD-STORAGE","RURO1\try3\2021\singles_final_filtered_female.parquet","Z:\Hisham\EUROMOD-STORAGE\RURO1\try3\2021\singles_final_filtered_female.parquet","singles_final_filtered_female.parquet",".parquet","457546","04-02-26 16:03:06"
"Z:\Hisham\EUROMOD-STORAGE","RURO1\try3\2021\singles_final_filtered_male.parquet","Z:\Hisham\EUROMOD-STORAGE\RURO1\try3\2021\singles_final_filtered_male.parquet","singles_final_filtered_male.parquet",".parquet","390430","04-02-26 16:03:06"
"Z:\Hisham\EUROMOD-STORAGE","RURO1\try3\2021\singles_RURO_ready.parquet","Z:\Hisham\EUROMOD-STORAGE\RURO1\try3\2021\singles_RURO_ready.parquet","singles_RURO_ready.parquet",".parquet","773527","04-02-26 16:03:06"
"Z:\Hisham\EUROMOD-STORAGE","RURO1\try3\2021\singles_RURO_ready_RURO_draws.csv","Z:\Hisham\EUROMOD-STORAGE\RURO1\try3\2021\singles_RURO_ready_RURO_draws.csv","singles_RURO_ready_RURO_draws.csv",".csv","219006090","04-02-26 16:03:07"
"Z:\Hisham\EUROMOD-STORAGE","RURO1\try3\2021\singles_RURO_ready_RURO_draws.parquet","Z:\Hisham\EUROMOD-STORAGE\RURO1\try3\2021\singles_RURO_ready_RURO_draws.parquet","singles_RURO_ready_RURO_draws.parquet",".parquet","11640331","04-02-26 16:03:07"
"Z:\Hisham\EUROMOD-STORAGE","RURO1\try4\2021\couples_filtering_final.parquet","Z:\Hisham\EUROMOD-STORAGE\RURO1\try4\2021\couples_filtering_final.parquet","couples_filtering_final.parquet",".parquet","1275382","04-02-26 16:03:08"
"Z:\Hisham\EUROMOD-STORAGE","RURO1\try4\2021\couples_RURO_ready.parquet","Z:\Hisham\EUROMOD-STORAGE\RURO1\try4\2021\couples_RURO_ready.parquet","couples_RURO_ready.parquet",".parquet","1400811","04-02-26 16:03:08"
"Z:\Hisham\EUROMOD-STORAGE","RURO1\try4\2021\couples_RURO_ready_RURO_draws.parquet","Z:\Hisham\EUROMOD-STORAGE\RURO1\try4\2021\couples_RURO_ready_RURO_draws.parquet","couples_RURO_ready_RURO_draws.parquet",".parquet","23959791","04-02-26 16:03:08"
"Z:\Hisham\EUROMOD-STORAGE","RURO1\try4\2021\FR_2021_c2_prepared_master.csv","Z:\Hisham\EUROMOD-STORAGE\RURO1\try4\2021\FR_2021_c2_prepared_master.csv","FR_2021_c2_prepared_master.csv",".csv","27152343","04-02-26 16:03:09"
"Z:\Hisham\EUROMOD-STORAGE","RURO1\try4\2021\fr_2021_clean.parquet","Z:\Hisham\EUROMOD-STORAGE\RURO1\try4\2021\fr_2021_clean.parquet","fr_2021_clean.parquet",".parquet","6162530","04-02-26 16:03:09"
"Z:\Hisham\EUROMOD-STORAGE","RURO1\try4\2021\fr_2021_RURO_mnl.parquet","Z:\Hisham\EUROMOD-STORAGE\RURO1\try4\2021\fr_2021_RURO_mnl.parquet","fr_2021_RURO_mnl.parquet",".parquet","148015528","04-02-26 16:03:09"
"Z:\Hisham\EUROMOD-STORAGE","RURO1\try4\2021\fr_2021_RURO_mnl_trim.parquet","Z:\Hisham\EUROMOD-STORAGE\RURO1\try4\2021\fr_2021_RURO_mnl_trim.parquet","fr_2021_RURO_mnl_trim.parquet",".parquet","26565785","04-02-26 16:03:09"
"Z:\Hisham\EUROMOD-STORAGE","RURO1\try4\2021\outputs\couples_filtering_filtering_summary.csv","Z:\Hisham\EUROMOD-STORAGE\RURO1\try4\2021\outputs\couples_filtering_filtering_summary.csv","couples_filtering_filtering_summary.csv",".csv","1311","04-02-26 16:03:09"
"Z:\Hisham\EUROMOD-STORAGE","RURO1\try4\2021\outputs\singles_filtering_filtering_summary.csv","Z:\Hisham\EUROMOD-STORAGE\RURO1\try4\2021\outputs\singles_filtering_filtering_summary.csv","singles_filtering_filtering_summary.csv",".csv","846","04-02-26 16:03:09"
"Z:\Hisham\EUROMOD-STORAGE","RURO1\try4\2021\prep_meta.json","Z:\Hisham\EUROMOD-STORAGE\RURO1\try4\2021\prep_meta.json","prep_meta.json",".json","286","04-02-26 16:03:09"
"Z:\Hisham\EUROMOD-STORAGE","RURO1\try4\2021\singles_filtering_final.parquet","Z:\Hisham\EUROMOD-STORAGE\RURO1\try4\2021\singles_filtering_final.parquet","singles_filtering_final.parquet",".parquet","713414","04-02-26 16:03:09"
"Z:\Hisham\EUROMOD-STORAGE","RURO1\try4\2021\singles_final_filtered_female.parquet","Z:\Hisham\EUROMOD-STORAGE\RURO1\try4\2021\singles_final_filtered_female.parquet","singles_final_filtered_female.parquet",".parquet","457546","04-02-26 16:03:09"
"Z:\Hisham\EUROMOD-STORAGE","RURO1\try4\2021\singles_final_filtered_male.parquet","Z:\Hisham\EUROMOD-STORAGE\RURO1\try4\2021\singles_final_filtered_male.parquet","singles_final_filtered_male.parquet",".parquet","390430","04-02-26 16:03:09"
"Z:\Hisham\EUROMOD-STORAGE","RURO1\try4\2021\singles_RURO_ready.parquet","Z:\Hisham\EUROMOD-STORAGE\RURO1\try4\2021\singles_RURO_ready.parquet","singles_RURO_ready.parquet",".parquet","773527","04-02-26 16:03:09"
"Z:\Hisham\EUROMOD-STORAGE","RURO1\try4\2021\singles_RURO_ready_RURO_draws.parquet","Z:\Hisham\EUROMOD-STORAGE\RURO1\try4\2021\singles_RURO_ready_RURO_draws.parquet","singles_RURO_ready_RURO_draws.parquet",".parquet","11640331","04-02-26 16:03:09"
"Z:\Hisham\EUROMOD-STORAGE_1","Data\processed\fr\2016\couples_RURO_ready.parquet","Z:\Hisham\EUROMOD-STORAGE_1\Data\processed\fr\2016\couples_RURO_ready.parquet","couples_RURO_ready.parquet",".parquet","7195830","05-01-26 15:02:59"
"Z:\Hisham\EUROMOD-STORAGE_1","Data\processed\fr\2016\couples_RURO_ready__colgroups.json","Z:\Hisham\EUROMOD-STORAGE_1\Data\processed\fr\2016\couples_RURO_ready__colgroups.json","couples_RURO_ready__colgroups.json",".json","18196","05-01-26 15:02:59"
"Z:\Hisham\EUROMOD-STORAGE_1","Data\processed\fr\2016\couples_RURO_ready_RURO_draws.parquet","Z:\Hisham\EUROMOD-STORAGE_1\Data\processed\fr\2016\couples_RURO_ready_RURO_draws.parquet","couples_RURO_ready_RURO_draws.parquet",".parquet","35489416","05-01-26 15:03:35"
"Z:\Hisham\EUROMOD-STORAGE_1","Data\processed\fr\2016\couples_RURO_ready_RURO_draws__drawsmeta.json","Z:\Hisham\EUROMOD-STORAGE_1\Data\processed\fr\2016\couples_RURO_ready_RURO_draws__drawsmeta.json","couples_RURO_ready_RURO_draws__drawsmeta.json",".json","11595","05-01-26 15:03:35"
"Z:\Hisham\EUROMOD-STORAGE_1","Data\processed\fr\2016\fr_2016.parquet","Z:\Hisham\EUROMOD-STORAGE_1\Data\processed\fr\2016\fr_2016.parquet","fr_2016.parquet",".parquet","9110164","18-01-26 22:21:14"
"Z:\Hisham\EUROMOD-STORAGE_1","Data\processed\fr\2016\fr_2016__colgroups.json","Z:\Hisham\EUROMOD-STORAGE_1\Data\processed\fr\2016\fr_2016__colgroups.json","fr_2016__colgroups.json",".json","16110","18-01-26 22:21:26"
"Z:\Hisham\EUROMOD-STORAGE_1","Data\processed\fr\2016\fr_2016_couples.parquet","Z:\Hisham\EUROMOD-STORAGE_1\Data\processed\fr\2016\fr_2016_couples.parquet","fr_2016_couples.parquet",".parquet","6958700","18-01-26 22:21:23"
"Z:\Hisham\EUROMOD-STORAGE_1","Data\processed\fr\2016\fr_2016_RURO_mnl___combined.parquet","Z:\Hisham\EUROMOD-STORAGE_1\Data\processed\fr\2016\fr_2016_RURO_mnl___combined.parquet","fr_2016_RURO_mnl___combined.parquet",".parquet","466041152","08-01-26 02:32:19"
"Z:\Hisham\EUROMOD-STORAGE_1","Data\processed\fr\2016\fr_2016_RURO_mnl___couples.parquet","Z:\Hisham\EUROMOD-STORAGE_1\Data\processed\fr\2016\fr_2016_RURO_mnl___couples.parquet","fr_2016_RURO_mnl___couples.parquet",".parquet","332796367","18-01-26 10:53:58"
"Z:\Hisham\EUROMOD-STORAGE_1","Data\processed\fr\2016\fr_2016_RURO_mnl___mnlmeta.json","Z:\Hisham\EUROMOD-STORAGE_1\Data\processed\fr\2016\fr_2016_RURO_mnl___mnlmeta.json","fr_2016_RURO_mnl___mnlmeta.json",".json","57215","08-01-26 02:31:55"
"Z:\Hisham\EUROMOD-STORAGE_1","Data\processed\fr\2016\fr_2016_RURO_mnl___singles.parquet","Z:\Hisham\EUROMOD-STORAGE_1\Data\processed\fr\2016\fr_2016_RURO_mnl___singles.parquet","fr_2016_RURO_mnl___singles.parquet",".parquet","154498632","08-01-26 02:31:40"
"Z:\Hisham\EUROMOD-STORAGE_1","Data\processed\fr\2016\fr_2016_RURO_mnl__combined.parquet","Z:\Hisham\EUROMOD-STORAGE_1\Data\processed\fr\2016\fr_2016_RURO_mnl__combined.parquet","fr_2016_RURO_mnl__combined.parquet",".parquet","437123587","02-01-26 23:45:42"
"Z:\Hisham\EUROMOD-STORAGE_1","Data\processed\fr\2016\fr_2016_RURO_mnl__couples.parquet","Z:\Hisham\EUROMOD-STORAGE_1\Data\processed\fr\2016\fr_2016_RURO_mnl__couples.parquet","fr_2016_RURO_mnl__couples.parquet",".parquet","42168235","16-01-26 18:29:08"
"Z:\Hisham\EUROMOD-STORAGE_1","Data\processed\fr\2016\fr_2016_RURO_mnl__mnlmeta.json","Z:\Hisham\EUROMOD-STORAGE_1\Data\processed\fr\2016\fr_2016_RURO_mnl__mnlmeta.json","fr_2016_RURO_mnl__mnlmeta.json",".json","38064","16-01-26 18:29:08"
"Z:\Hisham\EUROMOD-STORAGE_1","Data\processed\fr\2016\fr_2016_RURO_mnl__singles.parquet","Z:\Hisham\EUROMOD-STORAGE_1\Data\processed\fr\2016\fr_2016_RURO_mnl__singles.parquet","fr_2016_RURO_mnl__singles.parquet",".parquet","21185804","16-01-26 18:29:07"
"Z:\Hisham\EUROMOD-STORAGE_1","Data\processed\fr\2016\fr_2016_singles.parquet","Z:\Hisham\EUROMOD-STORAGE_1\Data\processed\fr\2016\fr_2016_singles.parquet","fr_2016_singles.parquet",".parquet","2609390","18-01-26 22:21:24"
"Z:\Hisham\EUROMOD-STORAGE_1","Data\processed\fr\2016\fr_2016_singles_female.parquet","Z:\Hisham\EUROMOD-STORAGE_1\Data\processed\fr\2016\fr_2016_singles_female.parquet","fr_2016_singles_female.parquet",".parquet","1646125","18-01-26 22:21:25"
"Z:\Hisham\EUROMOD-STORAGE_1","Data\processed\fr\2016\fr_2016_singles_male.parquet","Z:\Hisham\EUROMOD-STORAGE_1\Data\processed\fr\2016\fr_2016_singles_male.parquet","fr_2016_singles_male.parquet",".parquet","1314066","18-01-26 22:21:26"
"Z:\Hisham\EUROMOD-STORAGE_1","Data\processed\fr\2016\singles_RURO_ready.parquet","Z:\Hisham\EUROMOD-STORAGE_1\Data\processed\fr\2016\singles_RURO_ready.parquet","singles_RURO_ready.parquet",".parquet","2705401","05-01-26 15:02:58"
"Z:\Hisham\EUROMOD-STORAGE_1","Data\processed\fr\2016\singles_RURO_ready__colgroups.json","Z:\Hisham\EUROMOD-STORAGE_1\Data\processed\fr\2016\singles_RURO_ready__colgroups.json","singles_RURO_ready__colgroups.json",".json","18196","05-01-26 15:02:59"
"Z:\Hisham\EUROMOD-STORAGE_1","Data\processed\fr\2016\singles_RURO_ready_RURO_draws.parquet","Z:\Hisham\EUROMOD-STORAGE_1\Data\processed\fr\2016\singles_RURO_ready_RURO_draws.parquet","singles_RURO_ready_RURO_draws.parquet",".parquet","13115349","05-01-26 15:03:22"
"Z:\Hisham\EUROMOD-STORAGE_1","Data\processed\fr\2016\singles_RURO_ready_RURO_draws__drawsmeta.json","Z:\Hisham\EUROMOD-STORAGE_1\Data\processed\fr\2016\singles_RURO_ready_RURO_draws__drawsmeta.json","singles_RURO_ready_RURO_draws__drawsmeta.json",".json","11595","05-01-26 15:03:22"
"Z:\Hisham\EUROMOD-STORAGE_1","gamspy\female_ascsOFF_q99\boxcox_female_ascsOFF_q99_confusion.csv","Z:\Hisham\EUROMOD-STORAGE_1\gamspy\female_ascsOFF_q99\boxcox_female_ascsOFF_q99_confusion.csv","boxcox_female_ascsOFF_q99_confusion.csv",".csv","178","24-11-25 18:55:03"
"Z:\Hisham\EUROMOD-STORAGE_1","gamspy\female_ascsOFF_q99\boxcox_female_ascsOFF_q99_meta.json","Z:\Hisham\EUROMOD-STORAGE_1\gamspy\female_ascsOFF_q99\boxcox_female_ascsOFF_q99_meta.json","boxcox_female_ascsOFF_q99_meta.json",".json","1904","24-11-25 18:55:03"
"Z:\Hisham\EUROMOD-STORAGE_1","gamspy\female_ascsOFF_q99\boxcox_female_ascsOFF_q99_mucmul_draws.csv","Z:\Hisham\EUROMOD-STORAGE_1\gamspy\female_ascsOFF_q99\boxcox_female_ascsOFF_q99_mucmul_draws.csv","boxcox_female_ascsOFF_q99_mucmul_draws.csv",".csv","114171","24-11-25 18:55:31"
"Z:\Hisham\EUROMOD-STORAGE_1","gamspy\female_ascsOFF_q99\boxcox_female_ascsOFF_q99_mucmul_summary.json","Z:\Hisham\EUROMOD-STORAGE_1\gamspy\female_ascsOFF_q99\boxcox_female_ascsOFF_q99_mucmul_summary.json","boxcox_female_ascsOFF_q99_mucmul_summary.json",".json","327","24-11-25 18:55:03"
"Z:\Hisham\EUROMOD-STORAGE_1","gamspy\female_ascsOFF_q99\boxcox_female_ascsOFF_q99_param_descriptions.json","Z:\Hisham\EUROMOD-STORAGE_1\gamspy\female_ascsOFF_q99\boxcox_female_ascsOFF_q99_param_descriptions.json","boxcox_female_ascsOFF_q99_param_descriptions.json",".json","568","24-11-25 18:55:03"
"Z:\Hisham\EUROMOD-STORAGE_1","gamspy\female_ascsOFF_q99\boxcox_female_ascsOFF_q99_param_labels.json","Z:\Hisham\EUROMOD-STORAGE_1\gamspy\female_ascsOFF_q99\boxcox_female_ascsOFF_q99_param_labels.json","boxcox_female_ascsOFF_q99_param_labels.json",".json","377","24-11-25 18:55:03"
"Z:\Hisham\EUROMOD-STORAGE_1","gamspy\female_ascsOFF_q99\boxcox_female_ascsOFF_q99_parameters.csv","Z:\Hisham\EUROMOD-STORAGE_1\gamspy\female_ascsOFF_q99\boxcox_female_ascsOFF_q99_parameters.csv","boxcox_female_ascsOFF_q99_parameters.csv",".csv","1255","24-11-25 18:55:03"
"Z:\Hisham\EUROMOD-STORAGE_1","gamspy\female_ascsOFF_q99\boxcox_female_ascsOFF_q99_util_decomp.csv","Z:\Hisham\EUROMOD-STORAGE_1\gamspy\female_ascsOFF_q99\boxcox_female_ascsOFF_q99_util_decomp.csv","boxcox_female_ascsOFF_q99_util_decomp.csv",".csv","348","24-11-25 18:55:31"
"Z:\Hisham\EUROMOD-STORAGE_1","gamspy\female_ascsOFF_q99\boxcox_female_gamspy_ascsOFF_q99_analysis.html","Z:\Hisham\EUROMOD-STORAGE_1\gamspy\female_ascsOFF_q99\boxcox_female_gamspy_ascsOFF_q99_analysis.html","boxcox_female_gamspy_ascsOFF_q99_analysis.html",".html","11638","26-11-25 12:36:55"
"Z:\Hisham\EUROMOD-STORAGE_1","gamspy\female_ascsOFF_q99\boxcox_female_gamspy_ascsOFF_q99_confusion.csv","Z:\Hisham\EUROMOD-STORAGE_1\gamspy\female_ascsOFF_q99\boxcox_female_gamspy_ascsOFF_q99_confusion.csv","boxcox_female_gamspy_ascsOFF_q99_confusion.csv",".csv","178","26-11-25 12:36:21"
"Z:\Hisham\EUROMOD-STORAGE_1","gamspy\female_ascsOFF_q99\boxcox_female_gamspy_ascsOFF_q99_meta.json","Z:\Hisham\EUROMOD-STORAGE_1\gamspy\female_ascsOFF_q99\boxcox_female_gamspy_ascsOFF_q99_meta.json","boxcox_female_gamspy_ascsOFF_q99_meta.json",".json","1929","26-11-25 12:36:21"
"Z:\Hisham\EUROMOD-STORAGE_1","gamspy\female_ascsOFF_q99\boxcox_female_gamspy_ascsOFF_q99_mucmul_draws.csv","Z:\Hisham\EUROMOD-STORAGE_1\gamspy\female_ascsOFF_q99\boxcox_female_gamspy_ascsOFF_q99_mucmul_draws.csv","boxcox_female_gamspy_ascsOFF_q99_mucmul_draws.csv",".csv","114833","26-11-25 12:36:54"
"Z:\Hisham\EUROMOD-STORAGE_1","gamspy\female_ascsOFF_q99\boxcox_female_gamspy_ascsOFF_q99_mucmul_summary.json","Z:\Hisham\EUROMOD-STORAGE_1\gamspy\female_ascsOFF_q99\boxcox_female_gamspy_ascsOFF_q99_mucmul_summary.json","boxcox_female_gamspy_ascsOFF_q99_mucmul_summary.json",".json","326","26-11-25 12:36:21"
"Z:\Hisham\EUROMOD-STORAGE_1","gamspy\female_ascsOFF_q99\boxcox_female_gamspy_ascsOFF_q99_param_descriptions.json","Z:\Hisham\EUROMOD-STORAGE_1\gamspy\female_ascsOFF_q99\boxcox_female_gamspy_ascsOFF_q99_param_descriptions.json","boxcox_female_gamspy_ascsOFF_q99_param_descriptions.json",".json","568","26-11-25 12:36:21"
"Z:\Hisham\EUROMOD-STORAGE_1","gamspy\female_ascsOFF_q99\boxcox_female_gamspy_ascsOFF_q99_param_labels.json","Z:\Hisham\EUROMOD-STORAGE_1\gamspy\female_ascsOFF_q99\boxcox_female_gamspy_ascsOFF_q99_param_labels.json","boxcox_female_gamspy_ascsOFF_q99_param_labels.json",".json","377","26-11-25 12:36:21"
"Z:\Hisham\EUROMOD-STORAGE_1","gamspy\female_ascsOFF_q99\boxcox_female_gamspy_ascsOFF_q99_parameters.csv","Z:\Hisham\EUROMOD-STORAGE_1\gamspy\female_ascsOFF_q99\boxcox_female_gamspy_ascsOFF_q99_parameters.csv","boxcox_female_gamspy_ascsOFF_q99_parameters.csv",".csv","1250","26-11-25 12:36:21"
"Z:\Hisham\EUROMOD-STORAGE_1","gamspy\female_ascsOFF_q99\boxcox_female_gamspy_ascsOFF_q99_util_decomp.csv","Z:\Hisham\EUROMOD-STORAGE_1\gamspy\female_ascsOFF_q99\boxcox_female_gamspy_ascsOFF_q99_util_decomp.csv","boxcox_female_gamspy_ascsOFF_q99_util_decomp.csv",".csv","343","26-11-25 12:36:54"
"Z:\Hisham\EUROMOD-STORAGE_1","gamspy\female_ascsOFF_q99\gamspy.html","Z:\Hisham\EUROMOD-STORAGE_1\gamspy\female_ascsOFF_q99\gamspy.html","gamspy.html",".html","10192","24-11-25 18:55:32"
"Z:\Hisham\EUROMOD-STORAGE_1","gamspy\female_ascsON_q99\boxcox_female_gamspy_ascsON_q99_analysis.html","Z:\Hisham\EUROMOD-STORAGE_1\gamspy\female_ascsON_q99\boxcox_female_gamspy_ascsON_q99_analysis.html","boxcox_female_gamspy_ascsON_q99_analysis.html",".html","13262","26-11-25 12:38:55"
"Z:\Hisham\EUROMOD-STORAGE_1","gamspy\female_ascsON_q99\boxcox_female_gamspy_ascsON_q99_confusion.csv","Z:\Hisham\EUROMOD-STORAGE_1\gamspy\female_ascsON_q99\boxcox_female_gamspy_ascsON_q99_confusion.csv","boxcox_female_gamspy_ascsON_q99_confusion.csv",".csv","176","26-11-25 12:38:23"
"Z:\Hisham\EUROMOD-STORAGE_1","gamspy\female_ascsON_q99\boxcox_female_gamspy_ascsON_q99_meta.json","Z:\Hisham\EUROMOD-STORAGE_1\gamspy\female_ascsON_q99\boxcox_female_gamspy_ascsON_q99_meta.json","boxcox_female_gamspy_ascsON_q99_meta.json",".json","2139","26-11-25 12:38:23"
"Z:\Hisham\EUROMOD-STORAGE_1","gamspy\female_ascsON_q99\boxcox_female_gamspy_ascsON_q99_mucmul_draws.csv","Z:\Hisham\EUROMOD-STORAGE_1\gamspy\female_ascsON_q99\boxcox_female_gamspy_ascsON_q99_mucmul_draws.csv","boxcox_female_gamspy_ascsON_q99_mucmul_draws.csv",".csv","125362","26-11-25 12:38:54"
"Z:\Hisham\EUROMOD-STORAGE_1","gamspy\female_ascsON_q99\boxcox_female_gamspy_ascsON_q99_mucmul_summary.json","Z:\Hisham\EUROMOD-STORAGE_1\gamspy\female_ascsON_q99\boxcox_female_gamspy_ascsON_q99_mucmul_summary.json","boxcox_female_gamspy_ascsON_q99_mucmul_summary.json",".json","329","26-11-25 12:38:23"
"Z:\Hisham\EUROMOD-STORAGE_1","gamspy\female_ascsON_q99\boxcox_female_gamspy_ascsON_q99_param_descriptions.json","Z:\Hisham\EUROMOD-STORAGE_1\gamspy\female_ascsON_q99\boxcox_female_gamspy_ascsON_q99_param_descriptions.json","boxcox_female_gamspy_ascsON_q99_param_descriptions.json",".json","850","26-11-25 12:38:23"
"Z:\Hisham\EUROMOD-STORAGE_1","gamspy\female_ascsON_q99\boxcox_female_gamspy_ascsON_q99_param_labels.json","Z:\Hisham\EUROMOD-STORAGE_1\gamspy\female_ascsON_q99\boxcox_female_gamspy_ascsON_q99_param_labels.json","boxcox_female_gamspy_ascsON_q99_param_labels.json",".json","515","26-11-25 12:38:23"
"Z:\Hisham\EUROMOD-STORAGE_1","gamspy\female_ascsON_q99\boxcox_female_gamspy_ascsON_q99_parameters.csv","Z:\Hisham\EUROMOD-STORAGE_1\gamspy\female_ascsON_q99\boxcox_female_gamspy_ascsON_q99_parameters.csv","boxcox_female_gamspy_ascsON_q99_parameters.csv",".csv","1998","26-11-25 12:38:23"
"Z:\Hisham\EUROMOD-STORAGE_1","gamspy\female_ascsON_q99\boxcox_female_gamspy_ascsON_q99_util_decomp.csv","Z:\Hisham\EUROMOD-STORAGE_1\gamspy\female_ascsON_q99\boxcox_female_gamspy_ascsON_q99_util_decomp.csv","boxcox_female_gamspy_ascsON_q99_util_decomp.csv",".csv","381","26-11-25 12:38:54"
"Z:\Hisham\EUROMOD-STORAGE_1","gamspy\male_ascsOFF_q99\boxcox_male_gamspy_ascsOFF_q99_analysis.html","Z:\Hisham\EUROMOD-STORAGE_1\gamspy\male_ascsOFF_q99\boxcox_male_gamspy_ascsOFF_q99_analysis.html","boxcox_male_gamspy_ascsOFF_q99_analysis.html",".html","11619","26-11-25 12:40:51"
"Z:\Hisham\EUROMOD-STORAGE_1","gamspy\male_ascsOFF_q99\boxcox_male_gamspy_ascsOFF_q99_confusion.csv","Z:\Hisham\EUROMOD-STORAGE_1\gamspy\male_ascsOFF_q99\boxcox_male_gamspy_ascsOFF_q99_confusion.csv","boxcox_male_gamspy_ascsOFF_q99_confusion.csv",".csv","169","26-11-25 12:40:14"
"Z:\Hisham\EUROMOD-STORAGE_1","gamspy\male_ascsOFF_q99\boxcox_male_gamspy_ascsOFF_q99_meta.json","Z:\Hisham\EUROMOD-STORAGE_1\gamspy\male_ascsOFF_q99\boxcox_male_gamspy_ascsOFF_q99_meta.json","boxcox_male_gamspy_ascsOFF_q99_meta.json",".json","1931","26-11-25 12:40:14"
"Z:\Hisham\EUROMOD-STORAGE_1","gamspy\male_ascsOFF_q99\boxcox_male_gamspy_ascsOFF_q99_mucmul_draws.csv","Z:\Hisham\EUROMOD-STORAGE_1\gamspy\male_ascsOFF_q99\boxcox_male_gamspy_ascsOFF_q99_mucmul_draws.csv","boxcox_male_gamspy_ascsOFF_q99_mucmul_draws.csv",".csv","89944","26-11-25 12:40:50"
"Z:\Hisham\EUROMOD-STORAGE_1","gamspy\male_ascsOFF_q99\boxcox_male_gamspy_ascsOFF_q99_mucmul_summary.json","Z:\Hisham\EUROMOD-STORAGE_1\gamspy\male_ascsOFF_q99\boxcox_male_gamspy_ascsOFF_q99_mucmul_summary.json","boxcox_male_gamspy_ascsOFF_q99_mucmul_summary.json",".json","327","26-11-25 12:40:14"
"Z:\Hisham\EUROMOD-STORAGE_1","gamspy\male_ascsOFF_q99\boxcox_male_gamspy_ascsOFF_q99_param_descriptions.json","Z:\Hisham\EUROMOD-STORAGE_1\gamspy\male_ascsOFF_q99\boxcox_male_gamspy_ascsOFF_q99_param_descriptions.json","boxcox_male_gamspy_ascsOFF_q99_param_descriptions.json",".json","568","26-11-25 12:40:14"
"Z:\Hisham\EUROMOD-STORAGE_1","gamspy\male_ascsOFF_q99\boxcox_male_gamspy_ascsOFF_q99_param_labels.json","Z:\Hisham\EUROMOD-STORAGE_1\gamspy\male_ascsOFF_q99\boxcox_male_gamspy_ascsOFF_q99_param_labels.json","boxcox_male_gamspy_ascsOFF_q99_param_labels.json",".json","377","26-11-25 12:40:14"
"Z:\Hisham\EUROMOD-STORAGE_1","gamspy\male_ascsOFF_q99\boxcox_male_gamspy_ascsOFF_q99_parameters.csv","Z:\Hisham\EUROMOD-STORAGE_1\gamspy\male_ascsOFF_q99\boxcox_male_gamspy_ascsOFF_q99_parameters.csv","boxcox_male_gamspy_ascsOFF_q99_parameters.csv",".csv","1238","26-11-25 12:40:14"
"Z:\Hisham\EUROMOD-STORAGE_1","gamspy\male_ascsOFF_q99\boxcox_male_gamspy_ascsOFF_q99_util_decomp.csv","Z:\Hisham\EUROMOD-STORAGE_1\gamspy\male_ascsOFF_q99\boxcox_male_gamspy_ascsOFF_q99_util_decomp.csv","boxcox_male_gamspy_ascsOFF_q99_util_decomp.csv",".csv","353","26-11-25 12:40:50"
"Z:\Hisham\EUROMOD-STORAGE_1","gamspy\male_ascsON_q99\boxcox_male_gamspy_ascsON_q99_analysis.html","Z:\Hisham\EUROMOD-STORAGE_1\gamspy\male_ascsON_q99\boxcox_male_gamspy_ascsON_q99_analysis.html","boxcox_male_gamspy_ascsON_q99_analysis.html",".html","13223","26-11-25 12:42:51"
"Z:\Hisham\EUROMOD-STORAGE_1","gamspy\male_ascsON_q99\boxcox_male_gamspy_ascsON_q99_confusion.csv","Z:\Hisham\EUROMOD-STORAGE_1\gamspy\male_ascsON_q99\boxcox_male_gamspy_ascsON_q99_confusion.csv","boxcox_male_gamspy_ascsON_q99_confusion.csv",".csv","171","26-11-25 12:42:14"
"Z:\Hisham\EUROMOD-STORAGE_1","gamspy\male_ascsON_q99\boxcox_male_gamspy_ascsON_q99_meta.json","Z:\Hisham\EUROMOD-STORAGE_1\gamspy\male_ascsON_q99\boxcox_male_gamspy_ascsON_q99_meta.json","boxcox_male_gamspy_ascsON_q99_meta.json",".json","2142","26-11-25 12:42:14"
"Z:\Hisham\EUROMOD-STORAGE_1","gamspy\male_ascsON_q99\boxcox_male_gamspy_ascsON_q99_mucmul_draws.csv","Z:\Hisham\EUROMOD-STORAGE_1\gamspy\male_ascsON_q99\boxcox_male_gamspy_ascsON_q99_mucmul_draws.csv","boxcox_male_gamspy_ascsON_q99_mucmul_draws.csv",".csv","99251","26-11-25 12:42:50"
"Z:\Hisham\EUROMOD-STORAGE_1","gamspy\male_ascsON_q99\boxcox_male_gamspy_ascsON_q99_mucmul_summary.json","Z:\Hisham\EUROMOD-STORAGE_1\gamspy\male_ascsON_q99\boxcox_male_gamspy_ascsON_q99_mucmul_summary.json","boxcox_male_gamspy_ascsON_q99_mucmul_summary.json",".json","327","26-11-25 12:42:14"
"Z:\Hisham\EUROMOD-STORAGE_1","gamspy\male_ascsON_q99\boxcox_male_gamspy_ascsON_q99_param_descriptions.json","Z:\Hisham\EUROMOD-STORAGE_1\gamspy\male_ascsON_q99\boxcox_male_gamspy_ascsON_q99_param_descriptions.json","boxcox_male_gamspy_ascsON_q99_param_descriptions.json",".json","850","26-11-25 12:42:14"
"Z:\Hisham\EUROMOD-STORAGE_1","gamspy\male_ascsON_q99\boxcox_male_gamspy_ascsON_q99_param_labels.json","Z:\Hisham\EUROMOD-STORAGE_1\gamspy\male_ascsON_q99\boxcox_male_gamspy_ascsON_q99_param_labels.json","boxcox_male_gamspy_ascsON_q99_param_labels.json",".json","515","26-11-25 12:42:14"
"Z:\Hisham\EUROMOD-STORAGE_1","gamspy\male_ascsON_q99\boxcox_male_gamspy_ascsON_q99_parameters.csv","Z:\Hisham\EUROMOD-STORAGE_1\gamspy\male_ascsON_q99\boxcox_male_gamspy_ascsON_q99_parameters.csv","boxcox_male_gamspy_ascsON_q99_parameters.csv",".csv","1960","26-11-25 12:42:14"
"Z:\Hisham\EUROMOD-STORAGE_1","gamspy\male_ascsON_q99\boxcox_male_gamspy_ascsON_q99_util_decomp.csv","Z:\Hisham\EUROMOD-STORAGE_1\gamspy\male_ascsON_q99\boxcox_male_gamspy_ascsON_q99_util_decomp.csv","boxcox_male_gamspy_ascsON_q99_util_decomp.csv",".csv","382","26-11-25 12:42:50"
"Z:\Hisham\EUROMOD-STORAGE_1","interim\ruro\fr\scenarios_2016\combined_draws_em.parquet","Z:\Hisham\EUROMOD-STORAGE_1\interim\ruro\fr\scenarios_2016\combined_draws_em.parquet","combined_draws_em.parquet",".parquet","487842751","05-01-26 15:05:56"
"Z:\Hisham\EUROMOD-STORAGE_1","interim\ruro\fr\scenarios_2016\combined_draws_em__euromodmeta.json","Z:\Hisham\EUROMOD-STORAGE_1\interim\ruro\fr\scenarios_2016\combined_draws_em__euromodmeta.json","combined_draws_em__euromodmeta.json",".json","364","05-01-26 15:05:39"
"Z:\Hisham\EUROMOD-STORAGE_1","interim\ruro\fr\scenarios_2016_reduced\combined_draws_em.parquet","Z:\Hisham\EUROMOD-STORAGE_1\interim\ruro\fr\scenarios_2016_reduced\combined_draws_em.parquet","combined_draws_em.parquet",".parquet","66509736","16-01-26 17:59:22"
"Z:\Hisham\EUROMOD-STORAGE_1","old rep\biogeme\boxcox_biogeme\male_ascsOFF\boxcox_male_ascsOFF_confusion.csv","Z:\Hisham\EUROMOD-STORAGE_1\old rep\biogeme\boxcox_biogeme\male_ascsOFF\boxcox_male_ascsOFF_confusion.csv","boxcox_male_ascsOFF_confusion.csv",".csv","164","06-11-25 09:40:09"
"Z:\Hisham\EUROMOD-STORAGE_1","old rep\biogeme\boxcox_biogeme\male_ascsOFF\boxcox_male_ascsOFF_meta.json","Z:\Hisham\EUROMOD-STORAGE_1\old rep\biogeme\boxcox_biogeme\male_ascsOFF\boxcox_male_ascsOFF_meta.json","boxcox_male_ascsOFF_meta.json",".json","528","06-11-25 09:40:10"
"Z:\Hisham\EUROMOD-STORAGE_1","old rep\biogeme\boxcox_biogeme\male_ascsOFF\boxcox_male_ascsOFF_parameters.csv","Z:\Hisham\EUROMOD-STORAGE_1\old rep\biogeme\boxcox_biogeme\male_ascsOFF\boxcox_male_ascsOFF_parameters.csv","boxcox_male_ascsOFF_parameters.csv",".csv","811","06-11-25 09:40:09"
"Z:\Hisham\EUROMOD-STORAGE_1","old rep\biogeme\boxcox_biogeme\male_ascsOFF_q99\boxcox_male_ascsOFF_q99_confusion.csv","Z:\Hisham\EUROMOD-STORAGE_1\old rep\biogeme\boxcox_biogeme\male_ascsOFF_q99\boxcox_male_ascsOFF_q99_confusion.csv","boxcox_male_ascsOFF_q99_confusion.csv",".csv","164","06-11-25 16:04:56"
"Z:\Hisham\EUROMOD-STORAGE_1","old rep\biogeme\boxcox_biogeme\male_ascsOFF_q99\boxcox_male_ascsOFF_q99_meta.json","Z:\Hisham\EUROMOD-STORAGE_1\old rep\biogeme\boxcox_biogeme\male_ascsOFF_q99\boxcox_male_ascsOFF_q99_meta.json","boxcox_male_ascsOFF_q99_meta.json",".json","996","06-11-25 16:04:56"
"Z:\Hisham\EUROMOD-STORAGE_1","old rep\biogeme\boxcox_biogeme\male_ascsOFF_q99\boxcox_male_ascsOFF_q99_parameters.csv","Z:\Hisham\EUROMOD-STORAGE_1\old rep\biogeme\boxcox_biogeme\male_ascsOFF_q99\boxcox_male_ascsOFF_q99_parameters.csv","boxcox_male_ascsOFF_q99_parameters.csv",".csv","810","06-11-25 16:04:56"
"Z:\Hisham\EUROMOD-STORAGE_1","old rep\biogeme\boxcox_biogeme\male_ascsON\boxcox_male_ascsON_confusion.csv","Z:\Hisham\EUROMOD-STORAGE_1\old rep\biogeme\boxcox_biogeme\male_ascsON\boxcox_male_ascsON_confusion.csv","boxcox_male_ascsON_confusion.csv",".csv","167","06-11-25 09:21:19"
"Z:\Hisham\EUROMOD-STORAGE_1","old rep\biogeme\boxcox_biogeme\male_ascsON\boxcox_male_ascsON_meta.json","Z:\Hisham\EUROMOD-STORAGE_1\old rep\biogeme\boxcox_biogeme\male_ascsON\boxcox_male_ascsON_meta.json","boxcox_male_ascsON_meta.json",".json","524","06-11-25 09:21:19"
"Z:\Hisham\EUROMOD-STORAGE_1","old rep\biogeme\boxcox_biogeme\male_ascsON\boxcox_male_ascsON_parameters.csv","Z:\Hisham\EUROMOD-STORAGE_1\old rep\biogeme\boxcox_biogeme\male_ascsON\boxcox_male_ascsON_parameters.csv","boxcox_male_ascsON_parameters.csv",".csv","1284","06-11-25 09:21:19"
"Z:\Hisham\EUROMOD-STORAGE_1","old rep\biogeme\dcm_female_parameters.csv","Z:\Hisham\EUROMOD-STORAGE_1\old rep\biogeme\dcm_female_parameters.csv","dcm_female_parameters.csv",".csv","838","15-10-25 14:37:21"
"Z:\Hisham\EUROMOD-STORAGE_1","old rep\biogeme\dcm_male_parameters.csv","Z:\Hisham\EUROMOD-STORAGE_1\old rep\biogeme\dcm_male_parameters.csv","dcm_male_parameters.csv",".csv","848","15-10-25 14:37:15"
"Z:\Hisham\EUROMOD-STORAGE_1","old rep\biogeme\female\dcm_female.html","Z:\Hisham\EUROMOD-STORAGE_1\old rep\biogeme\female\dcm_female.html","dcm_female.html",".html","9686","15-10-25 17:41:49"
"Z:\Hisham\EUROMOD-STORAGE_1","old rep\biogeme\female\dcm_female_analysis.html","Z:\Hisham\EUROMOD-STORAGE_1\old rep\biogeme\female\dcm_female_analysis.html","dcm_female_analysis.html",".html","5416","16-10-25 11:50:45"
"Z:\Hisham\EUROMOD-STORAGE_1","old rep\biogeme\female\dcm_female_parameters.csv","Z:\Hisham\EUROMOD-STORAGE_1\old rep\biogeme\female\dcm_female_parameters.csv","dcm_female_parameters.csv",".csv","838","15-10-25 17:41:49"
"Z:\Hisham\EUROMOD-STORAGE_1","old rep\biogeme\female_ascsOFF\dcm_female_ascsOFF.html","Z:\Hisham\EUROMOD-STORAGE_1\old rep\biogeme\female_ascsOFF\dcm_female_ascsOFF.html","dcm_female_ascsOFF.html",".html","10598","22-10-25 13:57:08"
"Z:\Hisham\EUROMOD-STORAGE_1","old rep\biogeme\female_ascsOFF\dcm_female_ascsOFF_analysis.html","Z:\Hisham\EUROMOD-STORAGE_1\old rep\biogeme\female_ascsOFF\dcm_female_ascsOFF_analysis.html","dcm_female_ascsOFF_analysis.html",".html","7100","22-10-25 13:58:12"
"Z:\Hisham\EUROMOD-STORAGE_1","old rep\biogeme\female_ascsOFF\dcm_female_ascsOFF_param_descriptions.json","Z:\Hisham\EUROMOD-STORAGE_1\old rep\biogeme\female_ascsOFF\dcm_female_ascsOFF_param_descriptions.json","dcm_female_ascsOFF_param_descriptions.json",".json","728","22-10-25 13:57:08"
"Z:\Hisham\EUROMOD-STORAGE_1","old rep\biogeme\female_ascsOFF\dcm_female_ascsOFF_param_labels.json","Z:\Hisham\EUROMOD-STORAGE_1\old rep\biogeme\female_ascsOFF\dcm_female_ascsOFF_param_labels.json","dcm_female_ascsOFF_param_labels.json",".json","321","22-10-25 13:57:08"
"Z:\Hisham\EUROMOD-STORAGE_1","old rep\biogeme\female_ascsOFF\dcm_female_ascsOFF_parameters.csv","Z:\Hisham\EUROMOD-STORAGE_1\old rep\biogeme\female_ascsOFF\dcm_female_ascsOFF_parameters.csv","dcm_female_ascsOFF_parameters.csv",".csv","943","22-10-25 13:57:08"
"Z:\Hisham\EUROMOD-STORAGE_1","old rep\biogeme\female_ascsOFF_center_ys1000\dcm_female_ascsOFF_center_ys1000.html","Z:\Hisham\EUROMOD-STORAGE_1\old rep\biogeme\female_ascsOFF_center_ys1000\dcm_female_ascsOFF_center_ys1000.html","dcm_female_ascsOFF_center_ys1000.html",".html","10635","22-10-25 15:04:05"
"Z:\Hisham\EUROMOD-STORAGE_1","old rep\biogeme\female_ascsOFF_center_ys1000\dcm_female_ascsOFF_center_ys1000_analysis.html","Z:\Hisham\EUROMOD-STORAGE_1\old rep\biogeme\female_ascsOFF_center_ys1000\dcm_female_ascsOFF_center_ys1000_analysis.html","dcm_female_ascsOFF_center_ys1000_analysis.html",".html","7302","22-10-25 15:06:10"
"Z:\Hisham\EUROMOD-STORAGE_1","old rep\biogeme\female_ascsOFF_center_ys1000\dcm_female_ascsOFF_center_ys1000_param_descriptions.json","Z:\Hisham\EUROMOD-STORAGE_1\old rep\biogeme\female_ascsOFF_center_ys1000\dcm_female_ascsOFF_center_ys1000_param_descriptions.json","dcm_female_ascsOFF_center_ys1000_param_descriptions.json",".json","728","22-10-25 15:04:05"
"Z:\Hisham\EUROMOD-STORAGE_1","old rep\biogeme\female_ascsOFF_center_ys1000\dcm_female_ascsOFF_center_ys1000_param_labels.json","Z:\Hisham\EUROMOD-STORAGE_1\old rep\biogeme\female_ascsOFF_center_ys1000\dcm_female_ascsOFF_center_ys1000_param_labels.json","dcm_female_ascsOFF_center_ys1000_param_labels.json",".json","321","22-10-25 15:04:05"
"Z:\Hisham\EUROMOD-STORAGE_1","old rep\biogeme\female_ascsOFF_center_ys1000\dcm_female_ascsOFF_center_ys1000_parameters.csv","Z:\Hisham\EUROMOD-STORAGE_1\old rep\biogeme\female_ascsOFF_center_ys1000\dcm_female_ascsOFF_center_ys1000_parameters.csv","dcm_female_ascsOFF_center_ys1000_parameters.csv",".csv","940","22-10-25 15:04:05"
"Z:\Hisham\EUROMOD-STORAGE_1","old rep\biogeme\female_ascsOFF_center_ys1000\dcm_female_ascsOFF_center_ys1000_transform_meta.json","Z:\Hisham\EUROMOD-STORAGE_1\old rep\biogeme\female_ascsOFF_center_ys1000\dcm_female_ascsOFF_center_ys1000_transform_meta.json","dcm_female_ascsOFF_center_ys1000_transform_meta.json",".json","271","22-10-25 15:04:05"
"Z:\Hisham\EUROMOD-STORAGE_1","old rep\biogeme\female_ascsON\dcm_female_ascsON.html","Z:\Hisham\EUROMOD-STORAGE_1\old rep\biogeme\female_ascsON\dcm_female_ascsON.html","dcm_female_ascsON.html",".html","19898","22-10-25 12:32:25"
"Z:\Hisham\EUROMOD-STORAGE_1","old rep\biogeme\female_ascsON\dcm_female_ascsON_analysis.html","Z:\Hisham\EUROMOD-STORAGE_1\old rep\biogeme\female_ascsON\dcm_female_ascsON_analysis.html","dcm_female_ascsON_analysis.html",".html","8592","22-10-25 12:53:22"
"Z:\Hisham\EUROMOD-STORAGE_1","old rep\biogeme\female_ascsON\dcm_female_ascsON_param_descriptions.json","Z:\Hisham\EUROMOD-STORAGE_1\old rep\biogeme\female_ascsON\dcm_female_ascsON_param_descriptions.json","dcm_female_ascsON_param_descriptions.json",".json","1400","22-10-25 12:32:25"
"Z:\Hisham\EUROMOD-STORAGE_1","old rep\biogeme\female_ascsON\dcm_female_ascsON_param_labels.json","Z:\Hisham\EUROMOD-STORAGE_1\old rep\biogeme\female_ascsON\dcm_female_ascsON_param_labels.json","dcm_female_ascsON_param_labels.json",".json","321","22-10-25 12:32:25"
"Z:\Hisham\EUROMOD-STORAGE_1","old rep\biogeme\female_ascsON\dcm_female_ascsON_parameters.csv","Z:\Hisham\EUROMOD-STORAGE_1\old rep\biogeme\female_ascsON\dcm_female_ascsON_parameters.csv","dcm_female_ascsON_parameters.csv",".csv","1494","22-10-25 12:32:25"
"Z:\Hisham\EUROMOD-STORAGE_1","old rep\biogeme\female_ascsON_center_ys1000\dcm_female_ascsON_center_ys1000.html","Z:\Hisham\EUROMOD-STORAGE_1\old rep\biogeme\female_ascsON_center_ys1000\dcm_female_ascsON_center_ys1000.html","dcm_female_ascsON_center_ys1000.html",".html","19937","22-10-25 14:57:01"
"Z:\Hisham\EUROMOD-STORAGE_1","old rep\biogeme\female_ascsON_center_ys1000\dcm_female_ascsON_center_ys1000_analysis.html","Z:\Hisham\EUROMOD-STORAGE_1\old rep\biogeme\female_ascsON_center_ys1000\dcm_female_ascsON_center_ys1000_analysis.html","dcm_female_ascsON_center_ys1000_analysis.html",".html","8793","22-10-25 15:01:26"
"Z:\Hisham\EUROMOD-STORAGE_1","old rep\biogeme\female_ascsON_center_ys1000\dcm_female_ascsON_center_ys1000_param_descriptions.json","Z:\Hisham\EUROMOD-STORAGE_1\old rep\biogeme\female_ascsON_center_ys1000\dcm_female_ascsON_center_ys1000_param_descriptions.json","dcm_female_ascsON_center_ys1000_param_descriptions.json",".json","1400","22-10-25 14:57:02"
"Z:\Hisham\EUROMOD-STORAGE_1","old rep\biogeme\female_ascsON_center_ys1000\dcm_female_ascsON_center_ys1000_param_labels.json","Z:\Hisham\EUROMOD-STORAGE_1\old rep\biogeme\female_ascsON_center_ys1000\dcm_female_ascsON_center_ys1000_param_labels.json","dcm_female_ascsON_center_ys1000_param_labels.json",".json","321","22-10-25 14:57:02"
"Z:\Hisham\EUROMOD-STORAGE_1","old rep\biogeme\female_ascsON_center_ys1000\dcm_female_ascsON_center_ys1000_parameters.csv","Z:\Hisham\EUROMOD-STORAGE_1\old rep\biogeme\female_ascsON_center_ys1000\dcm_female_ascsON_center_ys1000_parameters.csv","dcm_female_ascsON_center_ys1000_parameters.csv",".csv","1490","22-10-25 14:57:01"
"Z:\Hisham\EUROMOD-STORAGE_1","old rep\biogeme\female_ascsON_center_ys1000\dcm_female_ascsON_center_ys1000_transform_meta.json","Z:\Hisham\EUROMOD-STORAGE_1\old rep\biogeme\female_ascsON_center_ys1000\dcm_female_ascsON_center_ys1000_transform_meta.json","dcm_female_ascsON_center_ys1000_transform_meta.json",".json","270","22-10-25 14:57:01"
"Z:\Hisham\EUROMOD-STORAGE_1","old rep\biogeme\male\dcm_male.html","Z:\Hisham\EUROMOD-STORAGE_1\old rep\biogeme\male\dcm_male.html","dcm_male.html",".html","9651","15-10-25 17:41:37"
"Z:\Hisham\EUROMOD-STORAGE_1","old rep\biogeme\male\dcm_male_analysis.html","Z:\Hisham\EUROMOD-STORAGE_1\old rep\biogeme\male\dcm_male_analysis.html","dcm_male_analysis.html",".html","5211","16-10-25 11:50:44"
"Z:\Hisham\EUROMOD-STORAGE_1","old rep\biogeme\male\dcm_male_parameters.csv","Z:\Hisham\EUROMOD-STORAGE_1\old rep\biogeme\male\dcm_male_parameters.csv","dcm_male_parameters.csv",".csv","848","15-10-25 17:41:37"
"Z:\Hisham\EUROMOD-STORAGE_1","old rep\biogeme\male_ascsOFF\dcm_male_ascsOFF.html","Z:\Hisham\EUROMOD-STORAGE_1\old rep\biogeme\male_ascsOFF\dcm_male_ascsOFF.html","dcm_male_ascsOFF.html",".html","10579","22-10-25 12:51:42"
"Z:\Hisham\EUROMOD-STORAGE_1","old rep\biogeme\male_ascsOFF\dcm_male_ascsOFF_analysis.html","Z:\Hisham\EUROMOD-STORAGE_1\old rep\biogeme\male_ascsOFF\dcm_male_ascsOFF_analysis.html","dcm_male_ascsOFF_analysis.html",".html","6893","22-10-25 13:58:10"
"Z:\Hisham\EUROMOD-STORAGE_1","old rep\biogeme\male_ascsOFF\dcm_male_ascsOFF_param_descriptions.json","Z:\Hisham\EUROMOD-STORAGE_1\old rep\biogeme\male_ascsOFF\dcm_male_ascsOFF_param_descriptions.json","dcm_male_ascsOFF_param_descriptions.json",".json","728","22-10-25 12:51:43"
"Z:\Hisham\EUROMOD-STORAGE_1","old rep\biogeme\male_ascsOFF\dcm_male_ascsOFF_param_labels.json","Z:\Hisham\EUROMOD-STORAGE_1\old rep\biogeme\male_ascsOFF\dcm_male_ascsOFF_param_labels.json","dcm_male_ascsOFF_param_labels.json",".json","321","22-10-25 12:51:43"
"Z:\Hisham\EUROMOD-STORAGE_1","old rep\biogeme\male_ascsOFF\dcm_male_ascsOFF_parameters.csv","Z:\Hisham\EUROMOD-STORAGE_1\old rep\biogeme\male_ascsOFF\dcm_male_ascsOFF_parameters.csv","dcm_male_ascsOFF_parameters.csv",".csv","957","22-10-25 12:51:43"
"Z:\Hisham\EUROMOD-STORAGE_1","old rep\biogeme\male_ascsOFF_center_ys1000\dcm_male_ascsOFF_center_ys1000.html","Z:\Hisham\EUROMOD-STORAGE_1\old rep\biogeme\male_ascsOFF_center_ys1000\dcm_male_ascsOFF_center_ys1000.html","dcm_male_ascsOFF_center_ys1000.html",".html","10595","22-10-25 15:10:41"
"Z:\Hisham\EUROMOD-STORAGE_1","old rep\biogeme\male_ascsOFF_center_ys1000\dcm_male_ascsOFF_center_ys1000_analysis.html","Z:\Hisham\EUROMOD-STORAGE_1\old rep\biogeme\male_ascsOFF_center_ys1000\dcm_male_ascsOFF_center_ys1000_analysis.html","dcm_male_ascsOFF_center_ys1000_analysis.html",".html","7094","22-10-25 15:13:11"
"Z:\Hisham\EUROMOD-STORAGE_1","old rep\biogeme\male_ascsOFF_center_ys1000\dcm_male_ascsOFF_center_ys1000_param_descriptions.json","Z:\Hisham\EUROMOD-STORAGE_1\old rep\biogeme\male_ascsOFF_center_ys1000\dcm_male_ascsOFF_center_ys1000_param_descriptions.json","dcm_male_ascsOFF_center_ys1000_param_descriptions.json",".json","728","22-10-25 15:10:41"
"Z:\Hisham\EUROMOD-STORAGE_1","old rep\biogeme\male_ascsOFF_center_ys1000\dcm_male_ascsOFF_center_ys1000_param_labels.json","Z:\Hisham\EUROMOD-STORAGE_1\old rep\biogeme\male_ascsOFF_center_ys1000\dcm_male_ascsOFF_center_ys1000_param_labels.json","dcm_male_ascsOFF_center_ys1000_param_labels.json",".json","321","22-10-25 15:10:41"
"Z:\Hisham\EUROMOD-STORAGE_1","old rep\biogeme\male_ascsOFF_center_ys1000\dcm_male_ascsOFF_center_ys1000_parameters.csv","Z:\Hisham\EUROMOD-STORAGE_1\old rep\biogeme\male_ascsOFF_center_ys1000\dcm_male_ascsOFF_center_ys1000_parameters.csv","dcm_male_ascsOFF_center_ys1000_parameters.csv",".csv","956","22-10-25 15:10:41"
"Z:\Hisham\EUROMOD-STORAGE_1","old rep\biogeme\male_ascsOFF_center_ys1000\dcm_male_ascsOFF_center_ys1000_transform_meta.json","Z:\Hisham\EUROMOD-STORAGE_1\old rep\biogeme\male_ascsOFF_center_ys1000\dcm_male_ascsOFF_center_ys1000_transform_meta.json","dcm_male_ascsOFF_center_ys1000_transform_meta.json",".json","270","22-10-25 15:10:41"
"Z:\Hisham\EUROMOD-STORAGE_1","old rep\biogeme\male_ascsON\dcm_male_ascsON.html","Z:\Hisham\EUROMOD-STORAGE_1\old rep\biogeme\male_ascsON\dcm_male_ascsON.html","dcm_male_ascsON.html",".html","19764","22-10-25 12:32:07"
"Z:\Hisham\EUROMOD-STORAGE_1","old rep\biogeme\male_ascsON\dcm_male_ascsON_analysis.html","Z:\Hisham\EUROMOD-STORAGE_1\old rep\biogeme\male_ascsON\dcm_male_ascsON_analysis.html","dcm_male_ascsON_analysis.html",".html","8213","22-10-25 12:46:16"
"Z:\Hisham\EUROMOD-STORAGE_1","old rep\biogeme\male_ascsON\dcm_male_ascsON_param_descriptions.json","Z:\Hisham\EUROMOD-STORAGE_1\old rep\biogeme\male_ascsON\dcm_male_ascsON_param_descriptions.json","dcm_male_ascsON_param_descriptions.json",".json","1400","22-10-25 12:32:07"
"Z:\Hisham\EUROMOD-STORAGE_1","old rep\biogeme\male_ascsON\dcm_male_ascsON_param_labels.json","Z:\Hisham\EUROMOD-STORAGE_1\old rep\biogeme\male_ascsON\dcm_male_ascsON_param_labels.json","dcm_male_ascsON_param_labels.json",".json","321","22-10-25 12:32:07"
"Z:\Hisham\EUROMOD-STORAGE_1","old rep\biogeme\male_ascsON\dcm_male_ascsON_parameters.csv","Z:\Hisham\EUROMOD-STORAGE_1\old rep\biogeme\male_ascsON\dcm_male_ascsON_parameters.csv","dcm_male_ascsON_parameters.csv",".csv","1504","22-10-25 12:32:07"
"Z:\Hisham\EUROMOD-STORAGE_1","old rep\biogeme\male_ascsON_center_ys1000\dcm_male_ascsON_center_ys1000.html","Z:\Hisham\EUROMOD-STORAGE_1\old rep\biogeme\male_ascsON_center_ys1000\dcm_male_ascsON_center_ys1000.html","dcm_male_ascsON_center_ys1000.html",".html","19824","22-10-25 14:56:43"
"Z:\Hisham\EUROMOD-STORAGE_1","old rep\biogeme\male_ascsON_center_ys1000\dcm_male_ascsON_center_ys1000_analysis.html","Z:\Hisham\EUROMOD-STORAGE_1\old rep\biogeme\male_ascsON_center_ys1000\dcm_male_ascsON_center_ys1000_analysis.html","dcm_male_ascsON_center_ys1000_analysis.html",".html","8413","22-10-25 15:01:25"
"Z:\Hisham\EUROMOD-STORAGE_1","old rep\biogeme\male_ascsON_center_ys1000\dcm_male_ascsON_center_ys1000_param_descriptions.json","Z:\Hisham\EUROMOD-STORAGE_1\old rep\biogeme\male_ascsON_center_ys1000\dcm_male_ascsON_center_ys1000_param_descriptions.json","dcm_male_ascsON_center_ys1000_param_descriptions.json",".json","1400","22-10-25 14:56:43"
"Z:\Hisham\EUROMOD-STORAGE_1","old rep\biogeme\male_ascsON_center_ys1000\dcm_male_ascsON_center_ys1000_param_labels.json","Z:\Hisham\EUROMOD-STORAGE_1\old rep\biogeme\male_ascsON_center_ys1000\dcm_male_ascsON_center_ys1000_param_labels.json","dcm_male_ascsON_center_ys1000_param_labels.json",".json","321","22-10-25 14:56:43"
"Z:\Hisham\EUROMOD-STORAGE_1","old rep\biogeme\male_ascsON_center_ys1000\dcm_male_ascsON_center_ys1000_parameters.csv","Z:\Hisham\EUROMOD-STORAGE_1\old rep\biogeme\male_ascsON_center_ys1000\dcm_male_ascsON_center_ys1000_parameters.csv","dcm_male_ascsON_center_ys1000_parameters.csv",".csv","1484","22-10-25 14:56:43"
"Z:\Hisham\EUROMOD-STORAGE_1","old rep\biogeme\male_ascsON_center_ys1000\dcm_male_ascsON_center_ys1000_transform_meta.json","Z:\Hisham\EUROMOD-STORAGE_1\old rep\biogeme\male_ascsON_center_ys1000\dcm_male_ascsON_center_ys1000_transform_meta.json","dcm_male_ascsON_center_ys1000_transform_meta.json",".json","269","22-10-25 14:56:43"
"Z:\Hisham\EUROMOD-STORAGE_1","old rep\biogeme\pooled_ascsOFF_center_ys1000\dcm_pooled_ascsOFF_center_ys1000.html","Z:\Hisham\EUROMOD-STORAGE_1\old rep\biogeme\pooled_ascsOFF_center_ys1000\dcm_pooled_ascsOFF_center_ys1000.html","dcm_pooled_ascsOFF_center_ys1000.html",".html","29202","24-10-25 11:46:56"
"Z:\Hisham\EUROMOD-STORAGE_1","old rep\biogeme\pooled_ascsOFF_center_ys1000\dcm_pooled_ascsOFF_center_ys1000_param_descriptions.json","Z:\Hisham\EUROMOD-STORAGE_1\old rep\biogeme\pooled_ascsOFF_center_ys1000\dcm_pooled_ascsOFF_center_ys1000_param_descriptions.json","dcm_pooled_ascsOFF_center_ys1000_param_descriptions.json",".json","1251","24-10-25 11:46:56"
"Z:\Hisham\EUROMOD-STORAGE_1","old rep\biogeme\pooled_ascsOFF_center_ys1000\dcm_pooled_ascsOFF_center_ys1000_param_labels.json","Z:\Hisham\EUROMOD-STORAGE_1\old rep\biogeme\pooled_ascsOFF_center_ys1000\dcm_pooled_ascsOFF_center_ys1000_param_labels.json","dcm_pooled_ascsOFF_center_ys1000_param_labels.json",".json","726","24-10-25 11:46:56"
"Z:\Hisham\EUROMOD-STORAGE_1","old rep\biogeme\pooled_ascsOFF_center_ys1000\dcm_pooled_ascsOFF_center_ys1000_parameters.csv","Z:\Hisham\EUROMOD-STORAGE_1\old rep\biogeme\pooled_ascsOFF_center_ys1000\dcm_pooled_ascsOFF_center_ys1000_parameters.csv","dcm_pooled_ascsOFF_center_ys1000_parameters.csv",".csv","1913","24-10-25 11:46:56"
"Z:\Hisham\EUROMOD-STORAGE_1","old rep\biogeme\pooled_ascsOFF_center_ys1000\dcm_pooled_ascsOFF_center_ys1000_transform_meta.json","Z:\Hisham\EUROMOD-STORAGE_1\old rep\biogeme\pooled_ascsOFF_center_ys1000\dcm_pooled_ascsOFF_center_ys1000_transform_meta.json","dcm_pooled_ascsOFF_center_ys1000_transform_meta.json",".json","318","24-10-25 11:46:56"
"Z:\Hisham\EUROMOD-STORAGE_1","old rep\biogeme\pooled_ascsON_center_ys1000\dcm_pooled_ascsON_center_ys1000.html","Z:\Hisham\EUROMOD-STORAGE_1\old rep\biogeme\pooled_ascsON_center_ys1000\dcm_pooled_ascsON_center_ys1000.html","dcm_pooled_ascsON_center_ys1000.html",".html","45866","24-10-25 12:10:07"
"Z:\Hisham\EUROMOD-STORAGE_1","old rep\biogeme\pooled_ascsON_center_ys1000\dcm_pooled_ascsON_center_ys1000_analysis.html","Z:\Hisham\EUROMOD-STORAGE_1\old rep\biogeme\pooled_ascsON_center_ys1000\dcm_pooled_ascsON_center_ys1000_analysis.html","dcm_pooled_ascsON_center_ys1000_analysis.html",".html","13200","24-10-25 17:32:36"
"Z:\Hisham\EUROMOD-STORAGE_1","old rep\biogeme\pooled_ascsON_center_ys1000\dcm_pooled_ascsON_center_ys1000_param_descriptions.json","Z:\Hisham\EUROMOD-STORAGE_1\old rep\biogeme\pooled_ascsON_center_ys1000\dcm_pooled_ascsON_center_ys1000_param_descriptions.json","dcm_pooled_ascsON_center_ys1000_param_descriptions.json",".json","1923","24-10-25 12:10:07"
"Z:\Hisham\EUROMOD-STORAGE_1","old rep\biogeme\pooled_ascsON_center_ys1000\dcm_pooled_ascsON_center_ys1000_param_labels.json","Z:\Hisham\EUROMOD-STORAGE_1\old rep\biogeme\pooled_ascsON_center_ys1000\dcm_pooled_ascsON_center_ys1000_param_labels.json","dcm_pooled_ascsON_center_ys1000_param_labels.json",".json","726","24-10-25 12:10:07"
"Z:\Hisham\EUROMOD-STORAGE_1","old rep\biogeme\pooled_ascsON_center_ys1000\dcm_pooled_ascsON_center_ys1000_parameters.csv","Z:\Hisham\EUROMOD-STORAGE_1\old rep\biogeme\pooled_ascsON_center_ys1000\dcm_pooled_ascsON_center_ys1000_parameters.csv","dcm_pooled_ascsON_center_ys1000_parameters.csv",".csv","2451","24-10-25 12:10:07"
"Z:\Hisham\EUROMOD-STORAGE_1","old rep\biogeme\pooled_ascsON_center_ys1000\dcm_pooled_ascsON_center_ys1000_transform_meta.json","Z:\Hisham\EUROMOD-STORAGE_1\old rep\biogeme\pooled_ascsON_center_ys1000\dcm_pooled_ascsON_center_ys1000_transform_meta.json","dcm_pooled_ascsON_center_ys1000_transform_meta.json",".json","317","24-10-25 12:10:07"
"Z:\Hisham\EUROMOD-STORAGE_1","old rep\mle_dcm\boxcox\male_ascsOFF_q99\boxcox_male_ascsOFF_q99_confusion.csv","Z:\Hisham\EUROMOD-STORAGE_1\old rep\mle_dcm\boxcox\male_ascsOFF_q99\boxcox_male_ascsOFF_q99_confusion.csv","boxcox_male_ascsOFF_q99_confusion.csv",".csv","164","07-11-25 09:10:25"
"Z:\Hisham\EUROMOD-STORAGE_1","old rep\mle_dcm\boxcox\male_ascsOFF_q99\boxcox_male_ascsOFF_q99_meta.json","Z:\Hisham\EUROMOD-STORAGE_1\old rep\mle_dcm\boxcox\male_ascsOFF_q99\boxcox_male_ascsOFF_q99_meta.json","boxcox_male_ascsOFF_q99_meta.json",".json","1697","07-11-25 09:10:25"
"Z:\Hisham\EUROMOD-STORAGE_1","old rep\mle_dcm\boxcox\male_ascsOFF_q99\boxcox_male_ascsOFF_q99_mucmul_draws.csv","Z:\Hisham\EUROMOD-STORAGE_1\old rep\mle_dcm\boxcox\male_ascsOFF_q99\boxcox_male_ascsOFF_q99_mucmul_draws.csv","boxcox_male_ascsOFF_q99_mucmul_draws.csv",".csv","163387","07-11-25 09:10:25"
"Z:\Hisham\EUROMOD-STORAGE_1","old rep\mle_dcm\boxcox\male_ascsOFF_q99\boxcox_male_ascsOFF_q99_mucmul_summary.json","Z:\Hisham\EUROMOD-STORAGE_1\old rep\mle_dcm\boxcox\male_ascsOFF_q99\boxcox_male_ascsOFF_q99_mucmul_summary.json","boxcox_male_ascsOFF_q99_mucmul_summary.json",".json","327","07-11-25 09:10:25"
"Z:\Hisham\EUROMOD-STORAGE_1","old rep\mle_dcm\boxcox\male_ascsOFF_q99\boxcox_male_ascsOFF_q99_param_descriptions.json","Z:\Hisham\EUROMOD-STORAGE_1\old rep\mle_dcm\boxcox\male_ascsOFF_q99\boxcox_male_ascsOFF_q99_param_descriptions.json","boxcox_male_ascsOFF_q99_param_descriptions.json",".json","568","07-11-25 09:10:25"
"Z:\Hisham\EUROMOD-STORAGE_1","old rep\mle_dcm\boxcox\male_ascsOFF_q99\boxcox_male_ascsOFF_q99_param_labels.json","Z:\Hisham\EUROMOD-STORAGE_1\old rep\mle_dcm\boxcox\male_ascsOFF_q99\boxcox_male_ascsOFF_q99_param_labels.json","boxcox_male_ascsOFF_q99_param_labels.json",".json","377","07-11-25 09:10:25"
"Z:\Hisham\EUROMOD-STORAGE_1","old rep\mle_dcm\boxcox\male_ascsOFF_q99\boxcox_male_ascsOFF_q99_parameters.csv","Z:\Hisham\EUROMOD-STORAGE_1\old rep\mle_dcm\boxcox\male_ascsOFF_q99\boxcox_male_ascsOFF_q99_parameters.csv","boxcox_male_ascsOFF_q99_parameters.csv",".csv","1211","07-11-25 09:10:25"
"Z:\Hisham\EUROMOD-STORAGE_1","old rep\mle_dcm\mle_male_ascsOFF.csv","Z:\Hisham\EUROMOD-STORAGE_1\old rep\mle_dcm\mle_male_ascsOFF.csv","mle_male_ascsOFF.csv",".csv","296","22-10-25 15:45:38"
"Z:\Hisham\EUROMOD-STORAGE_1","old_Data_results\detailed_estimates\fr_2016_joint.json","Z:\Hisham\EUROMOD-STORAGE_1\old_Data_results\detailed_estimates\fr_2016_joint.json","fr_2016_joint.json",".json","7522","08-12-25 19:08:46"
"Z:\Hisham\EUROMOD-STORAGE_1","old_Data_results\detailed_estimates\v2_backward_compat_test\parameters.csv","Z:\Hisham\EUROMOD-STORAGE_1\old_Data_results\detailed_estimates\v2_backward_compat_test\parameters.csv","parameters.csv",".csv","2677","08-12-25 12:55:42"
"Z:\Hisham\EUROMOD-STORAGE_1","old_Data_results\detailed_estimates\v2_backward_compat_test\post_estimation_report.html","Z:\Hisham\EUROMOD-STORAGE_1\old_Data_results\detailed_estimates\v2_backward_compat_test\post_estimation_report.html","post_estimation_report.html",".html","24146","08-12-25 12:55:41"
"Z:\Hisham\EUROMOD-STORAGE_1","old_Data_results\detailed_estimates\v2_cleaned\vw_joint_elasticities.csv","Z:\Hisham\EUROMOD-STORAGE_1\old_Data_results\detailed_estimates\v2_cleaned\vw_joint_elasticities.csv","vw_joint_elasticities.csv",".csv","416","08-12-25 14:18:06"
"Z:\Hisham\EUROMOD-STORAGE_1","old_Data_results\detailed_estimates\v2_cleaned\vw_joint_params.csv","Z:\Hisham\EUROMOD-STORAGE_1\old_Data_results\detailed_estimates\v2_cleaned\vw_joint_params.csv","vw_joint_params.csv",".csv","2677","08-12-25 14:18:06"
"Z:\Hisham\EUROMOD-STORAGE_1","old_Data_results\detailed_estimates\v2_cleaned\vw_joint_post_estimation_report.html","Z:\Hisham\EUROMOD-STORAGE_1\old_Data_results\detailed_estimates\v2_cleaned\vw_joint_post_estimation_report.html","vw_joint_post_estimation_report.html",".html","37437","08-12-25 14:18:05"
"Z:\Hisham\EUROMOD-STORAGE_1","old_Data_results\detailed_estimates\v2_contours_test\parameters.csv","Z:\Hisham\EUROMOD-STORAGE_1\old_Data_results\detailed_estimates\v2_contours_test\parameters.csv","parameters.csv",".csv","2677","08-12-25 13:15:43"
"Z:\Hisham\EUROMOD-STORAGE_1","old_Data_results\detailed_estimates\v2_contours_test\post_estimation_report.html","Z:\Hisham\EUROMOD-STORAGE_1\old_Data_results\detailed_estimates\v2_contours_test\post_estimation_report.html","post_estimation_report.html",".html","37448","08-12-25 13:15:43"
"Z:\Hisham\EUROMOD-STORAGE_1","old_Data_results\detailed_estimates\v2_enhanced_test\parameters.csv","Z:\Hisham\EUROMOD-STORAGE_1\old_Data_results\detailed_estimates\v2_enhanced_test\parameters.csv","parameters.csv",".csv","2677","08-12-25 13:03:42"
"Z:\Hisham\EUROMOD-STORAGE_1","old_Data_results\detailed_estimates\v2_enhanced_test\post_estimation_report.html","Z:\Hisham\EUROMOD-STORAGE_1\old_Data_results\detailed_estimates\v2_enhanced_test\post_estimation_report.html","post_estimation_report.html",".html","36366","08-12-25 13:03:42"
"Z:\Hisham\EUROMOD-STORAGE_1","old_Data_results\detailed_estimates\v2_final_contours\parameters.csv","Z:\Hisham\EUROMOD-STORAGE_1\old_Data_results\detailed_estimates\v2_final_contours\parameters.csv","parameters.csv",".csv","2677","08-12-25 13:19:56"
"Z:\Hisham\EUROMOD-STORAGE_1","old_Data_results\detailed_estimates\v2_final_contours\post_estimation_report.html","Z:\Hisham\EUROMOD-STORAGE_1\old_Data_results\detailed_estimates\v2_final_contours\post_estimation_report.html","post_estimation_report.html",".html","37329","08-12-25 13:19:56"
"Z:\Hisham\EUROMOD-STORAGE_1","old_Data_results\detailed_estimates\v2_final_test\parameters.csv","Z:\Hisham\EUROMOD-STORAGE_1\old_Data_results\detailed_estimates\v2_final_test\parameters.csv","parameters.csv",".csv","2677","08-12-25 11:56:02"
"Z:\Hisham\EUROMOD-STORAGE_1","old_Data_results\detailed_estimates\v2_final_test\post_estimation_report.html","Z:\Hisham\EUROMOD-STORAGE_1\old_Data_results\detailed_estimates\v2_final_test\post_estimation_report.html","post_estimation_report.html",".html","13230","08-12-25 11:56:02"
"Z:\Hisham\EUROMOD-STORAGE_1","old_Data_results\detailed_estimates\v2_full_test\parameters.csv","Z:\Hisham\EUROMOD-STORAGE_1\old_Data_results\detailed_estimates\v2_full_test\parameters.csv","parameters.csv",".csv","2677","08-12-25 11:41:24"
"Z:\Hisham\EUROMOD-STORAGE_1","old_Data_results\detailed_estimates\v2_full_test\post_estimation_report.html","Z:\Hisham\EUROMOD-STORAGE_1\old_Data_results\detailed_estimates\v2_full_test\post_estimation_report.html","post_estimation_report.html",".html","16535","08-12-25 11:41:24"
"Z:\Hisham\EUROMOD-STORAGE_1","old_Data_results\detailed_estimates\v2_test\parameters.csv","Z:\Hisham\EUROMOD-STORAGE_1\old_Data_results\detailed_estimates\v2_test\parameters.csv","parameters.csv",".csv","4576","08-12-25 11:25:31"
"Z:\Hisham\EUROMOD-STORAGE_1","old_Data_results\detailed_estimates\v2_test\post_estimation_report.html","Z:\Hisham\EUROMOD-STORAGE_1\old_Data_results\detailed_estimates\v2_test\post_estimation_report.html","post_estimation_report.html",".html","16263","08-12-25 11:25:31"
"Z:\Hisham\EUROMOD-STORAGE_1","old_Data_results\detailed_estimates\v2_test_report\parameters.csv","Z:\Hisham\EUROMOD-STORAGE_1\old_Data_results\detailed_estimates\v2_test_report\parameters.csv","parameters.csv",".csv","2677","08-12-25 12:54:52"
"Z:\Hisham\EUROMOD-STORAGE_1","old_Data_results\detailed_estimates\v2_test_report\post_estimation_report.html","Z:\Hisham\EUROMOD-STORAGE_1\old_Data_results\detailed_estimates\v2_test_report\post_estimation_report.html","post_estimation_report.html",".html","24156","08-12-25 12:54:52"
"Z:\Hisham\EUROMOD-STORAGE_1","old_Data_results\detailed_estimates\v2_with_prefix\vw_elasticities.csv","Z:\Hisham\EUROMOD-STORAGE_1\old_Data_results\detailed_estimates\v2_with_prefix\vw_elasticities.csv","vw_elasticities.csv",".csv","416","08-12-25 13:25:11"
"Z:\Hisham\EUROMOD-STORAGE_1","old_Data_results\detailed_estimates\v2_with_prefix\vw_params.csv","Z:\Hisham\EUROMOD-STORAGE_1\old_Data_results\detailed_estimates\v2_with_prefix\vw_params.csv","vw_params.csv",".csv","2677","08-12-25 13:25:11"
"Z:\Hisham\EUROMOD-STORAGE_1","old_Data_results\detailed_estimates\v2_with_prefix\vw_post_estimation_report.html","Z:\Hisham\EUROMOD-STORAGE_1\old_Data_results\detailed_estimates\v2_with_prefix\vw_post_estimation_report.html","vw_post_estimation_report.html",".html","37365","08-12-25 13:25:11"
"Z:\Hisham\EUROMOD-STORAGE_1","old_Data_results\detailed_estimates\vw_joint_elasticities.csv","Z:\Hisham\EUROMOD-STORAGE_1\old_Data_results\detailed_estimates\vw_joint_elasticities.csv","vw_joint_elasticities.csv",".csv","414","08-12-25 19:08:50"
"Z:\Hisham\EUROMOD-STORAGE_1","old_Data_results\detailed_estimates\vw_joint_params.csv","Z:\Hisham\EUROMOD-STORAGE_1\old_Data_results\detailed_estimates\vw_joint_params.csv","vw_joint_params.csv",".csv","2304","08-12-25 19:08:50"
"Z:\Hisham\EUROMOD-STORAGE_1","old_Data_results\detailed_estimates\vw_joint_post_estimation_report.html","Z:\Hisham\EUROMOD-STORAGE_1\old_Data_results\detailed_estimates\vw_joint_post_estimation_report.html","vw_joint_post_estimation_report.html",".html","40157","08-12-25 19:08:50"
"Z:\Hisham\EUROMOD-STORAGE_1","old_Data_results\old_data\couples_filtering_final.parquet","Z:\Hisham\EUROMOD-STORAGE_1\old_Data_results\old_data\couples_filtering_final.parquet","couples_filtering_final.parquet",".parquet","913136","22-10-25 12:28:31"
"Z:\Hisham\EUROMOD-STORAGE_1","old_Data_results\old_data\de\2014\couples_filtering_final.parquet","Z:\Hisham\EUROMOD-STORAGE_1\old_Data_results\old_data\de\2014\couples_filtering_final.parquet","couples_filtering_final.parquet",".parquet","984556","28-11-25 14:13:43"
"Z:\Hisham\EUROMOD-STORAGE_1","old_Data_results\old_data\de\2014\couples_RURO_ready.parquet","Z:\Hisham\EUROMOD-STORAGE_1\old_Data_results\old_data\de\2014\couples_RURO_ready.parquet","couples_RURO_ready.parquet",".parquet","1041919","28-11-25 14:49:07"
"Z:\Hisham\EUROMOD-STORAGE_1","old_Data_results\old_data\de\2014\DE_2014_a3_prepared_master.csv","Z:\Hisham\EUROMOD-STORAGE_1\old_Data_results\old_data\de\2014\DE_2014_a3_prepared_master.csv","DE_2014_a3_prepared_master.csv",".csv","21579134","28-11-25 14:13:40"
"Z:\Hisham\EUROMOD-STORAGE_1","old_Data_results\old_data\de\2014\de_2014_clean.parquet","Z:\Hisham\EUROMOD-STORAGE_1\old_Data_results\old_data\de\2014\de_2014_clean.parquet","de_2014_clean.parquet",".parquet","4937673","28-11-25 14:13:54"
"Z:\Hisham\EUROMOD-STORAGE_1","old_Data_results\old_data\de\2014\outputs\couples_filtering_filtering_summary.csv","Z:\Hisham\EUROMOD-STORAGE_1\old_Data_results\old_data\de\2014\outputs\couples_filtering_filtering_summary.csv","couples_filtering_filtering_summary.csv",".csv","1308","28-11-25 14:13:43"
"Z:\Hisham\EUROMOD-STORAGE_1","old_Data_results\old_data\de\2014\outputs\singles_filtering_filtering_summary.csv","Z:\Hisham\EUROMOD-STORAGE_1\old_Data_results\old_data\de\2014\outputs\singles_filtering_filtering_summary.csv","singles_filtering_filtering_summary.csv",".csv","844","28-11-25 14:13:45"
"Z:\Hisham\EUROMOD-STORAGE_1","old_Data_results\old_data\de\2014\prep_meta.json","Z:\Hisham\EUROMOD-STORAGE_1\old_Data_results\old_data\de\2014\prep_meta.json","prep_meta.json",".json","308","28-11-25 14:13:54"
"Z:\Hisham\EUROMOD-STORAGE_1","old_Data_results\old_data\de\2014\singles_filtering_final.parquet","Z:\Hisham\EUROMOD-STORAGE_1\old_Data_results\old_data\de\2014\singles_filtering_final.parquet","singles_filtering_final.parquet",".parquet","561136","28-11-25 14:13:45"
"Z:\Hisham\EUROMOD-STORAGE_1","old_Data_results\old_data\de\2014\singles_final_filtered_female.parquet","Z:\Hisham\EUROMOD-STORAGE_1\old_Data_results\old_data\de\2014\singles_final_filtered_female.parquet","singles_final_filtered_female.parquet",".parquet","372280","28-11-25 14:13:45"
"Z:\Hisham\EUROMOD-STORAGE_1","old_Data_results\old_data\de\2014\singles_final_filtered_male.parquet","Z:\Hisham\EUROMOD-STORAGE_1\old_Data_results\old_data\de\2014\singles_final_filtered_male.parquet","singles_final_filtered_male.parquet",".parquet","313737","28-11-25 14:13:45"
"Z:\Hisham\EUROMOD-STORAGE_1","old_Data_results\old_data\de\2014\singles_RURO_ready.parquet","Z:\Hisham\EUROMOD-STORAGE_1\old_Data_results\old_data\de\2014\singles_RURO_ready.parquet","singles_RURO_ready.parquet",".parquet","592511","28-11-25 14:49:07"
"Z:\Hisham\EUROMOD-STORAGE_1","old_Data_results\old_data\de\2015\couples_filtering_final.parquet","Z:\Hisham\EUROMOD-STORAGE_1\old_Data_results\old_data\de\2015\couples_filtering_final.parquet","couples_filtering_final.parquet",".parquet","933215","02-12-25 00:04:01"
"Z:\Hisham\EUROMOD-STORAGE_1","old_Data_results\old_data\de\2015\couples_RURO_ready.parquet","Z:\Hisham\EUROMOD-STORAGE_1\old_Data_results\old_data\de\2015\couples_RURO_ready.parquet","couples_RURO_ready.parquet",".parquet","969542","28-11-25 14:50:20"
"Z:\Hisham\EUROMOD-STORAGE_1","old_Data_results\old_data\de\2015\DE_2015_a1_prepared_master.csv","Z:\Hisham\EUROMOD-STORAGE_1\old_Data_results\old_data\de\2015\DE_2015_a1_prepared_master.csv","DE_2015_a1_prepared_master.csv",".csv","20878011","02-12-25 00:03:59"
"Z:\Hisham\EUROMOD-STORAGE_1","old_Data_results\old_data\de\2015\de_2015_clean.parquet","Z:\Hisham\EUROMOD-STORAGE_1\old_Data_results\old_data\de\2015\de_2015_clean.parquet","de_2015_clean.parquet",".parquet","4711568","02-12-25 00:04:12"
"Z:\Hisham\EUROMOD-STORAGE_1","old_Data_results\old_data\de\2015\outputs\couples_filtering_filtering_summary.csv","Z:\Hisham\EUROMOD-STORAGE_1\old_Data_results\old_data\de\2015\outputs\couples_filtering_filtering_summary.csv","couples_filtering_filtering_summary.csv",".csv","1310","02-12-25 00:04:01"
"Z:\Hisham\EUROMOD-STORAGE_1","old_Data_results\old_data\de\2015\outputs\singles_filtering_filtering_summary.csv","Z:\Hisham\EUROMOD-STORAGE_1\old_Data_results\old_data\de\2015\outputs\singles_filtering_filtering_summary.csv","singles_filtering_filtering_summary.csv",".csv","845","02-12-25 00:04:03"
"Z:\Hisham\EUROMOD-STORAGE_1","old_Data_results\old_data\de\2015\prep_meta.json","Z:\Hisham\EUROMOD-STORAGE_1\old_Data_results\old_data\de\2015\prep_meta.json","prep_meta.json",".json","286","02-12-25 00:04:12"
"Z:\Hisham\EUROMOD-STORAGE_1","old_Data_results\old_data\de\2015\singles_filtering_final.parquet","Z:\Hisham\EUROMOD-STORAGE_1\old_Data_results\old_data\de\2015\singles_filtering_final.parquet","singles_filtering_final.parquet",".parquet","569428","02-12-25 00:04:03"
"Z:\Hisham\EUROMOD-STORAGE_1","old_Data_results\old_data\de\2015\singles_final_filtered_female.parquet","Z:\Hisham\EUROMOD-STORAGE_1\old_Data_results\old_data\de\2015\singles_final_filtered_female.parquet","singles_final_filtered_female.parquet",".parquet","374232","02-12-25 00:04:03"
"Z:\Hisham\EUROMOD-STORAGE_1","old_Data_results\old_data\de\2015\singles_final_filtered_male.parquet","Z:\Hisham\EUROMOD-STORAGE_1\old_Data_results\old_data\de\2015\singles_final_filtered_male.parquet","singles_final_filtered_male.parquet",".parquet","318153","02-12-25 00:04:03"
"Z:\Hisham\EUROMOD-STORAGE_1","old_Data_results\old_data\de\2015\singles_RURO_ready.parquet","Z:\Hisham\EUROMOD-STORAGE_1\old_Data_results\old_data\de\2015\singles_RURO_ready.parquet","singles_RURO_ready.parquet",".parquet","589518","28-11-25 14:50:19"
"Z:\Hisham\EUROMOD-STORAGE_1","old_Data_results\old_data\de\2016\couples_filtering_final.parquet","Z:\Hisham\EUROMOD-STORAGE_1\old_Data_results\old_data\de\2016\couples_filtering_final.parquet","couples_filtering_final.parquet",".parquet","911777","28-11-25 14:18:17"
"Z:\Hisham\EUROMOD-STORAGE_1","old_Data_results\old_data\de\2016\couples_RURO_ready.parquet","Z:\Hisham\EUROMOD-STORAGE_1\old_Data_results\old_data\de\2016\couples_RURO_ready.parquet","couples_RURO_ready.parquet",".parquet","969217","28-11-25 14:51:01"
"Z:\Hisham\EUROMOD-STORAGE_1","old_Data_results\old_data\de\2016\DE_2016_a1_prepared_master.csv","Z:\Hisham\EUROMOD-STORAGE_1\old_Data_results\old_data\de\2016\DE_2016_a1_prepared_master.csv","DE_2016_a1_prepared_master.csv",".csv","21471002","28-11-25 14:18:14"
"Z:\Hisham\EUROMOD-STORAGE_1","old_Data_results\old_data\de\2016\de_2016_clean.parquet","Z:\Hisham\EUROMOD-STORAGE_1\old_Data_results\old_data\de\2016\de_2016_clean.parquet","de_2016_clean.parquet",".parquet","4749742","28-11-25 14:18:29"
"Z:\Hisham\EUROMOD-STORAGE_1","old_Data_results\old_data\de\2016\outputs\couples_filtering_filtering_summary.csv","Z:\Hisham\EUROMOD-STORAGE_1\old_Data_results\old_data\de\2016\outputs\couples_filtering_filtering_summary.csv","couples_filtering_filtering_summary.csv",".csv","1309","28-11-25 14:18:17"
"Z:\Hisham\EUROMOD-STORAGE_1","old_Data_results\old_data\de\2016\outputs\singles_filtering_filtering_summary.csv","Z:\Hisham\EUROMOD-STORAGE_1\old_Data_results\old_data\de\2016\outputs\singles_filtering_filtering_summary.csv","singles_filtering_filtering_summary.csv",".csv","845","28-11-25 14:18:20"
"Z:\Hisham\EUROMOD-STORAGE_1","old_Data_results\old_data\de\2016\prep_meta.json","Z:\Hisham\EUROMOD-STORAGE_1\old_Data_results\old_data\de\2016\prep_meta.json","prep_meta.json",".json","308","28-11-25 14:18:29"
"Z:\Hisham\EUROMOD-STORAGE_1","old_Data_results\old_data\de\2016\singles_filtering_final.parquet","Z:\Hisham\EUROMOD-STORAGE_1\old_Data_results\old_data\de\2016\singles_filtering_final.parquet","singles_filtering_final.parquet",".parquet","564294","28-11-25 14:18:20"
"Z:\Hisham\EUROMOD-STORAGE_1","old_Data_results\old_data\de\2016\singles_final_filtered_female.parquet","Z:\Hisham\EUROMOD-STORAGE_1\old_Data_results\old_data\de\2016\singles_final_filtered_female.parquet","singles_final_filtered_female.parquet",".parquet","372659","28-11-25 14:18:20"
"Z:\Hisham\EUROMOD-STORAGE_1","old_Data_results\old_data\de\2016\singles_final_filtered_male.parquet","Z:\Hisham\EUROMOD-STORAGE_1\old_Data_results\old_data\de\2016\singles_final_filtered_male.parquet","singles_final_filtered_male.parquet",".parquet","314522","28-11-25 14:18:20"
"Z:\Hisham\EUROMOD-STORAGE_1","old_Data_results\old_data\de\2016\singles_RURO_ready.parquet","Z:\Hisham\EUROMOD-STORAGE_1\old_Data_results\old_data\de\2016\singles_RURO_ready.parquet","singles_RURO_ready.parquet",".parquet","598731","28-11-25 14:51:01"
"Z:\Hisham\EUROMOD-STORAGE_1","old_Data_results\old_data\DE_2015_a1_prepared_master.csv","Z:\Hisham\EUROMOD-STORAGE_1\old_Data_results\old_data\DE_2015_a1_prepared_master.csv","DE_2015_a1_prepared_master.csv",".csv","20828064","22-10-25 12:28:29"
"Z:\Hisham\EUROMOD-STORAGE_1","old_Data_results\old_data\fr\2016\couples_RURO_ready.parquet","Z:\Hisham\EUROMOD-STORAGE_1\old_Data_results\old_data\fr\2016\couples_RURO_ready.parquet","couples_RURO_ready.parquet",".parquet","5962627","08-12-25 18:57:21"
"Z:\Hisham\EUROMOD-STORAGE_1","old_Data_results\old_data\fr\2016\couples_RURO_ready_RURO_draws.parquet","Z:\Hisham\EUROMOD-STORAGE_1\old_Data_results\old_data\fr\2016\couples_RURO_ready_RURO_draws.parquet","couples_RURO_ready_RURO_draws.parquet",".parquet","38095607","08-12-25 18:57:53"
"Z:\Hisham\EUROMOD-STORAGE_1","old_Data_results\old_data\fr\2016\fr_2016.parquet","Z:\Hisham\EUROMOD-STORAGE_1\old_Data_results\old_data\fr\2016\fr_2016.parquet","fr_2016.parquet",".parquet","7461306","08-12-25 18:56:43"
"Z:\Hisham\EUROMOD-STORAGE_1","old_Data_results\old_data\fr\2016\fr_2016_couples.parquet","Z:\Hisham\EUROMOD-STORAGE_1\old_Data_results\old_data\fr\2016\fr_2016_couples.parquet","fr_2016_couples.parquet",".parquet","5845671","08-12-25 18:56:45"
"Z:\Hisham\EUROMOD-STORAGE_1","old_Data_results\old_data\fr\2016\fr_2016_RURO_mnl.parquet","Z:\Hisham\EUROMOD-STORAGE_1\old_Data_results\old_data\fr\2016\fr_2016_RURO_mnl.parquet","fr_2016_RURO_mnl.parquet",".parquet","35123764","08-12-25 19:04:28"
"Z:\Hisham\EUROMOD-STORAGE_1","old_Data_results\old_data\fr\2016\fr_2016_singles.parquet","Z:\Hisham\EUROMOD-STORAGE_1\old_Data_results\old_data\fr\2016\fr_2016_singles.parquet","fr_2016_singles.parquet",".parquet","1940863","08-12-25 18:56:46"
"Z:\Hisham\EUROMOD-STORAGE_1","old_Data_results\old_data\fr\2016\fr_2016_singles_female.parquet","Z:\Hisham\EUROMOD-STORAGE_1\old_Data_results\old_data\fr\2016\fr_2016_singles_female.parquet","fr_2016_singles_female.parquet",".parquet","1218246","08-12-25 18:56:47"
"Z:\Hisham\EUROMOD-STORAGE_1","old_Data_results\old_data\fr\2016\fr_2016_singles_male.parquet","Z:\Hisham\EUROMOD-STORAGE_1\old_Data_results\old_data\fr\2016\fr_2016_singles_male.parquet","fr_2016_singles_male.parquet",".parquet","979456","08-12-25 18:56:48"
"Z:\Hisham\EUROMOD-STORAGE_1","old_Data_results\old_data\fr\2016\singles_RURO_ready.parquet","Z:\Hisham\EUROMOD-STORAGE_1\old_Data_results\old_data\fr\2016\singles_RURO_ready.parquet","singles_RURO_ready.parquet",".parquet","1984962","08-12-25 18:57:20"
"Z:\Hisham\EUROMOD-STORAGE_1","old_Data_results\old_data\fr\2016\singles_RURO_ready_RURO_draws.parquet","Z:\Hisham\EUROMOD-STORAGE_1\old_Data_results\old_data\fr\2016\singles_RURO_ready_RURO_draws.parquet","singles_RURO_ready_RURO_draws.parquet",".parquet","12286637","08-12-25 18:57:46"
"Z:\Hisham\EUROMOD-STORAGE_1","old_Data_results\old_data\fr\2021\couples_filtering_final.parquet","Z:\Hisham\EUROMOD-STORAGE_1\old_Data_results\old_data\fr\2021\couples_filtering_final.parquet","couples_filtering_final.parquet",".parquet","1265610","03-12-25 23:29:45"
"Z:\Hisham\EUROMOD-STORAGE_1","old_Data_results\old_data\fr\2021\couples_RURO_ready.parquet","Z:\Hisham\EUROMOD-STORAGE_1\old_Data_results\old_data\fr\2021\couples_RURO_ready.parquet","couples_RURO_ready.parquet",".parquet","1385203","03-12-25 23:30:22"
"Z:\Hisham\EUROMOD-STORAGE_1","old_Data_results\old_data\fr\2021\couples_RURO_ready_RURO_draws.parquet","Z:\Hisham\EUROMOD-STORAGE_1\old_Data_results\old_data\fr\2021\couples_RURO_ready_RURO_draws.parquet","couples_RURO_ready_RURO_draws.parquet",".parquet","3867518","03-12-25 23:30:47"
"Z:\Hisham\EUROMOD-STORAGE_1","old_Data_results\old_data\fr\2021\FR_2021_c2_prepared_master.csv","Z:\Hisham\EUROMOD-STORAGE_1\old_Data_results\old_data\fr\2021\FR_2021_c2_prepared_master.csv","FR_2021_c2_prepared_master.csv",".csv","27152362","03-12-25 23:29:44"
"Z:\Hisham\EUROMOD-STORAGE_1","old_Data_results\old_data\fr\2021\fr_2021_clean.parquet","Z:\Hisham\EUROMOD-STORAGE_1\old_Data_results\old_data\fr\2021\fr_2021_clean.parquet","fr_2021_clean.parquet",".parquet","6162530","03-12-25 23:29:57"
"Z:\Hisham\EUROMOD-STORAGE_1","old_Data_results\old_data\fr\2021\fr_2021_RURO_mnl.parquet","Z:\Hisham\EUROMOD-STORAGE_1\old_Data_results\old_data\fr\2021\fr_2021_RURO_mnl.parquet","fr_2021_RURO_mnl.parquet",".parquet","24189072","03-12-25 23:32:04"
"Z:\Hisham\EUROMOD-STORAGE_1","old_Data_results\old_data\fr\2021\outputs\couples_filtering_filtering_summary.csv","Z:\Hisham\EUROMOD-STORAGE_1\old_Data_results\old_data\fr\2021\outputs\couples_filtering_filtering_summary.csv","couples_filtering_filtering_summary.csv",".csv","1311","03-12-25 23:29:45"
"Z:\Hisham\EUROMOD-STORAGE_1","old_Data_results\old_data\fr\2021\outputs\singles_filtering_filtering_summary.csv","Z:\Hisham\EUROMOD-STORAGE_1\old_Data_results\old_data\fr\2021\outputs\singles_filtering_filtering_summary.csv","singles_filtering_filtering_summary.csv",".csv","846","03-12-25 23:29:47"
"Z:\Hisham\EUROMOD-STORAGE_1","old_Data_results\old_data\fr\2021\prep_meta.json","Z:\Hisham\EUROMOD-STORAGE_1\old_Data_results\old_data\fr\2021\prep_meta.json","prep_meta.json",".json","286","03-12-25 23:29:57"
"Z:\Hisham\EUROMOD-STORAGE_1","old_Data_results\old_data\fr\2021\singles_filtering_final.parquet","Z:\Hisham\EUROMOD-STORAGE_1\old_Data_results\old_data\fr\2021\singles_filtering_final.parquet","singles_filtering_final.parquet",".parquet","712832","03-12-25 23:29:47"
"Z:\Hisham\EUROMOD-STORAGE_1","old_Data_results\old_data\fr\2021\singles_final_filtered_female.parquet","Z:\Hisham\EUROMOD-STORAGE_1\old_Data_results\old_data\fr\2021\singles_final_filtered_female.parquet","singles_final_filtered_female.parquet",".parquet","457342","03-12-25 23:29:48"
"Z:\Hisham\EUROMOD-STORAGE_1","old_Data_results\old_data\fr\2021\singles_final_filtered_male.parquet","Z:\Hisham\EUROMOD-STORAGE_1\old_Data_results\old_data\fr\2021\singles_final_filtered_male.parquet","singles_final_filtered_male.parquet",".parquet","390059","03-12-25 23:29:48"
"Z:\Hisham\EUROMOD-STORAGE_1","old_Data_results\old_data\fr\2021\singles_RURO_ready.parquet","Z:\Hisham\EUROMOD-STORAGE_1\old_Data_results\old_data\fr\2021\singles_RURO_ready.parquet","singles_RURO_ready.parquet",".parquet","772884","03-12-25 23:30:22"
"Z:\Hisham\EUROMOD-STORAGE_1","old_Data_results\old_data\fr\2021\singles_RURO_ready_RURO_draws.parquet","Z:\Hisham\EUROMOD-STORAGE_1\old_Data_results\old_data\fr\2021\singles_RURO_ready_RURO_draws.parquet","singles_RURO_ready_RURO_draws.parquet",".parquet","1898617","03-12-25 23:30:43"
"Z:\Hisham\EUROMOD-STORAGE_1","old_Data_results\old_data\prep\couples_filtering_filtering_summary.csv","Z:\Hisham\EUROMOD-STORAGE_1\old_Data_results\old_data\prep\couples_filtering_filtering_summary.csv","couples_filtering_filtering_summary.csv",".csv","1309","22-10-25 12:28:31"
"Z:\Hisham\EUROMOD-STORAGE_1","old_Data_results\old_data\prep\fr\2016\fr_2016_singles_stats.csv","Z:\Hisham\EUROMOD-STORAGE_1\old_Data_results\old_data\prep\fr\2016\fr_2016_singles_stats.csv","fr_2016_singles_stats.csv",".csv","347","08-12-25 18:56:48"
"Z:\Hisham\EUROMOD-STORAGE_1","old_Data_results\old_data\prep\fr\2016\fr_2016_stats.csv","Z:\Hisham\EUROMOD-STORAGE_1\old_Data_results\old_data\prep\fr\2016\fr_2016_stats.csv","fr_2016_stats.csv",".csv","426","08-12-25 18:56:43"
"Z:\Hisham\EUROMOD-STORAGE_1","old_Data_results\old_data\prep\singles_filtering_filtering_summary.csv","Z:\Hisham\EUROMOD-STORAGE_1\old_Data_results\old_data\prep\singles_filtering_filtering_summary.csv","singles_filtering_filtering_summary.csv",".csv","845","22-10-25 12:28:34"
"Z:\Hisham\EUROMOD-STORAGE_1","old_Data_results\old_data\scenarios\DE_2014\heads_wide_single_female.csv","Z:\Hisham\EUROMOD-STORAGE_1\old_Data_results\old_data\scenarios\DE_2014\heads_wide_single_female.csv","heads_wide_single_female.csv",".csv","1326018","07-11-25 11:57:06"
"Z:\Hisham\EUROMOD-STORAGE_1","old_Data_results\old_data\scenarios\DE_2014\heads_wide_single_female.parquet","Z:\Hisham\EUROMOD-STORAGE_1\old_Data_results\old_data\scenarios\DE_2014\heads_wide_single_female.parquet","heads_wide_single_female.parquet",".parquet","571940","07-11-25 11:57:06"
"Z:\Hisham\EUROMOD-STORAGE_1","old_Data_results\old_data\scenarios\DE_2014\heads_wide_single_female_dcm.csv","Z:\Hisham\EUROMOD-STORAGE_1\old_Data_results\old_data\scenarios\DE_2014\heads_wide_single_female_dcm.csv","heads_wide_single_female_dcm.csv",".csv","2349585","07-11-25 11:57:08"
"Z:\Hisham\EUROMOD-STORAGE_1","old_Data_results\old_data\scenarios\DE_2014\heads_wide_single_female_dcm.parquet","Z:\Hisham\EUROMOD-STORAGE_1\old_Data_results\old_data\scenarios\DE_2014\heads_wide_single_female_dcm.parquet","heads_wide_single_female_dcm.parquet",".parquet","853362","07-11-25 11:57:07"
"Z:\Hisham\EUROMOD-STORAGE_1","old_Data_results\old_data\scenarios\DE_2014\heads_wide_single_male.csv","Z:\Hisham\EUROMOD-STORAGE_1\old_Data_results\old_data\scenarios\DE_2014\heads_wide_single_male.csv","heads_wide_single_male.csv",".csv","1015828","07-11-25 11:56:49"
"Z:\Hisham\EUROMOD-STORAGE_1","old_Data_results\old_data\scenarios\DE_2014\heads_wide_single_male.parquet","Z:\Hisham\EUROMOD-STORAGE_1\old_Data_results\old_data\scenarios\DE_2014\heads_wide_single_male.parquet","heads_wide_single_male.parquet",".parquet","474205","07-11-25 11:56:49"
"Z:\Hisham\EUROMOD-STORAGE_1","old_Data_results\old_data\scenarios\DE_2014\heads_wide_single_male_dcm.csv","Z:\Hisham\EUROMOD-STORAGE_1\old_Data_results\old_data\scenarios\DE_2014\heads_wide_single_male_dcm.csv","heads_wide_single_male_dcm.csv",".csv","1785079","07-11-25 11:56:50"
"Z:\Hisham\EUROMOD-STORAGE_1","old_Data_results\old_data\scenarios\DE_2014\heads_wide_single_male_dcm.parquet","Z:\Hisham\EUROMOD-STORAGE_1\old_Data_results\old_data\scenarios\DE_2014\heads_wide_single_male_dcm.parquet","heads_wide_single_male_dcm.parquet",".parquet","701362","07-11-25 11:56:50"
"Z:\Hisham\EUROMOD-STORAGE_1","old_Data_results\old_data\scenarios\DE_2014\scenarios_meta.json","Z:\Hisham\EUROMOD-STORAGE_1\old_Data_results\old_data\scenarios\DE_2014\scenarios_meta.json","scenarios_meta.json",".json","50555","07-11-25 11:57:08"
"Z:\Hisham\EUROMOD-STORAGE_1","old_Data_results\old_data\scenarios\DE_2014\single_female_h0.parquet","Z:\Hisham\EUROMOD-STORAGE_1\old_Data_results\old_data\scenarios\DE_2014\single_female_h0.parquet","single_female_h0.parquet",".parquet","881286","07-11-25 11:56:52"
"Z:\Hisham\EUROMOD-STORAGE_1","old_Data_results\old_data\scenarios\DE_2014\single_female_h1.parquet","Z:\Hisham\EUROMOD-STORAGE_1\old_Data_results\old_data\scenarios\DE_2014\single_female_h1.parquet","single_female_h1.parquet",".parquet","1184816","07-11-25 11:56:53"
"Z:\Hisham\EUROMOD-STORAGE_1","old_Data_results\old_data\scenarios\DE_2014\single_female_h2.parquet","Z:\Hisham\EUROMOD-STORAGE_1\old_Data_results\old_data\scenarios\DE_2014\single_female_h2.parquet","single_female_h2.parquet",".parquet","1284948","07-11-25 11:56:55"
"Z:\Hisham\EUROMOD-STORAGE_1","old_Data_results\old_data\scenarios\DE_2014\single_female_h3.parquet","Z:\Hisham\EUROMOD-STORAGE_1\old_Data_results\old_data\scenarios\DE_2014\single_female_h3.parquet","single_female_h3.parquet",".parquet","1297031","07-11-25 11:56:56"
"Z:\Hisham\EUROMOD-STORAGE_1","old_Data_results\old_data\scenarios\DE_2014\single_female_h4.parquet","Z:\Hisham\EUROMOD-STORAGE_1\old_Data_results\old_data\scenarios\DE_2014\single_female_h4.parquet","single_female_h4.parquet",".parquet","1285663","07-11-25 11:56:58"
"Z:\Hisham\EUROMOD-STORAGE_1","old_Data_results\old_data\scenarios\DE_2014\single_female_h5.parquet","Z:\Hisham\EUROMOD-STORAGE_1\old_Data_results\old_data\scenarios\DE_2014\single_female_h5.parquet","single_female_h5.parquet",".parquet","1280670","07-11-25 11:56:59"
"Z:\Hisham\EUROMOD-STORAGE_1","old_Data_results\old_data\scenarios\DE_2014\single_female_h6.parquet","Z:\Hisham\EUROMOD-STORAGE_1\old_Data_results\old_data\scenarios\DE_2014\single_female_h6.parquet","single_female_h6.parquet",".parquet","1268075","07-11-25 11:57:01"
"Z:\Hisham\EUROMOD-STORAGE_1","old_Data_results\old_data\scenarios\DE_2014\single_male_h0.parquet","Z:\Hisham\EUROMOD-STORAGE_1\old_Data_results\old_data\scenarios\DE_2014\single_male_h0.parquet","single_male_h0.parquet",".parquet","764848","07-11-25 11:56:36"
"Z:\Hisham\EUROMOD-STORAGE_1","old_Data_results\old_data\scenarios\DE_2014\single_male_h1.parquet","Z:\Hisham\EUROMOD-STORAGE_1\old_Data_results\old_data\scenarios\DE_2014\single_male_h1.parquet","single_male_h1.parquet",".parquet","1004794","07-11-25 11:56:37"
"Z:\Hisham\EUROMOD-STORAGE_1","old_Data_results\old_data\scenarios\DE_2014\single_male_h2.parquet","Z:\Hisham\EUROMOD-STORAGE_1\old_Data_results\old_data\scenarios\DE_2014\single_male_h2.parquet","single_male_h2.parquet",".parquet","1080394","07-11-25 11:56:39"
"Z:\Hisham\EUROMOD-STORAGE_1","old_Data_results\old_data\scenarios\DE_2014\single_male_h3.parquet","Z:\Hisham\EUROMOD-STORAGE_1\old_Data_results\old_data\scenarios\DE_2014\single_male_h3.parquet","single_male_h3.parquet",".parquet","1086264","07-11-25 11:56:40"
"Z:\Hisham\EUROMOD-STORAGE_1","old_Data_results\old_data\scenarios\DE_2014\single_male_h4.parquet","Z:\Hisham\EUROMOD-STORAGE_1\old_Data_results\old_data\scenarios\DE_2014\single_male_h4.parquet","single_male_h4.parquet",".parquet","1078410","07-11-25 11:56:42"
"Z:\Hisham\EUROMOD-STORAGE_1","old_Data_results\old_data\scenarios\DE_2014\single_male_h5.parquet","Z:\Hisham\EUROMOD-STORAGE_1\old_Data_results\old_data\scenarios\DE_2014\single_male_h5.parquet","single_male_h5.parquet",".parquet","1068879","07-11-25 11:56:43"
"Z:\Hisham\EUROMOD-STORAGE_1","old_Data_results\old_data\scenarios\DE_2014\single_male_h6.parquet","Z:\Hisham\EUROMOD-STORAGE_1\old_Data_results\old_data\scenarios\DE_2014\single_male_h6.parquet","single_male_h6.parquet",".parquet","1057469","07-11-25 11:56:45"
"Z:\Hisham\EUROMOD-STORAGE_1","old_Data_results\old_data\scenarios\DE_2014_2016_combined\combine_meta.json","Z:\Hisham\EUROMOD-STORAGE_1\old_Data_results\old_data\scenarios\DE_2014_2016_combined\combine_meta.json","combine_meta.json",".json","1111","07-11-25 12:45:07"
"Z:\Hisham\EUROMOD-STORAGE_1","old_Data_results\old_data\scenarios\DE_2014_2016_combined\heads_wide_single_female_dcm.parquet","Z:\Hisham\EUROMOD-STORAGE_1\old_Data_results\old_data\scenarios\DE_2014_2016_combined\heads_wide_single_female_dcm.parquet","heads_wide_single_female_dcm.parquet",".parquet","2218598","07-11-25 12:45:07"
"Z:\Hisham\EUROMOD-STORAGE_1","old_Data_results\old_data\scenarios\DE_2014_2016_combined\heads_wide_single_male_dcm.parquet","Z:\Hisham\EUROMOD-STORAGE_1\old_Data_results\old_data\scenarios\DE_2014_2016_combined\heads_wide_single_male_dcm.parquet","heads_wide_single_male_dcm.parquet",".parquet","1783139","07-11-25 12:45:07"
"Z:\Hisham\EUROMOD-STORAGE_1","old_Data_results\old_data\scenarios\DE_2014_2016_cpi2015\combine_meta.json","Z:\Hisham\EUROMOD-STORAGE_1\old_Data_results\old_data\scenarios\DE_2014_2016_cpi2015\combine_meta.json","combine_meta.json",".json","1170","07-11-25 12:58:13"
"Z:\Hisham\EUROMOD-STORAGE_1","old_Data_results\old_data\scenarios\DE_2014_2016_cpi2015\heads_wide_single_female_dcm.parquet","Z:\Hisham\EUROMOD-STORAGE_1\old_Data_results\old_data\scenarios\DE_2014_2016_cpi2015\heads_wide_single_female_dcm.parquet","heads_wide_single_female_dcm.parquet",".parquet","2224116","07-11-25 12:58:13"
"Z:\Hisham\EUROMOD-STORAGE_1","old_Data_results\old_data\scenarios\DE_2014_2016_cpi2015\heads_wide_single_male_dcm.parquet","Z:\Hisham\EUROMOD-STORAGE_1\old_Data_results\old_data\scenarios\DE_2014_2016_cpi2015\heads_wide_single_male_dcm.parquet","heads_wide_single_male_dcm.parquet",".parquet","1786867","07-11-25 12:58:13"
"Z:\Hisham\EUROMOD-STORAGE_1","old_Data_results\old_data\scenarios\DE_2015\heads_wide_single_female.csv","Z:\Hisham\EUROMOD-STORAGE_1\old_Data_results\old_data\scenarios\DE_2015\heads_wide_single_female.csv","heads_wide_single_female.csv",".csv","1352804","07-11-25 11:58:04"
"Z:\Hisham\EUROMOD-STORAGE_1","old_Data_results\old_data\scenarios\DE_2015\heads_wide_single_female.parquet","Z:\Hisham\EUROMOD-STORAGE_1\old_Data_results\old_data\scenarios\DE_2015\heads_wide_single_female.parquet","heads_wide_single_female.parquet",".parquet","576455","07-11-25 11:58:03"
"Z:\Hisham\EUROMOD-STORAGE_1","old_Data_results\old_data\scenarios\DE_2015\heads_wide_single_female_dcm.csv","Z:\Hisham\EUROMOD-STORAGE_1\old_Data_results\old_data\scenarios\DE_2015\heads_wide_single_female_dcm.csv","heads_wide_single_female_dcm.csv",".csv","2419211","07-11-25 11:58:05"
"Z:\Hisham\EUROMOD-STORAGE_1","old_Data_results\old_data\scenarios\DE_2015\heads_wide_single_female_dcm.parquet","Z:\Hisham\EUROMOD-STORAGE_1\old_Data_results\old_data\scenarios\DE_2015\heads_wide_single_female_dcm.parquet","heads_wide_single_female_dcm.parquet",".parquet","869908","07-11-25 11:58:04"
"Z:\Hisham\EUROMOD-STORAGE_1","old_Data_results\old_data\scenarios\DE_2015\heads_wide_single_male.csv","Z:\Hisham\EUROMOD-STORAGE_1\old_Data_results\old_data\scenarios\DE_2015\heads_wide_single_male.csv","heads_wide_single_male.csv",".csv","1066087","07-11-25 11:57:47"
"Z:\Hisham\EUROMOD-STORAGE_1","old_Data_results\old_data\scenarios\DE_2015\heads_wide_single_male.parquet","Z:\Hisham\EUROMOD-STORAGE_1\old_Data_results\old_data\scenarios\DE_2015\heads_wide_single_male.parquet","heads_wide_single_male.parquet",".parquet","483002","07-11-25 11:57:47"
"Z:\Hisham\EUROMOD-STORAGE_1","old_Data_results\old_data\scenarios\DE_2015\heads_wide_single_male_dcm.csv","Z:\Hisham\EUROMOD-STORAGE_1\old_Data_results\old_data\scenarios\DE_2015\heads_wide_single_male_dcm.csv","heads_wide_single_male_dcm.csv",".csv","1892792","07-11-25 11:57:48"
"Z:\Hisham\EUROMOD-STORAGE_1","old_Data_results\old_data\scenarios\DE_2015\heads_wide_single_male_dcm.parquet","Z:\Hisham\EUROMOD-STORAGE_1\old_Data_results\old_data\scenarios\DE_2015\heads_wide_single_male_dcm.parquet","heads_wide_single_male_dcm.parquet",".parquet","722712","07-11-25 11:57:48"
"Z:\Hisham\EUROMOD-STORAGE_1","old_Data_results\old_data\scenarios\DE_2015\scenarios_meta.json","Z:\Hisham\EUROMOD-STORAGE_1\old_Data_results\old_data\scenarios\DE_2015\scenarios_meta.json","scenarios_meta.json",".json","56978","07-11-25 11:58:05"
"Z:\Hisham\EUROMOD-STORAGE_1","old_Data_results\old_data\scenarios\DE_2015\single_female_h0.parquet","Z:\Hisham\EUROMOD-STORAGE_1\old_Data_results\old_data\scenarios\DE_2015\single_female_h0.parquet","single_female_h0.parquet",".parquet","864562","07-11-25 11:57:50"
"Z:\Hisham\EUROMOD-STORAGE_1","old_Data_results\old_data\scenarios\DE_2015\single_female_h1.parquet","Z:\Hisham\EUROMOD-STORAGE_1\old_Data_results\old_data\scenarios\DE_2015\single_female_h1.parquet","single_female_h1.parquet",".parquet","1184177","07-11-25 11:57:52"
"Z:\Hisham\EUROMOD-STORAGE_1","old_Data_results\old_data\scenarios\DE_2015\single_female_h2.parquet","Z:\Hisham\EUROMOD-STORAGE_1\old_Data_results\old_data\scenarios\DE_2015\single_female_h2.parquet","single_female_h2.parquet",".parquet","1288645","07-11-25 11:57:53"
"Z:\Hisham\EUROMOD-STORAGE_1","old_Data_results\old_data\scenarios\DE_2015\single_female_h3.parquet","Z:\Hisham\EUROMOD-STORAGE_1\old_Data_results\old_data\scenarios\DE_2015\single_female_h3.parquet","single_female_h3.parquet",".parquet","1300011","07-11-25 11:57:55"
"Z:\Hisham\EUROMOD-STORAGE_1","old_Data_results\old_data\scenarios\DE_2015\single_female_h4.parquet","Z:\Hisham\EUROMOD-STORAGE_1\old_Data_results\old_data\scenarios\DE_2015\single_female_h4.parquet","single_female_h4.parquet",".parquet","1291606","07-11-25 11:57:56"
"Z:\Hisham\EUROMOD-STORAGE_1","old_Data_results\old_data\scenarios\DE_2015\single_female_h5.parquet","Z:\Hisham\EUROMOD-STORAGE_1\old_Data_results\old_data\scenarios\DE_2015\single_female_h5.parquet","single_female_h5.parquet",".parquet","1286942","07-11-25 11:57:58"
"Z:\Hisham\EUROMOD-STORAGE_1","old_Data_results\old_data\scenarios\DE_2015\single_female_h6.parquet","Z:\Hisham\EUROMOD-STORAGE_1\old_Data_results\old_data\scenarios\DE_2015\single_female_h6.parquet","single_female_h6.parquet",".parquet","1276143","07-11-25 11:57:59"
"Z:\Hisham\EUROMOD-STORAGE_1","old_Data_results\old_data\scenarios\DE_2015\single_male_h0.parquet","Z:\Hisham\EUROMOD-STORAGE_1\old_Data_results\old_data\scenarios\DE_2015\single_male_h0.parquet","single_male_h0.parquet",".parquet","764274","07-11-25 11:57:34"
"Z:\Hisham\EUROMOD-STORAGE_1","old_Data_results\old_data\scenarios\DE_2015\single_male_h1.parquet","Z:\Hisham\EUROMOD-STORAGE_1\old_Data_results\old_data\scenarios\DE_2015\single_male_h1.parquet","single_male_h1.parquet",".parquet","1021872","07-11-25 11:57:35"
"Z:\Hisham\EUROMOD-STORAGE_1","old_Data_results\old_data\scenarios\DE_2015\single_male_h2.parquet","Z:\Hisham\EUROMOD-STORAGE_1\old_Data_results\old_data\scenarios\DE_2015\single_male_h2.parquet","single_male_h2.parquet",".parquet","1101820","07-11-25 11:57:37"
"Z:\Hisham\EUROMOD-STORAGE_1","old_Data_results\old_data\scenarios\DE_2015\single_male_h3.parquet","Z:\Hisham\EUROMOD-STORAGE_1\old_Data_results\old_data\scenarios\DE_2015\single_male_h3.parquet","single_male_h3.parquet",".parquet","1108877","07-11-25 11:57:38"
"Z:\Hisham\EUROMOD-STORAGE_1","old_Data_results\old_data\scenarios\DE_2015\single_male_h4.parquet","Z:\Hisham\EUROMOD-STORAGE_1\old_Data_results\old_data\scenarios\DE_2015\single_male_h4.parquet","single_male_h4.parquet",".parquet","1098017","07-11-25 11:57:40"
"Z:\Hisham\EUROMOD-STORAGE_1","old_Data_results\old_data\scenarios\DE_2015\single_male_h5.parquet","Z:\Hisham\EUROMOD-STORAGE_1\old_Data_results\old_data\scenarios\DE_2015\single_male_h5.parquet","single_male_h5.parquet",".parquet","1088921","07-11-25 11:57:42"
"Z:\Hisham\EUROMOD-STORAGE_1","old_Data_results\old_data\scenarios\DE_2015\single_male_h6.parquet","Z:\Hisham\EUROMOD-STORAGE_1\old_Data_results\old_data\scenarios\DE_2015\single_male_h6.parquet","single_male_h6.parquet",".parquet","1077772","07-11-25 11:57:43"
"Z:\Hisham\EUROMOD-STORAGE_1","old_Data_results\old_data\scenarios\DE_2016\heads_wide_single_female.csv","Z:\Hisham\EUROMOD-STORAGE_1\old_Data_results\old_data\scenarios\DE_2016\heads_wide_single_female.csv","heads_wide_single_female.csv",".csv","1388165","07-11-25 11:59:01"
"Z:\Hisham\EUROMOD-STORAGE_1","old_Data_results\old_data\scenarios\DE_2016\heads_wide_single_female.parquet","Z:\Hisham\EUROMOD-STORAGE_1\old_Data_results\old_data\scenarios\DE_2016\heads_wide_single_female.parquet","heads_wide_single_female.parquet",".parquet","586686","07-11-25 11:59:01"
"Z:\Hisham\EUROMOD-STORAGE_1","old_Data_results\old_data\scenarios\DE_2016\heads_wide_single_female_dcm.csv","Z:\Hisham\EUROMOD-STORAGE_1\old_Data_results\old_data\scenarios\DE_2016\heads_wide_single_female_dcm.csv","heads_wide_single_female_dcm.csv",".csv","2471062","07-11-25 11:59:02"
"Z:\Hisham\EUROMOD-STORAGE_1","old_Data_results\old_data\scenarios\DE_2016\heads_wide_single_female_dcm.parquet","Z:\Hisham\EUROMOD-STORAGE_1\old_Data_results\old_data\scenarios\DE_2016\heads_wide_single_female_dcm.parquet","heads_wide_single_female_dcm.parquet",".parquet","884610","07-11-25 11:59:02"
"Z:\Hisham\EUROMOD-STORAGE_1","old_Data_results\old_data\scenarios\DE_2016\heads_wide_single_male.csv","Z:\Hisham\EUROMOD-STORAGE_1\old_Data_results\old_data\scenarios\DE_2016\heads_wide_single_male.csv","heads_wide_single_male.csv",".csv","1087710","07-11-25 11:58:44"
"Z:\Hisham\EUROMOD-STORAGE_1","old_Data_results\old_data\scenarios\DE_2016\heads_wide_single_male.parquet","Z:\Hisham\EUROMOD-STORAGE_1\old_Data_results\old_data\scenarios\DE_2016\heads_wide_single_male.parquet","heads_wide_single_male.parquet",".parquet","486795","07-11-25 11:58:44"
"Z:\Hisham\EUROMOD-STORAGE_1","old_Data_results\old_data\scenarios\DE_2016\heads_wide_single_male_dcm.csv","Z:\Hisham\EUROMOD-STORAGE_1\old_Data_results\old_data\scenarios\DE_2016\heads_wide_single_male_dcm.csv","heads_wide_single_male_dcm.csv",".csv","1919956","07-11-25 11:58:45"
"Z:\Hisham\EUROMOD-STORAGE_1","old_Data_results\old_data\scenarios\DE_2016\heads_wide_single_male_dcm.parquet","Z:\Hisham\EUROMOD-STORAGE_1\old_Data_results\old_data\scenarios\DE_2016\heads_wide_single_male_dcm.parquet","heads_wide_single_male_dcm.parquet",".parquet","728480","07-11-25 11:58:45"
"Z:\Hisham\EUROMOD-STORAGE_1","old_Data_results\old_data\scenarios\DE_2016\scenarios_meta.json","Z:\Hisham\EUROMOD-STORAGE_1\old_Data_results\old_data\scenarios\DE_2016\scenarios_meta.json","scenarios_meta.json",".json","57671","07-11-25 11:59:02"
"Z:\Hisham\EUROMOD-STORAGE_1","old_Data_results\old_data\scenarios\DE_2016\single_female_h0.parquet","Z:\Hisham\EUROMOD-STORAGE_1\old_Data_results\old_data\scenarios\DE_2016\single_female_h0.parquet","single_female_h0.parquet",".parquet","875571","07-11-25 11:58:47"
"Z:\Hisham\EUROMOD-STORAGE_1","old_Data_results\old_data\scenarios\DE_2016\single_female_h1.parquet","Z:\Hisham\EUROMOD-STORAGE_1\old_Data_results\old_data\scenarios\DE_2016\single_female_h1.parquet","single_female_h1.parquet",".parquet","1202339","07-11-25 11:58:49"
"Z:\Hisham\EUROMOD-STORAGE_1","old_Data_results\old_data\scenarios\DE_2016\single_female_h2.parquet","Z:\Hisham\EUROMOD-STORAGE_1\old_Data_results\old_data\scenarios\DE_2016\single_female_h2.parquet","single_female_h2.parquet",".parquet","1306587","07-11-25 11:58:50"
"Z:\Hisham\EUROMOD-STORAGE_1","old_Data_results\old_data\scenarios\DE_2016\single_female_h3.parquet","Z:\Hisham\EUROMOD-STORAGE_1\old_Data_results\old_data\scenarios\DE_2016\single_female_h3.parquet","single_female_h3.parquet",".parquet","1320816","07-11-25 11:58:52"
"Z:\Hisham\EUROMOD-STORAGE_1","old_Data_results\old_data\scenarios\DE_2016\single_female_h4.parquet","Z:\Hisham\EUROMOD-STORAGE_1\old_Data_results\old_data\scenarios\DE_2016\single_female_h4.parquet","single_female_h4.parquet",".parquet","1314443","07-11-25 11:58:53"
"Z:\Hisham\EUROMOD-STORAGE_1","old_Data_results\old_data\scenarios\DE_2016\single_female_h5.parquet","Z:\Hisham\EUROMOD-STORAGE_1\old_Data_results\old_data\scenarios\DE_2016\single_female_h5.parquet","single_female_h5.parquet",".parquet","1305885","07-11-25 11:58:55"
"Z:\Hisham\EUROMOD-STORAGE_1","old_Data_results\old_data\scenarios\DE_2016\single_female_h6.parquet","Z:\Hisham\EUROMOD-STORAGE_1\old_Data_results\old_data\scenarios\DE_2016\single_female_h6.parquet","single_female_h6.parquet",".parquet","1296141","07-11-25 11:58:56"
"Z:\Hisham\EUROMOD-STORAGE_1","old_Data_results\old_data\scenarios\DE_2016\single_male_h0.parquet","Z:\Hisham\EUROMOD-STORAGE_1\old_Data_results\old_data\scenarios\DE_2016\single_male_h0.parquet","single_male_h0.parquet",".parquet","766452","07-11-25 11:58:31"
"Z:\Hisham\EUROMOD-STORAGE_1","old_Data_results\old_data\scenarios\DE_2016\single_male_h1.parquet","Z:\Hisham\EUROMOD-STORAGE_1\old_Data_results\old_data\scenarios\DE_2016\single_male_h1.parquet","single_male_h1.parquet",".parquet","1026154","07-11-25 11:58:32"
"Z:\Hisham\EUROMOD-STORAGE_1","old_Data_results\old_data\scenarios\DE_2016\single_male_h2.parquet","Z:\Hisham\EUROMOD-STORAGE_1\old_Data_results\old_data\scenarios\DE_2016\single_male_h2.parquet","single_male_h2.parquet",".parquet","1104442","07-11-25 11:58:34"
"Z:\Hisham\EUROMOD-STORAGE_1","old_Data_results\old_data\scenarios\DE_2016\single_male_h3.parquet","Z:\Hisham\EUROMOD-STORAGE_1\old_Data_results\old_data\scenarios\DE_2016\single_male_h3.parquet","single_male_h3.parquet",".parquet","1113036","07-11-25 11:58:35"
"Z:\Hisham\EUROMOD-STORAGE_1","old_Data_results\old_data\scenarios\DE_2016\single_male_h4.parquet","Z:\Hisham\EUROMOD-STORAGE_1\old_Data_results\old_data\scenarios\DE_2016\single_male_h4.parquet","single_male_h4.parquet",".parquet","1100854","07-11-25 11:58:37"
"Z:\Hisham\EUROMOD-STORAGE_1","old_Data_results\old_data\scenarios\DE_2016\single_male_h5.parquet","Z:\Hisham\EUROMOD-STORAGE_1\old_Data_results\old_data\scenarios\DE_2016\single_male_h5.parquet","single_male_h5.parquet",".parquet","1094652","07-11-25 11:58:38"
"Z:\Hisham\EUROMOD-STORAGE_1","old_Data_results\old_data\scenarios\DE_2016\single_male_h6.parquet","Z:\Hisham\EUROMOD-STORAGE_1\old_Data_results\old_data\scenarios\DE_2016\single_male_h6.parquet","single_male_h6.parquet",".parquet","1084481","07-11-25 11:58:40"
"Z:\Hisham\EUROMOD-STORAGE_1","old_Data_results\old_data\scenarios\heads_wide_single_female.csv","Z:\Hisham\EUROMOD-STORAGE_1\old_Data_results\old_data\scenarios\heads_wide_single_female.csv","heads_wide_single_female.csv",".csv","1352804","22-10-25 12:30:02"
"Z:\Hisham\EUROMOD-STORAGE_1","old_Data_results\old_data\scenarios\heads_wide_single_female.parquet","Z:\Hisham\EUROMOD-STORAGE_1\old_Data_results\old_data\scenarios\heads_wide_single_female.parquet","heads_wide_single_female.parquet",".parquet","576455","22-10-25 12:30:02"
"Z:\Hisham\EUROMOD-STORAGE_1","old_Data_results\old_data\scenarios\heads_wide_single_female_dcm.csv","Z:\Hisham\EUROMOD-STORAGE_1\old_Data_results\old_data\scenarios\heads_wide_single_female_dcm.csv","heads_wide_single_female_dcm.csv",".csv","2419211","22-10-25 12:30:03"
"Z:\Hisham\EUROMOD-STORAGE_1","old_Data_results\old_data\scenarios\heads_wide_single_female_dcm.parquet","Z:\Hisham\EUROMOD-STORAGE_1\old_Data_results\old_data\scenarios\heads_wide_single_female_dcm.parquet","heads_wide_single_female_dcm.parquet",".parquet","869908","22-10-25 12:30:03"
"Z:\Hisham\EUROMOD-STORAGE_1","old_Data_results\old_data\scenarios\heads_wide_single_male.csv","Z:\Hisham\EUROMOD-STORAGE_1\old_Data_results\old_data\scenarios\heads_wide_single_male.csv","heads_wide_single_male.csv",".csv","1066087","22-10-25 12:29:47"
"Z:\Hisham\EUROMOD-STORAGE_1","old_Data_results\old_data\scenarios\heads_wide_single_male.parquet","Z:\Hisham\EUROMOD-STORAGE_1\old_Data_results\old_data\scenarios\heads_wide_single_male.parquet","heads_wide_single_male.parquet",".parquet","483002","22-10-25 12:29:46"
"Z:\Hisham\EUROMOD-STORAGE_1","old_Data_results\old_data\scenarios\heads_wide_single_male_dcm.csv","Z:\Hisham\EUROMOD-STORAGE_1\old_Data_results\old_data\scenarios\heads_wide_single_male_dcm.csv","heads_wide_single_male_dcm.csv",".csv","1892792","22-10-25 12:29:47"
"Z:\Hisham\EUROMOD-STORAGE_1","old_Data_results\old_data\scenarios\heads_wide_single_male_dcm.parquet","Z:\Hisham\EUROMOD-STORAGE_1\old_Data_results\old_data\scenarios\heads_wide_single_male_dcm.parquet","heads_wide_single_male_dcm.parquet",".parquet","722712","22-10-25 12:29:47"
"Z:\Hisham\EUROMOD-STORAGE_1","old_Data_results\old_data\scenarios\single_female_h0.parquet","Z:\Hisham\EUROMOD-STORAGE_1\old_Data_results\old_data\scenarios\single_female_h0.parquet","single_female_h0.parquet",".parquet","864562","22-10-25 12:29:49"
"Z:\Hisham\EUROMOD-STORAGE_1","old_Data_results\old_data\scenarios\single_female_h1.parquet","Z:\Hisham\EUROMOD-STORAGE_1\old_Data_results\old_data\scenarios\single_female_h1.parquet","single_female_h1.parquet",".parquet","1184177","22-10-25 12:29:51"
"Z:\Hisham\EUROMOD-STORAGE_1","old_Data_results\old_data\scenarios\single_female_h2.parquet","Z:\Hisham\EUROMOD-STORAGE_1\old_Data_results\old_data\scenarios\single_female_h2.parquet","single_female_h2.parquet",".parquet","1288645","22-10-25 12:29:52"
"Z:\Hisham\EUROMOD-STORAGE_1","old_Data_results\old_data\scenarios\single_female_h3.parquet","Z:\Hisham\EUROMOD-STORAGE_1\old_Data_results\old_data\scenarios\single_female_h3.parquet","single_female_h3.parquet",".parquet","1300011","22-10-25 12:29:54"
"Z:\Hisham\EUROMOD-STORAGE_1","old_Data_results\old_data\scenarios\single_female_h4.parquet","Z:\Hisham\EUROMOD-STORAGE_1\old_Data_results\old_data\scenarios\single_female_h4.parquet","single_female_h4.parquet",".parquet","1291606","22-10-25 12:29:55"
"Z:\Hisham\EUROMOD-STORAGE_1","old_Data_results\old_data\scenarios\single_female_h5.parquet","Z:\Hisham\EUROMOD-STORAGE_1\old_Data_results\old_data\scenarios\single_female_h5.parquet","single_female_h5.parquet",".parquet","1286942","22-10-25 12:29:56"
"Z:\Hisham\EUROMOD-STORAGE_1","old_Data_results\old_data\scenarios\single_female_h6.parquet","Z:\Hisham\EUROMOD-STORAGE_1\old_Data_results\old_data\scenarios\single_female_h6.parquet","single_female_h6.parquet",".parquet","1276143","22-10-25 12:29:58"
"Z:\Hisham\EUROMOD-STORAGE_1","old_Data_results\old_data\scenarios\single_male_h0.parquet","Z:\Hisham\EUROMOD-STORAGE_1\old_Data_results\old_data\scenarios\single_male_h0.parquet","single_male_h0.parquet",".parquet","764274","22-10-25 12:29:34"
"Z:\Hisham\EUROMOD-STORAGE_1","old_Data_results\old_data\scenarios\single_male_h1.parquet","Z:\Hisham\EUROMOD-STORAGE_1\old_Data_results\old_data\scenarios\single_male_h1.parquet","single_male_h1.parquet",".parquet","1021872","22-10-25 12:29:35"
"Z:\Hisham\EUROMOD-STORAGE_1","old_Data_results\old_data\scenarios\single_male_h2.parquet","Z:\Hisham\EUROMOD-STORAGE_1\old_Data_results\old_data\scenarios\single_male_h2.parquet","single_male_h2.parquet",".parquet","1101820","22-10-25 12:29:37"
"Z:\Hisham\EUROMOD-STORAGE_1","old_Data_results\old_data\scenarios\single_male_h3.parquet","Z:\Hisham\EUROMOD-STORAGE_1\old_Data_results\old_data\scenarios\single_male_h3.parquet","single_male_h3.parquet",".parquet","1108877","22-10-25 12:29:38"
"Z:\Hisham\EUROMOD-STORAGE_1","old_Data_results\old_data\scenarios\single_male_h4.parquet","Z:\Hisham\EUROMOD-STORAGE_1\old_Data_results\old_data\scenarios\single_male_h4.parquet","single_male_h4.parquet",".parquet","1098017","22-10-25 12:29:40"
"Z:\Hisham\EUROMOD-STORAGE_1","old_Data_results\old_data\scenarios\single_male_h5.parquet","Z:\Hisham\EUROMOD-STORAGE_1\old_Data_results\old_data\scenarios\single_male_h5.parquet","single_male_h5.parquet",".parquet","1088921","22-10-25 12:29:41"
"Z:\Hisham\EUROMOD-STORAGE_1","old_Data_results\old_data\scenarios\single_male_h6.parquet","Z:\Hisham\EUROMOD-STORAGE_1\old_Data_results\old_data\scenarios\single_male_h6.parquet","single_male_h6.parquet",".parquet","1077772","22-10-25 12:29:43"
"Z:\Hisham\EUROMOD-STORAGE_1","old_Data_results\old_data\singles_filtering_final.parquet","Z:\Hisham\EUROMOD-STORAGE_1\old_Data_results\old_data\singles_filtering_final.parquet","singles_filtering_final.parquet",".parquet","555874","22-10-25 12:28:34"
"Z:\Hisham\EUROMOD-STORAGE_1","old_Data_results\old_data\singles_final_filtered_female.parquet","Z:\Hisham\EUROMOD-STORAGE_1\old_Data_results\old_data\singles_final_filtered_female.parquet","singles_final_filtered_female.parquet",".parquet","365596","22-10-25 12:28:34"
"Z:\Hisham\EUROMOD-STORAGE_1","old_Data_results\old_data\singles_final_filtered_male.parquet","Z:\Hisham\EUROMOD-STORAGE_1\old_Data_results\old_data\singles_final_filtered_male.parquet","singles_final_filtered_male.parquet",".parquet","312437","22-10-25 12:28:34"
"Z:\Hisham\EUROMOD-STORAGE_1","old_Data_results\outputs\prep\couples_filtering_filtering_summary.csv","Z:\Hisham\EUROMOD-STORAGE_1\old_Data_results\outputs\prep\couples_filtering_filtering_summary.csv","couples_filtering_filtering_summary.csv",".csv","1309","22-10-25 12:01:45"
"Z:\Hisham\EUROMOD-STORAGE_1","old_Data_results\outputs\prep\singles_filtering_filtering_summary.csv","Z:\Hisham\EUROMOD-STORAGE_1\old_Data_results\outputs\prep\singles_filtering_filtering_summary.csv","singles_filtering_filtering_summary.csv",".csv","845","22-10-25 12:01:48"
"Z:\Hisham\EUROMOD-STORAGE_1","old_Data_results\reports\biogeme\dcm_female_parameters.csv","Z:\Hisham\EUROMOD-STORAGE_1\old_Data_results\reports\biogeme\dcm_female_parameters.csv","dcm_female_parameters.csv",".csv","838","15-10-25 14:37:21"
"Z:\Hisham\EUROMOD-STORAGE_1","old_Data_results\reports\biogeme\dcm_male_parameters.csv","Z:\Hisham\EUROMOD-STORAGE_1\old_Data_results\reports\biogeme\dcm_male_parameters.csv","dcm_male_parameters.csv",".csv","848","15-10-25 14:37:15"
"Z:\Hisham\EUROMOD-STORAGE_1","old_Data_results\reports\biogeme\female\dcm_female.html","Z:\Hisham\EUROMOD-STORAGE_1\old_Data_results\reports\biogeme\female\dcm_female.html","dcm_female.html",".html","9686","15-10-25 17:41:49"
"Z:\Hisham\EUROMOD-STORAGE_1","old_Data_results\reports\biogeme\female\dcm_female_analysis.html","Z:\Hisham\EUROMOD-STORAGE_1\old_Data_results\reports\biogeme\female\dcm_female_analysis.html","dcm_female_analysis.html",".html","5416","16-10-25 11:50:45"
"Z:\Hisham\EUROMOD-STORAGE_1","old_Data_results\reports\biogeme\female\dcm_female_parameters.csv","Z:\Hisham\EUROMOD-STORAGE_1\old_Data_results\reports\biogeme\female\dcm_female_parameters.csv","dcm_female_parameters.csv",".csv","838","15-10-25 17:41:49"
"Z:\Hisham\EUROMOD-STORAGE_1","old_Data_results\reports\biogeme\female_ascsOFF\dcm_female_ascsOFF.html","Z:\Hisham\EUROMOD-STORAGE_1\old_Data_results\reports\biogeme\female_ascsOFF\dcm_female_ascsOFF.html","dcm_female_ascsOFF.html",".html","10611","21-10-25 11:35:52"
"Z:\Hisham\EUROMOD-STORAGE_1","old_Data_results\reports\biogeme\female_ascsOFF\dcm_female_ascsOFF_param_descriptions.json","Z:\Hisham\EUROMOD-STORAGE_1\old_Data_results\reports\biogeme\female_ascsOFF\dcm_female_ascsOFF_param_descriptions.json","dcm_female_ascsOFF_param_descriptions.json",".json","728","21-10-25 11:35:52"
"Z:\Hisham\EUROMOD-STORAGE_1","old_Data_results\reports\biogeme\female_ascsOFF\dcm_female_ascsOFF_param_labels.json","Z:\Hisham\EUROMOD-STORAGE_1\old_Data_results\reports\biogeme\female_ascsOFF\dcm_female_ascsOFF_param_labels.json","dcm_female_ascsOFF_param_labels.json",".json","321","21-10-25 11:35:52"
"Z:\Hisham\EUROMOD-STORAGE_1","old_Data_results\reports\biogeme\female_ascsOFF\dcm_female_ascsOFF_parameters.csv","Z:\Hisham\EUROMOD-STORAGE_1\old_Data_results\reports\biogeme\female_ascsOFF\dcm_female_ascsOFF_parameters.csv","dcm_female_ascsOFF_parameters.csv",".csv","940","21-10-25 11:35:52"
"Z:\Hisham\EUROMOD-STORAGE_1","old_Data_results\reports\biogeme\female_ascsON\dcm_female_ascsON.html","Z:\Hisham\EUROMOD-STORAGE_1\old_Data_results\reports\biogeme\female_ascsON\dcm_female_ascsON.html","dcm_female_ascsON.html",".html","18340","16-10-25 11:41:52"
"Z:\Hisham\EUROMOD-STORAGE_1","old_Data_results\reports\biogeme\female_ascsON\dcm_female_ascsON_analysis.html","Z:\Hisham\EUROMOD-STORAGE_1\old_Data_results\reports\biogeme\female_ascsON\dcm_female_ascsON_analysis.html","dcm_female_ascsON_analysis.html",".html","5914","20-10-25 16:16:26"
"Z:\Hisham\EUROMOD-STORAGE_1","old_Data_results\reports\biogeme\female_ascsON\dcm_female_ascsON_parameters.csv","Z:\Hisham\EUROMOD-STORAGE_1\old_Data_results\reports\biogeme\female_ascsON\dcm_female_ascsON_parameters.csv","dcm_female_ascsON_parameters.csv",".csv","1405","16-10-25 11:41:52"
"Z:\Hisham\EUROMOD-STORAGE_1","old_Data_results\reports\biogeme\male\dcm_male.html","Z:\Hisham\EUROMOD-STORAGE_1\old_Data_results\reports\biogeme\male\dcm_male.html","dcm_male.html",".html","9651","15-10-25 17:41:37"
"Z:\Hisham\EUROMOD-STORAGE_1","old_Data_results\reports\biogeme\male\dcm_male_analysis.html","Z:\Hisham\EUROMOD-STORAGE_1\old_Data_results\reports\biogeme\male\dcm_male_analysis.html","dcm_male_analysis.html",".html","5211","16-10-25 11:50:44"
"Z:\Hisham\EUROMOD-STORAGE_1","old_Data_results\reports\biogeme\male\dcm_male_parameters.csv","Z:\Hisham\EUROMOD-STORAGE_1\old_Data_results\reports\biogeme\male\dcm_male_parameters.csv","dcm_male_parameters.csv",".csv","848","15-10-25 17:41:37"
"Z:\Hisham\EUROMOD-STORAGE_1","old_Data_results\reports\biogeme\male_ascsOFF\dcm_male_ascsOFF.html","Z:\Hisham\EUROMOD-STORAGE_1\old_Data_results\reports\biogeme\male_ascsOFF\dcm_male_ascsOFF.html","dcm_male_ascsOFF.html",".html","10573","21-10-25 11:35:41"
"Z:\Hisham\EUROMOD-STORAGE_1","old_Data_results\reports\biogeme\male_ascsOFF\dcm_male_ascsOFF_param_descriptions.json","Z:\Hisham\EUROMOD-STORAGE_1\old_Data_results\reports\biogeme\male_ascsOFF\dcm_male_ascsOFF_param_descriptions.json","dcm_male_ascsOFF_param_descriptions.json",".json","728","21-10-25 11:35:41"
"Z:\Hisham\EUROMOD-STORAGE_1","old_Data_results\reports\biogeme\male_ascsOFF\dcm_male_ascsOFF_param_labels.json","Z:\Hisham\EUROMOD-STORAGE_1\old_Data_results\reports\biogeme\male_ascsOFF\dcm_male_ascsOFF_param_labels.json","dcm_male_ascsOFF_param_labels.json",".json","321","21-10-25 11:35:41"
"Z:\Hisham\EUROMOD-STORAGE_1","old_Data_results\reports\biogeme\male_ascsOFF\dcm_male_ascsOFF_parameters.csv","Z:\Hisham\EUROMOD-STORAGE_1\old_Data_results\reports\biogeme\male_ascsOFF\dcm_male_ascsOFF_parameters.csv","dcm_male_ascsOFF_parameters.csv",".csv","951","21-10-25 11:35:41"
"Z:\Hisham\EUROMOD-STORAGE_1","old_Data_results\reports\biogeme\male_ascsON\dcm_male_ascsON.html","Z:\Hisham\EUROMOD-STORAGE_1\old_Data_results\reports\biogeme\male_ascsON\dcm_male_ascsON.html","dcm_male_ascsON.html",".html","18268","16-10-25 11:41:34"
"Z:\Hisham\EUROMOD-STORAGE_1","old_Data_results\reports\biogeme\male_ascsON\dcm_male_ascsON_analysis.html","Z:\Hisham\EUROMOD-STORAGE_1\old_Data_results\reports\biogeme\male_ascsON\dcm_male_ascsON_analysis.html","dcm_male_ascsON_analysis.html",".html","5718","20-10-25 16:16:25"
"Z:\Hisham\EUROMOD-STORAGE_1","old_Data_results\reports\biogeme\male_ascsON\dcm_male_ascsON_parameters.csv","Z:\Hisham\EUROMOD-STORAGE_1\old_Data_results\reports\biogeme\male_ascsON\dcm_male_ascsON_parameters.csv","dcm_male_ascsON_parameters.csv",".csv","1400","16-10-25 11:41:34"
"Z:\Hisham\EUROMOD-STORAGE_1","outputs\prep\fr\2016\fr_2016_meta.json","Z:\Hisham\EUROMOD-STORAGE_1\outputs\prep\fr\2016\fr_2016_meta.json","fr_2016_meta.json",".json","3704","18-01-26 22:21:26"
"Z:\Hisham\EUROMOD-STORAGE_1","outputs\prep\fr\2016\fr_2016_singles_stats.csv","Z:\Hisham\EUROMOD-STORAGE_1\outputs\prep\fr\2016\fr_2016_singles_stats.csv","fr_2016_singles_stats.csv",".csv","352","18-01-26 22:21:26"
"Z:\Hisham\EUROMOD-STORAGE_1","outputs\prep\fr\2016\fr_2016_stats.csv","Z:\Hisham\EUROMOD-STORAGE_1\outputs\prep\fr\2016\fr_2016_stats.csv","fr_2016_stats.csv",".csv","907","18-01-26 22:21:14"
"Z:\Hisham\EUROMOD-STORAGE_1","reports\gamspy\boxcox\DE_2014_2016_panel\female_ascsOFF_q99\boxcox_female_ascsOFF_q99_analysis.html","Z:\Hisham\EUROMOD-STORAGE_1\reports\gamspy\boxcox\DE_2014_2016_panel\female_ascsOFF_q99\boxcox_female_ascsOFF_q99_analysis.html","boxcox_female_ascsOFF_q99_analysis.html",".html","11608","26-11-25 15:19:10"
"Z:\Hisham\EUROMOD-STORAGE_1","reports\gamspy\boxcox\DE_2014_2016_panel\female_ascsOFF_q99\boxcox_female_ascsOFF_q99_confusion.csv","Z:\Hisham\EUROMOD-STORAGE_1\reports\gamspy\boxcox\DE_2014_2016_panel\female_ascsOFF_q99\boxcox_female_ascsOFF_q99_confusion.csv","boxcox_female_ascsOFF_q99_confusion.csv",".csv","178","26-11-25 15:18:33"
"Z:\Hisham\EUROMOD-STORAGE_1","reports\gamspy\boxcox\DE_2014_2016_panel\female_ascsOFF_q99\boxcox_female_ascsOFF_q99_meta.json","Z:\Hisham\EUROMOD-STORAGE_1\reports\gamspy\boxcox\DE_2014_2016_panel\female_ascsOFF_q99\boxcox_female_ascsOFF_q99_meta.json","boxcox_female_ascsOFF_q99_meta.json",".json","1904","26-11-25 15:18:33"
"Z:\Hisham\EUROMOD-STORAGE_1","reports\gamspy\boxcox\DE_2014_2016_panel\female_ascsOFF_q99\boxcox_female_ascsOFF_q99_mucmul_draws.csv","Z:\Hisham\EUROMOD-STORAGE_1\reports\gamspy\boxcox\DE_2014_2016_panel\female_ascsOFF_q99\boxcox_female_ascsOFF_q99_mucmul_draws.csv","boxcox_female_ascsOFF_q99_mucmul_draws.csv",".csv","114171","26-11-25 15:19:09"
"Z:\Hisham\EUROMOD-STORAGE_1","reports\gamspy\boxcox\DE_2014_2016_panel\female_ascsOFF_q99\boxcox_female_ascsOFF_q99_mucmul_summary.json","Z:\Hisham\EUROMOD-STORAGE_1\reports\gamspy\boxcox\DE_2014_2016_panel\female_ascsOFF_q99\boxcox_female_ascsOFF_q99_mucmul_summary.json","boxcox_female_ascsOFF_q99_mucmul_summary.json",".json","327","26-11-25 15:18:33"
"Z:\Hisham\EUROMOD-STORAGE_1","reports\gamspy\boxcox\DE_2014_2016_panel\female_ascsOFF_q99\boxcox_female_ascsOFF_q99_param_descriptions.json","Z:\Hisham\EUROMOD-STORAGE_1\reports\gamspy\boxcox\DE_2014_2016_panel\female_ascsOFF_q99\boxcox_female_ascsOFF_q99_param_descriptions.json","boxcox_female_ascsOFF_q99_param_descriptions.json",".json","568","26-11-25 15:18:33"
"Z:\Hisham\EUROMOD-STORAGE_1","reports\gamspy\boxcox\DE_2014_2016_panel\female_ascsOFF_q99\boxcox_female_ascsOFF_q99_param_labels.json","Z:\Hisham\EUROMOD-STORAGE_1\reports\gamspy\boxcox\DE_2014_2016_panel\female_ascsOFF_q99\boxcox_female_ascsOFF_q99_param_labels.json","boxcox_female_ascsOFF_q99_param_labels.json",".json","377","26-11-25 15:18:33"
"Z:\Hisham\EUROMOD-STORAGE_1","reports\gamspy\boxcox\DE_2014_2016_panel\female_ascsOFF_q99\boxcox_female_ascsOFF_q99_parameters.csv","Z:\Hisham\EUROMOD-STORAGE_1\reports\gamspy\boxcox\DE_2014_2016_panel\female_ascsOFF_q99\boxcox_female_ascsOFF_q99_parameters.csv","boxcox_female_ascsOFF_q99_parameters.csv",".csv","1255","26-11-25 15:18:33"
"Z:\Hisham\EUROMOD-STORAGE_1","reports\gamspy\boxcox\DE_2014_2016_panel\female_ascsOFF_q99\boxcox_female_ascsOFF_q99_util_decomp.csv","Z:\Hisham\EUROMOD-STORAGE_1\reports\gamspy\boxcox\DE_2014_2016_panel\female_ascsOFF_q99\boxcox_female_ascsOFF_q99_util_decomp.csv","boxcox_female_ascsOFF_q99_util_decomp.csv",".csv","348","26-11-25 15:19:09"
"Z:\Hisham\EUROMOD-STORAGE_1","reports\gamspy\boxcox\DE_2014_2016_panel\female_ascsON_q99\boxcox_female_ascsON_q99_analysis.html","Z:\Hisham\EUROMOD-STORAGE_1\reports\gamspy\boxcox\DE_2014_2016_panel\female_ascsON_q99\boxcox_female_ascsON_q99_analysis.html","boxcox_female_ascsON_q99_analysis.html",".html","13230","26-11-25 15:21:16"
"Z:\Hisham\EUROMOD-STORAGE_1","reports\gamspy\boxcox\DE_2014_2016_panel\female_ascsON_q99\boxcox_female_ascsON_q99_confusion.csv","Z:\Hisham\EUROMOD-STORAGE_1\reports\gamspy\boxcox\DE_2014_2016_panel\female_ascsON_q99\boxcox_female_ascsON_q99_confusion.csv","boxcox_female_ascsON_q99_confusion.csv",".csv","176","26-11-25 15:20:37"
"Z:\Hisham\EUROMOD-STORAGE_1","reports\gamspy\boxcox\DE_2014_2016_panel\female_ascsON_q99\boxcox_female_ascsON_q99_meta.json","Z:\Hisham\EUROMOD-STORAGE_1\reports\gamspy\boxcox\DE_2014_2016_panel\female_ascsON_q99\boxcox_female_ascsON_q99_meta.json","boxcox_female_ascsON_q99_meta.json",".json","2113","26-11-25 15:20:37"
"Z:\Hisham\EUROMOD-STORAGE_1","reports\gamspy\boxcox\DE_2014_2016_panel\female_ascsON_q99\boxcox_female_ascsON_q99_mucmul_draws.csv","Z:\Hisham\EUROMOD-STORAGE_1\reports\gamspy\boxcox\DE_2014_2016_panel\female_ascsON_q99\boxcox_female_ascsON_q99_mucmul_draws.csv","boxcox_female_ascsON_q99_mucmul_draws.csv",".csv","125140","26-11-25 15:21:15"
"Z:\Hisham\EUROMOD-STORAGE_1","reports\gamspy\boxcox\DE_2014_2016_panel\female_ascsON_q99\boxcox_female_ascsON_q99_mucmul_summary.json","Z:\Hisham\EUROMOD-STORAGE_1\reports\gamspy\boxcox\DE_2014_2016_panel\female_ascsON_q99\boxcox_female_ascsON_q99_mucmul_summary.json","boxcox_female_ascsON_q99_mucmul_summary.json",".json","329","26-11-25 15:20:37"
"Z:\Hisham\EUROMOD-STORAGE_1","reports\gamspy\boxcox\DE_2014_2016_panel\female_ascsON_q99\boxcox_female_ascsON_q99_param_descriptions.json","Z:\Hisham\EUROMOD-STORAGE_1\reports\gamspy\boxcox\DE_2014_2016_panel\female_ascsON_q99\boxcox_female_ascsON_q99_param_descriptions.json","boxcox_female_ascsON_q99_param_descriptions.json",".json","850","26-11-25 15:20:37"
"Z:\Hisham\EUROMOD-STORAGE_1","reports\gamspy\boxcox\DE_2014_2016_panel\female_ascsON_q99\boxcox_female_ascsON_q99_param_labels.json","Z:\Hisham\EUROMOD-STORAGE_1\reports\gamspy\boxcox\DE_2014_2016_panel\female_ascsON_q99\boxcox_female_ascsON_q99_param_labels.json","boxcox_female_ascsON_q99_param_labels.json",".json","515","26-11-25 15:20:37"
"Z:\Hisham\EUROMOD-STORAGE_1","reports\gamspy\boxcox\DE_2014_2016_panel\female_ascsON_q99\boxcox_female_ascsON_q99_parameters.csv","Z:\Hisham\EUROMOD-STORAGE_1\reports\gamspy\boxcox\DE_2014_2016_panel\female_ascsON_q99\boxcox_female_ascsON_q99_parameters.csv","boxcox_female_ascsON_q99_parameters.csv",".csv","2118","26-11-25 15:20:37"
"Z:\Hisham\EUROMOD-STORAGE_1","reports\gamspy\boxcox\DE_2014_2016_panel\female_ascsON_q99\boxcox_female_ascsON_q99_util_decomp.csv","Z:\Hisham\EUROMOD-STORAGE_1\reports\gamspy\boxcox\DE_2014_2016_panel\female_ascsON_q99\boxcox_female_ascsON_q99_util_decomp.csv","boxcox_female_ascsON_q99_util_decomp.csv",".csv","379","26-11-25 15:21:15"
"Z:\Hisham\EUROMOD-STORAGE_1","reports\gamspy\boxcox\DE_2014_2016_panel\male_ascsOFF_q99\boxcox_male_ascsOFF_q99_analysis.html","Z:\Hisham\EUROMOD-STORAGE_1\reports\gamspy\boxcox\DE_2014_2016_panel\male_ascsOFF_q99\boxcox_male_ascsOFF_q99_analysis.html","boxcox_male_ascsOFF_q99_analysis.html",".html","11582","26-11-25 15:23:07"
"Z:\Hisham\EUROMOD-STORAGE_1","reports\gamspy\boxcox\DE_2014_2016_panel\male_ascsOFF_q99\boxcox_male_ascsOFF_q99_confusion.csv","Z:\Hisham\EUROMOD-STORAGE_1\reports\gamspy\boxcox\DE_2014_2016_panel\male_ascsOFF_q99\boxcox_male_ascsOFF_q99_confusion.csv","boxcox_male_ascsOFF_q99_confusion.csv",".csv","169","26-11-25 15:22:32"
"Z:\Hisham\EUROMOD-STORAGE_1","reports\gamspy\boxcox\DE_2014_2016_panel\male_ascsOFF_q99\boxcox_male_ascsOFF_q99_meta.json","Z:\Hisham\EUROMOD-STORAGE_1\reports\gamspy\boxcox\DE_2014_2016_panel\male_ascsOFF_q99\boxcox_male_ascsOFF_q99_meta.json","boxcox_male_ascsOFF_q99_meta.json",".json","1904","26-11-25 15:22:32"
"Z:\Hisham\EUROMOD-STORAGE_1","reports\gamspy\boxcox\DE_2014_2016_panel\male_ascsOFF_q99\boxcox_male_ascsOFF_q99_mucmul_draws.csv","Z:\Hisham\EUROMOD-STORAGE_1\reports\gamspy\boxcox\DE_2014_2016_panel\male_ascsOFF_q99\boxcox_male_ascsOFF_q99_mucmul_draws.csv","boxcox_male_ascsOFF_q99_mucmul_draws.csv",".csv","89769","26-11-25 15:23:06"
"Z:\Hisham\EUROMOD-STORAGE_1","reports\gamspy\boxcox\DE_2014_2016_panel\male_ascsOFF_q99\boxcox_male_ascsOFF_q99_mucmul_summary.json","Z:\Hisham\EUROMOD-STORAGE_1\reports\gamspy\boxcox\DE_2014_2016_panel\male_ascsOFF_q99\boxcox_male_ascsOFF_q99_mucmul_summary.json","boxcox_male_ascsOFF_q99_mucmul_summary.json",".json","325","26-11-25 15:22:32"
"Z:\Hisham\EUROMOD-STORAGE_1","reports\gamspy\boxcox\DE_2014_2016_panel\male_ascsOFF_q99\boxcox_male_ascsOFF_q99_param_descriptions.json","Z:\Hisham\EUROMOD-STORAGE_1\reports\gamspy\boxcox\DE_2014_2016_panel\male_ascsOFF_q99\boxcox_male_ascsOFF_q99_param_descriptions.json","boxcox_male_ascsOFF_q99_param_descriptions.json",".json","568","26-11-25 15:22:32"
"Z:\Hisham\EUROMOD-STORAGE_1","reports\gamspy\boxcox\DE_2014_2016_panel\male_ascsOFF_q99\boxcox_male_ascsOFF_q99_param_labels.json","Z:\Hisham\EUROMOD-STORAGE_1\reports\gamspy\boxcox\DE_2014_2016_panel\male_ascsOFF_q99\boxcox_male_ascsOFF_q99_param_labels.json","boxcox_male_ascsOFF_q99_param_labels.json",".json","377","26-11-25 15:22:32"
"Z:\Hisham\EUROMOD-STORAGE_1","reports\gamspy\boxcox\DE_2014_2016_panel\male_ascsOFF_q99\boxcox_male_ascsOFF_q99_parameters.csv","Z:\Hisham\EUROMOD-STORAGE_1\reports\gamspy\boxcox\DE_2014_2016_panel\male_ascsOFF_q99\boxcox_male_ascsOFF_q99_parameters.csv","boxcox_male_ascsOFF_q99_parameters.csv",".csv","1246","26-11-25 15:22:32"
"Z:\Hisham\EUROMOD-STORAGE_1","reports\gamspy\boxcox\DE_2014_2016_panel\male_ascsOFF_q99\boxcox_male_ascsOFF_q99_util_decomp.csv","Z:\Hisham\EUROMOD-STORAGE_1\reports\gamspy\boxcox\DE_2014_2016_panel\male_ascsOFF_q99\boxcox_male_ascsOFF_q99_util_decomp.csv","boxcox_male_ascsOFF_q99_util_decomp.csv",".csv","351","26-11-25 15:23:06"
"Z:\Hisham\EUROMOD-STORAGE_1","reports\gamspy\boxcox\DE_2014_2016_panel\male_ascsON_q99\boxcox_male_ascsON_q99_analysis.html","Z:\Hisham\EUROMOD-STORAGE_1\reports\gamspy\boxcox\DE_2014_2016_panel\male_ascsON_q99\boxcox_male_ascsON_q99_analysis.html","boxcox_male_ascsON_q99_analysis.html",".html","13232","26-11-25 15:25:00"
"Z:\Hisham\EUROMOD-STORAGE_1","reports\gamspy\boxcox\DE_2014_2016_panel\male_ascsON_q99\boxcox_male_ascsON_q99_confusion.csv","Z:\Hisham\EUROMOD-STORAGE_1\reports\gamspy\boxcox\DE_2014_2016_panel\male_ascsON_q99\boxcox_male_ascsON_q99_confusion.csv","boxcox_male_ascsON_q99_confusion.csv",".csv","172","26-11-25 15:24:28"
"Z:\Hisham\EUROMOD-STORAGE_1","reports\gamspy\boxcox\DE_2014_2016_panel\male_ascsON_q99\boxcox_male_ascsON_q99_meta.json","Z:\Hisham\EUROMOD-STORAGE_1\reports\gamspy\boxcox\DE_2014_2016_panel\male_ascsON_q99\boxcox_male_ascsON_q99_meta.json","boxcox_male_ascsON_q99_meta.json",".json","2114","26-11-25 15:24:28"
"Z:\Hisham\EUROMOD-STORAGE_1","reports\gamspy\boxcox\DE_2014_2016_panel\male_ascsON_q99\boxcox_male_ascsON_q99_mucmul_draws.csv","Z:\Hisham\EUROMOD-STORAGE_1\reports\gamspy\boxcox\DE_2014_2016_panel\male_ascsON_q99\boxcox_male_ascsON_q99_mucmul_draws.csv","boxcox_male_ascsON_q99_mucmul_draws.csv",".csv","97218","26-11-25 15:24:59"
"Z:\Hisham\EUROMOD-STORAGE_1","reports\gamspy\boxcox\DE_2014_2016_panel\male_ascsON_q99\boxcox_male_ascsON_q99_mucmul_summary.json","Z:\Hisham\EUROMOD-STORAGE_1\reports\gamspy\boxcox\DE_2014_2016_panel\male_ascsON_q99\boxcox_male_ascsON_q99_mucmul_summary.json","boxcox_male_ascsON_q99_mucmul_summary.json",".json","328","26-11-25 15:24:28"
"Z:\Hisham\EUROMOD-STORAGE_1","reports\gamspy\boxcox\DE_2014_2016_panel\male_ascsON_q99\boxcox_male_ascsON_q99_param_descriptions.json","Z:\Hisham\EUROMOD-STORAGE_1\reports\gamspy\boxcox\DE_2014_2016_panel\male_ascsON_q99\boxcox_male_ascsON_q99_param_descriptions.json","boxcox_male_ascsON_q99_param_descriptions.json",".json","850","26-11-25 15:24:28"
"Z:\Hisham\EUROMOD-STORAGE_1","reports\gamspy\boxcox\DE_2014_2016_panel\male_ascsON_q99\boxcox_male_ascsON_q99_param_labels.json","Z:\Hisham\EUROMOD-STORAGE_1\reports\gamspy\boxcox\DE_2014_2016_panel\male_ascsON_q99\boxcox_male_ascsON_q99_param_labels.json","boxcox_male_ascsON_q99_param_labels.json",".json","515","26-11-25 15:24:28"
"Z:\Hisham\EUROMOD-STORAGE_1","reports\gamspy\boxcox\DE_2014_2016_panel\male_ascsON_q99\boxcox_male_ascsON_q99_parameters.csv","Z:\Hisham\EUROMOD-STORAGE_1\reports\gamspy\boxcox\DE_2014_2016_panel\male_ascsON_q99\boxcox_male_ascsON_q99_parameters.csv","boxcox_male_ascsON_q99_parameters.csv",".csv","2125","26-11-25 15:24:28"
"Z:\Hisham\EUROMOD-STORAGE_1","reports\gamspy\boxcox\DE_2014_2016_panel\male_ascsON_q99\boxcox_male_ascsON_q99_util_decomp.csv","Z:\Hisham\EUROMOD-STORAGE_1\reports\gamspy\boxcox\DE_2014_2016_panel\male_ascsON_q99\boxcox_male_ascsON_q99_util_decomp.csv","boxcox_male_ascsON_q99_util_decomp.csv",".csv","390","26-11-25 15:24:59"
"Z:\Hisham\EUROMOD-STORAGE_1","reports\gamspy\boxcox\DE_2014_2016_panel\pooled_ascsOFF_q99\boxcox_pooled_ascsOFF_q99_analysis.html","Z:\Hisham\EUROMOD-STORAGE_1\reports\gamspy\boxcox\DE_2014_2016_panel\pooled_ascsOFF_q99\boxcox_pooled_ascsOFF_q99_analysis.html","boxcox_pooled_ascsOFF_q99_analysis.html",".html","11900","26-11-25 15:31:31"
"Z:\Hisham\EUROMOD-STORAGE_1","reports\gamspy\boxcox\DE_2014_2016_panel\pooled_ascsOFF_q99\boxcox_pooled_ascsOFF_q99_analysis~01.html","Z:\Hisham\EUROMOD-STORAGE_1\reports\gamspy\boxcox\DE_2014_2016_panel\pooled_ascsOFF_q99\boxcox_pooled_ascsOFF_q99_analysis~01.html","boxcox_pooled_ascsOFF_q99_analysis~01.html",".html","11900","26-11-25 16:58:20"
"Z:\Hisham\EUROMOD-STORAGE_1","reports\gamspy\boxcox\DE_2014_2016_panel\pooled_ascsOFF_q99\boxcox_pooled_ascsOFF_q99_confusion.csv","Z:\Hisham\EUROMOD-STORAGE_1\reports\gamspy\boxcox\DE_2014_2016_panel\pooled_ascsOFF_q99\boxcox_pooled_ascsOFF_q99_confusion.csv","boxcox_pooled_ascsOFF_q99_confusion.csv",".csv","182","26-11-25 15:30:49"
"Z:\Hisham\EUROMOD-STORAGE_1","reports\gamspy\boxcox\DE_2014_2016_panel\pooled_ascsOFF_q99\boxcox_pooled_ascsOFF_q99_meta.json","Z:\Hisham\EUROMOD-STORAGE_1\reports\gamspy\boxcox\DE_2014_2016_panel\pooled_ascsOFF_q99\boxcox_pooled_ascsOFF_q99_meta.json","boxcox_pooled_ascsOFF_q99_meta.json",".json","1951","26-11-25 15:30:49"
"Z:\Hisham\EUROMOD-STORAGE_1","reports\gamspy\boxcox\DE_2014_2016_panel\pooled_ascsOFF_q99\boxcox_pooled_ascsOFF_q99_mucmul_draws.csv","Z:\Hisham\EUROMOD-STORAGE_1\reports\gamspy\boxcox\DE_2014_2016_panel\pooled_ascsOFF_q99\boxcox_pooled_ascsOFF_q99_mucmul_draws.csv","boxcox_pooled_ascsOFF_q99_mucmul_draws.csv",".csv","203915","26-11-25 16:58:20"
"Z:\Hisham\EUROMOD-STORAGE_1","reports\gamspy\boxcox\DE_2014_2016_panel\pooled_ascsOFF_q99\boxcox_pooled_ascsOFF_q99_mucmul_summary.json","Z:\Hisham\EUROMOD-STORAGE_1\reports\gamspy\boxcox\DE_2014_2016_panel\pooled_ascsOFF_q99\boxcox_pooled_ascsOFF_q99_mucmul_summary.json","boxcox_pooled_ascsOFF_q99_mucmul_summary.json",".json","328","26-11-25 15:30:50"
"Z:\Hisham\EUROMOD-STORAGE_1","reports\gamspy\boxcox\DE_2014_2016_panel\pooled_ascsOFF_q99\boxcox_pooled_ascsOFF_q99_param_descriptions.json","Z:\Hisham\EUROMOD-STORAGE_1\reports\gamspy\boxcox\DE_2014_2016_panel\pooled_ascsOFF_q99\boxcox_pooled_ascsOFF_q99_param_descriptions.json","boxcox_pooled_ascsOFF_q99_param_descriptions.json",".json","632","26-11-25 15:30:49"
"Z:\Hisham\EUROMOD-STORAGE_1","reports\gamspy\boxcox\DE_2014_2016_panel\pooled_ascsOFF_q99\boxcox_pooled_ascsOFF_q99_param_labels.json","Z:\Hisham\EUROMOD-STORAGE_1\reports\gamspy\boxcox\DE_2014_2016_panel\pooled_ascsOFF_q99\boxcox_pooled_ascsOFF_q99_param_labels.json","boxcox_pooled_ascsOFF_q99_param_labels.json",".json","427","26-11-25 15:30:49"
"Z:\Hisham\EUROMOD-STORAGE_1","reports\gamspy\boxcox\DE_2014_2016_panel\pooled_ascsOFF_q99\boxcox_pooled_ascsOFF_q99_parameters.csv","Z:\Hisham\EUROMOD-STORAGE_1\reports\gamspy\boxcox\DE_2014_2016_panel\pooled_ascsOFF_q99\boxcox_pooled_ascsOFF_q99_parameters.csv","boxcox_pooled_ascsOFF_q99_parameters.csv",".csv","1409","26-11-25 15:30:49"
"Z:\Hisham\EUROMOD-STORAGE_1","reports\gamspy\boxcox\DE_2014_2016_panel\pooled_ascsOFF_q99\boxcox_pooled_ascsOFF_q99_util_decomp.csv","Z:\Hisham\EUROMOD-STORAGE_1\reports\gamspy\boxcox\DE_2014_2016_panel\pooled_ascsOFF_q99\boxcox_pooled_ascsOFF_q99_util_decomp.csv","boxcox_pooled_ascsOFF_q99_util_decomp.csv",".csv","345","26-11-25 16:58:20"
"Z:\Hisham\EUROMOD-STORAGE_1","reports\gamspy\boxcox\DE_2014_2016_panel\pooled_ascsON_q99\boxcox_pooled_ascsON_q99_analysis.html","Z:\Hisham\EUROMOD-STORAGE_1\reports\gamspy\boxcox\DE_2014_2016_panel\pooled_ascsON_q99\boxcox_pooled_ascsON_q99_analysis.html","boxcox_pooled_ascsON_q99_analysis.html",".html","13530","26-11-25 15:33:48"
"Z:\Hisham\EUROMOD-STORAGE_1","reports\gamspy\boxcox\DE_2014_2016_panel\pooled_ascsON_q99\boxcox_pooled_ascsON_q99_confusion.csv","Z:\Hisham\EUROMOD-STORAGE_1\reports\gamspy\boxcox\DE_2014_2016_panel\pooled_ascsON_q99\boxcox_pooled_ascsON_q99_confusion.csv","boxcox_pooled_ascsON_q99_confusion.csv",".csv","178","26-11-25 15:33:10"
"Z:\Hisham\EUROMOD-STORAGE_1","reports\gamspy\boxcox\DE_2014_2016_panel\pooled_ascsON_q99\boxcox_pooled_ascsON_q99_meta.json","Z:\Hisham\EUROMOD-STORAGE_1\reports\gamspy\boxcox\DE_2014_2016_panel\pooled_ascsON_q99\boxcox_pooled_ascsON_q99_meta.json","boxcox_pooled_ascsON_q99_meta.json",".json","2160","26-11-25 15:33:10"
"Z:\Hisham\EUROMOD-STORAGE_1","reports\gamspy\boxcox\DE_2014_2016_panel\pooled_ascsON_q99\boxcox_pooled_ascsON_q99_mucmul_draws.csv","Z:\Hisham\EUROMOD-STORAGE_1\reports\gamspy\boxcox\DE_2014_2016_panel\pooled_ascsON_q99\boxcox_pooled_ascsON_q99_mucmul_draws.csv","boxcox_pooled_ascsON_q99_mucmul_draws.csv",".csv","221754","26-11-25 15:33:47"
"Z:\Hisham\EUROMOD-STORAGE_1","reports\gamspy\boxcox\DE_2014_2016_panel\pooled_ascsON_q99\boxcox_pooled_ascsON_q99_mucmul_summary.json","Z:\Hisham\EUROMOD-STORAGE_1\reports\gamspy\boxcox\DE_2014_2016_panel\pooled_ascsON_q99\boxcox_pooled_ascsON_q99_mucmul_summary.json","boxcox_pooled_ascsON_q99_mucmul_summary.json",".json","329","26-11-25 15:33:10"
"Z:\Hisham\EUROMOD-STORAGE_1","reports\gamspy\boxcox\DE_2014_2016_panel\pooled_ascsON_q99\boxcox_pooled_ascsON_q99_param_descriptions.json","Z:\Hisham\EUROMOD-STORAGE_1\reports\gamspy\boxcox\DE_2014_2016_panel\pooled_ascsON_q99\boxcox_pooled_ascsON_q99_param_descriptions.json","boxcox_pooled_ascsON_q99_param_descriptions.json",".json","914","26-11-25 15:33:10"
"Z:\Hisham\EUROMOD-STORAGE_1","reports\gamspy\boxcox\DE_2014_2016_panel\pooled_ascsON_q99\boxcox_pooled_ascsON_q99_param_labels.json","Z:\Hisham\EUROMOD-STORAGE_1\reports\gamspy\boxcox\DE_2014_2016_panel\pooled_ascsON_q99\boxcox_pooled_ascsON_q99_param_labels.json","boxcox_pooled_ascsON_q99_param_labels.json",".json","565","26-11-25 15:33:10"
"Z:\Hisham\EUROMOD-STORAGE_1","reports\gamspy\boxcox\DE_2014_2016_panel\pooled_ascsON_q99\boxcox_pooled_ascsON_q99_parameters.csv","Z:\Hisham\EUROMOD-STORAGE_1\reports\gamspy\boxcox\DE_2014_2016_panel\pooled_ascsON_q99\boxcox_pooled_ascsON_q99_parameters.csv","boxcox_pooled_ascsON_q99_parameters.csv",".csv","2271","26-11-25 15:33:10"
"Z:\Hisham\EUROMOD-STORAGE_1","reports\gamspy\boxcox\DE_2014_2016_panel\pooled_ascsON_q99\boxcox_pooled_ascsON_q99_util_decomp.csv","Z:\Hisham\EUROMOD-STORAGE_1\reports\gamspy\boxcox\DE_2014_2016_panel\pooled_ascsON_q99\boxcox_pooled_ascsON_q99_util_decomp.csv","boxcox_pooled_ascsON_q99_util_decomp.csv",".csv","382","26-11-25 15:33:47"
"Z:\Hisham\EUROMOD-STORAGE_1","reports\gamspy\boxcox\pooled_genderSplit\pooled_ascsOFF_q99\boxcox_pooled_genderSplit_ascsOFF_q99_analysis.html","Z:\Hisham\EUROMOD-STORAGE_1\reports\gamspy\boxcox\pooled_genderSplit\pooled_ascsOFF_q99\boxcox_pooled_genderSplit_ascsOFF_q99_analysis.html","boxcox_pooled_genderSplit_ascsOFF_q99_analysis.html",".html","15682","26-11-25 17:21:46"
"Z:\Hisham\EUROMOD-STORAGE_1","reports\gamspy\boxcox\pooled_genderSplit\pooled_ascsOFF_q99\boxcox_pooled_genderSplit_ascsOFF_q99_confusion.csv","Z:\Hisham\EUROMOD-STORAGE_1\reports\gamspy\boxcox\pooled_genderSplit\pooled_ascsOFF_q99\boxcox_pooled_genderSplit_ascsOFF_q99_confusion.csv","boxcox_pooled_genderSplit_ascsOFF_q99_confusion.csv",".csv","183","26-11-25 17:21:06"
"Z:\Hisham\EUROMOD-STORAGE_1","reports\gamspy\boxcox\pooled_genderSplit\pooled_ascsOFF_q99\boxcox_pooled_genderSplit_ascsOFF_q99_meta.json","Z:\Hisham\EUROMOD-STORAGE_1\reports\gamspy\boxcox\pooled_genderSplit\pooled_ascsOFF_q99\boxcox_pooled_genderSplit_ascsOFF_q99_meta.json","boxcox_pooled_genderSplit_ascsOFF_q99_meta.json",".json","2300","26-11-25 17:21:06"
"Z:\Hisham\EUROMOD-STORAGE_1","reports\gamspy\boxcox\pooled_genderSplit\pooled_ascsOFF_q99\boxcox_pooled_genderSplit_ascsOFF_q99_mucmul_draws.csv","Z:\Hisham\EUROMOD-STORAGE_1\reports\gamspy\boxcox\pooled_genderSplit\pooled_ascsOFF_q99\boxcox_pooled_genderSplit_ascsOFF_q99_mucmul_draws.csv","boxcox_pooled_genderSplit_ascsOFF_q99_mucmul_draws.csv",".csv","203618","26-11-25 17:21:44"
"Z:\Hisham\EUROMOD-STORAGE_1","reports\gamspy\boxcox\pooled_genderSplit\pooled_ascsOFF_q99\boxcox_pooled_genderSplit_ascsOFF_q99_mucmul_summary.json","Z:\Hisham\EUROMOD-STORAGE_1\reports\gamspy\boxcox\pooled_genderSplit\pooled_ascsOFF_q99\boxcox_pooled_genderSplit_ascsOFF_q99_mucmul_summary.json","boxcox_pooled_genderSplit_ascsOFF_q99_mucmul_summary.json",".json","327","26-11-25 17:21:06"
"Z:\Hisham\EUROMOD-STORAGE_1","reports\gamspy\boxcox\pooled_genderSplit\pooled_ascsOFF_q99\boxcox_pooled_genderSplit_ascsOFF_q99_param_descriptions.json","Z:\Hisham\EUROMOD-STORAGE_1\reports\gamspy\boxcox\pooled_genderSplit\pooled_ascsOFF_q99\boxcox_pooled_genderSplit_ascsOFF_q99_param_descriptions.json","boxcox_pooled_genderSplit_ascsOFF_q99_param_descriptions.json",".json","373","26-11-25 17:21:06"
"Z:\Hisham\EUROMOD-STORAGE_1","reports\gamspy\boxcox\pooled_genderSplit\pooled_ascsOFF_q99\boxcox_pooled_genderSplit_ascsOFF_q99_param_labels.json","Z:\Hisham\EUROMOD-STORAGE_1\reports\gamspy\boxcox\pooled_genderSplit\pooled_ascsOFF_q99\boxcox_pooled_genderSplit_ascsOFF_q99_param_labels.json","boxcox_pooled_genderSplit_ascsOFF_q99_param_labels.json",".json","567","26-11-25 17:21:06"
"Z:\Hisham\EUROMOD-STORAGE_1","reports\gamspy\boxcox\pooled_genderSplit\pooled_ascsOFF_q99\boxcox_pooled_genderSplit_ascsOFF_q99_parameters.csv","Z:\Hisham\EUROMOD-STORAGE_1\reports\gamspy\boxcox\pooled_genderSplit\pooled_ascsOFF_q99\boxcox_pooled_genderSplit_ascsOFF_q99_parameters.csv","boxcox_pooled_genderSplit_ascsOFF_q99_parameters.csv",".csv","2508","26-11-25 17:21:06"
"Z:\Hisham\EUROMOD-STORAGE_1","reports\gamspy\boxcox\pooled_genderSplit\pooled_ascsOFF_q99\boxcox_pooled_genderSplit_ascsOFF_q99_util_decomp.csv","Z:\Hisham\EUROMOD-STORAGE_1\reports\gamspy\boxcox\pooled_genderSplit\pooled_ascsOFF_q99\boxcox_pooled_genderSplit_ascsOFF_q99_util_decomp.csv","boxcox_pooled_genderSplit_ascsOFF_q99_util_decomp.csv",".csv","350","26-11-25 17:21:44"
"Z:\Hisham\EUROMOD-STORAGE_1","reports\mle_dcm\boxcox\DE_2014_2016_panel\female_ascsOFF_q99\boxcox_female_ascsOFF_q99_analysis.html","Z:\Hisham\EUROMOD-STORAGE_1\reports\mle_dcm\boxcox\DE_2014_2016_panel\female_ascsOFF_q99\boxcox_female_ascsOFF_q99_analysis.html","boxcox_female_ascsOFF_q99_analysis.html",".html","11858","26-11-25 12:07:04"
"Z:\Hisham\EUROMOD-STORAGE_1","reports\mle_dcm\boxcox\DE_2014_2016_panel\female_ascsOFF_q99\boxcox_female_ascsOFF_q99_confusion.csv","Z:\Hisham\EUROMOD-STORAGE_1\reports\mle_dcm\boxcox\DE_2014_2016_panel\female_ascsOFF_q99\boxcox_female_ascsOFF_q99_confusion.csv","boxcox_female_ascsOFF_q99_confusion.csv",".csv","178","26-11-25 12:06:31"
"Z:\Hisham\EUROMOD-STORAGE_1","reports\mle_dcm\boxcox\DE_2014_2016_panel\female_ascsOFF_q99\boxcox_female_ascsOFF_q99_meta.json","Z:\Hisham\EUROMOD-STORAGE_1\reports\mle_dcm\boxcox\DE_2014_2016_panel\female_ascsOFF_q99\boxcox_female_ascsOFF_q99_meta.json","boxcox_female_ascsOFF_q99_meta.json",".json","2183","26-11-25 12:06:31"
"Z:\Hisham\EUROMOD-STORAGE_1","reports\mle_dcm\boxcox\DE_2014_2016_panel\female_ascsOFF_q99\boxcox_female_ascsOFF_q99_mucmul_draws.csv","Z:\Hisham\EUROMOD-STORAGE_1\reports\mle_dcm\boxcox\DE_2014_2016_panel\female_ascsOFF_q99\boxcox_female_ascsOFF_q99_mucmul_draws.csv","boxcox_female_ascsOFF_q99_mucmul_draws.csv",".csv","114658","26-11-25 12:07:03"
"Z:\Hisham\EUROMOD-STORAGE_1","reports\mle_dcm\boxcox\DE_2014_2016_panel\female_ascsOFF_q99\boxcox_female_ascsOFF_q99_mucmul_summary.json","Z:\Hisham\EUROMOD-STORAGE_1\reports\mle_dcm\boxcox\DE_2014_2016_panel\female_ascsOFF_q99\boxcox_female_ascsOFF_q99_mucmul_summary.json","boxcox_female_ascsOFF_q99_mucmul_summary.json",".json","326","26-11-25 12:06:31"
"Z:\Hisham\EUROMOD-STORAGE_1","reports\mle_dcm\boxcox\DE_2014_2016_panel\female_ascsOFF_q99\boxcox_female_ascsOFF_q99_param_descriptions.json","Z:\Hisham\EUROMOD-STORAGE_1\reports\mle_dcm\boxcox\DE_2014_2016_panel\female_ascsOFF_q99\boxcox_female_ascsOFF_q99_param_descriptions.json","boxcox_female_ascsOFF_q99_param_descriptions.json",".json","568","26-11-25 12:06:31"
"Z:\Hisham\EUROMOD-STORAGE_1","reports\mle_dcm\boxcox\DE_2014_2016_panel\female_ascsOFF_q99\boxcox_female_ascsOFF_q99_param_labels.json","Z:\Hisham\EUROMOD-STORAGE_1\reports\mle_dcm\boxcox\DE_2014_2016_panel\female_ascsOFF_q99\boxcox_female_ascsOFF_q99_param_labels.json","boxcox_female_ascsOFF_q99_param_labels.json",".json","377","26-11-25 12:06:31"
"Z:\Hisham\EUROMOD-STORAGE_1","reports\mle_dcm\boxcox\DE_2014_2016_panel\female_ascsOFF_q99\boxcox_female_ascsOFF_q99_parameters.csv","Z:\Hisham\EUROMOD-STORAGE_1\reports\mle_dcm\boxcox\DE_2014_2016_panel\female_ascsOFF_q99\boxcox_female_ascsOFF_q99_parameters.csv","boxcox_female_ascsOFF_q99_parameters.csv",".csv","1248","26-11-25 12:06:31"
"Z:\Hisham\EUROMOD-STORAGE_1","reports\mle_dcm\boxcox\DE_2014_2016_panel\female_ascsOFF_q99\boxcox_female_ascsOFF_q99_util_decomp.csv","Z:\Hisham\EUROMOD-STORAGE_1\reports\mle_dcm\boxcox\DE_2014_2016_panel\female_ascsOFF_q99\boxcox_female_ascsOFF_q99_util_decomp.csv","boxcox_female_ascsOFF_q99_util_decomp.csv",".csv","350","26-11-25 12:07:03"
"Z:\Hisham\EUROMOD-STORAGE_1","reports\mle_dcm\boxcox\DE_2014_2016_panel\female_ascsON_q99\boxcox_female_ascsON_q99_analysis.html","Z:\Hisham\EUROMOD-STORAGE_1\reports\mle_dcm\boxcox\DE_2014_2016_panel\female_ascsON_q99\boxcox_female_ascsON_q99_analysis.html","boxcox_female_ascsON_q99_analysis.html",".html","13480","26-11-25 12:13:01"
"Z:\Hisham\EUROMOD-STORAGE_1","reports\mle_dcm\boxcox\DE_2014_2016_panel\female_ascsON_q99\boxcox_female_ascsON_q99_confusion.csv","Z:\Hisham\EUROMOD-STORAGE_1\reports\mle_dcm\boxcox\DE_2014_2016_panel\female_ascsON_q99\boxcox_female_ascsON_q99_confusion.csv","boxcox_female_ascsON_q99_confusion.csv",".csv","176","26-11-25 12:12:27"
"Z:\Hisham\EUROMOD-STORAGE_1","reports\mle_dcm\boxcox\DE_2014_2016_panel\female_ascsON_q99\boxcox_female_ascsON_q99_meta.json","Z:\Hisham\EUROMOD-STORAGE_1\reports\mle_dcm\boxcox\DE_2014_2016_panel\female_ascsON_q99\boxcox_female_ascsON_q99_meta.json","boxcox_female_ascsON_q99_meta.json",".json","2393","26-11-25 12:12:27"
"Z:\Hisham\EUROMOD-STORAGE_1","reports\mle_dcm\boxcox\DE_2014_2016_panel\female_ascsON_q99\boxcox_female_ascsON_q99_mucmul_draws.csv","Z:\Hisham\EUROMOD-STORAGE_1\reports\mle_dcm\boxcox\DE_2014_2016_panel\female_ascsON_q99\boxcox_female_ascsON_q99_mucmul_draws.csv","boxcox_female_ascsON_q99_mucmul_draws.csv",".csv","125029","26-11-25 12:13:00"
"Z:\Hisham\EUROMOD-STORAGE_1","reports\mle_dcm\boxcox\DE_2014_2016_panel\female_ascsON_q99\boxcox_female_ascsON_q99_mucmul_summary.json","Z:\Hisham\EUROMOD-STORAGE_1\reports\mle_dcm\boxcox\DE_2014_2016_panel\female_ascsON_q99\boxcox_female_ascsON_q99_mucmul_summary.json","boxcox_female_ascsON_q99_mucmul_summary.json",".json","329","26-11-25 12:12:27"
"Z:\Hisham\EUROMOD-STORAGE_1","reports\mle_dcm\boxcox\DE_2014_2016_panel\female_ascsON_q99\boxcox_female_ascsON_q99_param_descriptions.json","Z:\Hisham\EUROMOD-STORAGE_1\reports\mle_dcm\boxcox\DE_2014_2016_panel\female_ascsON_q99\boxcox_female_ascsON_q99_param_descriptions.json","boxcox_female_ascsON_q99_param_descriptions.json",".json","850","26-11-25 12:12:27"
"Z:\Hisham\EUROMOD-STORAGE_1","reports\mle_dcm\boxcox\DE_2014_2016_panel\female_ascsON_q99\boxcox_female_ascsON_q99_param_labels.json","Z:\Hisham\EUROMOD-STORAGE_1\reports\mle_dcm\boxcox\DE_2014_2016_panel\female_ascsON_q99\boxcox_female_ascsON_q99_param_labels.json","boxcox_female_ascsON_q99_param_labels.json",".json","515","26-11-25 12:12:27"
"Z:\Hisham\EUROMOD-STORAGE_1","reports\mle_dcm\boxcox\DE_2014_2016_panel\female_ascsON_q99\boxcox_female_ascsON_q99_parameters.csv","Z:\Hisham\EUROMOD-STORAGE_1\reports\mle_dcm\boxcox\DE_2014_2016_panel\female_ascsON_q99\boxcox_female_ascsON_q99_parameters.csv","boxcox_female_ascsON_q99_parameters.csv",".csv","2103","26-11-25 12:12:27"
"Z:\Hisham\EUROMOD-STORAGE_1","reports\mle_dcm\boxcox\DE_2014_2016_panel\female_ascsON_q99\boxcox_female_ascsON_q99_util_decomp.csv","Z:\Hisham\EUROMOD-STORAGE_1\reports\mle_dcm\boxcox\DE_2014_2016_panel\female_ascsON_q99\boxcox_female_ascsON_q99_util_decomp.csv","boxcox_female_ascsON_q99_util_decomp.csv",".csv","379","26-11-25 12:13:00"
"Z:\Hisham\EUROMOD-STORAGE_1","reports\mle_dcm\boxcox\DE_2014_2016_panel\male_ascsOFF_q99\boxcox_male_ascsOFF_q99_analysis.html","Z:\Hisham\EUROMOD-STORAGE_1\reports\mle_dcm\boxcox\DE_2014_2016_panel\male_ascsOFF_q99\boxcox_male_ascsOFF_q99_analysis.html","boxcox_male_ascsOFF_q99_analysis.html",".html","11831","26-11-25 12:04:02"
"Z:\Hisham\EUROMOD-STORAGE_1","reports\mle_dcm\boxcox\DE_2014_2016_panel\male_ascsOFF_q99\boxcox_male_ascsOFF_q99_confusion.csv","Z:\Hisham\EUROMOD-STORAGE_1\reports\mle_dcm\boxcox\DE_2014_2016_panel\male_ascsOFF_q99\boxcox_male_ascsOFF_q99_confusion.csv","boxcox_male_ascsOFF_q99_confusion.csv",".csv","169","26-11-25 12:03:27"
"Z:\Hisham\EUROMOD-STORAGE_1","reports\mle_dcm\boxcox\DE_2014_2016_panel\male_ascsOFF_q99\boxcox_male_ascsOFF_q99_meta.json","Z:\Hisham\EUROMOD-STORAGE_1\reports\mle_dcm\boxcox\DE_2014_2016_panel\male_ascsOFF_q99\boxcox_male_ascsOFF_q99_meta.json","boxcox_male_ascsOFF_q99_meta.json",".json","2184","26-11-25 12:03:27"
"Z:\Hisham\EUROMOD-STORAGE_1","reports\mle_dcm\boxcox\DE_2014_2016_panel\male_ascsOFF_q99\boxcox_male_ascsOFF_q99_mucmul_draws.csv","Z:\Hisham\EUROMOD-STORAGE_1\reports\mle_dcm\boxcox\DE_2014_2016_panel\male_ascsOFF_q99\boxcox_male_ascsOFF_q99_mucmul_draws.csv","boxcox_male_ascsOFF_q99_mucmul_draws.csv",".csv","89925","26-11-25 12:04:01"
"Z:\Hisham\EUROMOD-STORAGE_1","reports\mle_dcm\boxcox\DE_2014_2016_panel\male_ascsOFF_q99\boxcox_male_ascsOFF_q99_mucmul_summary.json","Z:\Hisham\EUROMOD-STORAGE_1\reports\mle_dcm\boxcox\DE_2014_2016_panel\male_ascsOFF_q99\boxcox_male_ascsOFF_q99_mucmul_summary.json","boxcox_male_ascsOFF_q99_mucmul_summary.json",".json","325","26-11-25 12:03:28"
"Z:\Hisham\EUROMOD-STORAGE_1","reports\mle_dcm\boxcox\DE_2014_2016_panel\male_ascsOFF_q99\boxcox_male_ascsOFF_q99_param_descriptions.json","Z:\Hisham\EUROMOD-STORAGE_1\reports\mle_dcm\boxcox\DE_2014_2016_panel\male_ascsOFF_q99\boxcox_male_ascsOFF_q99_param_descriptions.json","boxcox_male_ascsOFF_q99_param_descriptions.json",".json","568","26-11-25 12:03:27"
"Z:\Hisham\EUROMOD-STORAGE_1","reports\mle_dcm\boxcox\DE_2014_2016_panel\male_ascsOFF_q99\boxcox_male_ascsOFF_q99_param_labels.json","Z:\Hisham\EUROMOD-STORAGE_1\reports\mle_dcm\boxcox\DE_2014_2016_panel\male_ascsOFF_q99\boxcox_male_ascsOFF_q99_param_labels.json","boxcox_male_ascsOFF_q99_param_labels.json",".json","377","26-11-25 12:03:27"
"Z:\Hisham\EUROMOD-STORAGE_1","reports\mle_dcm\boxcox\DE_2014_2016_panel\male_ascsOFF_q99\boxcox_male_ascsOFF_q99_parameters.csv","Z:\Hisham\EUROMOD-STORAGE_1\reports\mle_dcm\boxcox\DE_2014_2016_panel\male_ascsOFF_q99\boxcox_male_ascsOFF_q99_parameters.csv","boxcox_male_ascsOFF_q99_parameters.csv",".csv","1237","26-11-25 12:03:27"
"Z:\Hisham\EUROMOD-STORAGE_1","reports\mle_dcm\boxcox\DE_2014_2016_panel\male_ascsOFF_q99\boxcox_male_ascsOFF_q99_util_decomp.csv","Z:\Hisham\EUROMOD-STORAGE_1\reports\mle_dcm\boxcox\DE_2014_2016_panel\male_ascsOFF_q99\boxcox_male_ascsOFF_q99_util_decomp.csv","boxcox_male_ascsOFF_q99_util_decomp.csv",".csv","351","26-11-25 12:04:01"
"Z:\Hisham\EUROMOD-STORAGE_1","reports\mle_dcm\boxcox\DE_2014_2016_panel\male_ascsON_q99\boxcox_male_ascsON_q99_analysis.html","Z:\Hisham\EUROMOD-STORAGE_1\reports\mle_dcm\boxcox\DE_2014_2016_panel\male_ascsON_q99\boxcox_male_ascsON_q99_analysis.html","boxcox_male_ascsON_q99_analysis.html",".html","13484","26-11-25 12:09:42"
"Z:\Hisham\EUROMOD-STORAGE_1","reports\mle_dcm\boxcox\DE_2014_2016_panel\male_ascsON_q99\boxcox_male_ascsON_q99_confusion.csv","Z:\Hisham\EUROMOD-STORAGE_1\reports\mle_dcm\boxcox\DE_2014_2016_panel\male_ascsON_q99\boxcox_male_ascsON_q99_confusion.csv","boxcox_male_ascsON_q99_confusion.csv",".csv","173","26-11-25 12:09:10"
"Z:\Hisham\EUROMOD-STORAGE_1","reports\mle_dcm\boxcox\DE_2014_2016_panel\male_ascsON_q99\boxcox_male_ascsON_q99_meta.json","Z:\Hisham\EUROMOD-STORAGE_1\reports\mle_dcm\boxcox\DE_2014_2016_panel\male_ascsON_q99\boxcox_male_ascsON_q99_meta.json","boxcox_male_ascsON_q99_meta.json",".json","2414","26-11-25 12:09:10"
"Z:\Hisham\EUROMOD-STORAGE_1","reports\mle_dcm\boxcox\DE_2014_2016_panel\male_ascsON_q99\boxcox_male_ascsON_q99_mucmul_draws.csv","Z:\Hisham\EUROMOD-STORAGE_1\reports\mle_dcm\boxcox\DE_2014_2016_panel\male_ascsON_q99\boxcox_male_ascsON_q99_mucmul_draws.csv","boxcox_male_ascsON_q99_mucmul_draws.csv",".csv","109612","26-11-25 12:09:41"
"Z:\Hisham\EUROMOD-STORAGE_1","reports\mle_dcm\boxcox\DE_2014_2016_panel\male_ascsON_q99\boxcox_male_ascsON_q99_mucmul_summary.json","Z:\Hisham\EUROMOD-STORAGE_1\reports\mle_dcm\boxcox\DE_2014_2016_panel\male_ascsON_q99\boxcox_male_ascsON_q99_mucmul_summary.json","boxcox_male_ascsON_q99_mucmul_summary.json",".json","343","26-11-25 12:09:10"
"Z:\Hisham\EUROMOD-STORAGE_1","reports\mle_dcm\boxcox\DE_2014_2016_panel\male_ascsON_q99\boxcox_male_ascsON_q99_param_descriptions.json","Z:\Hisham\EUROMOD-STORAGE_1\reports\mle_dcm\boxcox\DE_2014_2016_panel\male_ascsON_q99\boxcox_male_ascsON_q99_param_descriptions.json","boxcox_male_ascsON_q99_param_descriptions.json",".json","850","26-11-25 12:09:10"
"Z:\Hisham\EUROMOD-STORAGE_1","reports\mle_dcm\boxcox\DE_2014_2016_panel\male_ascsON_q99\boxcox_male_ascsON_q99_param_labels.json","Z:\Hisham\EUROMOD-STORAGE_1\reports\mle_dcm\boxcox\DE_2014_2016_panel\male_ascsON_q99\boxcox_male_ascsON_q99_param_labels.json","boxcox_male_ascsON_q99_param_labels.json",".json","515","26-11-25 12:09:10"
"Z:\Hisham\EUROMOD-STORAGE_1","reports\mle_dcm\boxcox\DE_2014_2016_panel\male_ascsON_q99\boxcox_male_ascsON_q99_parameters.csv","Z:\Hisham\EUROMOD-STORAGE_1\reports\mle_dcm\boxcox\DE_2014_2016_panel\male_ascsON_q99\boxcox_male_ascsON_q99_parameters.csv","boxcox_male_ascsON_q99_parameters.csv",".csv","1995","26-11-25 12:09:10"
"Z:\Hisham\EUROMOD-STORAGE_1","reports\mle_dcm\boxcox\DE_2014_2016_panel\male_ascsON_q99\boxcox_male_ascsON_q99_util_decomp.csv","Z:\Hisham\EUROMOD-STORAGE_1\reports\mle_dcm\boxcox\DE_2014_2016_panel\male_ascsON_q99\boxcox_male_ascsON_q99_util_decomp.csv","boxcox_male_ascsON_q99_util_decomp.csv",".csv","377","26-11-25 12:09:41"
"Z:\Hisham\EUROMOD-STORAGE_1","reports\mle_dcm\boxcox\DE_2014_2016_panel\pooled_ascsOFF_q99\boxcox_pooled_ascsOFF_q99_analysis.html","Z:\Hisham\EUROMOD-STORAGE_1\reports\mle_dcm\boxcox\DE_2014_2016_panel\pooled_ascsOFF_q99\boxcox_pooled_ascsOFF_q99_analysis.html","boxcox_pooled_ascsOFF_q99_analysis.html",".html","12153","26-11-25 12:15:40"
"Z:\Hisham\EUROMOD-STORAGE_1","reports\mle_dcm\boxcox\DE_2014_2016_panel\pooled_ascsOFF_q99\boxcox_pooled_ascsOFF_q99_confusion.csv","Z:\Hisham\EUROMOD-STORAGE_1\reports\mle_dcm\boxcox\DE_2014_2016_panel\pooled_ascsOFF_q99\boxcox_pooled_ascsOFF_q99_confusion.csv","boxcox_pooled_ascsOFF_q99_confusion.csv",".csv","182","26-11-25 12:15:05"
"Z:\Hisham\EUROMOD-STORAGE_1","reports\mle_dcm\boxcox\DE_2014_2016_panel\pooled_ascsOFF_q99\boxcox_pooled_ascsOFF_q99_meta.json","Z:\Hisham\EUROMOD-STORAGE_1\reports\mle_dcm\boxcox\DE_2014_2016_panel\pooled_ascsOFF_q99\boxcox_pooled_ascsOFF_q99_meta.json","boxcox_pooled_ascsOFF_q99_meta.json",".json","2227","26-11-25 12:15:05"
"Z:\Hisham\EUROMOD-STORAGE_1","reports\mle_dcm\boxcox\DE_2014_2016_panel\pooled_ascsOFF_q99\boxcox_pooled_ascsOFF_q99_mucmul_draws.csv","Z:\Hisham\EUROMOD-STORAGE_1\reports\mle_dcm\boxcox\DE_2014_2016_panel\pooled_ascsOFF_q99\boxcox_pooled_ascsOFF_q99_mucmul_draws.csv","boxcox_pooled_ascsOFF_q99_mucmul_draws.csv",".csv","205030","26-11-25 12:15:39"
"Z:\Hisham\EUROMOD-STORAGE_1","reports\mle_dcm\boxcox\DE_2014_2016_panel\pooled_ascsOFF_q99\boxcox_pooled_ascsOFF_q99_mucmul_summary.json","Z:\Hisham\EUROMOD-STORAGE_1\reports\mle_dcm\boxcox\DE_2014_2016_panel\pooled_ascsOFF_q99\boxcox_pooled_ascsOFF_q99_mucmul_summary.json","boxcox_pooled_ascsOFF_q99_mucmul_summary.json",".json","327","26-11-25 12:15:05"
"Z:\Hisham\EUROMOD-STORAGE_1","reports\mle_dcm\boxcox\DE_2014_2016_panel\pooled_ascsOFF_q99\boxcox_pooled_ascsOFF_q99_param_descriptions.json","Z:\Hisham\EUROMOD-STORAGE_1\reports\mle_dcm\boxcox\DE_2014_2016_panel\pooled_ascsOFF_q99\boxcox_pooled_ascsOFF_q99_param_descriptions.json","boxcox_pooled_ascsOFF_q99_param_descriptions.json",".json","632","26-11-25 12:15:05"
"Z:\Hisham\EUROMOD-STORAGE_1","reports\mle_dcm\boxcox\DE_2014_2016_panel\pooled_ascsOFF_q99\boxcox_pooled_ascsOFF_q99_param_labels.json","Z:\Hisham\EUROMOD-STORAGE_1\reports\mle_dcm\boxcox\DE_2014_2016_panel\pooled_ascsOFF_q99\boxcox_pooled_ascsOFF_q99_param_labels.json","boxcox_pooled_ascsOFF_q99_param_labels.json",".json","427","26-11-25 12:15:05"
"Z:\Hisham\EUROMOD-STORAGE_1","reports\mle_dcm\boxcox\DE_2014_2016_panel\pooled_ascsOFF_q99\boxcox_pooled_ascsOFF_q99_parameters.csv","Z:\Hisham\EUROMOD-STORAGE_1\reports\mle_dcm\boxcox\DE_2014_2016_panel\pooled_ascsOFF_q99\boxcox_pooled_ascsOFF_q99_parameters.csv","boxcox_pooled_ascsOFF_q99_parameters.csv",".csv","1408","26-11-25 12:15:05"
"Z:\Hisham\EUROMOD-STORAGE_1","reports\mle_dcm\boxcox\DE_2014_2016_panel\pooled_ascsOFF_q99\boxcox_pooled_ascsOFF_q99_util_decomp.csv","Z:\Hisham\EUROMOD-STORAGE_1\reports\mle_dcm\boxcox\DE_2014_2016_panel\pooled_ascsOFF_q99\boxcox_pooled_ascsOFF_q99_util_decomp.csv","boxcox_pooled_ascsOFF_q99_util_decomp.csv",".csv","350","26-11-25 12:15:39"
"Z:\Hisham\EUROMOD-STORAGE_1","reports\mle_dcm\boxcox\DE_2014_2016_panel\pooled_ascsOFF_q99_split\boxcox_pooled_genderSplit_ascsOFF_q99_analysis.html","Z:\Hisham\EUROMOD-STORAGE_1\reports\mle_dcm\boxcox\DE_2014_2016_panel\pooled_ascsOFF_q99_split\boxcox_pooled_genderSplit_ascsOFF_q99_analysis.html","boxcox_pooled_genderSplit_ascsOFF_q99_analysis.html",".html","15929","26-11-25 11:48:12"
"Z:\Hisham\EUROMOD-STORAGE_1","reports\mle_dcm\boxcox\DE_2014_2016_panel\pooled_ascsOFF_q99_split\boxcox_pooled_genderSplit_ascsOFF_q99_confusion.csv","Z:\Hisham\EUROMOD-STORAGE_1\reports\mle_dcm\boxcox\DE_2014_2016_panel\pooled_ascsOFF_q99_split\boxcox_pooled_genderSplit_ascsOFF_q99_confusion.csv","boxcox_pooled_genderSplit_ascsOFF_q99_confusion.csv",".csv","183","26-11-25 11:47:37"
"Z:\Hisham\EUROMOD-STORAGE_1","reports\mle_dcm\boxcox\DE_2014_2016_panel\pooled_ascsOFF_q99_split\boxcox_pooled_genderSplit_ascsOFF_q99_meta.json","Z:\Hisham\EUROMOD-STORAGE_1\reports\mle_dcm\boxcox\DE_2014_2016_panel\pooled_ascsOFF_q99_split\boxcox_pooled_genderSplit_ascsOFF_q99_meta.json","boxcox_pooled_genderSplit_ascsOFF_q99_meta.json",".json","2525","26-11-25 11:47:37"
"Z:\Hisham\EUROMOD-STORAGE_1","reports\mle_dcm\boxcox\DE_2014_2016_panel\pooled_ascsOFF_q99_split\boxcox_pooled_genderSplit_ascsOFF_q99_mucmul_draws.csv","Z:\Hisham\EUROMOD-STORAGE_1\reports\mle_dcm\boxcox\DE_2014_2016_panel\pooled_ascsOFF_q99_split\boxcox_pooled_genderSplit_ascsOFF_q99_mucmul_draws.csv","boxcox_pooled_genderSplit_ascsOFF_q99_mucmul_draws.csv",".csv","203895","26-11-25 11:48:09"
"Z:\Hisham\EUROMOD-STORAGE_1","reports\mle_dcm\boxcox\DE_2014_2016_panel\pooled_ascsOFF_q99_split\boxcox_pooled_genderSplit_ascsOFF_q99_mucmul_summary.json","Z:\Hisham\EUROMOD-STORAGE_1\reports\mle_dcm\boxcox\DE_2014_2016_panel\pooled_ascsOFF_q99_split\boxcox_pooled_genderSplit_ascsOFF_q99_mucmul_summary.json","boxcox_pooled_genderSplit_ascsOFF_q99_mucmul_summary.json",".json","327","26-11-25 11:47:37"
"Z:\Hisham\EUROMOD-STORAGE_1","reports\mle_dcm\boxcox\DE_2014_2016_panel\pooled_ascsOFF_q99_split\boxcox_pooled_genderSplit_ascsOFF_q99_param_descriptions.json","Z:\Hisham\EUROMOD-STORAGE_1\reports\mle_dcm\boxcox\DE_2014_2016_panel\pooled_ascsOFF_q99_split\boxcox_pooled_genderSplit_ascsOFF_q99_param_descriptions.json","boxcox_pooled_genderSplit_ascsOFF_q99_param_descriptions.json",".json","373","26-11-25 11:47:37"
"Z:\Hisham\EUROMOD-STORAGE_1","reports\mle_dcm\boxcox\DE_2014_2016_panel\pooled_ascsOFF_q99_split\boxcox_pooled_genderSplit_ascsOFF_q99_param_labels.json","Z:\Hisham\EUROMOD-STORAGE_1\reports\mle_dcm\boxcox\DE_2014_2016_panel\pooled_ascsOFF_q99_split\boxcox_pooled_genderSplit_ascsOFF_q99_param_labels.json","boxcox_pooled_genderSplit_ascsOFF_q99_param_labels.json",".json","567","26-11-25 11:47:37"
"Z:\Hisham\EUROMOD-STORAGE_1","reports\mle_dcm\boxcox\DE_2014_2016_panel\pooled_ascsOFF_q99_split\boxcox_pooled_genderSplit_ascsOFF_q99_parameters.csv","Z:\Hisham\EUROMOD-STORAGE_1\reports\mle_dcm\boxcox\DE_2014_2016_panel\pooled_ascsOFF_q99_split\boxcox_pooled_genderSplit_ascsOFF_q99_parameters.csv","boxcox_pooled_genderSplit_ascsOFF_q99_parameters.csv",".csv","2498","26-11-25 11:47:37"
"Z:\Hisham\EUROMOD-STORAGE_1","reports\mle_dcm\boxcox\DE_2014_2016_panel\pooled_ascsOFF_q99_split\boxcox_pooled_genderSplit_ascsOFF_q99_util_decomp.csv","Z:\Hisham\EUROMOD-STORAGE_1\reports\mle_dcm\boxcox\DE_2014_2016_panel\pooled_ascsOFF_q99_split\boxcox_pooled_genderSplit_ascsOFF_q99_util_decomp.csv","boxcox_pooled_genderSplit_ascsOFF_q99_util_decomp.csv",".csv","350","26-11-25 11:48:09"
"Z:\Hisham\EUROMOD-STORAGE_1","reports\mle_dcm\boxcox\DE_2014_2016_panel\pooled_ascsON_q99\boxcox_pooled_genderSplit_ascsON_q99_analysis.html","Z:\Hisham\EUROMOD-STORAGE_1\reports\mle_dcm\boxcox\DE_2014_2016_panel\pooled_ascsON_q99\boxcox_pooled_genderSplit_ascsON_q99_analysis.html","boxcox_pooled_genderSplit_ascsON_q99_analysis.html",".html","17553","26-11-25 12:26:59"
"Z:\Hisham\EUROMOD-STORAGE_1","reports\mle_dcm\boxcox\DE_2014_2016_panel\pooled_ascsON_q99\boxcox_pooled_genderSplit_ascsON_q99_confusion.csv","Z:\Hisham\EUROMOD-STORAGE_1\reports\mle_dcm\boxcox\DE_2014_2016_panel\pooled_ascsON_q99\boxcox_pooled_genderSplit_ascsON_q99_confusion.csv","boxcox_pooled_genderSplit_ascsON_q99_confusion.csv",".csv","179","26-11-25 12:26:20"
"Z:\Hisham\EUROMOD-STORAGE_1","reports\mle_dcm\boxcox\DE_2014_2016_panel\pooled_ascsON_q99\boxcox_pooled_genderSplit_ascsON_q99_meta.json","Z:\Hisham\EUROMOD-STORAGE_1\reports\mle_dcm\boxcox\DE_2014_2016_panel\pooled_ascsON_q99\boxcox_pooled_genderSplit_ascsON_q99_meta.json","boxcox_pooled_genderSplit_ascsON_q99_meta.json",".json","2746","26-11-25 12:26:20"
"Z:\Hisham\EUROMOD-STORAGE_1","reports\mle_dcm\boxcox\DE_2014_2016_panel\pooled_ascsON_q99\boxcox_pooled_genderSplit_ascsON_q99_mucmul_draws.csv","Z:\Hisham\EUROMOD-STORAGE_1\reports\mle_dcm\boxcox\DE_2014_2016_panel\pooled_ascsON_q99\boxcox_pooled_genderSplit_ascsON_q99_mucmul_draws.csv","boxcox_pooled_genderSplit_ascsON_q99_mucmul_draws.csv",".csv","223854","26-11-25 12:26:57"
"Z:\Hisham\EUROMOD-STORAGE_1","reports\mle_dcm\boxcox\DE_2014_2016_panel\pooled_ascsON_q99\boxcox_pooled_genderSplit_ascsON_q99_mucmul_summary.json","Z:\Hisham\EUROMOD-STORAGE_1\reports\mle_dcm\boxcox\DE_2014_2016_panel\pooled_ascsON_q99\boxcox_pooled_genderSplit_ascsON_q99_mucmul_summary.json","boxcox_pooled_genderSplit_ascsON_q99_mucmul_summary.json",".json","344","26-11-25 12:26:20"
"Z:\Hisham\EUROMOD-STORAGE_1","reports\mle_dcm\boxcox\DE_2014_2016_panel\pooled_ascsON_q99\boxcox_pooled_genderSplit_ascsON_q99_param_descriptions.json","Z:\Hisham\EUROMOD-STORAGE_1\reports\mle_dcm\boxcox\DE_2014_2016_panel\pooled_ascsON_q99\boxcox_pooled_genderSplit_ascsON_q99_param_descriptions.json","boxcox_pooled_genderSplit_ascsON_q99_param_descriptions.json",".json","655","26-11-25 12:26:20"
"Z:\Hisham\EUROMOD-STORAGE_1","reports\mle_dcm\boxcox\DE_2014_2016_panel\pooled_ascsON_q99\boxcox_pooled_genderSplit_ascsON_q99_param_labels.json","Z:\Hisham\EUROMOD-STORAGE_1\reports\mle_dcm\boxcox\DE_2014_2016_panel\pooled_ascsON_q99\boxcox_pooled_genderSplit_ascsON_q99_param_labels.json","boxcox_pooled_genderSplit_ascsON_q99_param_labels.json",".json","705","26-11-25 12:26:20"
"Z:\Hisham\EUROMOD-STORAGE_1","reports\mle_dcm\boxcox\DE_2014_2016_panel\pooled_ascsON_q99\boxcox_pooled_genderSplit_ascsON_q99_parameters.csv","Z:\Hisham\EUROMOD-STORAGE_1\reports\mle_dcm\boxcox\DE_2014_2016_panel\pooled_ascsON_q99\boxcox_pooled_genderSplit_ascsON_q99_parameters.csv","boxcox_pooled_genderSplit_ascsON_q99_parameters.csv",".csv","3240","26-11-25 12:26:20"
"Z:\Hisham\EUROMOD-STORAGE_1","reports\mle_dcm\boxcox\DE_2014_2016_panel\pooled_ascsON_q99\boxcox_pooled_genderSplit_ascsON_q99_util_decomp.csv","Z:\Hisham\EUROMOD-STORAGE_1\reports\mle_dcm\boxcox\DE_2014_2016_panel\pooled_ascsON_q99\boxcox_pooled_genderSplit_ascsON_q99_util_decomp.csv","boxcox_pooled_genderSplit_ascsON_q99_util_decomp.csv",".csv","382","26-11-25 12:26:57"
"Z:\Hisham\EUROMOD-STORAGE_1","reports\mle_dcm\boxcox\DE_2014_2016_panel\pooled_ascsON_q99_nosp\boxcox_pooled_ascsON_q99_analysis.html","Z:\Hisham\EUROMOD-STORAGE_1\reports\mle_dcm\boxcox\DE_2014_2016_panel\pooled_ascsON_q99_nosp\boxcox_pooled_ascsON_q99_analysis.html","boxcox_pooled_ascsON_q99_analysis.html",".html","13805","26-11-25 12:18:20"
"Z:\Hisham\EUROMOD-STORAGE_1","reports\mle_dcm\boxcox\DE_2014_2016_panel\pooled_ascsON_q99_nosp\boxcox_pooled_ascsON_q99_confusion.csv","Z:\Hisham\EUROMOD-STORAGE_1\reports\mle_dcm\boxcox\DE_2014_2016_panel\pooled_ascsON_q99_nosp\boxcox_pooled_ascsON_q99_confusion.csv","boxcox_pooled_ascsON_q99_confusion.csv",".csv","179","26-11-25 12:17:43"
"Z:\Hisham\EUROMOD-STORAGE_1","reports\mle_dcm\boxcox\DE_2014_2016_panel\pooled_ascsON_q99_nosp\boxcox_pooled_ascsON_q99_meta.json","Z:\Hisham\EUROMOD-STORAGE_1\reports\mle_dcm\boxcox\DE_2014_2016_panel\pooled_ascsON_q99_nosp\boxcox_pooled_ascsON_q99_meta.json","boxcox_pooled_ascsON_q99_meta.json",".json","2437","26-11-25 12:17:43"
"Z:\Hisham\EUROMOD-STORAGE_1","reports\mle_dcm\boxcox\DE_2014_2016_panel\pooled_ascsON_q99_nosp\boxcox_pooled_ascsON_q99_mucmul_draws.csv","Z:\Hisham\EUROMOD-STORAGE_1\reports\mle_dcm\boxcox\DE_2014_2016_panel\pooled_ascsON_q99_nosp\boxcox_pooled_ascsON_q99_mucmul_draws.csv","boxcox_pooled_ascsON_q99_mucmul_draws.csv",".csv","244582","26-11-25 12:18:19"
"Z:\Hisham\EUROMOD-STORAGE_1","reports\mle_dcm\boxcox\DE_2014_2016_panel\pooled_ascsON_q99_nosp\boxcox_pooled_ascsON_q99_mucmul_summary.json","Z:\Hisham\EUROMOD-STORAGE_1\reports\mle_dcm\boxcox\DE_2014_2016_panel\pooled_ascsON_q99_nosp\boxcox_pooled_ascsON_q99_mucmul_summary.json","boxcox_pooled_ascsON_q99_mucmul_summary.json",".json","329","26-11-25 12:17:43"
"Z:\Hisham\EUROMOD-STORAGE_1","reports\mle_dcm\boxcox\DE_2014_2016_panel\pooled_ascsON_q99_nosp\boxcox_pooled_ascsON_q99_param_descriptions.json","Z:\Hisham\EUROMOD-STORAGE_1\reports\mle_dcm\boxcox\DE_2014_2016_panel\pooled_ascsON_q99_nosp\boxcox_pooled_ascsON_q99_param_descriptions.json","boxcox_pooled_ascsON_q99_param_descriptions.json",".json","914","26-11-25 12:17:43"
"Z:\Hisham\EUROMOD-STORAGE_1","reports\mle_dcm\boxcox\DE_2014_2016_panel\pooled_ascsON_q99_nosp\boxcox_pooled_ascsON_q99_param_labels.json","Z:\Hisham\EUROMOD-STORAGE_1\reports\mle_dcm\boxcox\DE_2014_2016_panel\pooled_ascsON_q99_nosp\boxcox_pooled_ascsON_q99_param_labels.json","boxcox_pooled_ascsON_q99_param_labels.json",".json","565","26-11-25 12:17:43"
"Z:\Hisham\EUROMOD-STORAGE_1","reports\mle_dcm\boxcox\DE_2014_2016_panel\pooled_ascsON_q99_nosp\boxcox_pooled_ascsON_q99_parameters.csv","Z:\Hisham\EUROMOD-STORAGE_1\reports\mle_dcm\boxcox\DE_2014_2016_panel\pooled_ascsON_q99_nosp\boxcox_pooled_ascsON_q99_parameters.csv","boxcox_pooled_ascsON_q99_parameters.csv",".csv","2091","26-11-25 12:17:43"
"Z:\Hisham\EUROMOD-STORAGE_1","reports\mle_dcm\boxcox\DE_2014_2016_panel\pooled_ascsON_q99_nosp\boxcox_pooled_ascsON_q99_util_decomp.csv","Z:\Hisham\EUROMOD-STORAGE_1\reports\mle_dcm\boxcox\DE_2014_2016_panel\pooled_ascsON_q99_nosp\boxcox_pooled_ascsON_q99_util_decomp.csv","boxcox_pooled_ascsON_q99_util_decomp.csv",".csv","406","26-11-25 12:18:19"
"Z:\Hisham\EUROMOD-STORAGE_1","reports\mle_dcm\boxcox\female_ascsOFF_q99\boxcox_female_ascsOFF_q99_analysis.html","Z:\Hisham\EUROMOD-STORAGE_1\reports\mle_dcm\boxcox\female_ascsOFF_q99\boxcox_female_ascsOFF_q99_analysis.html","boxcox_female_ascsOFF_q99_analysis.html",".html","10551","07-11-25 14:35:42"
"Z:\Hisham\EUROMOD-STORAGE_1","reports\mle_dcm\boxcox\female_ascsOFF_q99\boxcox_female_ascsOFF_q99_confusion.csv","Z:\Hisham\EUROMOD-STORAGE_1\reports\mle_dcm\boxcox\female_ascsOFF_q99\boxcox_female_ascsOFF_q99_confusion.csv","boxcox_female_ascsOFF_q99_confusion.csv",".csv","182","07-11-25 14:35:10"
"Z:\Hisham\EUROMOD-STORAGE_1","reports\mle_dcm\boxcox\female_ascsOFF_q99\boxcox_female_ascsOFF_q99_meta.json","Z:\Hisham\EUROMOD-STORAGE_1\reports\mle_dcm\boxcox\female_ascsOFF_q99\boxcox_female_ascsOFF_q99_meta.json","boxcox_female_ascsOFF_q99_meta.json",".json","1820","07-11-25 14:35:10"
"Z:\Hisham\EUROMOD-STORAGE_1","reports\mle_dcm\boxcox\female_ascsOFF_q99\boxcox_female_ascsOFF_q99_mucmul_summary.json","Z:\Hisham\EUROMOD-STORAGE_1\reports\mle_dcm\boxcox\female_ascsOFF_q99\boxcox_female_ascsOFF_q99_mucmul_summary.json","boxcox_female_ascsOFF_q99_mucmul_summary.json",".json","327","07-11-25 14:35:10"
"Z:\Hisham\EUROMOD-STORAGE_1","reports\mle_dcm\boxcox\female_ascsOFF_q99\boxcox_female_ascsOFF_q99_param_descriptions.json","Z:\Hisham\EUROMOD-STORAGE_1\reports\mle_dcm\boxcox\female_ascsOFF_q99\boxcox_female_ascsOFF_q99_param_descriptions.json","boxcox_female_ascsOFF_q99_param_descriptions.json",".json","568","07-11-25 14:35:10"
"Z:\Hisham\EUROMOD-STORAGE_1","reports\mle_dcm\boxcox\female_ascsOFF_q99\boxcox_female_ascsOFF_q99_param_labels.json","Z:\Hisham\EUROMOD-STORAGE_1\reports\mle_dcm\boxcox\female_ascsOFF_q99\boxcox_female_ascsOFF_q99_param_labels.json","boxcox_female_ascsOFF_q99_param_labels.json",".json","377","07-11-25 14:35:10"
"Z:\Hisham\EUROMOD-STORAGE_1","reports\mle_dcm\boxcox\female_ascsOFF_q99\boxcox_female_ascsOFF_q99_parameters.csv","Z:\Hisham\EUROMOD-STORAGE_1\reports\mle_dcm\boxcox\female_ascsOFF_q99\boxcox_female_ascsOFF_q99_parameters.csv","boxcox_female_ascsOFF_q99_parameters.csv",".csv","1233","07-11-25 14:35:10"
"Z:\Hisham\EUROMOD-STORAGE_1","reports\mle_dcm\boxcox\female_ascsOFF_q99\separate\boxcox_female_ascsOFF_q99_analysis.html","Z:\Hisham\EUROMOD-STORAGE_1\reports\mle_dcm\boxcox\female_ascsOFF_q99\separate\boxcox_female_ascsOFF_q99_analysis.html","boxcox_female_ascsOFF_q99_analysis.html",".html","10352","07-11-25 11:15:39"
"Z:\Hisham\EUROMOD-STORAGE_1","reports\mle_dcm\boxcox\female_ascsOFF_q99\separate\boxcox_female_ascsOFF_q99_confusion.csv","Z:\Hisham\EUROMOD-STORAGE_1\reports\mle_dcm\boxcox\female_ascsOFF_q99\separate\boxcox_female_ascsOFF_q99_confusion.csv","boxcox_female_ascsOFF_q99_confusion.csv",".csv","169","07-11-25 11:15:07"
"Z:\Hisham\EUROMOD-STORAGE_1","reports\mle_dcm\boxcox\female_ascsOFF_q99\separate\boxcox_female_ascsOFF_q99_meta.json","Z:\Hisham\EUROMOD-STORAGE_1\reports\mle_dcm\boxcox\female_ascsOFF_q99\separate\boxcox_female_ascsOFF_q99_meta.json","boxcox_female_ascsOFF_q99_meta.json",".json","1694","07-11-25 11:15:07"
"Z:\Hisham\EUROMOD-STORAGE_1","reports\mle_dcm\boxcox\female_ascsOFF_q99\separate\boxcox_female_ascsOFF_q99_mucmul_draws.csv","Z:\Hisham\EUROMOD-STORAGE_1\reports\mle_dcm\boxcox\female_ascsOFF_q99\separate\boxcox_female_ascsOFF_q99_mucmul_draws.csv","boxcox_female_ascsOFF_q99_mucmul_draws.csv",".csv","38363","07-11-25 11:15:38"
"Z:\Hisham\EUROMOD-STORAGE_1","reports\mle_dcm\boxcox\female_ascsOFF_q99\separate\boxcox_female_ascsOFF_q99_mucmul_summary.json","Z:\Hisham\EUROMOD-STORAGE_1\reports\mle_dcm\boxcox\female_ascsOFF_q99\separate\boxcox_female_ascsOFF_q99_mucmul_summary.json","boxcox_female_ascsOFF_q99_mucmul_summary.json",".json","327","07-11-25 11:15:07"
"Z:\Hisham\EUROMOD-STORAGE_1","reports\mle_dcm\boxcox\female_ascsOFF_q99\separate\boxcox_female_ascsOFF_q99_param_descriptions.json","Z:\Hisham\EUROMOD-STORAGE_1\reports\mle_dcm\boxcox\female_ascsOFF_q99\separate\boxcox_female_ascsOFF_q99_param_descriptions.json","boxcox_female_ascsOFF_q99_param_descriptions.json",".json","568","07-11-25 11:15:07"
"Z:\Hisham\EUROMOD-STORAGE_1","reports\mle_dcm\boxcox\female_ascsOFF_q99\separate\boxcox_female_ascsOFF_q99_param_labels.json","Z:\Hisham\EUROMOD-STORAGE_1\reports\mle_dcm\boxcox\female_ascsOFF_q99\separate\boxcox_female_ascsOFF_q99_param_labels.json","boxcox_female_ascsOFF_q99_param_labels.json",".json","377","07-11-25 11:15:07"
"Z:\Hisham\EUROMOD-STORAGE_1","reports\mle_dcm\boxcox\female_ascsOFF_q99\separate\boxcox_female_ascsOFF_q99_parameters.csv","Z:\Hisham\EUROMOD-STORAGE_1\reports\mle_dcm\boxcox\female_ascsOFF_q99\separate\boxcox_female_ascsOFF_q99_parameters.csv","boxcox_female_ascsOFF_q99_parameters.csv",".csv","1212","07-11-25 11:15:07"
"Z:\Hisham\EUROMOD-STORAGE_1","reports\mle_dcm\boxcox\female_ascsOFF_q99\separate\boxcox_female_ascsOFF_q99_util_decomp.csv","Z:\Hisham\EUROMOD-STORAGE_1\reports\mle_dcm\boxcox\female_ascsOFF_q99\separate\boxcox_female_ascsOFF_q99_util_decomp.csv","boxcox_female_ascsOFF_q99_util_decomp.csv",".csv","346","07-11-25 11:15:38"
"Z:\Hisham\EUROMOD-STORAGE_1","reports\mle_dcm\boxcox\female_ascsON_q99\boxcox_female_ascsON_q99_analysis.html","Z:\Hisham\EUROMOD-STORAGE_1\reports\mle_dcm\boxcox\female_ascsON_q99\boxcox_female_ascsON_q99_analysis.html","boxcox_female_ascsON_q99_analysis.html",".html","11450","07-11-25 14:32:39"
"Z:\Hisham\EUROMOD-STORAGE_1","reports\mle_dcm\boxcox\female_ascsON_q99\boxcox_female_ascsON_q99_confusion.csv","Z:\Hisham\EUROMOD-STORAGE_1\reports\mle_dcm\boxcox\female_ascsON_q99\boxcox_female_ascsON_q99_confusion.csv","boxcox_female_ascsON_q99_confusion.csv",".csv","175","07-11-25 14:32:06"
"Z:\Hisham\EUROMOD-STORAGE_1","reports\mle_dcm\boxcox\female_ascsON_q99\boxcox_female_ascsON_q99_meta.json","Z:\Hisham\EUROMOD-STORAGE_1\reports\mle_dcm\boxcox\female_ascsON_q99\boxcox_female_ascsON_q99_meta.json","boxcox_female_ascsON_q99_meta.json",".json","2030","07-11-25 14:32:06"
"Z:\Hisham\EUROMOD-STORAGE_1","reports\mle_dcm\boxcox\female_ascsON_q99\boxcox_female_ascsON_q99_mucmul_draws.csv","Z:\Hisham\EUROMOD-STORAGE_1\reports\mle_dcm\boxcox\female_ascsON_q99\boxcox_female_ascsON_q99_mucmul_draws.csv","boxcox_female_ascsON_q99_mucmul_draws.csv",".csv","124570","07-11-25 14:32:38"
"Z:\Hisham\EUROMOD-STORAGE_1","reports\mle_dcm\boxcox\female_ascsON_q99\boxcox_female_ascsON_q99_mucmul_summary.json","Z:\Hisham\EUROMOD-STORAGE_1\reports\mle_dcm\boxcox\female_ascsON_q99\boxcox_female_ascsON_q99_mucmul_summary.json","boxcox_female_ascsON_q99_mucmul_summary.json",".json","328","07-11-25 14:32:06"
"Z:\Hisham\EUROMOD-STORAGE_1","reports\mle_dcm\boxcox\female_ascsON_q99\boxcox_female_ascsON_q99_param_descriptions.json","Z:\Hisham\EUROMOD-STORAGE_1\reports\mle_dcm\boxcox\female_ascsON_q99\boxcox_female_ascsON_q99_param_descriptions.json","boxcox_female_ascsON_q99_param_descriptions.json",".json","850","07-11-25 14:32:06"
"Z:\Hisham\EUROMOD-STORAGE_1","reports\mle_dcm\boxcox\female_ascsON_q99\boxcox_female_ascsON_q99_param_labels.json","Z:\Hisham\EUROMOD-STORAGE_1\reports\mle_dcm\boxcox\female_ascsON_q99\boxcox_female_ascsON_q99_param_labels.json","boxcox_female_ascsON_q99_param_labels.json",".json","515","07-11-25 14:32:06"
"Z:\Hisham\EUROMOD-STORAGE_1","reports\mle_dcm\boxcox\female_ascsON_q99\boxcox_female_ascsON_q99_parameters.csv","Z:\Hisham\EUROMOD-STORAGE_1\reports\mle_dcm\boxcox\female_ascsON_q99\boxcox_female_ascsON_q99_parameters.csv","boxcox_female_ascsON_q99_parameters.csv",".csv","2065","07-11-25 14:32:06"
"Z:\Hisham\EUROMOD-STORAGE_1","reports\mle_dcm\boxcox\female_ascsON_q99\boxcox_female_ascsON_q99_util_decomp.csv","Z:\Hisham\EUROMOD-STORAGE_1\reports\mle_dcm\boxcox\female_ascsON_q99\boxcox_female_ascsON_q99_util_decomp.csv","boxcox_female_ascsON_q99_util_decomp.csv",".csv","380","07-11-25 14:32:38"
"Z:\Hisham\EUROMOD-STORAGE_1","reports\mle_dcm\boxcox\male_ascsOFF_q99\boxcox_male_ascsOFF_q99_analysis.html","Z:\Hisham\EUROMOD-STORAGE_1\reports\mle_dcm\boxcox\male_ascsOFF_q99\boxcox_male_ascsOFF_q99_analysis.html","boxcox_male_ascsOFF_q99_analysis.html",".html","10693","07-11-25 13:13:57"
"Z:\Hisham\EUROMOD-STORAGE_1","reports\mle_dcm\boxcox\male_ascsOFF_q99\boxcox_male_ascsOFF_q99_analysis~01.html","Z:\Hisham\EUROMOD-STORAGE_1\reports\mle_dcm\boxcox\male_ascsOFF_q99\boxcox_male_ascsOFF_q99_analysis~01.html","boxcox_male_ascsOFF_q99_analysis~01.html",".html","10707","07-11-25 14:27:46"
"Z:\Hisham\EUROMOD-STORAGE_1","reports\mle_dcm\boxcox\male_ascsOFF_q99\boxcox_male_ascsOFF_q99_confusion.csv","Z:\Hisham\EUROMOD-STORAGE_1\reports\mle_dcm\boxcox\male_ascsOFF_q99\boxcox_male_ascsOFF_q99_confusion.csv","boxcox_male_ascsOFF_q99_confusion.csv",".csv","170","07-11-25 13:13:29"
"Z:\Hisham\EUROMOD-STORAGE_1","reports\mle_dcm\boxcox\male_ascsOFF_q99\boxcox_male_ascsOFF_q99_meta.json","Z:\Hisham\EUROMOD-STORAGE_1\reports\mle_dcm\boxcox\male_ascsOFF_q99\boxcox_male_ascsOFF_q99_meta.json","boxcox_male_ascsOFF_q99_meta.json",".json","1698","07-11-25 13:13:29"
"Z:\Hisham\EUROMOD-STORAGE_1","reports\mle_dcm\boxcox\male_ascsOFF_q99\boxcox_male_ascsOFF_q99_mucmul_draws.csv","Z:\Hisham\EUROMOD-STORAGE_1\reports\mle_dcm\boxcox\male_ascsOFF_q99\boxcox_male_ascsOFF_q99_mucmul_draws.csv","boxcox_male_ascsOFF_q99_mucmul_draws.csv",".csv","89666","07-11-25 14:27:44"
"Z:\Hisham\EUROMOD-STORAGE_1","reports\mle_dcm\boxcox\male_ascsOFF_q99\boxcox_male_ascsOFF_q99_mucmul_summary.json","Z:\Hisham\EUROMOD-STORAGE_1\reports\mle_dcm\boxcox\male_ascsOFF_q99\boxcox_male_ascsOFF_q99_mucmul_summary.json","boxcox_male_ascsOFF_q99_mucmul_summary.json",".json","326","07-11-25 13:13:29"
"Z:\Hisham\EUROMOD-STORAGE_1","reports\mle_dcm\boxcox\male_ascsOFF_q99\boxcox_male_ascsOFF_q99_param_descriptions.json","Z:\Hisham\EUROMOD-STORAGE_1\reports\mle_dcm\boxcox\male_ascsOFF_q99\boxcox_male_ascsOFF_q99_param_descriptions.json","boxcox_male_ascsOFF_q99_param_descriptions.json",".json","568","07-11-25 13:13:29"
"Z:\Hisham\EUROMOD-STORAGE_1","reports\mle_dcm\boxcox\male_ascsOFF_q99\boxcox_male_ascsOFF_q99_param_labels.json","Z:\Hisham\EUROMOD-STORAGE_1\reports\mle_dcm\boxcox\male_ascsOFF_q99\boxcox_male_ascsOFF_q99_param_labels.json","boxcox_male_ascsOFF_q99_param_labels.json",".json","377","07-11-25 13:13:29"
"Z:\Hisham\EUROMOD-STORAGE_1","reports\mle_dcm\boxcox\male_ascsOFF_q99\boxcox_male_ascsOFF_q99_parameters.csv","Z:\Hisham\EUROMOD-STORAGE_1\reports\mle_dcm\boxcox\male_ascsOFF_q99\boxcox_male_ascsOFF_q99_parameters.csv","boxcox_male_ascsOFF_q99_parameters.csv",".csv","1224","07-11-25 13:13:29"
"Z:\Hisham\EUROMOD-STORAGE_1","reports\mle_dcm\boxcox\male_ascsOFF_q99\boxcox_male_ascsOFF_q99_util_decomp.csv","Z:\Hisham\EUROMOD-STORAGE_1\reports\mle_dcm\boxcox\male_ascsOFF_q99\boxcox_male_ascsOFF_q99_util_decomp.csv","boxcox_male_ascsOFF_q99_util_decomp.csv",".csv","346","07-11-25 14:27:44"
"Z:\Hisham\EUROMOD-STORAGE_1","reports\mle_dcm\boxcox\male_ascsOFF_q99\separate_2015\boxcox_male_ascsOFF_q99_analysis.html","Z:\Hisham\EUROMOD-STORAGE_1\reports\mle_dcm\boxcox\male_ascsOFF_q99\separate_2015\boxcox_male_ascsOFF_q99_analysis.html","boxcox_male_ascsOFF_q99_analysis.html",".html","10482","07-11-25 09:46:29"
"Z:\Hisham\EUROMOD-STORAGE_1","reports\mle_dcm\boxcox\male_ascsOFF_q99\separate_2015\boxcox_male_ascsOFF_q99_confusion.csv","Z:\Hisham\EUROMOD-STORAGE_1\reports\mle_dcm\boxcox\male_ascsOFF_q99\separate_2015\boxcox_male_ascsOFF_q99_confusion.csv","boxcox_male_ascsOFF_q99_confusion.csv",".csv","164","07-11-25 10:05:15"
"Z:\Hisham\EUROMOD-STORAGE_1","reports\mle_dcm\boxcox\male_ascsOFF_q99\separate_2015\boxcox_male_ascsOFF_q99_meta.json","Z:\Hisham\EUROMOD-STORAGE_1\reports\mle_dcm\boxcox\male_ascsOFF_q99\separate_2015\boxcox_male_ascsOFF_q99_meta.json","boxcox_male_ascsOFF_q99_meta.json",".json","1697","07-11-25 10:05:15"
"Z:\Hisham\EUROMOD-STORAGE_1","reports\mle_dcm\boxcox\male_ascsOFF_q99\separate_2015\boxcox_male_ascsOFF_q99_mucmul_draws.csv","Z:\Hisham\EUROMOD-STORAGE_1\reports\mle_dcm\boxcox\male_ascsOFF_q99\separate_2015\boxcox_male_ascsOFF_q99_mucmul_draws.csv","boxcox_male_ascsOFF_q99_mucmul_draws.csv",".csv","30582","07-11-25 10:05:49"
"Z:\Hisham\EUROMOD-STORAGE_1","reports\mle_dcm\boxcox\male_ascsOFF_q99\separate_2015\boxcox_male_ascsOFF_q99_mucmul_summary.json","Z:\Hisham\EUROMOD-STORAGE_1\reports\mle_dcm\boxcox\male_ascsOFF_q99\separate_2015\boxcox_male_ascsOFF_q99_mucmul_summary.json","boxcox_male_ascsOFF_q99_mucmul_summary.json",".json","327","07-11-25 10:05:15"
"Z:\Hisham\EUROMOD-STORAGE_1","reports\mle_dcm\boxcox\male_ascsOFF_q99\separate_2015\boxcox_male_ascsOFF_q99_param_descriptions.json","Z:\Hisham\EUROMOD-STORAGE_1\reports\mle_dcm\boxcox\male_ascsOFF_q99\separate_2015\boxcox_male_ascsOFF_q99_param_descriptions.json","boxcox_male_ascsOFF_q99_param_descriptions.json",".json","568","07-11-25 10:05:15"
"Z:\Hisham\EUROMOD-STORAGE_1","reports\mle_dcm\boxcox\male_ascsOFF_q99\separate_2015\boxcox_male_ascsOFF_q99_param_labels.json","Z:\Hisham\EUROMOD-STORAGE_1\reports\mle_dcm\boxcox\male_ascsOFF_q99\separate_2015\boxcox_male_ascsOFF_q99_param_labels.json","boxcox_male_ascsOFF_q99_param_labels.json",".json","377","07-11-25 10:05:15"
"Z:\Hisham\EUROMOD-STORAGE_1","reports\mle_dcm\boxcox\male_ascsOFF_q99\separate_2015\boxcox_male_ascsOFF_q99_parameters.csv","Z:\Hisham\EUROMOD-STORAGE_1\reports\mle_dcm\boxcox\male_ascsOFF_q99\separate_2015\boxcox_male_ascsOFF_q99_parameters.csv","boxcox_male_ascsOFF_q99_parameters.csv",".csv","1211","07-11-25 10:05:15"
"Z:\Hisham\EUROMOD-STORAGE_1","reports\mle_dcm\boxcox\male_ascsOFF_q99\separate_2015\boxcox_male_ascsOFF_q99_util_decomp.csv","Z:\Hisham\EUROMOD-STORAGE_1\reports\mle_dcm\boxcox\male_ascsOFF_q99\separate_2015\boxcox_male_ascsOFF_q99_util_decomp.csv","boxcox_male_ascsOFF_q99_util_decomp.csv",".csv","346","07-11-25 10:05:49"
"Z:\Hisham\EUROMOD-STORAGE_1","reports\mle_dcm\boxcox\pooled_ascsOFF_q99\boxcox_pooled_ascsOFF_q99_analysis.html","Z:\Hisham\EUROMOD-STORAGE_1\reports\mle_dcm\boxcox\pooled_ascsOFF_q99\boxcox_pooled_ascsOFF_q99_analysis.html","boxcox_pooled_ascsOFF_q99_analysis.html",".html","11011","07-11-25 11:02:52"
"Z:\Hisham\EUROMOD-STORAGE_1","reports\mle_dcm\boxcox\pooled_ascsOFF_q99\boxcox_pooled_ascsOFF_q99_confusion.csv","Z:\Hisham\EUROMOD-STORAGE_1\reports\mle_dcm\boxcox\pooled_ascsOFF_q99\boxcox_pooled_ascsOFF_q99_confusion.csv","boxcox_pooled_ascsOFF_q99_confusion.csv",".csv","174","07-11-25 11:02:18"
"Z:\Hisham\EUROMOD-STORAGE_1","reports\mle_dcm\boxcox\pooled_ascsOFF_q99\boxcox_pooled_ascsOFF_q99_meta.json","Z:\Hisham\EUROMOD-STORAGE_1\reports\mle_dcm\boxcox\pooled_ascsOFF_q99\boxcox_pooled_ascsOFF_q99_meta.json","boxcox_pooled_ascsOFF_q99_meta.json",".json","1756","07-11-25 11:02:18"
"Z:\Hisham\EUROMOD-STORAGE_1","reports\mle_dcm\boxcox\pooled_ascsOFF_q99\boxcox_pooled_ascsOFF_q99_mucmul_draws.csv","Z:\Hisham\EUROMOD-STORAGE_1\reports\mle_dcm\boxcox\pooled_ascsOFF_q99\boxcox_pooled_ascsOFF_q99_mucmul_draws.csv","boxcox_pooled_ascsOFF_q99_mucmul_draws.csv",".csv","68716","07-11-25 11:02:51"
"Z:\Hisham\EUROMOD-STORAGE_1","reports\mle_dcm\boxcox\pooled_ascsOFF_q99\boxcox_pooled_ascsOFF_q99_mucmul_summary.json","Z:\Hisham\EUROMOD-STORAGE_1\reports\mle_dcm\boxcox\pooled_ascsOFF_q99\boxcox_pooled_ascsOFF_q99_mucmul_summary.json","boxcox_pooled_ascsOFF_q99_mucmul_summary.json",".json","328","07-11-25 11:02:18"
"Z:\Hisham\EUROMOD-STORAGE_1","reports\mle_dcm\boxcox\pooled_ascsOFF_q99\boxcox_pooled_ascsOFF_q99_param_descriptions.json","Z:\Hisham\EUROMOD-STORAGE_1\reports\mle_dcm\boxcox\pooled_ascsOFF_q99\boxcox_pooled_ascsOFF_q99_param_descriptions.json","boxcox_pooled_ascsOFF_q99_param_descriptions.json",".json","632","07-11-25 11:02:18"
"Z:\Hisham\EUROMOD-STORAGE_1","reports\mle_dcm\boxcox\pooled_ascsOFF_q99\boxcox_pooled_ascsOFF_q99_param_labels.json","Z:\Hisham\EUROMOD-STORAGE_1\reports\mle_dcm\boxcox\pooled_ascsOFF_q99\boxcox_pooled_ascsOFF_q99_param_labels.json","boxcox_pooled_ascsOFF_q99_param_labels.json",".json","427","07-11-25 11:02:18"
"Z:\Hisham\EUROMOD-STORAGE_1","reports\mle_dcm\boxcox\pooled_ascsOFF_q99\boxcox_pooled_ascsOFF_q99_parameters.csv","Z:\Hisham\EUROMOD-STORAGE_1\reports\mle_dcm\boxcox\pooled_ascsOFF_q99\boxcox_pooled_ascsOFF_q99_parameters.csv","boxcox_pooled_ascsOFF_q99_parameters.csv",".csv","1395","07-11-25 11:02:18"
"Z:\Hisham\EUROMOD-STORAGE_1","reports\mle_dcm\boxcox\pooled_ascsOFF_q99\boxcox_pooled_ascsOFF_q99_util_decomp.csv","Z:\Hisham\EUROMOD-STORAGE_1\reports\mle_dcm\boxcox\pooled_ascsOFF_q99\boxcox_pooled_ascsOFF_q99_util_decomp.csv","boxcox_pooled_ascsOFF_q99_util_decomp.csv",".csv","345","07-11-25 11:02:51"
"Z:\Hisham\EUROMOD-STORAGE_1","RURO1\_bestwithses1\2016\fr_2016_joint.json","Z:\Hisham\EUROMOD-STORAGE_1\RURO1\_bestwithses1\2016\fr_2016_joint.json","fr_2016_joint.json",".json","15297","07-12-25 02:13:05"
"Z:\Hisham\EUROMOD-STORAGE_1","RURO1\_bestwithses1\2016\identification_analysis.csv","Z:\Hisham\EUROMOD-STORAGE_1\RURO1\_bestwithses1\2016\identification_analysis.csv","identification_analysis.csv",".csv","12023","07-12-25 02:25:59"
"Z:\Hisham\EUROMOD-STORAGE_1","RURO1\_bestwithses1\2016\vw_joint_elasticities.csv","Z:\Hisham\EUROMOD-STORAGE_1\RURO1\_bestwithses1\2016\vw_joint_elasticities.csv","vw_joint_elasticities.csv",".csv","422","07-12-25 02:13:09"
"Z:\Hisham\EUROMOD-STORAGE_1","RURO1\_bestwithses1\2016\vw_joint_params.csv","Z:\Hisham\EUROMOD-STORAGE_1\RURO1\_bestwithses1\2016\vw_joint_params.csv","vw_joint_params.csv",".csv","10530","07-12-25 02:13:09"
"Z:\Hisham\EUROMOD-STORAGE_1","RURO1\_bestwithses1\2016\vw_joint_post_estimation_report.html","Z:\Hisham\EUROMOD-STORAGE_1\RURO1\_bestwithses1\2016\vw_joint_post_estimation_report.html","vw_joint_post_estimation_report.html",".html","56450","07-12-25 02:13:09"
"Z:\Hisham\EUROMOD-STORAGE_1","RURO1\2016\couples_filtering_final.parquet","Z:\Hisham\EUROMOD-STORAGE_1\RURO1\2016\couples_filtering_final.parquet","couples_filtering_final.parquet",".parquet","5843797","05-12-25 01:32:12"
"Z:\Hisham\EUROMOD-STORAGE_1","RURO1\2016\couples_RURO_ready.parquet","Z:\Hisham\EUROMOD-STORAGE_1\RURO1\2016\couples_RURO_ready.parquet","couples_RURO_ready.parquet",".parquet","6005080","05-12-25 13:53:48"
"Z:\Hisham\EUROMOD-STORAGE_1","RURO1\2016\fr_2016.parquet","Z:\Hisham\EUROMOD-STORAGE_1\RURO1\2016\fr_2016.parquet","fr_2016.parquet",".parquet","7461306","05-12-25 11:22:06"
"Z:\Hisham\EUROMOD-STORAGE_1","RURO1\2016\fr_2016_couples.parquet","Z:\Hisham\EUROMOD-STORAGE_1\RURO1\2016\fr_2016_couples.parquet","fr_2016_couples.parquet",".parquet","5845671","05-12-25 11:22:07"
"Z:\Hisham\EUROMOD-STORAGE_1","RURO1\2016\fr_2016_singles.parquet","Z:\Hisham\EUROMOD-STORAGE_1\RURO1\2016\fr_2016_singles.parquet","fr_2016_singles.parquet",".parquet","1940863","05-12-25 11:22:08"
"Z:\Hisham\EUROMOD-STORAGE_1","RURO1\2016\fr_2016_singles_female.parquet","Z:\Hisham\EUROMOD-STORAGE_1\RURO1\2016\fr_2016_singles_female.parquet","fr_2016_singles_female.parquet",".parquet","1218246","05-12-25 11:22:09"
"Z:\Hisham\EUROMOD-STORAGE_1","RURO1\2016\fr_2016_singles_male.parquet","Z:\Hisham\EUROMOD-STORAGE_1\RURO1\2016\fr_2016_singles_male.parquet","fr_2016_singles_male.parquet",".parquet","979456","05-12-25 11:22:09"
"Z:\Hisham\EUROMOD-STORAGE_1","RURO1\2016\singles_filtering_final.parquet","Z:\Hisham\EUROMOD-STORAGE_1\RURO1\2016\singles_filtering_final.parquet","singles_filtering_final.parquet",".parquet","1939927","05-12-25 01:32:12"
"Z:\Hisham\EUROMOD-STORAGE_1","RURO1\2016\singles_RURO_ready.parquet","Z:\Hisham\EUROMOD-STORAGE_1\RURO1\2016\singles_RURO_ready.parquet","singles_RURO_ready.parquet",".parquet","2026893","05-12-25 13:53:48"
"Z:\Hisham\EUROMOD-STORAGE_1","RURO1\2021\couples_filtering_final.parquet","Z:\Hisham\EUROMOD-STORAGE_1\RURO1\2021\couples_filtering_final.parquet","couples_filtering_final.parquet",".parquet","1275382","01-12-25 19:30:25"
"Z:\Hisham\EUROMOD-STORAGE_1","RURO1\2021\couples_RURO_ready.parquet","Z:\Hisham\EUROMOD-STORAGE_1\RURO1\2021\couples_RURO_ready.parquet","couples_RURO_ready.parquet",".parquet","1400815","01-12-25 19:31:35"
"Z:\Hisham\EUROMOD-STORAGE_1","RURO1\2021\couples_RURO_ready_RURO_draws.csv","Z:\Hisham\EUROMOD-STORAGE_1\RURO1\2021\couples_RURO_ready_RURO_draws.csv","couples_RURO_ready_RURO_draws.csv",".csv","500627931","02-12-25 00:36:27"
"Z:\Hisham\EUROMOD-STORAGE_1","RURO1\2021\couples_RURO_ready_RURO_draws.parquet","Z:\Hisham\EUROMOD-STORAGE_1\RURO1\2021\couples_RURO_ready_RURO_draws.parquet","couples_RURO_ready_RURO_draws.parquet",".parquet","23959781","02-12-25 00:35:19"
"Z:\Hisham\EUROMOD-STORAGE_1","RURO1\2021\FR_2021_c2_prepared_master.csv","Z:\Hisham\EUROMOD-STORAGE_1\RURO1\2021\FR_2021_c2_prepared_master.csv","FR_2021_c2_prepared_master.csv",".csv","27152343","01-12-25 19:30:23"
"Z:\Hisham\EUROMOD-STORAGE_1","RURO1\2021\fr_2021_clean.parquet","Z:\Hisham\EUROMOD-STORAGE_1\RURO1\2021\fr_2021_clean.parquet","fr_2021_clean.parquet",".parquet","6162530","01-12-25 19:30:38"
"Z:\Hisham\EUROMOD-STORAGE_1","RURO1\2021\fr_2021_RURO_mnl.csv","Z:\Hisham\EUROMOD-STORAGE_1\RURO1\2021\fr_2021_RURO_mnl.csv","fr_2021_RURO_mnl.csv",".csv","123347357","02-12-25 01:44:43"
"Z:\Hisham\EUROMOD-STORAGE_1","RURO1\2021\fr_2021_RURO_mnl.parquet","Z:\Hisham\EUROMOD-STORAGE_1\RURO1\2021\fr_2021_RURO_mnl.parquet","fr_2021_RURO_mnl.parquet",".parquet","31788943","02-12-25 01:44:28"
"Z:\Hisham\EUROMOD-STORAGE_1","RURO1\2021\outputs\couples_filtering_filtering_summary.csv","Z:\Hisham\EUROMOD-STORAGE_1\RURO1\2021\outputs\couples_filtering_filtering_summary.csv","couples_filtering_filtering_summary.csv",".csv","1311","01-12-25 19:30:25"
"Z:\Hisham\EUROMOD-STORAGE_1","RURO1\2021\outputs\singles_filtering_filtering_summary.csv","Z:\Hisham\EUROMOD-STORAGE_1\RURO1\2021\outputs\singles_filtering_filtering_summary.csv","singles_filtering_filtering_summary.csv",".csv","846","01-12-25 19:30:29"
"Z:\Hisham\EUROMOD-STORAGE_1","RURO1\2021\prep_meta.json","Z:\Hisham\EUROMOD-STORAGE_1\RURO1\2021\prep_meta.json","prep_meta.json",".json","286","01-12-25 19:30:38"
"Z:\Hisham\EUROMOD-STORAGE_1","RURO1\2021\singles_filtering_final.parquet","Z:\Hisham\EUROMOD-STORAGE_1\RURO1\2021\singles_filtering_final.parquet","singles_filtering_final.parquet",".parquet","713414","01-12-25 19:30:29"
"Z:\Hisham\EUROMOD-STORAGE_1","RURO1\2021\singles_final_filtered_female.parquet","Z:\Hisham\EUROMOD-STORAGE_1\RURO1\2021\singles_final_filtered_female.parquet","singles_final_filtered_female.parquet",".parquet","457546","01-12-25 19:30:29"
"Z:\Hisham\EUROMOD-STORAGE_1","RURO1\2021\singles_final_filtered_male.parquet","Z:\Hisham\EUROMOD-STORAGE_1\RURO1\2021\singles_final_filtered_male.parquet","singles_final_filtered_male.parquet",".parquet","390430","01-12-25 19:30:30"
"Z:\Hisham\EUROMOD-STORAGE_1","RURO1\2021\singles_RURO_ready.parquet","Z:\Hisham\EUROMOD-STORAGE_1\RURO1\2021\singles_RURO_ready.parquet","singles_RURO_ready.parquet",".parquet","773527","01-12-25 19:31:34"
"Z:\Hisham\EUROMOD-STORAGE_1","RURO1\2021\singles_RURO_ready_RURO_draws.csv","Z:\Hisham\EUROMOD-STORAGE_1\RURO1\2021\singles_RURO_ready_RURO_draws.csv","singles_RURO_ready_RURO_draws.csv",".csv","218986550","02-12-25 00:34:49"
"Z:\Hisham\EUROMOD-STORAGE_1","RURO1\2021\singles_RURO_ready_RURO_draws.parquet","Z:\Hisham\EUROMOD-STORAGE_1\RURO1\2021\singles_RURO_ready_RURO_draws.parquet","singles_RURO_ready_RURO_draws.parquet",".parquet","11640329","02-12-25 00:34:19"
"Z:\Hisham\EUROMOD-STORAGE_1","RURO1\actua_1\2016\fr_2016_couples_fast.json","Z:\Hisham\EUROMOD-STORAGE_1\RURO1\actua_1\2016\fr_2016_couples_fast.json","fr_2016_couples_fast.json",".json","4346","06-12-25 12:46:23"
"Z:\Hisham\EUROMOD-STORAGE_1","RURO1\actua_1\2016\fr_2016_couples_fixed.json","Z:\Hisham\EUROMOD-STORAGE_1\RURO1\actua_1\2016\fr_2016_couples_fixed.json","fr_2016_couples_fixed.json",".json","4223","06-12-25 12:59:09"
"Z:\Hisham\EUROMOD-STORAGE_1","RURO1\actua_1\2016\fr_2016_couples_loosebounds.json","Z:\Hisham\EUROMOD-STORAGE_1\RURO1\actua_1\2016\fr_2016_couples_loosebounds.json","fr_2016_couples_loosebounds.json",".json","4357","06-12-25 13:38:43"
"Z:\Hisham\EUROMOD-STORAGE_1","RURO1\actua_1\2016\fr_2016_couples_test.json","Z:\Hisham\EUROMOD-STORAGE_1\RURO1\actua_1\2016\fr_2016_couples_test.json","fr_2016_couples_test.json",".json","4353","06-12-25 12:37:32"
"Z:\Hisham\EUROMOD-STORAGE_1","RURO1\actua_1\2016\fr_2016_joint.json","Z:\Hisham\EUROMOD-STORAGE_1\RURO1\actua_1\2016\fr_2016_joint.json","fr_2016_joint.json",".json","7392","06-12-25 16:14:20"
"Z:\Hisham\EUROMOD-STORAGE_1","RURO1\actua_1\2016\fr_2016_single_females.json","Z:\Hisham\EUROMOD-STORAGE_1\RURO1\actua_1\2016\fr_2016_single_females.json","fr_2016_single_females.json",".json","2132","06-12-25 11:38:30"
"Z:\Hisham\EUROMOD-STORAGE_1","RURO1\actua_1\2016\fr_2016_single_males.json","Z:\Hisham\EUROMOD-STORAGE_1\RURO1\actua_1\2016\fr_2016_single_males.json","fr_2016_single_males.json",".json","2155","06-12-25 11:37:52"
"Z:\Hisham\EUROMOD-STORAGE_1","RURO1\actua_1\2016\vw_joint_elasticities.csv","Z:\Hisham\EUROMOD-STORAGE_1\RURO1\actua_1\2016\vw_joint_elasticities.csv","vw_joint_elasticities.csv",".csv","395","06-12-25 16:14:23"
"Z:\Hisham\EUROMOD-STORAGE_1","RURO1\actua_1\2016\vw_joint_params.csv","Z:\Hisham\EUROMOD-STORAGE_1\RURO1\actua_1\2016\vw_joint_params.csv","vw_joint_params.csv",".csv","4060","06-12-25 16:14:24"
"Z:\Hisham\EUROMOD-STORAGE_1","RURO1\actua_1\2016\vw_joint_post_estimation_report.html","Z:\Hisham\EUROMOD-STORAGE_1\RURO1\actua_1\2016\vw_joint_post_estimation_report.html","vw_joint_post_estimation_report.html",".html","26083","06-12-25 16:14:24"
"Z:\Hisham\EUROMOD-STORAGE_1","RURO1\bad_results\results2\ruro_boxcox_groupopps_parameters.csv","Z:\Hisham\EUROMOD-STORAGE_1\RURO1\bad_results\results2\ruro_boxcox_groupopps_parameters.csv","ruro_boxcox_groupopps_parameters.csv",".csv","3390","03-12-25 11:08:58"
"Z:\Hisham\EUROMOD-STORAGE_1","RURO1\bad_results\results2\ruro_boxcox_groupopps_results.json","Z:\Hisham\EUROMOD-STORAGE_1\RURO1\bad_results\results2\ruro_boxcox_groupopps_results.json","ruro_boxcox_groupopps_results.json",".json","12022","03-12-25 11:08:58"
"Z:\Hisham\EUROMOD-STORAGE_1","RURO1\bad_results\results2\ruro_boxcox_groupopps_summary.html","Z:\Hisham\EUROMOD-STORAGE_1\RURO1\bad_results\results2\ruro_boxcox_groupopps_summary.html","ruro_boxcox_groupopps_summary.html",".html","812","03-12-25 11:08:58"
"Z:\Hisham\EUROMOD-STORAGE_1","RURO1\best_by_far\fr_2016_joint.json","Z:\Hisham\EUROMOD-STORAGE_1\RURO1\best_by_far\fr_2016_joint.json","fr_2016_joint.json",".json","12571","06-12-25 21:30:40"
"Z:\Hisham\EUROMOD-STORAGE_1","RURO1\best_by_far\vw_joint_elasticities.csv","Z:\Hisham\EUROMOD-STORAGE_1\RURO1\best_by_far\vw_joint_elasticities.csv","vw_joint_elasticities.csv",".csv","423","06-12-25 21:30:44"
"Z:\Hisham\EUROMOD-STORAGE_1","RURO1\best_by_far\vw_joint_params.csv","Z:\Hisham\EUROMOD-STORAGE_1\RURO1\best_by_far\vw_joint_params.csv","vw_joint_params.csv",".csv","6810","06-12-25 21:30:44"
"Z:\Hisham\EUROMOD-STORAGE_1","RURO1\best_by_far\vw_joint_post_estimation_report_lim.html","Z:\Hisham\EUROMOD-STORAGE_1\RURO1\best_by_far\vw_joint_post_estimation_report_lim.html","vw_joint_post_estimation_report_lim.html",".html","51586","06-12-25 21:30:44"
"Z:\Hisham\EUROMOD-STORAGE_1","RURO1\enhanced_results1\2016\fr_2016_couples_fast.json","Z:\Hisham\EUROMOD-STORAGE_1\RURO1\enhanced_results1\2016\fr_2016_couples_fast.json","fr_2016_couples_fast.json",".json","4346","06-12-25 12:46:23"
"Z:\Hisham\EUROMOD-STORAGE_1","RURO1\enhanced_results1\2016\fr_2016_couples_fixed.json","Z:\Hisham\EUROMOD-STORAGE_1\RURO1\enhanced_results1\2016\fr_2016_couples_fixed.json","fr_2016_couples_fixed.json",".json","4223","06-12-25 12:59:09"
"Z:\Hisham\EUROMOD-STORAGE_1","RURO1\enhanced_results1\2016\fr_2016_couples_loosebounds.json","Z:\Hisham\EUROMOD-STORAGE_1\RURO1\enhanced_results1\2016\fr_2016_couples_loosebounds.json","fr_2016_couples_loosebounds.json",".json","4357","06-12-25 13:38:43"
"Z:\Hisham\EUROMOD-STORAGE_1","RURO1\enhanced_results1\2016\fr_2016_couples_test.json","Z:\Hisham\EUROMOD-STORAGE_1\RURO1\enhanced_results1\2016\fr_2016_couples_test.json","fr_2016_couples_test.json",".json","4353","06-12-25 12:37:32"
"Z:\Hisham\EUROMOD-STORAGE_1","RURO1\enhanced_results1\2016\fr_2016_joint.json","Z:\Hisham\EUROMOD-STORAGE_1\RURO1\enhanced_results1\2016\fr_2016_joint.json","fr_2016_joint.json",".json","12533","06-12-25 17:03:16"
"Z:\Hisham\EUROMOD-STORAGE_1","RURO1\enhanced_results1\2016\fr_2016_single_females.json","Z:\Hisham\EUROMOD-STORAGE_1\RURO1\enhanced_results1\2016\fr_2016_single_females.json","fr_2016_single_females.json",".json","2132","06-12-25 11:38:30"
"Z:\Hisham\EUROMOD-STORAGE_1","RURO1\enhanced_results1\2016\fr_2016_single_males.json","Z:\Hisham\EUROMOD-STORAGE_1\RURO1\enhanced_results1\2016\fr_2016_single_males.json","fr_2016_single_males.json",".json","2155","06-12-25 11:37:52"
"Z:\Hisham\EUROMOD-STORAGE_1","RURO1\enhanced_results1\2016\vw_joint_elasticities.csv","Z:\Hisham\EUROMOD-STORAGE_1\RURO1\enhanced_results1\2016\vw_joint_elasticities.csv","vw_joint_elasticities.csv",".csv","405","06-12-25 17:03:19"
"Z:\Hisham\EUROMOD-STORAGE_1","RURO1\enhanced_results1\2016\vw_joint_params.csv","Z:\Hisham\EUROMOD-STORAGE_1\RURO1\enhanced_results1\2016\vw_joint_params.csv","vw_joint_params.csv",".csv","6756","06-12-25 17:03:19"
"Z:\Hisham\EUROMOD-STORAGE_1","RURO1\enhanced_results1\2016\vw_joint_post_estimation_report.html","Z:\Hisham\EUROMOD-STORAGE_1\RURO1\enhanced_results1\2016\vw_joint_post_estimation_report.html","vw_joint_post_estimation_report.html",".html","47746","06-12-25 17:03:20"
"Z:\Hisham\EUROMOD-STORAGE_1","RURO1\enhanced_results1\post_estimation\fr\2016\joint\vw_pooled_post_estimation_report.html","Z:\Hisham\EUROMOD-STORAGE_1\RURO1\enhanced_results1\post_estimation\fr\2016\joint\vw_pooled_post_estimation_report.html","vw_pooled_post_estimation_report.html",".html","22003","06-12-25 17:03:42"
"Z:\Hisham\EUROMOD-STORAGE_1","RURO1\enhanced_results1\post_estimation\fr\2016\joint_full\vw_pooled_post_estimation_report.html","Z:\Hisham\EUROMOD-STORAGE_1\RURO1\enhanced_results1\post_estimation\fr\2016\joint_full\vw_pooled_post_estimation_report.html","vw_pooled_post_estimation_report.html",".html","21964","06-12-25 12:59:54"
"Z:\Hisham\EUROMOD-STORAGE_1","RURO1\enhanced_results1\post_estimation\fr\2016\joint_test\vw_pooled_post_estimation_report.html","Z:\Hisham\EUROMOD-STORAGE_1\RURO1\enhanced_results1\post_estimation\fr\2016\joint_test\vw_pooled_post_estimation_report.html","vw_pooled_post_estimation_report.html",".html","21963","06-12-25 13:08:36"
"Z:\Hisham\EUROMOD-STORAGE_1","RURO1\enhanced_results1\post_estimation\fr\2016\single_males\vw_m_post_estimation_report.html","Z:\Hisham\EUROMOD-STORAGE_1\RURO1\enhanced_results1\post_estimation\fr\2016\single_males\vw_m_post_estimation_report.html","vw_m_post_estimation_report.html",".html","11982","06-12-25 12:20:16"
"Z:\Hisham\EUROMOD-STORAGE_1","RURO1\enhanced_results1\prep\fr\2016\fr_2016_singles_stats.csv","Z:\Hisham\EUROMOD-STORAGE_1\RURO1\enhanced_results1\prep\fr\2016\fr_2016_singles_stats.csv","fr_2016_singles_stats.csv",".csv","347","06-12-25 09:27:27"
"Z:\Hisham\EUROMOD-STORAGE_1","RURO1\enhanced_results1\prep\fr\2016\fr_2016_stats.csv","Z:\Hisham\EUROMOD-STORAGE_1\RURO1\enhanced_results1\prep\fr\2016\fr_2016_stats.csv","fr_2016_stats.csv",".csv","426","06-12-25 09:27:23"
"Z:\Hisham\EUROMOD-STORAGE_1","RURO1\enhanced_results1\vw_joint_elasticities.csv","Z:\Hisham\EUROMOD-STORAGE_1\RURO1\enhanced_results1\vw_joint_elasticities.csv","vw_joint_elasticities.csv",".csv","415","06-12-25 18:23:44"
"Z:\Hisham\EUROMOD-STORAGE_1","RURO1\enhanced_results1\vw_joint_params.csv","Z:\Hisham\EUROMOD-STORAGE_1\RURO1\enhanced_results1\vw_joint_params.csv","vw_joint_params.csv",".csv","6835","06-12-25 18:23:45"
"Z:\Hisham\EUROMOD-STORAGE_1","RURO1\enhanced_results1\vw_joint_post_estimation_report.html","Z:\Hisham\EUROMOD-STORAGE_1\RURO1\enhanced_results1\vw_joint_post_estimation_report.html","vw_joint_post_estimation_report.html",".html","51694","06-12-25 18:23:45"
"Z:\Hisham\EUROMOD-STORAGE_1","RURO1\perpartion_2016\2016\fr_2016_singles_stats.csv","Z:\Hisham\EUROMOD-STORAGE_1\RURO1\perpartion_2016\2016\fr_2016_singles_stats.csv","fr_2016_singles_stats.csv",".csv","347","05-12-25 11:22:09"
"Z:\Hisham\EUROMOD-STORAGE_1","RURO1\perpartion_2016\2016\fr_2016_stats.csv","Z:\Hisham\EUROMOD-STORAGE_1\RURO1\perpartion_2016\2016\fr_2016_stats.csv","fr_2016_stats.csv",".csv","426","05-12-25 11:22:06"
"Z:\Hisham\EUROMOD-STORAGE_1","RURO1\try1\couples_filtering_final.parquet","Z:\Hisham\EUROMOD-STORAGE_1\RURO1\try1\couples_filtering_final.parquet","couples_filtering_final.parquet",".parquet","1275382","01-12-25 14:08:49"
"Z:\Hisham\EUROMOD-STORAGE_1","RURO1\try1\couples_RURO_ready.parquet","Z:\Hisham\EUROMOD-STORAGE_1\RURO1\try1\couples_RURO_ready.parquet","couples_RURO_ready.parquet",".parquet","1400815","01-12-25 14:11:29"
"Z:\Hisham\EUROMOD-STORAGE_1","RURO1\try1\couples_RURO_ready_RURO_draws.csv","Z:\Hisham\EUROMOD-STORAGE_1\RURO1\try1\couples_RURO_ready_RURO_draws.csv","couples_RURO_ready_RURO_draws.csv",".csv","500627931","01-12-25 15:58:02"
"Z:\Hisham\EUROMOD-STORAGE_1","RURO1\try1\couples_RURO_ready_RURO_draws.parquet","Z:\Hisham\EUROMOD-STORAGE_1\RURO1\try1\couples_RURO_ready_RURO_draws.parquet","couples_RURO_ready_RURO_draws.parquet",".parquet","23959781","01-12-25 15:56:54"
"Z:\Hisham\EUROMOD-STORAGE_1","RURO1\try1\FR_2021_c2_prepared_master.csv","Z:\Hisham\EUROMOD-STORAGE_1\RURO1\try1\FR_2021_c2_prepared_master.csv","FR_2021_c2_prepared_master.csv",".csv","27152343","01-12-25 14:08:47"
"Z:\Hisham\EUROMOD-STORAGE_1","RURO1\try1\fr_2021_clean.parquet","Z:\Hisham\EUROMOD-STORAGE_1\RURO1\try1\fr_2021_clean.parquet","fr_2021_clean.parquet",".parquet","6162530","01-12-25 14:09:01"
"Z:\Hisham\EUROMOD-STORAGE_1","RURO1\try1\fr_2021_RURO_mnl.csv","Z:\Hisham\EUROMOD-STORAGE_1\RURO1\try1\fr_2021_RURO_mnl.csv","fr_2021_RURO_mnl.csv",".csv","111638860","01-12-25 16:18:59"
"Z:\Hisham\EUROMOD-STORAGE_1","RURO1\try1\fr_2021_RURO_mnl.parquet","Z:\Hisham\EUROMOD-STORAGE_1\RURO1\try1\fr_2021_RURO_mnl.parquet","fr_2021_RURO_mnl.parquet",".parquet","36703242","01-12-25 16:18:46"
"Z:\Hisham\EUROMOD-STORAGE_1","RURO1\try1\outputs\couples_filtering_filtering_summary.csv","Z:\Hisham\EUROMOD-STORAGE_1\RURO1\try1\outputs\couples_filtering_filtering_summary.csv","couples_filtering_filtering_summary.csv",".csv","1311","01-12-25 14:08:49"
"Z:\Hisham\EUROMOD-STORAGE_1","RURO1\try1\outputs\singles_filtering_filtering_summary.csv","Z:\Hisham\EUROMOD-STORAGE_1\RURO1\try1\outputs\singles_filtering_filtering_summary.csv","singles_filtering_filtering_summary.csv",".csv","846","01-12-25 14:08:51"
"Z:\Hisham\EUROMOD-STORAGE_1","RURO1\try1\prep_meta.json","Z:\Hisham\EUROMOD-STORAGE_1\RURO1\try1\prep_meta.json","prep_meta.json",".json","286","01-12-25 14:09:01"
"Z:\Hisham\EUROMOD-STORAGE_1","RURO1\try1\singles_filtering_final.parquet","Z:\Hisham\EUROMOD-STORAGE_1\RURO1\try1\singles_filtering_final.parquet","singles_filtering_final.parquet",".parquet","713414","01-12-25 14:08:51"
"Z:\Hisham\EUROMOD-STORAGE_1","RURO1\try1\singles_final_filtered_female.parquet","Z:\Hisham\EUROMOD-STORAGE_1\RURO1\try1\singles_final_filtered_female.parquet","singles_final_filtered_female.parquet",".parquet","457546","01-12-25 14:08:52"
"Z:\Hisham\EUROMOD-STORAGE_1","RURO1\try1\singles_final_filtered_male.parquet","Z:\Hisham\EUROMOD-STORAGE_1\RURO1\try1\singles_final_filtered_male.parquet","singles_final_filtered_male.parquet",".parquet","390430","01-12-25 14:08:52"
"Z:\Hisham\EUROMOD-STORAGE_1","RURO1\try1\singles_RURO_ready.parquet","Z:\Hisham\EUROMOD-STORAGE_1\RURO1\try1\singles_RURO_ready.parquet","singles_RURO_ready.parquet",".parquet","773527","01-12-25 14:11:29"
"Z:\Hisham\EUROMOD-STORAGE_1","RURO1\try1\singles_RURO_ready_RURO_draws.csv","Z:\Hisham\EUROMOD-STORAGE_1\RURO1\try1\singles_RURO_ready_RURO_draws.csv","singles_RURO_ready_RURO_draws.csv",".csv","218986550","01-12-25 15:56:23"
"Z:\Hisham\EUROMOD-STORAGE_1","RURO1\try1\singles_RURO_ready_RURO_draws.parquet","Z:\Hisham\EUROMOD-STORAGE_1\RURO1\try1\singles_RURO_ready_RURO_draws.parquet","singles_RURO_ready_RURO_draws.parquet",".parquet","11640329","01-12-25 15:55:53"
"Z:\Hisham\EUROMOD-STORAGE_1","RURO1\try2\2021\couples_filtering_final.parquet","Z:\Hisham\EUROMOD-STORAGE_1\RURO1\try2\2021\couples_filtering_final.parquet","couples_filtering_final.parquet",".parquet","1275382","01-12-25 17:15:54"
"Z:\Hisham\EUROMOD-STORAGE_1","RURO1\try2\2021\couples_RURO_ready.parquet","Z:\Hisham\EUROMOD-STORAGE_1\RURO1\try2\2021\couples_RURO_ready.parquet","couples_RURO_ready.parquet",".parquet","1400815","01-12-25 17:17:41"
"Z:\Hisham\EUROMOD-STORAGE_1","RURO1\try2\2021\couples_RURO_ready_RURO_draws.csv","Z:\Hisham\EUROMOD-STORAGE_1\RURO1\try2\2021\couples_RURO_ready_RURO_draws.csv","couples_RURO_ready_RURO_draws.csv",".csv","500627931","01-12-25 17:20:56"
"Z:\Hisham\EUROMOD-STORAGE_1","RURO1\try2\2021\couples_RURO_ready_RURO_draws.parquet","Z:\Hisham\EUROMOD-STORAGE_1\RURO1\try2\2021\couples_RURO_ready_RURO_draws.parquet","couples_RURO_ready_RURO_draws.parquet",".parquet","23959781","01-12-25 17:19:48"
"Z:\Hisham\EUROMOD-STORAGE_1","RURO1\try2\2021\FR_2021_c2_prepared_master.csv","Z:\Hisham\EUROMOD-STORAGE_1\RURO1\try2\2021\FR_2021_c2_prepared_master.csv","FR_2021_c2_prepared_master.csv",".csv","27152343","01-12-25 17:15:51"
"Z:\Hisham\EUROMOD-STORAGE_1","RURO1\try2\2021\fr_2021_clean.parquet","Z:\Hisham\EUROMOD-STORAGE_1\RURO1\try2\2021\fr_2021_clean.parquet","fr_2021_clean.parquet",".parquet","6162530","01-12-25 17:16:06"
"Z:\Hisham\EUROMOD-STORAGE_1","RURO1\try2\2021\outputs\couples_filtering_filtering_summary.csv","Z:\Hisham\EUROMOD-STORAGE_1\RURO1\try2\2021\outputs\couples_filtering_filtering_summary.csv","couples_filtering_filtering_summary.csv",".csv","1311","01-12-25 17:15:54"
"Z:\Hisham\EUROMOD-STORAGE_1","RURO1\try2\2021\outputs\singles_filtering_filtering_summary.csv","Z:\Hisham\EUROMOD-STORAGE_1\RURO1\try2\2021\outputs\singles_filtering_filtering_summary.csv","singles_filtering_filtering_summary.csv",".csv","846","01-12-25 17:15:57"
"Z:\Hisham\EUROMOD-STORAGE_1","RURO1\try2\2021\prep_meta.json","Z:\Hisham\EUROMOD-STORAGE_1\RURO1\try2\2021\prep_meta.json","prep_meta.json",".json","286","01-12-25 17:16:06"
"Z:\Hisham\EUROMOD-STORAGE_1","RURO1\try2\2021\singles_filtering_final.parquet","Z:\Hisham\EUROMOD-STORAGE_1\RURO1\try2\2021\singles_filtering_final.parquet","singles_filtering_final.parquet",".parquet","713414","01-12-25 17:15:57"
"Z:\Hisham\EUROMOD-STORAGE_1","RURO1\try2\2021\singles_final_filtered_female.parquet","Z:\Hisham\EUROMOD-STORAGE_1\RURO1\try2\2021\singles_final_filtered_female.parquet","singles_final_filtered_female.parquet",".parquet","457546","01-12-25 17:15:57"
"Z:\Hisham\EUROMOD-STORAGE_1","RURO1\try2\2021\singles_final_filtered_male.parquet","Z:\Hisham\EUROMOD-STORAGE_1\RURO1\try2\2021\singles_final_filtered_male.parquet","singles_final_filtered_male.parquet",".parquet","390430","01-12-25 17:15:58"
"Z:\Hisham\EUROMOD-STORAGE_1","RURO1\try2\2021\singles_RURO_ready.parquet","Z:\Hisham\EUROMOD-STORAGE_1\RURO1\try2\2021\singles_RURO_ready.parquet","singles_RURO_ready.parquet",".parquet","773527","01-12-25 17:17:40"
"Z:\Hisham\EUROMOD-STORAGE_1","RURO1\try2\2021\singles_RURO_ready_RURO_draws.csv","Z:\Hisham\EUROMOD-STORAGE_1\RURO1\try2\2021\singles_RURO_ready_RURO_draws.csv","singles_RURO_ready_RURO_draws.csv",".csv","218986550","01-12-25 17:19:18"
"Z:\Hisham\EUROMOD-STORAGE_1","RURO1\try2\2021\singles_RURO_ready_RURO_draws.parquet","Z:\Hisham\EUROMOD-STORAGE_1\RURO1\try2\2021\singles_RURO_ready_RURO_draws.parquet","singles_RURO_ready_RURO_draws.parquet",".parquet","11640329","01-12-25 17:18:48"
"Z:\Hisham\EUROMOD-STORAGE_1","RURO1\try3\2021\couples_filtering_final.parquet","Z:\Hisham\EUROMOD-STORAGE_1\RURO1\try3\2021\couples_filtering_final.parquet","couples_filtering_final.parquet",".parquet","1275382","02-12-25 22:12:12"
"Z:\Hisham\EUROMOD-STORAGE_1","RURO1\try3\2021\couples_RURO_ready.parquet","Z:\Hisham\EUROMOD-STORAGE_1\RURO1\try3\2021\couples_RURO_ready.parquet","couples_RURO_ready.parquet",".parquet","1400811","02-12-25 22:14:47"
"Z:\Hisham\EUROMOD-STORAGE_1","RURO1\try3\2021\couples_RURO_ready_RURO_draws.csv","Z:\Hisham\EUROMOD-STORAGE_1\RURO1\try3\2021\couples_RURO_ready_RURO_draws.csv","couples_RURO_ready_RURO_draws.csv",".csv","500672831","02-12-25 22:17:50"
"Z:\Hisham\EUROMOD-STORAGE_1","RURO1\try3\2021\couples_RURO_ready_RURO_draws.parquet","Z:\Hisham\EUROMOD-STORAGE_1\RURO1\try3\2021\couples_RURO_ready_RURO_draws.parquet","couples_RURO_ready_RURO_draws.parquet",".parquet","23959791","02-12-25 22:16:43"
"Z:\Hisham\EUROMOD-STORAGE_1","RURO1\try3\2021\FR_2021_c2_prepared_master.csv","Z:\Hisham\EUROMOD-STORAGE_1\RURO1\try3\2021\FR_2021_c2_prepared_master.csv","FR_2021_c2_prepared_master.csv",".csv","27152343","02-12-25 22:12:10"
"Z:\Hisham\EUROMOD-STORAGE_1","RURO1\try3\2021\fr_2021_clean.parquet","Z:\Hisham\EUROMOD-STORAGE_1\RURO1\try3\2021\fr_2021_clean.parquet","fr_2021_clean.parquet",".parquet","6162530","02-12-25 22:12:23"
"Z:\Hisham\EUROMOD-STORAGE_1","RURO1\try3\2021\fr_2021_RURO_mnl.csv","Z:\Hisham\EUROMOD-STORAGE_1\RURO1\try3\2021\fr_2021_RURO_mnl.csv","fr_2021_RURO_mnl.csv",".csv","2734143812","02-12-25 23:16:00"
"Z:\Hisham\EUROMOD-STORAGE_1","RURO1\try3\2021\fr_2021_RURO_mnl.parquet","Z:\Hisham\EUROMOD-STORAGE_1\RURO1\try3\2021\fr_2021_RURO_mnl.parquet","fr_2021_RURO_mnl.parquet",".parquet","148015528","02-12-25 23:07:58"
"Z:\Hisham\EUROMOD-STORAGE_1","RURO1\try3\2021\fr_2021_RURO_mnl_trim.parquet","Z:\Hisham\EUROMOD-STORAGE_1\RURO1\try3\2021\fr_2021_RURO_mnl_trim.parquet","fr_2021_RURO_mnl_trim.parquet",".parquet","26565785","03-12-25 00:06:20"
"Z:\Hisham\EUROMOD-STORAGE_1","RURO1\try3\2021\outputs\couples_filtering_filtering_summary.csv","Z:\Hisham\EUROMOD-STORAGE_1\RURO1\try3\2021\outputs\couples_filtering_filtering_summary.csv","couples_filtering_filtering_summary.csv",".csv","1311","02-12-25 22:12:12"
"Z:\Hisham\EUROMOD-STORAGE_1","RURO1\try3\2021\outputs\singles_filtering_filtering_summary.csv","Z:\Hisham\EUROMOD-STORAGE_1\RURO1\try3\2021\outputs\singles_filtering_filtering_summary.csv","singles_filtering_filtering_summary.csv",".csv","846","02-12-25 22:12:14"
"Z:\Hisham\EUROMOD-STORAGE_1","RURO1\try3\2021\prep_meta.json","Z:\Hisham\EUROMOD-STORAGE_1\RURO1\try3\2021\prep_meta.json","prep_meta.json",".json","286","02-12-25 22:12:23"
"Z:\Hisham\EUROMOD-STORAGE_1","RURO1\try3\2021\singles_filtering_final.parquet","Z:\Hisham\EUROMOD-STORAGE_1\RURO1\try3\2021\singles_filtering_final.parquet","singles_filtering_final.parquet",".parquet","713414","02-12-25 22:12:14"
"Z:\Hisham\EUROMOD-STORAGE_1","RURO1\try3\2021\singles_final_filtered_female.parquet","Z:\Hisham\EUROMOD-STORAGE_1\RURO1\try3\2021\singles_final_filtered_female.parquet","singles_final_filtered_female.parquet",".parquet","457546","02-12-25 22:12:14"
"Z:\Hisham\EUROMOD-STORAGE_1","RURO1\try3\2021\singles_final_filtered_male.parquet","Z:\Hisham\EUROMOD-STORAGE_1\RURO1\try3\2021\singles_final_filtered_male.parquet","singles_final_filtered_male.parquet",".parquet","390430","02-12-25 22:12:15"
"Z:\Hisham\EUROMOD-STORAGE_1","RURO1\try3\2021\singles_RURO_ready.parquet","Z:\Hisham\EUROMOD-STORAGE_1\RURO1\try3\2021\singles_RURO_ready.parquet","singles_RURO_ready.parquet",".parquet","773527","02-12-25 22:14:46"
"Z:\Hisham\EUROMOD-STORAGE_1","RURO1\try3\2021\singles_RURO_ready_RURO_draws.csv","Z:\Hisham\EUROMOD-STORAGE_1\RURO1\try3\2021\singles_RURO_ready_RURO_draws.csv","singles_RURO_ready_RURO_draws.csv",".csv","219006090","02-12-25 22:16:13"
"Z:\Hisham\EUROMOD-STORAGE_1","RURO1\try3\2021\singles_RURO_ready_RURO_draws.parquet","Z:\Hisham\EUROMOD-STORAGE_1\RURO1\try3\2021\singles_RURO_ready_RURO_draws.parquet","singles_RURO_ready_RURO_draws.parquet",".parquet","11640331","02-12-25 22:15:44"
"Z:\Hisham\EUROMOD-STORAGE_1","RURO1\try4\2021\couples_filtering_final.parquet","Z:\Hisham\EUROMOD-STORAGE_1\RURO1\try4\2021\couples_filtering_final.parquet","couples_filtering_final.parquet",".parquet","1275382","03-12-25 10:41:03"
"Z:\Hisham\EUROMOD-STORAGE_1","RURO1\try4\2021\couples_RURO_ready.parquet","Z:\Hisham\EUROMOD-STORAGE_1\RURO1\try4\2021\couples_RURO_ready.parquet","couples_RURO_ready.parquet",".parquet","1400811","03-12-25 10:41:44"
"Z:\Hisham\EUROMOD-STORAGE_1","RURO1\try4\2021\couples_RURO_ready_RURO_draws.parquet","Z:\Hisham\EUROMOD-STORAGE_1\RURO1\try4\2021\couples_RURO_ready_RURO_draws.parquet","couples_RURO_ready_RURO_draws.parquet",".parquet","23959791","03-12-25 10:46:31"
"Z:\Hisham\EUROMOD-STORAGE_1","RURO1\try4\2021\FR_2021_c2_prepared_master.csv","Z:\Hisham\EUROMOD-STORAGE_1\RURO1\try4\2021\FR_2021_c2_prepared_master.csv","FR_2021_c2_prepared_master.csv",".csv","27152343","03-12-25 10:41:01"
"Z:\Hisham\EUROMOD-STORAGE_1","RURO1\try4\2021\fr_2021_clean.parquet","Z:\Hisham\EUROMOD-STORAGE_1\RURO1\try4\2021\fr_2021_clean.parquet","fr_2021_clean.parquet",".parquet","6162530","03-12-25 10:41:14"
"Z:\Hisham\EUROMOD-STORAGE_1","RURO1\try4\2021\fr_2021_RURO_mnl.parquet","Z:\Hisham\EUROMOD-STORAGE_1\RURO1\try4\2021\fr_2021_RURO_mnl.parquet","fr_2021_RURO_mnl.parquet",".parquet","148015528","03-12-25 10:52:09"
"Z:\Hisham\EUROMOD-STORAGE_1","RURO1\try4\2021\fr_2021_RURO_mnl_trim.parquet","Z:\Hisham\EUROMOD-STORAGE_1\RURO1\try4\2021\fr_2021_RURO_mnl_trim.parquet","fr_2021_RURO_mnl_trim.parquet",".parquet","26565785","03-12-25 10:53:42"
"Z:\Hisham\EUROMOD-STORAGE_1","RURO1\try4\2021\outputs\couples_filtering_filtering_summary.csv","Z:\Hisham\EUROMOD-STORAGE_1\RURO1\try4\2021\outputs\couples_filtering_filtering_summary.csv","couples_filtering_filtering_summary.csv",".csv","1311","03-12-25 10:41:03"
"Z:\Hisham\EUROMOD-STORAGE_1","RURO1\try4\2021\outputs\singles_filtering_filtering_summary.csv","Z:\Hisham\EUROMOD-STORAGE_1\RURO1\try4\2021\outputs\singles_filtering_filtering_summary.csv","singles_filtering_filtering_summary.csv",".csv","846","03-12-25 10:41:05"
"Z:\Hisham\EUROMOD-STORAGE_1","RURO1\try4\2021\prep_meta.json","Z:\Hisham\EUROMOD-STORAGE_1\RURO1\try4\2021\prep_meta.json","prep_meta.json",".json","286","03-12-25 10:41:14"
"Z:\Hisham\EUROMOD-STORAGE_1","RURO1\try4\2021\singles_filtering_final.parquet","Z:\Hisham\EUROMOD-STORAGE_1\RURO1\try4\2021\singles_filtering_final.parquet","singles_filtering_final.parquet",".parquet","713414","03-12-25 10:41:05"
"Z:\Hisham\EUROMOD-STORAGE_1","RURO1\try4\2021\singles_final_filtered_female.parquet","Z:\Hisham\EUROMOD-STORAGE_1\RURO1\try4\2021\singles_final_filtered_female.parquet","singles_final_filtered_female.parquet",".parquet","457546","03-12-25 10:41:06"
"Z:\Hisham\EUROMOD-STORAGE_1","RURO1\try4\2021\singles_final_filtered_male.parquet","Z:\Hisham\EUROMOD-STORAGE_1\RURO1\try4\2021\singles_final_filtered_male.parquet","singles_final_filtered_male.parquet",".parquet","390430","03-12-25 10:41:06"
"Z:\Hisham\EUROMOD-STORAGE_1","RURO1\try4\2021\singles_RURO_ready.parquet","Z:\Hisham\EUROMOD-STORAGE_1\RURO1\try4\2021\singles_RURO_ready.parquet","singles_RURO_ready.parquet",".parquet","773527","03-12-25 10:41:44"
"Z:\Hisham\EUROMOD-STORAGE_1","RURO1\try4\2021\singles_RURO_ready_RURO_draws.parquet","Z:\Hisham\EUROMOD-STORAGE_1\RURO1\try4\2021\singles_RURO_ready_RURO_draws.parquet","singles_RURO_ready_RURO_draws.parquet",".parquet","11640331","03-12-25 10:46:01"
