"FullName","Length","LastWriteTime"
"U:\EUROMOD-STORAGE\reports\gamspy\boxcox\DE_2014_2016_panel\female_ascsOFF_q99\boxcox_female_ascsOFF_q99_analysis.html","11608","26-11-25 15:19:10"
"U:\EUROMOD-STORAGE\reports\gamspy\boxcox\DE_2014_2016_panel\female_ascsOFF_q99\boxcox_female_ascsOFF_q99_confusion.csv","178","26-11-25 15:18:33"
"U:\EUROMOD-STORAGE\reports\gamspy\boxcox\DE_2014_2016_panel\female_ascsOFF_q99\boxcox_female_ascsOFF_q99_cons_hist.png","24535","26-11-25 15:19:09"
"U:\EUROMOD-STORAGE\reports\gamspy\boxcox\DE_2014_2016_panel\female_ascsOFF_q99\boxcox_female_ascsOFF_q99_contours_norm.png","52519","26-11-25 15:19:10"
"U:\EUROMOD-STORAGE\reports\gamspy\boxcox\DE_2014_2016_panel\female_ascsOFF_q99\boxcox_female_ascsOFF_q99_leisure_hist.png","24655","26-11-25 15:19:09"
"U:\EUROMOD-STORAGE\reports\gamspy\boxcox\DE_2014_2016_panel\female_ascsOFF_q99\boxcox_female_ascsOFF_q99_meta.json","1904","26-11-25 15:18:33"
"U:\EUROMOD-STORAGE\reports\gamspy\boxcox\DE_2014_2016_panel\female_ascsOFF_q99\boxcox_female_ascsOFF_q99_muc_norm.png","37067","26-11-25 15:19:10"
"U:\EUROMOD-STORAGE\reports\gamspy\boxcox\DE_2014_2016_panel\female_ascsOFF_q99\boxcox_female_ascsOFF_q99_mucmul_draws.csv","114171","26-11-25 15:19:09"
"U:\EUROMOD-STORAGE\reports\gamspy\boxcox\DE_2014_2016_panel\female_ascsOFF_q99\boxcox_female_ascsOFF_q99_mucmul_summary.json","327","26-11-25 15:18:33"
"U:\EUROMOD-STORAGE\reports\gamspy\boxcox\DE_2014_2016_panel\female_ascsOFF_q99\boxcox_female_ascsOFF_q99_mul_norm.png","42547","26-11-25 15:19:10"
"U:\EUROMOD-STORAGE\reports\gamspy\boxcox\DE_2014_2016_panel\female_ascsOFF_q99\boxcox_female_ascsOFF_q99_param_descriptions.json","568","26-11-25 15:18:33"
"U:\EUROMOD-STORAGE\reports\gamspy\boxcox\DE_2014_2016_panel\female_ascsOFF_q99\boxcox_female_ascsOFF_q99_param_labels.json","377","26-11-25 15:18:33"
"U:\EUROMOD-STORAGE\reports\gamspy\boxcox\DE_2014_2016_panel\female_ascsOFF_q99\boxcox_female_ascsOFF_q99_parameters.csv","1255","26-11-25 15:18:33"
"U:\EUROMOD-STORAGE\reports\gamspy\boxcox\DE_2014_2016_panel\female_ascsOFF_q99\boxcox_female_ascsOFF_q99_util_decomp.csv","348","26-11-25 15:19:09"
"U:\EUROMOD-STORAGE\reports\gamspy\boxcox\DE_2014_2016_panel\female_ascsON_q99\boxcox_female_ascsON_q99_analysis.html","13230","26-11-25 15:21:16"
"U:\EUROMOD-STORAGE\reports\gamspy\boxcox\DE_2014_2016_panel\female_ascsON_q99\boxcox_female_ascsON_q99_confusion.csv","176","26-11-25 15:20:37"
"U:\EUROMOD-STORAGE\reports\gamspy\boxcox\DE_2014_2016_panel\female_ascsON_q99\boxcox_female_ascsON_q99_cons_hist.png","24493","26-11-25 15:21:15"
"U:\EUROMOD-STORAGE\reports\gamspy\boxcox\DE_2014_2016_panel\female_ascsON_q99\boxcox_female_ascsON_q99_contours_norm.png","46671","26-11-25 15:21:16"
"U:\EUROMOD-STORAGE\reports\gamspy\boxcox\DE_2014_2016_panel\female_ascsON_q99\boxcox_female_ascsON_q99_leisure_hist.png","24637","26-11-25 15:21:15"
"U:\EUROMOD-STORAGE\reports\gamspy\boxcox\DE_2014_2016_panel\female_ascsON_q99\boxcox_female_ascsON_q99_meta.json","2113","26-11-25 15:20:37"
"U:\EUROMOD-STORAGE\reports\gamspy\boxcox\DE_2014_2016_panel\female_ascsON_q99\boxcox_female_ascsON_q99_muc_norm.png","37010","26-11-25 15:21:15"
"U:\EUROMOD-STORAGE\reports\gamspy\boxcox\DE_2014_2016_panel\female_ascsON_q99\boxcox_female_ascsON_q99_mucmul_draws.csv","125140","26-11-25 15:21:15"
"U:\EUROMOD-STORAGE\reports\gamspy\boxcox\DE_2014_2016_panel\female_ascsON_q99\boxcox_female_ascsON_q99_mucmul_summary.json","329","26-11-25 15:20:37"
"U:\EUROMOD-STORAGE\reports\gamspy\boxcox\DE_2014_2016_panel\female_ascsON_q99\boxcox_female_ascsON_q99_mul_norm.png","40124","26-11-25 15:21:16"
"U:\EUROMOD-STORAGE\reports\gamspy\boxcox\DE_2014_2016_panel\female_ascsON_q99\boxcox_female_ascsON_q99_param_descriptions.json","850","26-11-25 15:20:37"
"U:\EUROMOD-STORAGE\reports\gamspy\boxcox\DE_2014_2016_panel\female_ascsON_q99\boxcox_female_ascsON_q99_param_labels.json","515","26-11-25 15:20:37"
"U:\EUROMOD-STORAGE\reports\gamspy\boxcox\DE_2014_2016_panel\female_ascsON_q99\boxcox_female_ascsON_q99_parameters.csv","2118","26-11-25 15:20:37"
"U:\EUROMOD-STORAGE\reports\gamspy\boxcox\DE_2014_2016_panel\female_ascsON_q99\boxcox_female_ascsON_q99_util_decomp.csv","379","26-11-25 15:21:15"
"U:\EUROMOD-STORAGE\reports\gamspy\boxcox\DE_2014_2016_panel\male_ascsOFF_q99\boxcox_male_ascsOFF_q99_analysis.html","11582","26-11-25 15:23:07"
"U:\EUROMOD-STORAGE\reports\gamspy\boxcox\DE_2014_2016_panel\male_ascsOFF_q99\boxcox_male_ascsOFF_q99_confusion.csv","169","26-11-25 15:22:32"
"U:\EUROMOD-STORAGE\reports\gamspy\boxcox\DE_2014_2016_panel\male_ascsOFF_q99\boxcox_male_ascsOFF_q99_cons_hist.png","23801","26-11-25 15:23:06"
"U:\EUROMOD-STORAGE\reports\gamspy\boxcox\DE_2014_2016_panel\male_ascsOFF_q99\boxcox_male_ascsOFF_q99_contours_norm.png","51580","26-11-25 15:23:07"
"U:\EUROMOD-STORAGE\reports\gamspy\boxcox\DE_2014_2016_panel\male_ascsOFF_q99\boxcox_male_ascsOFF_q99_leisure_hist.png","23398","26-11-25 15:23:06"
"U:\EUROMOD-STORAGE\reports\gamspy\boxcox\DE_2014_2016_panel\male_ascsOFF_q99\boxcox_male_ascsOFF_q99_meta.json","1904","26-11-25 15:22:32"
"U:\EUROMOD-STORAGE\reports\gamspy\boxcox\DE_2014_2016_panel\male_ascsOFF_q99\boxcox_male_ascsOFF_q99_muc_norm.png","37465","26-11-25 15:23:06"
"U:\EUROMOD-STORAGE\reports\gamspy\boxcox\DE_2014_2016_panel\male_ascsOFF_q99\boxcox_male_ascsOFF_q99_mucmul_draws.csv","89769","26-11-25 15:23:06"
"U:\EUROMOD-STORAGE\reports\gamspy\boxcox\DE_2014_2016_panel\male_ascsOFF_q99\boxcox_male_ascsOFF_q99_mucmul_summary.json","325","26-11-25 15:22:32"
"U:\EUROMOD-STORAGE\reports\gamspy\boxcox\DE_2014_2016_panel\male_ascsOFF_q99\boxcox_male_ascsOFF_q99_mul_norm.png","42702","26-11-25 15:23:07"
"U:\EUROMOD-STORAGE\reports\gamspy\boxcox\DE_2014_2016_panel\male_ascsOFF_q99\boxcox_male_ascsOFF_q99_param_descriptions.json","568","26-11-25 15:22:32"
"U:\EUROMOD-STORAGE\reports\gamspy\boxcox\DE_2014_2016_panel\male_ascsOFF_q99\boxcox_male_ascsOFF_q99_param_labels.json","377","26-11-25 15:22:32"
"U:\EUROMOD-STORAGE\reports\gamspy\boxcox\DE_2014_2016_panel\male_ascsOFF_q99\boxcox_male_ascsOFF_q99_parameters.csv","1246","26-11-25 15:22:32"
"U:\EUROMOD-STORAGE\reports\gamspy\boxcox\DE_2014_2016_panel\male_ascsOFF_q99\boxcox_male_ascsOFF_q99_util_decomp.csv","351","26-11-25 15:23:06"
"U:\EUROMOD-STORAGE\reports\gamspy\boxcox\DE_2014_2016_panel\male_ascsON_q99\boxcox_male_ascsON_q99_analysis.html","13232","26-11-25 15:25:00"
"U:\EUROMOD-STORAGE\reports\gamspy\boxcox\DE_2014_2016_panel\male_ascsON_q99\boxcox_male_ascsON_q99_confusion.csv","172","26-11-25 15:24:28"
"U:\EUROMOD-STORAGE\reports\gamspy\boxcox\DE_2014_2016_panel\male_ascsON_q99\boxcox_male_ascsON_q99_cons_hist.png","23792","26-11-25 15:24:59"
"U:\EUROMOD-STORAGE\reports\gamspy\boxcox\DE_2014_2016_panel\male_ascsON_q99\boxcox_male_ascsON_q99_contours_norm.png","37189","26-11-25 15:25:00"
"U:\EUROMOD-STORAGE\reports\gamspy\boxcox\DE_2014_2016_panel\male_ascsON_q99\boxcox_male_ascsON_q99_leisure_hist.png","23372","26-11-25 15:24:59"
"U:\EUROMOD-STORAGE\reports\gamspy\boxcox\DE_2014_2016_panel\male_ascsON_q99\boxcox_male_ascsON_q99_meta.json","2114","26-11-25 15:24:28"
"U:\EUROMOD-STORAGE\reports\gamspy\boxcox\DE_2014_2016_panel\male_ascsON_q99\boxcox_male_ascsON_q99_muc_norm.png","39626","26-11-25 15:24:59"
"U:\EUROMOD-STORAGE\reports\gamspy\boxcox\DE_2014_2016_panel\male_ascsON_q99\boxcox_male_ascsON_q99_mucmul_draws.csv","97218","26-11-25 15:24:59"
"U:\EUROMOD-STORAGE\reports\gamspy\boxcox\DE_2014_2016_panel\male_ascsON_q99\boxcox_male_ascsON_q99_mucmul_summary.json","328","26-11-25 15:24:28"
"U:\EUROMOD-STORAGE\reports\gamspy\boxcox\DE_2014_2016_panel\male_ascsON_q99\boxcox_male_ascsON_q99_mul_norm.png","40496","26-11-25 15:25:00"
"U:\EUROMOD-STORAGE\reports\gamspy\boxcox\DE_2014_2016_panel\male_ascsON_q99\boxcox_male_ascsON_q99_param_descriptions.json","850","26-11-25 15:24:28"
"U:\EUROMOD-STORAGE\reports\gamspy\boxcox\DE_2014_2016_panel\male_ascsON_q99\boxcox_male_ascsON_q99_param_labels.json","515","26-11-25 15:24:28"
"U:\EUROMOD-STORAGE\reports\gamspy\boxcox\DE_2014_2016_panel\male_ascsON_q99\boxcox_male_ascsON_q99_parameters.csv","2125","26-11-25 15:24:28"
"U:\EUROMOD-STORAGE\reports\gamspy\boxcox\DE_2014_2016_panel\male_ascsON_q99\boxcox_male_ascsON_q99_util_decomp.csv","390","26-11-25 15:24:59"
"U:\EUROMOD-STORAGE\reports\gamspy\boxcox\DE_2014_2016_panel\pooled_ascsOFF_q99\boxcox_pooled_ascsOFF_q99_analysis.html","11900","26-11-25 15:31:31"
"U:\EUROMOD-STORAGE\reports\gamspy\boxcox\DE_2014_2016_panel\pooled_ascsOFF_q99\boxcox_pooled_ascsOFF_q99_analysis~01.html","11900","26-11-25 16:58:20"
"U:\EUROMOD-STORAGE\reports\gamspy\boxcox\DE_2014_2016_panel\pooled_ascsOFF_q99\boxcox_pooled_ascsOFF_q99_confusion.csv","182","26-11-25 15:30:49"
"U:\EUROMOD-STORAGE\reports\gamspy\boxcox\DE_2014_2016_panel\pooled_ascsOFF_q99\boxcox_pooled_ascsOFF_q99_cons_hist.png","24090","26-11-25 16:58:19"
"U:\EUROMOD-STORAGE\reports\gamspy\boxcox\DE_2014_2016_panel\pooled_ascsOFF_q99\boxcox_pooled_ascsOFF_q99_contours_norm.png","52185","26-11-25 16:58:20"
"U:\EUROMOD-STORAGE\reports\gamspy\boxcox\DE_2014_2016_panel\pooled_ascsOFF_q99\boxcox_pooled_ascsOFF_q99_leisure_hist.png","24768","26-11-25 16:58:19"
"U:\EUROMOD-STORAGE\reports\gamspy\boxcox\DE_2014_2016_panel\pooled_ascsOFF_q99\boxcox_pooled_ascsOFF_q99_meta.json","1951","26-11-25 15:30:49"
"U:\EUROMOD-STORAGE\reports\gamspy\boxcox\DE_2014_2016_panel\pooled_ascsOFF_q99\boxcox_pooled_ascsOFF_q99_muc_norm.png","37010","26-11-25 16:58:20"
"U:\EUROMOD-STORAGE\reports\gamspy\boxcox\DE_2014_2016_panel\pooled_ascsOFF_q99\boxcox_pooled_ascsOFF_q99_mucmul_draws.csv","203915","26-11-25 16:58:20"
"U:\EUROMOD-STORAGE\reports\gamspy\boxcox\DE_2014_2016_panel\pooled_ascsOFF_q99\boxcox_pooled_ascsOFF_q99_mucmul_summary.json","328","26-11-25 15:30:50"
"U:\EUROMOD-STORAGE\reports\gamspy\boxcox\DE_2014_2016_panel\pooled_ascsOFF_q99\boxcox_pooled_ascsOFF_q99_mul_norm.png","43075","26-11-25 16:58:20"
"U:\EUROMOD-STORAGE\reports\gamspy\boxcox\DE_2014_2016_panel\pooled_ascsOFF_q99\boxcox_pooled_ascsOFF_q99_param_descriptions.json","632","26-11-25 15:30:49"
"U:\EUROMOD-STORAGE\reports\gamspy\boxcox\DE_2014_2016_panel\pooled_ascsOFF_q99\boxcox_pooled_ascsOFF_q99_param_labels.json","427","26-11-25 15:30:49"
"U:\EUROMOD-STORAGE\reports\gamspy\boxcox\DE_2014_2016_panel\pooled_ascsOFF_q99\boxcox_pooled_ascsOFF_q99_parameters.csv","1409","26-11-25 15:30:49"
"U:\EUROMOD-STORAGE\reports\gamspy\boxcox\DE_2014_2016_panel\pooled_ascsOFF_q99\boxcox_pooled_ascsOFF_q99_util_decomp.csv","345","26-11-25 16:58:20"
"U:\EUROMOD-STORAGE\reports\gamspy\boxcox\DE_2014_2016_panel\pooled_ascsON_q99\boxcox_pooled_ascsON_q99_analysis.html","13530","26-11-25 15:33:48"
"U:\EUROMOD-STORAGE\reports\gamspy\boxcox\DE_2014_2016_panel\pooled_ascsON_q99\boxcox_pooled_ascsON_q99_confusion.csv","178","26-11-25 15:33:10"
"U:\EUROMOD-STORAGE\reports\gamspy\boxcox\DE_2014_2016_panel\pooled_ascsON_q99\boxcox_pooled_ascsON_q99_cons_hist.png","24035","26-11-25 15:33:47"
"U:\EUROMOD-STORAGE\reports\gamspy\boxcox\DE_2014_2016_panel\pooled_ascsON_q99\boxcox_pooled_ascsON_q99_contours_norm.png","40155","26-11-25 15:33:48"
"U:\EUROMOD-STORAGE\reports\gamspy\boxcox\DE_2014_2016_panel\pooled_ascsON_q99\boxcox_pooled_ascsON_q99_leisure_hist.png","24701","26-11-25 15:33:47"
"U:\EUROMOD-STORAGE\reports\gamspy\boxcox\DE_2014_2016_panel\pooled_ascsON_q99\boxcox_pooled_ascsON_q99_meta.json","2160","26-11-25 15:33:10"
"U:\EUROMOD-STORAGE\reports\gamspy\boxcox\DE_2014_2016_panel\pooled_ascsON_q99\boxcox_pooled_ascsON_q99_muc_norm.png","38724","26-11-25 15:33:48"
"U:\EUROMOD-STORAGE\reports\gamspy\boxcox\DE_2014_2016_panel\pooled_ascsON_q99\boxcox_pooled_ascsON_q99_mucmul_draws.csv","221754","26-11-25 15:33:47"
"U:\EUROMOD-STORAGE\reports\gamspy\boxcox\DE_2014_2016_panel\pooled_ascsON_q99\boxcox_pooled_ascsON_q99_mucmul_summary.json","329","26-11-25 15:33:10"
"U:\EUROMOD-STORAGE\reports\gamspy\boxcox\DE_2014_2016_panel\pooled_ascsON_q99\boxcox_pooled_ascsON_q99_mul_norm.png","40399","26-11-25 15:33:48"
"U:\EUROMOD-STORAGE\reports\gamspy\boxcox\DE_2014_2016_panel\pooled_ascsON_q99\boxcox_pooled_ascsON_q99_param_descriptions.json","914","26-11-25 15:33:10"
"U:\EUROMOD-STORAGE\reports\gamspy\boxcox\DE_2014_2016_panel\pooled_ascsON_q99\boxcox_pooled_ascsON_q99_param_labels.json","565","26-11-25 15:33:10"
"U:\EUROMOD-STORAGE\reports\gamspy\boxcox\DE_2014_2016_panel\pooled_ascsON_q99\boxcox_pooled_ascsON_q99_parameters.csv","2271","26-11-25 15:33:10"
"U:\EUROMOD-STORAGE\reports\gamspy\boxcox\DE_2014_2016_panel\pooled_ascsON_q99\boxcox_pooled_ascsON_q99_util_decomp.csv","382","26-11-25 15:33:47"
"U:\EUROMOD-STORAGE\reports\gamspy\boxcox\pooled_genderSplit\pooled_ascsOFF_q99\boxcox_pooled_genderSplit_ascsOFF_q99_analysis.html","15682","26-11-25 17:21:46"
"U:\EUROMOD-STORAGE\reports\gamspy\boxcox\pooled_genderSplit\pooled_ascsOFF_q99\boxcox_pooled_genderSplit_ascsOFF_q99_confusion.csv","183","26-11-25 17:21:06"
"U:\EUROMOD-STORAGE\reports\gamspy\boxcox\pooled_genderSplit\pooled_ascsOFF_q99\boxcox_pooled_genderSplit_ascsOFF_q99_cons_hist.png","24090","26-11-25 17:21:44"
"U:\EUROMOD-STORAGE\reports\gamspy\boxcox\pooled_genderSplit\pooled_ascsOFF_q99\boxcox_pooled_genderSplit_ascsOFF_q99_contours_norm.png","52764","26-11-25 17:21:45"
"U:\EUROMOD-STORAGE\reports\gamspy\boxcox\pooled_genderSplit\pooled_ascsOFF_q99\boxcox_pooled_genderSplit_ascsOFF_q99_gender_contours_female.png","52764","26-11-25 17:21:46"
"U:\EUROMOD-STORAGE\reports\gamspy\boxcox\pooled_genderSplit\pooled_ascsOFF_q99\boxcox_pooled_genderSplit_ascsOFF_q99_gender_contours_general.png","52764","26-11-25 17:21:45"
"U:\EUROMOD-STORAGE\reports\gamspy\boxcox\pooled_genderSplit\pooled_ascsOFF_q99\boxcox_pooled_genderSplit_ascsOFF_q99_gender_contours_male.png","50399","26-11-25 17:21:46"
"U:\EUROMOD-STORAGE\reports\gamspy\boxcox\pooled_genderSplit\pooled_ascsOFF_q99\boxcox_pooled_genderSplit_ascsOFF_q99_gender_muc_female.png","40693","26-11-25 17:21:46"
"U:\EUROMOD-STORAGE\reports\gamspy\boxcox\pooled_genderSplit\pooled_ascsOFF_q99\boxcox_pooled_genderSplit_ascsOFF_q99_gender_muc_general.png","42136","26-11-25 17:21:45"
"U:\EUROMOD-STORAGE\reports\gamspy\boxcox\pooled_genderSplit\pooled_ascsOFF_q99\boxcox_pooled_genderSplit_ascsOFF_q99_gender_muc_male.png","40609","26-11-25 17:21:46"
"U:\EUROMOD-STORAGE\reports\gamspy\boxcox\pooled_genderSplit\pooled_ascsOFF_q99\boxcox_pooled_genderSplit_ascsOFF_q99_gender_mul_female.png","41747","26-11-25 17:21:46"
"U:\EUROMOD-STORAGE\reports\gamspy\boxcox\pooled_genderSplit\pooled_ascsOFF_q99\boxcox_pooled_genderSplit_ascsOFF_q99_gender_mul_general.png","43635","26-11-25 17:21:45"
"U:\EUROMOD-STORAGE\reports\gamspy\boxcox\pooled_genderSplit\pooled_ascsOFF_q99\boxcox_pooled_genderSplit_ascsOFF_q99_gender_mul_male.png","40245","26-11-25 17:21:46"
"U:\EUROMOD-STORAGE\reports\gamspy\boxcox\pooled_genderSplit\pooled_ascsOFF_q99\boxcox_pooled_genderSplit_ascsOFF_q99_leisure_hist.png","24768","26-11-25 17:21:44"
"U:\EUROMOD-STORAGE\reports\gamspy\boxcox\pooled_genderSplit\pooled_ascsOFF_q99\boxcox_pooled_genderSplit_ascsOFF_q99_meta.json","2300","26-11-25 17:21:06"
"U:\EUROMOD-STORAGE\reports\gamspy\boxcox\pooled_genderSplit\pooled_ascsOFF_q99\boxcox_pooled_genderSplit_ascsOFF_q99_muc_norm.png","37733","26-11-25 17:21:44"
"U:\EUROMOD-STORAGE\reports\gamspy\boxcox\pooled_genderSplit\pooled_ascsOFF_q99\boxcox_pooled_genderSplit_ascsOFF_q99_mucmul_draws.csv","203618","26-11-25 17:21:44"
"U:\EUROMOD-STORAGE\reports\gamspy\boxcox\pooled_genderSplit\pooled_ascsOFF_q99\boxcox_pooled_genderSplit_ascsOFF_q99_mucmul_summary.json","327","26-11-25 17:21:06"
"U:\EUROMOD-STORAGE\reports\gamspy\boxcox\pooled_genderSplit\pooled_ascsOFF_q99\boxcox_pooled_genderSplit_ascsOFF_q99_mul_norm.png","43022","26-11-25 17:21:44"
"U:\EUROMOD-STORAGE\reports\gamspy\boxcox\pooled_genderSplit\pooled_ascsOFF_q99\boxcox_pooled_genderSplit_ascsOFF_q99_param_descriptions.json","373","26-11-25 17:21:06"
"U:\EUROMOD-STORAGE\reports\gamspy\boxcox\pooled_genderSplit\pooled_ascsOFF_q99\boxcox_pooled_genderSplit_ascsOFF_q99_param_labels.json","567","26-11-25 17:21:06"
"U:\EUROMOD-STORAGE\reports\gamspy\boxcox\pooled_genderSplit\pooled_ascsOFF_q99\boxcox_pooled_genderSplit_ascsOFF_q99_parameters.csv","2508","26-11-25 17:21:06"
"U:\EUROMOD-STORAGE\reports\gamspy\boxcox\pooled_genderSplit\pooled_ascsOFF_q99\boxcox_pooled_genderSplit_ascsOFF_q99_util_decomp.csv","350","26-11-25 17:21:44"
"U:\EUROMOD-STORAGE\reports\mle_dcm\boxcox\DE_2014_2016_panel\female_ascsOFF_q99\boxcox_female_ascsOFF_q99_analysis.html","11858","26-11-25 12:07:04"
"U:\EUROMOD-STORAGE\reports\mle_dcm\boxcox\DE_2014_2016_panel\female_ascsOFF_q99\boxcox_female_ascsOFF_q99_confusion.csv","178","26-11-25 12:06:31"
"U:\EUROMOD-STORAGE\reports\mle_dcm\boxcox\DE_2014_2016_panel\female_ascsOFF_q99\boxcox_female_ascsOFF_q99_cons_hist.png","24535","26-11-25 12:07:03"
"U:\EUROMOD-STORAGE\reports\mle_dcm\boxcox\DE_2014_2016_panel\female_ascsOFF_q99\boxcox_female_ascsOFF_q99_contours_norm.png","52468","26-11-25 12:07:04"
"U:\EUROMOD-STORAGE\reports\mle_dcm\boxcox\DE_2014_2016_panel\female_ascsOFF_q99\boxcox_female_ascsOFF_q99_leisure_hist.png","24655","26-11-25 12:07:03"
"U:\EUROMOD-STORAGE\reports\mle_dcm\boxcox\DE_2014_2016_panel\female_ascsOFF_q99\boxcox_female_ascsOFF_q99_meta.json","2183","26-11-25 12:06:31"
"U:\EUROMOD-STORAGE\reports\mle_dcm\boxcox\DE_2014_2016_panel\female_ascsOFF_q99\boxcox_female_ascsOFF_q99_muc_norm.png","37093","26-11-25 12:07:04"
"U:\EUROMOD-STORAGE\reports\mle_dcm\boxcox\DE_2014_2016_panel\female_ascsOFF_q99\boxcox_female_ascsOFF_q99_mucmul_draws.csv","114658","26-11-25 12:07:03"
"U:\EUROMOD-STORAGE\reports\mle_dcm\boxcox\DE_2014_2016_panel\female_ascsOFF_q99\boxcox_female_ascsOFF_q99_mucmul_summary.json","326","26-11-25 12:06:31"
"U:\EUROMOD-STORAGE\reports\mle_dcm\boxcox\DE_2014_2016_panel\female_ascsOFF_q99\boxcox_female_ascsOFF_q99_mul_norm.png","41537","26-11-25 12:07:04"
"U:\EUROMOD-STORAGE\reports\mle_dcm\boxcox\DE_2014_2016_panel\female_ascsOFF_q99\boxcox_female_ascsOFF_q99_param_descriptions.json","568","26-11-25 12:06:31"
"U:\EUROMOD-STORAGE\reports\mle_dcm\boxcox\DE_2014_2016_panel\female_ascsOFF_q99\boxcox_female_ascsOFF_q99_param_labels.json","377","26-11-25 12:06:31"
"U:\EUROMOD-STORAGE\reports\mle_dcm\boxcox\DE_2014_2016_panel\female_ascsOFF_q99\boxcox_female_ascsOFF_q99_parameters.csv","1248","26-11-25 12:06:31"
"U:\EUROMOD-STORAGE\reports\mle_dcm\boxcox\DE_2014_2016_panel\female_ascsOFF_q99\boxcox_female_ascsOFF_q99_util_decomp.csv","350","26-11-25 12:07:03"
"U:\EUROMOD-STORAGE\reports\mle_dcm\boxcox\DE_2014_2016_panel\female_ascsON_q99\boxcox_female_ascsON_q99_analysis.html","13480","26-11-25 12:13:01"
"U:\EUROMOD-STORAGE\reports\mle_dcm\boxcox\DE_2014_2016_panel\female_ascsON_q99\boxcox_female_ascsON_q99_confusion.csv","176","26-11-25 12:12:27"
"U:\EUROMOD-STORAGE\reports\mle_dcm\boxcox\DE_2014_2016_panel\female_ascsON_q99\boxcox_female_ascsON_q99_cons_hist.png","24493","26-11-25 12:13:00"
"U:\EUROMOD-STORAGE\reports\mle_dcm\boxcox\DE_2014_2016_panel\female_ascsON_q99\boxcox_female_ascsON_q99_contours_norm.png","46693","26-11-25 12:13:01"
"U:\EUROMOD-STORAGE\reports\mle_dcm\boxcox\DE_2014_2016_panel\female_ascsON_q99\boxcox_female_ascsON_q99_leisure_hist.png","24637","26-11-25 12:13:00"
"U:\EUROMOD-STORAGE\reports\mle_dcm\boxcox\DE_2014_2016_panel\female_ascsON_q99\boxcox_female_ascsON_q99_meta.json","2393","26-11-25 12:12:27"
"U:\EUROMOD-STORAGE\reports\mle_dcm\boxcox\DE_2014_2016_panel\female_ascsON_q99\boxcox_female_ascsON_q99_muc_norm.png","36984","26-11-25 12:13:01"
"U:\EUROMOD-STORAGE\reports\mle_dcm\boxcox\DE_2014_2016_panel\female_ascsON_q99\boxcox_female_ascsON_q99_mucmul_draws.csv","125029","26-11-25 12:13:00"
"U:\EUROMOD-STORAGE\reports\mle_dcm\boxcox\DE_2014_2016_panel\female_ascsON_q99\boxcox_female_ascsON_q99_mucmul_summary.json","329","26-11-25 12:12:27"
"U:\EUROMOD-STORAGE\reports\mle_dcm\boxcox\DE_2014_2016_panel\female_ascsON_q99\boxcox_female_ascsON_q99_mul_norm.png","40087","26-11-25 12:13:01"
"U:\EUROMOD-STORAGE\reports\mle_dcm\boxcox\DE_2014_2016_panel\female_ascsON_q99\boxcox_female_ascsON_q99_param_descriptions.json","850","26-11-25 12:12:27"
"U:\EUROMOD-STORAGE\reports\mle_dcm\boxcox\DE_2014_2016_panel\female_ascsON_q99\boxcox_female_ascsON_q99_param_labels.json","515","26-11-25 12:12:27"
"U:\EUROMOD-STORAGE\reports\mle_dcm\boxcox\DE_2014_2016_panel\female_ascsON_q99\boxcox_female_ascsON_q99_parameters.csv","2103","26-11-25 12:12:27"
"U:\EUROMOD-STORAGE\reports\mle_dcm\boxcox\DE_2014_2016_panel\female_ascsON_q99\boxcox_female_ascsON_q99_util_decomp.csv","379","26-11-25 12:13:00"
"U:\EUROMOD-STORAGE\reports\mle_dcm\boxcox\DE_2014_2016_panel\male_ascsOFF_q99\boxcox_male_ascsOFF_q99_analysis.html","11831","26-11-25 12:04:02"
"U:\EUROMOD-STORAGE\reports\mle_dcm\boxcox\DE_2014_2016_panel\male_ascsOFF_q99\boxcox_male_ascsOFF_q99_confusion.csv","169","26-11-25 12:03:27"
"U:\EUROMOD-STORAGE\reports\mle_dcm\boxcox\DE_2014_2016_panel\male_ascsOFF_q99\boxcox_male_ascsOFF_q99_cons_hist.png","23801","26-11-25 12:04:01"
"U:\EUROMOD-STORAGE\reports\mle_dcm\boxcox\DE_2014_2016_panel\male_ascsOFF_q99\boxcox_male_ascsOFF_q99_contours_norm.png","51558","26-11-25 12:04:02"
"U:\EUROMOD-STORAGE\reports\mle_dcm\boxcox\DE_2014_2016_panel\male_ascsOFF_q99\boxcox_male_ascsOFF_q99_leisure_hist.png","23398","26-11-25 12:04:01"
"U:\EUROMOD-STORAGE\reports\mle_dcm\boxcox\DE_2014_2016_panel\male_ascsOFF_q99\boxcox_male_ascsOFF_q99_meta.json","2184","26-11-25 12:03:27"
"U:\EUROMOD-STORAGE\reports\mle_dcm\boxcox\DE_2014_2016_panel\male_ascsOFF_q99\boxcox_male_ascsOFF_q99_muc_norm.png","37465","26-11-25 12:04:01"
"U:\EUROMOD-STORAGE\reports\mle_dcm\boxcox\DE_2014_2016_panel\male_ascsOFF_q99\boxcox_male_ascsOFF_q99_mucmul_draws.csv","89925","26-11-25 12:04:01"
"U:\EUROMOD-STORAGE\reports\mle_dcm\boxcox\DE_2014_2016_panel\male_ascsOFF_q99\boxcox_male_ascsOFF_q99_mucmul_summary.json","325","26-11-25 12:03:28"
"U:\EUROMOD-STORAGE\reports\mle_dcm\boxcox\DE_2014_2016_panel\male_ascsOFF_q99\boxcox_male_ascsOFF_q99_mul_norm.png","42717","26-11-25 12:04:01"
"U:\EUROMOD-STORAGE\reports\mle_dcm\boxcox\DE_2014_2016_panel\male_ascsOFF_q99\boxcox_male_ascsOFF_q99_param_descriptions.json","568","26-11-25 12:03:27"
"U:\EUROMOD-STORAGE\reports\mle_dcm\boxcox\DE_2014_2016_panel\male_ascsOFF_q99\boxcox_male_ascsOFF_q99_param_labels.json","377","26-11-25 12:03:27"
"U:\EUROMOD-STORAGE\reports\mle_dcm\boxcox\DE_2014_2016_panel\male_ascsOFF_q99\boxcox_male_ascsOFF_q99_parameters.csv","1237","26-11-25 12:03:27"
"U:\EUROMOD-STORAGE\reports\mle_dcm\boxcox\DE_2014_2016_panel\male_ascsOFF_q99\boxcox_male_ascsOFF_q99_util_decomp.csv","351","26-11-25 12:04:01"
"U:\EUROMOD-STORAGE\reports\mle_dcm\boxcox\DE_2014_2016_panel\male_ascsON_q99\boxcox_male_ascsON_q99_analysis.html","13484","26-11-25 12:09:42"
"U:\EUROMOD-STORAGE\reports\mle_dcm\boxcox\DE_2014_2016_panel\male_ascsON_q99\boxcox_male_ascsON_q99_confusion.csv","173","26-11-25 12:09:10"
"U:\EUROMOD-STORAGE\reports\mle_dcm\boxcox\DE_2014_2016_panel\male_ascsON_q99\boxcox_male_ascsON_q99_cons_hist.png","23792","26-11-25 12:09:41"
"U:\EUROMOD-STORAGE\reports\mle_dcm\boxcox\DE_2014_2016_panel\male_ascsON_q99\boxcox_male_ascsON_q99_contours_norm.png","31289","26-11-25 12:09:42"
"U:\EUROMOD-STORAGE\reports\mle_dcm\boxcox\DE_2014_2016_panel\male_ascsON_q99\boxcox_male_ascsON_q99_leisure_hist.png","23372","26-11-25 12:09:41"
"U:\EUROMOD-STORAGE\reports\mle_dcm\boxcox\DE_2014_2016_panel\male_ascsON_q99\boxcox_male_ascsON_q99_meta.json","2414","26-11-25 12:09:10"
"U:\EUROMOD-STORAGE\reports\mle_dcm\boxcox\DE_2014_2016_panel\male_ascsON_q99\boxcox_male_ascsON_q99_muc_norm.png","43203","26-11-25 12:09:42"
"U:\EUROMOD-STORAGE\reports\mle_dcm\boxcox\DE_2014_2016_panel\male_ascsON_q99\boxcox_male_ascsON_q99_mucmul_draws.csv","109612","26-11-25 12:09:41"
"U:\EUROMOD-STORAGE\reports\mle_dcm\boxcox\DE_2014_2016_panel\male_ascsON_q99\boxcox_male_ascsON_q99_mucmul_summary.json","343","26-11-25 12:09:10"
"U:\EUROMOD-STORAGE\reports\mle_dcm\boxcox\DE_2014_2016_panel\male_ascsON_q99\boxcox_male_ascsON_q99_mul_norm.png","40226","26-11-25 12:09:42"
"U:\EUROMOD-STORAGE\reports\mle_dcm\boxcox\DE_2014_2016_panel\male_ascsON_q99\boxcox_male_ascsON_q99_param_descriptions.json","850","26-11-25 12:09:10"
"U:\EUROMOD-STORAGE\reports\mle_dcm\boxcox\DE_2014_2016_panel\male_ascsON_q99\boxcox_male_ascsON_q99_param_labels.json","515","26-11-25 12:09:10"
"U:\EUROMOD-STORAGE\reports\mle_dcm\boxcox\DE_2014_2016_panel\male_ascsON_q99\boxcox_male_ascsON_q99_parameters.csv","1995","26-11-25 12:09:10"
"U:\EUROMOD-STORAGE\reports\mle_dcm\boxcox\DE_2014_2016_panel\male_ascsON_q99\boxcox_male_ascsON_q99_util_decomp.csv","377","26-11-25 12:09:41"
"U:\EUROMOD-STORAGE\reports\mle_dcm\boxcox\DE_2014_2016_panel\pooled_ascsOFF_q99\boxcox_pooled_ascsOFF_q99_analysis.html","12153","26-11-25 12:15:40"
"U:\EUROMOD-STORAGE\reports\mle_dcm\boxcox\DE_2014_2016_panel\pooled_ascsOFF_q99\boxcox_pooled_ascsOFF_q99_confusion.csv","182","26-11-25 12:15:05"
"U:\EUROMOD-STORAGE\reports\mle_dcm\boxcox\DE_2014_2016_panel\pooled_ascsOFF_q99\boxcox_pooled_ascsOFF_q99_cons_hist.png","24090","26-11-25 12:15:39"
"U:\EUROMOD-STORAGE\reports\mle_dcm\boxcox\DE_2014_2016_panel\pooled_ascsOFF_q99\boxcox_pooled_ascsOFF_q99_contours_norm.png","52123","26-11-25 12:15:40"
"U:\EUROMOD-STORAGE\reports\mle_dcm\boxcox\DE_2014_2016_panel\pooled_ascsOFF_q99\boxcox_pooled_ascsOFF_q99_leisure_hist.png","24768","26-11-25 12:15:39"
"U:\EUROMOD-STORAGE\reports\mle_dcm\boxcox\DE_2014_2016_panel\pooled_ascsOFF_q99\boxcox_pooled_ascsOFF_q99_meta.json","2227","26-11-25 12:15:05"
"U:\EUROMOD-STORAGE\reports\mle_dcm\boxcox\DE_2014_2016_panel\pooled_ascsOFF_q99\boxcox_pooled_ascsOFF_q99_muc_norm.png","37617","26-11-25 12:15:39"
"U:\EUROMOD-STORAGE\reports\mle_dcm\boxcox\DE_2014_2016_panel\pooled_ascsOFF_q99\boxcox_pooled_ascsOFF_q99_mucmul_draws.csv","205030","26-11-25 12:15:39"
"U:\EUROMOD-STORAGE\reports\mle_dcm\boxcox\DE_2014_2016_panel\pooled_ascsOFF_q99\boxcox_pooled_ascsOFF_q99_mucmul_summary.json","327","26-11-25 12:15:05"
"U:\EUROMOD-STORAGE\reports\mle_dcm\boxcox\DE_2014_2016_panel\pooled_ascsOFF_q99\boxcox_pooled_ascsOFF_q99_mul_norm.png","43060","26-11-25 12:15:40"
"U:\EUROMOD-STORAGE\reports\mle_dcm\boxcox\DE_2014_2016_panel\pooled_ascsOFF_q99\boxcox_pooled_ascsOFF_q99_param_descriptions.json","632","26-11-25 12:15:05"
"U:\EUROMOD-STORAGE\reports\mle_dcm\boxcox\DE_2014_2016_panel\pooled_ascsOFF_q99\boxcox_pooled_ascsOFF_q99_param_labels.json","427","26-11-25 12:15:05"
"U:\EUROMOD-STORAGE\reports\mle_dcm\boxcox\DE_2014_2016_panel\pooled_ascsOFF_q99\boxcox_pooled_ascsOFF_q99_parameters.csv","1408","26-11-25 12:15:05"
"U:\EUROMOD-STORAGE\reports\mle_dcm\boxcox\DE_2014_2016_panel\pooled_ascsOFF_q99\boxcox_pooled_ascsOFF_q99_util_decomp.csv","350","26-11-25 12:15:39"
"U:\EUROMOD-STORAGE\reports\mle_dcm\boxcox\DE_2014_2016_panel\pooled_ascsOFF_q99_split\boxcox_pooled_genderSplit_ascsOFF_q99_analysis.html","15929","26-11-25 11:48:12"
"U:\EUROMOD-STORAGE\reports\mle_dcm\boxcox\DE_2014_2016_panel\pooled_ascsOFF_q99_split\boxcox_pooled_genderSplit_ascsOFF_q99_confusion.csv","183","26-11-25 11:47:37"
"U:\EUROMOD-STORAGE\reports\mle_dcm\boxcox\DE_2014_2016_panel\pooled_ascsOFF_q99_split\boxcox_pooled_genderSplit_ascsOFF_q99_cons_hist.png","24090","26-11-25 11:48:09"
"U:\EUROMOD-STORAGE\reports\mle_dcm\boxcox\DE_2014_2016_panel\pooled_ascsOFF_q99_split\boxcox_pooled_genderSplit_ascsOFF_q99_contours_norm.png","52647","26-11-25 11:48:10"
"U:\EUROMOD-STORAGE\reports\mle_dcm\boxcox\DE_2014_2016_panel\pooled_ascsOFF_q99_split\boxcox_pooled_genderSplit_ascsOFF_q99_gender_contours_female.png","52647","26-11-25 11:48:11"
"U:\EUROMOD-STORAGE\reports\mle_dcm\boxcox\DE_2014_2016_panel\pooled_ascsOFF_q99_split\boxcox_pooled_genderSplit_ascsOFF_q99_gender_contours_general.png","52647","26-11-25 11:48:11"
"U:\EUROMOD-STORAGE\reports\mle_dcm\boxcox\DE_2014_2016_panel\pooled_ascsOFF_q99_split\boxcox_pooled_genderSplit_ascsOFF_q99_gender_contours_male.png","50612","26-11-25 11:48:12"
"U:\EUROMOD-STORAGE\reports\mle_dcm\boxcox\DE_2014_2016_panel\pooled_ascsOFF_q99_split\boxcox_pooled_genderSplit_ascsOFF_q99_gender_muc_female.png","40693","26-11-25 11:48:11"
"U:\EUROMOD-STORAGE\reports\mle_dcm\boxcox\DE_2014_2016_panel\pooled_ascsOFF_q99_split\boxcox_pooled_genderSplit_ascsOFF_q99_gender_muc_general.png","42097","26-11-25 11:48:11"
"U:\EUROMOD-STORAGE\reports\mle_dcm\boxcox\DE_2014_2016_panel\pooled_ascsOFF_q99_split\boxcox_pooled_genderSplit_ascsOFF_q99_gender_muc_male.png","40613","26-11-25 11:48:12"
"U:\EUROMOD-STORAGE\reports\mle_dcm\boxcox\DE_2014_2016_panel\pooled_ascsOFF_q99_split\boxcox_pooled_genderSplit_ascsOFF_q99_gender_mul_female.png","41731","26-11-25 11:48:11"
"U:\EUROMOD-STORAGE\reports\mle_dcm\boxcox\DE_2014_2016_panel\pooled_ascsOFF_q99_split\boxcox_pooled_genderSplit_ascsOFF_q99_gender_mul_general.png","43606","26-11-25 11:48:11"
"U:\EUROMOD-STORAGE\reports\mle_dcm\boxcox\DE_2014_2016_panel\pooled_ascsOFF_q99_split\boxcox_pooled_genderSplit_ascsOFF_q99_gender_mul_male.png","40224","26-11-25 11:48:12"
"U:\EUROMOD-STORAGE\reports\mle_dcm\boxcox\DE_2014_2016_panel\pooled_ascsOFF_q99_split\boxcox_pooled_genderSplit_ascsOFF_q99_leisure_hist.png","24768","26-11-25 11:48:09"
"U:\EUROMOD-STORAGE\reports\mle_dcm\boxcox\DE_2014_2016_panel\pooled_ascsOFF_q99_split\boxcox_pooled_genderSplit_ascsOFF_q99_meta.json","2525","26-11-25 11:47:37"
"U:\EUROMOD-STORAGE\reports\mle_dcm\boxcox\DE_2014_2016_panel\pooled_ascsOFF_q99_split\boxcox_pooled_genderSplit_ascsOFF_q99_muc_norm.png","37810","26-11-25 11:48:10"
"U:\EUROMOD-STORAGE\reports\mle_dcm\boxcox\DE_2014_2016_panel\pooled_ascsOFF_q99_split\boxcox_pooled_genderSplit_ascsOFF_q99_mucmul_draws.csv","203895","26-11-25 11:48:09"
"U:\EUROMOD-STORAGE\reports\mle_dcm\boxcox\DE_2014_2016_panel\pooled_ascsOFF_q99_split\boxcox_pooled_genderSplit_ascsOFF_q99_mucmul_summary.json","327","26-11-25 11:47:37"
"U:\EUROMOD-STORAGE\reports\mle_dcm\boxcox\DE_2014_2016_panel\pooled_ascsOFF_q99_split\boxcox_pooled_genderSplit_ascsOFF_q99_mul_norm.png","42994","26-11-25 11:48:10"
"U:\EUROMOD-STORAGE\reports\mle_dcm\boxcox\DE_2014_2016_panel\pooled_ascsOFF_q99_split\boxcox_pooled_genderSplit_ascsOFF_q99_param_descriptions.json","373","26-11-25 11:47:37"
"U:\EUROMOD-STORAGE\reports\mle_dcm\boxcox\DE_2014_2016_panel\pooled_ascsOFF_q99_split\boxcox_pooled_genderSplit_ascsOFF_q99_param_labels.json","567","26-11-25 11:47:37"
"U:\EUROMOD-STORAGE\reports\mle_dcm\boxcox\DE_2014_2016_panel\pooled_ascsOFF_q99_split\boxcox_pooled_genderSplit_ascsOFF_q99_parameters.csv","2498","26-11-25 11:47:37"
"U:\EUROMOD-STORAGE\reports\mle_dcm\boxcox\DE_2014_2016_panel\pooled_ascsOFF_q99_split\boxcox_pooled_genderSplit_ascsOFF_q99_util_decomp.csv","350","26-11-25 11:48:09"
"U:\EUROMOD-STORAGE\reports\mle_dcm\boxcox\DE_2014_2016_panel\pooled_ascsON_q99\boxcox_pooled_genderSplit_ascsON_q99_analysis.html","17553","26-11-25 12:26:59"
"U:\EUROMOD-STORAGE\reports\mle_dcm\boxcox\DE_2014_2016_panel\pooled_ascsON_q99\boxcox_pooled_genderSplit_ascsON_q99_confusion.csv","179","26-11-25 12:26:20"
"U:\EUROMOD-STORAGE\reports\mle_dcm\boxcox\DE_2014_2016_panel\pooled_ascsON_q99\boxcox_pooled_genderSplit_ascsON_q99_cons_hist.png","24035","26-11-25 12:26:57"
"U:\EUROMOD-STORAGE\reports\mle_dcm\boxcox\DE_2014_2016_panel\pooled_ascsON_q99\boxcox_pooled_genderSplit_ascsON_q99_contours_norm.png","44316","26-11-25 12:26:58"
"U:\EUROMOD-STORAGE\reports\mle_dcm\boxcox\DE_2014_2016_panel\pooled_ascsON_q99\boxcox_pooled_genderSplit_ascsON_q99_gender_contours_female.png","44316","26-11-25 12:26:59"
"U:\EUROMOD-STORAGE\reports\mle_dcm\boxcox\DE_2014_2016_panel\pooled_ascsON_q99\boxcox_pooled_genderSplit_ascsON_q99_gender_contours_general.png","44316","26-11-25 12:26:58"
"U:\EUROMOD-STORAGE\reports\mle_dcm\boxcox\DE_2014_2016_panel\pooled_ascsON_q99\boxcox_pooled_genderSplit_ascsON_q99_gender_contours_male.png","33537","26-11-25 12:26:59"
"U:\EUROMOD-STORAGE\reports\mle_dcm\boxcox\DE_2014_2016_panel\pooled_ascsON_q99\boxcox_pooled_genderSplit_ascsON_q99_gender_muc_female.png","41271","26-11-25 12:26:59"
"U:\EUROMOD-STORAGE\reports\mle_dcm\boxcox\DE_2014_2016_panel\pooled_ascsON_q99\boxcox_pooled_genderSplit_ascsON_q99_gender_muc_general.png","43050","26-11-25 12:26:58"
"U:\EUROMOD-STORAGE\reports\mle_dcm\boxcox\DE_2014_2016_panel\pooled_ascsON_q99\boxcox_pooled_genderSplit_ascsON_q99_gender_muc_male.png","45563","26-11-25 12:26:59"
"U:\EUROMOD-STORAGE\reports\mle_dcm\boxcox\DE_2014_2016_panel\pooled_ascsON_q99\boxcox_pooled_genderSplit_ascsON_q99_gender_mul_female.png","44521","26-11-25 12:26:59"
"U:\EUROMOD-STORAGE\reports\mle_dcm\boxcox\DE_2014_2016_panel\pooled_ascsON_q99\boxcox_pooled_genderSplit_ascsON_q99_gender_mul_general.png","46475","26-11-25 12:26:58"
"U:\EUROMOD-STORAGE\reports\mle_dcm\boxcox\DE_2014_2016_panel\pooled_ascsON_q99\boxcox_pooled_genderSplit_ascsON_q99_gender_mul_male.png","43676","26-11-25 12:26:59"
"U:\EUROMOD-STORAGE\reports\mle_dcm\boxcox\DE_2014_2016_panel\pooled_ascsON_q99\boxcox_pooled_genderSplit_ascsON_q99_leisure_hist.png","24701","26-11-25 12:26:57"
"U:\EUROMOD-STORAGE\reports\mle_dcm\boxcox\DE_2014_2016_panel\pooled_ascsON_q99\boxcox_pooled_genderSplit_ascsON_q99_meta.json","2746","26-11-25 12:26:20"
"U:\EUROMOD-STORAGE\reports\mle_dcm\boxcox\DE_2014_2016_panel\pooled_ascsON_q99\boxcox_pooled_genderSplit_ascsON_q99_muc_norm.png","37816","26-11-25 12:26:57"
"U:\EUROMOD-STORAGE\reports\mle_dcm\boxcox\DE_2014_2016_panel\pooled_ascsON_q99\boxcox_pooled_genderSplit_ascsON_q99_mucmul_draws.csv","223854","26-11-25 12:26:57"
"U:\EUROMOD-STORAGE\reports\mle_dcm\boxcox\DE_2014_2016_panel\pooled_ascsON_q99\boxcox_pooled_genderSplit_ascsON_q99_mucmul_summary.json","344","26-11-25 12:26:20"
"U:\EUROMOD-STORAGE\reports\mle_dcm\boxcox\DE_2014_2016_panel\pooled_ascsON_q99\boxcox_pooled_genderSplit_ascsON_q99_mul_norm.png","41087","26-11-25 12:26:58"
"U:\EUROMOD-STORAGE\reports\mle_dcm\boxcox\DE_2014_2016_panel\pooled_ascsON_q99\boxcox_pooled_genderSplit_ascsON_q99_param_descriptions.json","655","26-11-25 12:26:20"
"U:\EUROMOD-STORAGE\reports\mle_dcm\boxcox\DE_2014_2016_panel\pooled_ascsON_q99\boxcox_pooled_genderSplit_ascsON_q99_param_labels.json","705","26-11-25 12:26:20"
"U:\EUROMOD-STORAGE\reports\mle_dcm\boxcox\DE_2014_2016_panel\pooled_ascsON_q99\boxcox_pooled_genderSplit_ascsON_q99_parameters.csv","3240","26-11-25 12:26:20"
"U:\EUROMOD-STORAGE\reports\mle_dcm\boxcox\DE_2014_2016_panel\pooled_ascsON_q99\boxcox_pooled_genderSplit_ascsON_q99_util_decomp.csv","382","26-11-25 12:26:57"
"U:\EUROMOD-STORAGE\reports\mle_dcm\boxcox\DE_2014_2016_panel\pooled_ascsON_q99_nosp\boxcox_pooled_ascsON_q99_analysis.html","13805","26-11-25 12:18:20"
"U:\EUROMOD-STORAGE\reports\mle_dcm\boxcox\DE_2014_2016_panel\pooled_ascsON_q99_nosp\boxcox_pooled_ascsON_q99_confusion.csv","179","26-11-25 12:17:43"
"U:\EUROMOD-STORAGE\reports\mle_dcm\boxcox\DE_2014_2016_panel\pooled_ascsON_q99_nosp\boxcox_pooled_ascsON_q99_cons_hist.png","24035","26-11-25 12:18:19"
"U:\EUROMOD-STORAGE\reports\mle_dcm\boxcox\DE_2014_2016_panel\pooled_ascsON_q99_nosp\boxcox_pooled_ascsON_q99_contours_norm.png","29730","26-11-25 12:18:20"
"U:\EUROMOD-STORAGE\reports\mle_dcm\boxcox\DE_2014_2016_panel\pooled_ascsON_q99_nosp\boxcox_pooled_ascsON_q99_leisure_hist.png","24701","26-11-25 12:18:19"
"U:\EUROMOD-STORAGE\reports\mle_dcm\boxcox\DE_2014_2016_panel\pooled_ascsON_q99_nosp\boxcox_pooled_ascsON_q99_meta.json","2437","26-11-25 12:17:43"
"U:\EUROMOD-STORAGE\reports\mle_dcm\boxcox\DE_2014_2016_panel\pooled_ascsON_q99_nosp\boxcox_pooled_ascsON_q99_muc_norm.png","39818","26-11-25 12:18:20"
"U:\EUROMOD-STORAGE\reports\mle_dcm\boxcox\DE_2014_2016_panel\pooled_ascsON_q99_nosp\boxcox_pooled_ascsON_q99_mucmul_draws.csv","244582","26-11-25 12:18:19"
"U:\EUROMOD-STORAGE\reports\mle_dcm\boxcox\DE_2014_2016_panel\pooled_ascsON_q99_nosp\boxcox_pooled_ascsON_q99_mucmul_summary.json","329","26-11-25 12:17:43"
"U:\EUROMOD-STORAGE\reports\mle_dcm\boxcox\DE_2014_2016_panel\pooled_ascsON_q99_nosp\boxcox_pooled_ascsON_q99_mul_norm.png","38945","26-11-25 12:18:20"
"U:\EUROMOD-STORAGE\reports\mle_dcm\boxcox\DE_2014_2016_panel\pooled_ascsON_q99_nosp\boxcox_pooled_ascsON_q99_param_descriptions.json","914","26-11-25 12:17:43"
"U:\EUROMOD-STORAGE\reports\mle_dcm\boxcox\DE_2014_2016_panel\pooled_ascsON_q99_nosp\boxcox_pooled_ascsON_q99_param_labels.json","565","26-11-25 12:17:43"
"U:\EUROMOD-STORAGE\reports\mle_dcm\boxcox\DE_2014_2016_panel\pooled_ascsON_q99_nosp\boxcox_pooled_ascsON_q99_parameters.csv","2091","26-11-25 12:17:43"
"U:\EUROMOD-STORAGE\reports\mle_dcm\boxcox\DE_2014_2016_panel\pooled_ascsON_q99_nosp\boxcox_pooled_ascsON_q99_util_decomp.csv","406","26-11-25 12:18:19"
"U:\EUROMOD-STORAGE\reports\mle_dcm\boxcox\female_ascsOFF_q99\boxcox_female_ascsOFF_q99_analysis.html","10551","07-11-25 14:35:42"
"U:\EUROMOD-STORAGE\reports\mle_dcm\boxcox\female_ascsOFF_q99\boxcox_female_ascsOFF_q99_confusion.csv","182","07-11-25 14:35:10"
"U:\EUROMOD-STORAGE\reports\mle_dcm\boxcox\female_ascsOFF_q99\boxcox_female_ascsOFF_q99_meta.json","1820","07-11-25 14:35:10"
"U:\EUROMOD-STORAGE\reports\mle_dcm\boxcox\female_ascsOFF_q99\boxcox_female_ascsOFF_q99_mucmul_summary.json","327","07-11-25 14:35:10"
"U:\EUROMOD-STORAGE\reports\mle_dcm\boxcox\female_ascsOFF_q99\boxcox_female_ascsOFF_q99_param_descriptions.json","568","07-11-25 14:35:10"
"U:\EUROMOD-STORAGE\reports\mle_dcm\boxcox\female_ascsOFF_q99\boxcox_female_ascsOFF_q99_param_labels.json","377","07-11-25 14:35:10"
"U:\EUROMOD-STORAGE\reports\mle_dcm\boxcox\female_ascsOFF_q99\boxcox_female_ascsOFF_q99_parameters.csv","1233","07-11-25 14:35:10"
"U:\EUROMOD-STORAGE\reports\mle_dcm\boxcox\female_ascsOFF_q99\separate\boxcox_female_ascsOFF_q99_analysis.html","10352","07-11-25 11:15:39"
"U:\EUROMOD-STORAGE\reports\mle_dcm\boxcox\female_ascsOFF_q99\separate\boxcox_female_ascsOFF_q99_confusion.csv","169","07-11-25 11:15:07"
"U:\EUROMOD-STORAGE\reports\mle_dcm\boxcox\female_ascsOFF_q99\separate\boxcox_female_ascsOFF_q99_cons_hist.png","21732","07-11-25 11:15:38"
"U:\EUROMOD-STORAGE\reports\mle_dcm\boxcox\female_ascsOFF_q99\separate\boxcox_female_ascsOFF_q99_contours_norm.png","55602","07-11-25 11:15:39"
"U:\EUROMOD-STORAGE\reports\mle_dcm\boxcox\female_ascsOFF_q99\separate\boxcox_female_ascsOFF_q99_leisure_hist.png","21968","07-11-25 11:15:38"
"U:\EUROMOD-STORAGE\reports\mle_dcm\boxcox\female_ascsOFF_q99\separate\boxcox_female_ascsOFF_q99_meta.json","1694","07-11-25 11:15:07"
"U:\EUROMOD-STORAGE\reports\mle_dcm\boxcox\female_ascsOFF_q99\separate\boxcox_female_ascsOFF_q99_muc_norm.png","37115","07-11-25 11:15:38"
"U:\EUROMOD-STORAGE\reports\mle_dcm\boxcox\female_ascsOFF_q99\separate\boxcox_female_ascsOFF_q99_mucmul_draws.csv","38363","07-11-25 11:15:38"
"U:\EUROMOD-STORAGE\reports\mle_dcm\boxcox\female_ascsOFF_q99\separate\boxcox_female_ascsOFF_q99_mucmul_summary.json","327","07-11-25 11:15:07"
"U:\EUROMOD-STORAGE\reports\mle_dcm\boxcox\female_ascsOFF_q99\separate\boxcox_female_ascsOFF_q99_mul_norm.png","41164","07-11-25 11:15:39"
"U:\EUROMOD-STORAGE\reports\mle_dcm\boxcox\female_ascsOFF_q99\separate\boxcox_female_ascsOFF_q99_param_descriptions.json","568","07-11-25 11:15:07"
"U:\EUROMOD-STORAGE\reports\mle_dcm\boxcox\female_ascsOFF_q99\separate\boxcox_female_ascsOFF_q99_param_labels.json","377","07-11-25 11:15:07"
"U:\EUROMOD-STORAGE\reports\mle_dcm\boxcox\female_ascsOFF_q99\separate\boxcox_female_ascsOFF_q99_parameters.csv","1212","07-11-25 11:15:07"
"U:\EUROMOD-STORAGE\reports\mle_dcm\boxcox\female_ascsOFF_q99\separate\boxcox_female_ascsOFF_q99_util_decomp.csv","346","07-11-25 11:15:38"
"U:\EUROMOD-STORAGE\reports\mle_dcm\boxcox\female_ascsON_q99\boxcox_female_ascsON_q99_analysis.html","11450","07-11-25 14:32:39"
"U:\EUROMOD-STORAGE\reports\mle_dcm\boxcox\female_ascsON_q99\boxcox_female_ascsON_q99_confusion.csv","175","07-11-25 14:32:06"
"U:\EUROMOD-STORAGE\reports\mle_dcm\boxcox\female_ascsON_q99\boxcox_female_ascsON_q99_cons_hist.png","24493","07-11-25 14:32:38"
"U:\EUROMOD-STORAGE\reports\mle_dcm\boxcox\female_ascsON_q99\boxcox_female_ascsON_q99_contours_norm.png","48367","07-11-25 14:32:39"
"U:\EUROMOD-STORAGE\reports\mle_dcm\boxcox\female_ascsON_q99\boxcox_female_ascsON_q99_leisure_hist.png","24637","07-11-25 14:32:38"
"U:\EUROMOD-STORAGE\reports\mle_dcm\boxcox\female_ascsON_q99\boxcox_female_ascsON_q99_meta.json","2030","07-11-25 14:32:06"
"U:\EUROMOD-STORAGE\reports\mle_dcm\boxcox\female_ascsON_q99\boxcox_female_ascsON_q99_muc_norm.png","35435","07-11-25 14:32:39"
"U:\EUROMOD-STORAGE\reports\mle_dcm\boxcox\female_ascsON_q99\boxcox_female_ascsON_q99_mucmul_draws.csv","124570","07-11-25 14:32:38"
"U:\EUROMOD-STORAGE\reports\mle_dcm\boxcox\female_ascsON_q99\boxcox_female_ascsON_q99_mucmul_summary.json","328","07-11-25 14:32:06"
"U:\EUROMOD-STORAGE\reports\mle_dcm\boxcox\female_ascsON_q99\boxcox_female_ascsON_q99_mul_norm.png","37204","07-11-25 14:32:39"
"U:\EUROMOD-STORAGE\reports\mle_dcm\boxcox\female_ascsON_q99\boxcox_female_ascsON_q99_param_descriptions.json","850","07-11-25 14:32:06"
"U:\EUROMOD-STORAGE\reports\mle_dcm\boxcox\female_ascsON_q99\boxcox_female_ascsON_q99_param_labels.json","515","07-11-25 14:32:06"
"U:\EUROMOD-STORAGE\reports\mle_dcm\boxcox\female_ascsON_q99\boxcox_female_ascsON_q99_parameters.csv","2065","07-11-25 14:32:06"
"U:\EUROMOD-STORAGE\reports\mle_dcm\boxcox\female_ascsON_q99\boxcox_female_ascsON_q99_util_decomp.csv","380","07-11-25 14:32:38"
"U:\EUROMOD-STORAGE\reports\mle_dcm\boxcox\male_ascsOFF_q99\boxcox_male_ascsOFF_q99_analysis.html","10693","07-11-25 13:13:57"
"U:\EUROMOD-STORAGE\reports\mle_dcm\boxcox\male_ascsOFF_q99\boxcox_male_ascsOFF_q99_analysis~01.html","10707","07-11-25 14:27:46"
"U:\EUROMOD-STORAGE\reports\mle_dcm\boxcox\male_ascsOFF_q99\boxcox_male_ascsOFF_q99_confusion.csv","170","07-11-25 13:13:29"
"U:\EUROMOD-STORAGE\reports\mle_dcm\boxcox\male_ascsOFF_q99\boxcox_male_ascsOFF_q99_cons_hist.png","23801","07-11-25 14:27:44"
"U:\EUROMOD-STORAGE\reports\mle_dcm\boxcox\male_ascsOFF_q99\boxcox_male_ascsOFF_q99_contours_norm.png","55543","07-11-25 14:27:45"
"U:\EUROMOD-STORAGE\reports\mle_dcm\boxcox\male_ascsOFF_q99\boxcox_male_ascsOFF_q99_leisure_hist.png","23398","07-11-25 14:27:44"
"U:\EUROMOD-STORAGE\reports\mle_dcm\boxcox\male_ascsOFF_q99\boxcox_male_ascsOFF_q99_meta.json","1698","07-11-25 13:13:29"
"U:\EUROMOD-STORAGE\reports\mle_dcm\boxcox\male_ascsOFF_q99\boxcox_male_ascsOFF_q99_muc_norm.png","36137","07-11-25 14:27:45"
"U:\EUROMOD-STORAGE\reports\mle_dcm\boxcox\male_ascsOFF_q99\boxcox_male_ascsOFF_q99_mucmul_draws.csv","89666","07-11-25 14:27:44"
"U:\EUROMOD-STORAGE\reports\mle_dcm\boxcox\male_ascsOFF_q99\boxcox_male_ascsOFF_q99_mucmul_summary.json","326","07-11-25 13:13:29"
"U:\EUROMOD-STORAGE\reports\mle_dcm\boxcox\male_ascsOFF_q99\boxcox_male_ascsOFF_q99_mul_norm.png","40862","07-11-25 14:27:45"
"U:\EUROMOD-STORAGE\reports\mle_dcm\boxcox\male_ascsOFF_q99\boxcox_male_ascsOFF_q99_param_descriptions.json","568","07-11-25 13:13:29"
"U:\EUROMOD-STORAGE\reports\mle_dcm\boxcox\male_ascsOFF_q99\boxcox_male_ascsOFF_q99_param_labels.json","377","07-11-25 13:13:29"
"U:\EUROMOD-STORAGE\reports\mle_dcm\boxcox\male_ascsOFF_q99\boxcox_male_ascsOFF_q99_parameters.csv","1224","07-11-25 13:13:29"
"U:\EUROMOD-STORAGE\reports\mle_dcm\boxcox\male_ascsOFF_q99\boxcox_male_ascsOFF_q99_util_decomp.csv","346","07-11-25 14:27:44"
"U:\EUROMOD-STORAGE\reports\mle_dcm\boxcox\male_ascsOFF_q99\separate_2015\boxcox_male_ascsOFF_q99_analysis.html","10482","07-11-25 09:46:29"
"U:\EUROMOD-STORAGE\reports\mle_dcm\boxcox\male_ascsOFF_q99\separate_2015\boxcox_male_ascsOFF_q99_confusion.csv","164","07-11-25 10:05:15"
"U:\EUROMOD-STORAGE\reports\mle_dcm\boxcox\male_ascsOFF_q99\separate_2015\boxcox_male_ascsOFF_q99_contours_norm.png","55348","07-11-25 10:05:49"
"U:\EUROMOD-STORAGE\reports\mle_dcm\boxcox\male_ascsOFF_q99\separate_2015\boxcox_male_ascsOFF_q99_logl_hist.png","20636","07-11-25 09:56:58"
"U:\EUROMOD-STORAGE\reports\mle_dcm\boxcox\male_ascsOFF_q99\separate_2015\boxcox_male_ascsOFF_q99_logy_hist.png","21013","07-11-25 09:56:58"
"U:\EUROMOD-STORAGE\reports\mle_dcm\boxcox\male_ascsOFF_q99\separate_2015\boxcox_male_ascsOFF_q99_meta.json","1697","07-11-25 10:05:15"
"U:\EUROMOD-STORAGE\reports\mle_dcm\boxcox\male_ascsOFF_q99\separate_2015\boxcox_male_ascsOFF_q99_muc_norm.png","37615","07-11-25 10:05:49"
"U:\EUROMOD-STORAGE\reports\mle_dcm\boxcox\male_ascsOFF_q99\separate_2015\boxcox_male_ascsOFF_q99_mucmul_draws.csv","30582","07-11-25 10:05:49"
"U:\EUROMOD-STORAGE\reports\mle_dcm\boxcox\male_ascsOFF_q99\separate_2015\boxcox_male_ascsOFF_q99_mucmul_summary.json","327","07-11-25 10:05:15"
"U:\EUROMOD-STORAGE\reports\mle_dcm\boxcox\male_ascsOFF_q99\separate_2015\boxcox_male_ascsOFF_q99_mul_norm.png","40960","07-11-25 10:05:49"
"U:\EUROMOD-STORAGE\reports\mle_dcm\boxcox\male_ascsOFF_q99\separate_2015\boxcox_male_ascsOFF_q99_param_descriptions.json","568","07-11-25 10:05:15"
"U:\EUROMOD-STORAGE\reports\mle_dcm\boxcox\male_ascsOFF_q99\separate_2015\boxcox_male_ascsOFF_q99_param_labels.json","377","07-11-25 10:05:15"
"U:\EUROMOD-STORAGE\reports\mle_dcm\boxcox\male_ascsOFF_q99\separate_2015\boxcox_male_ascsOFF_q99_parameters.csv","1211","07-11-25 10:05:15"
"U:\EUROMOD-STORAGE\reports\mle_dcm\boxcox\male_ascsOFF_q99\separate_2015\boxcox_male_ascsOFF_q99_util_decomp.csv","346","07-11-25 10:05:49"
"U:\EUROMOD-STORAGE\reports\mle_dcm\boxcox\pooled_ascsOFF_q99\boxcox_pooled_ascsOFF_q99_analysis.html","11011","07-11-25 11:02:52"
"U:\EUROMOD-STORAGE\reports\mle_dcm\boxcox\pooled_ascsOFF_q99\boxcox_pooled_ascsOFF_q99_confusion.csv","174","07-11-25 11:02:18"
"U:\EUROMOD-STORAGE\reports\mle_dcm\boxcox\pooled_ascsOFF_q99\boxcox_pooled_ascsOFF_q99_cons_hist.png","21717","07-11-25 11:02:51"
"U:\EUROMOD-STORAGE\reports\mle_dcm\boxcox\pooled_ascsOFF_q99\boxcox_pooled_ascsOFF_q99_contours_norm.png","55161","07-11-25 11:02:52"
"U:\EUROMOD-STORAGE\reports\mle_dcm\boxcox\pooled_ascsOFF_q99\boxcox_pooled_ascsOFF_q99_leisure_hist.png","22272","07-11-25 11:02:51"
"U:\EUROMOD-STORAGE\reports\mle_dcm\boxcox\pooled_ascsOFF_q99\boxcox_pooled_ascsOFF_q99_meta.json","1756","07-11-25 11:02:18"
"U:\EUROMOD-STORAGE\reports\mle_dcm\boxcox\pooled_ascsOFF_q99\boxcox_pooled_ascsOFF_q99_muc_norm.png","38784","07-11-25 11:02:51"
"U:\EUROMOD-STORAGE\reports\mle_dcm\boxcox\pooled_ascsOFF_q99\boxcox_pooled_ascsOFF_q99_mucmul_draws.csv","68716","07-11-25 11:02:51"
"U:\EUROMOD-STORAGE\reports\mle_dcm\boxcox\pooled_ascsOFF_q99\boxcox_pooled_ascsOFF_q99_mucmul_summary.json","328","07-11-25 11:02:18"
"U:\EUROMOD-STORAGE\reports\mle_dcm\boxcox\pooled_ascsOFF_q99\boxcox_pooled_ascsOFF_q99_mul_norm.png","41270","07-11-25 11:02:52"
"U:\EUROMOD-STORAGE\reports\mle_dcm\boxcox\pooled_ascsOFF_q99\boxcox_pooled_ascsOFF_q99_param_descriptions.json","632","07-11-25 11:02:18"
"U:\EUROMOD-STORAGE\reports\mle_dcm\boxcox\pooled_ascsOFF_q99\boxcox_pooled_ascsOFF_q99_param_labels.json","427","07-11-25 11:02:18"
"U:\EUROMOD-STORAGE\reports\mle_dcm\boxcox\pooled_ascsOFF_q99\boxcox_pooled_ascsOFF_q99_parameters.csv","1395","07-11-25 11:02:18"
"U:\EUROMOD-STORAGE\reports\mle_dcm\boxcox\pooled_ascsOFF_q99\boxcox_pooled_ascsOFF_q99_util_decomp.csv","345","07-11-25 11:02:51"
"Z:\Hisham\EUROMOD-STORAGE\reports\gamspy\boxcox\DE_2014_2016_panel\female_ascsOFF_q99\boxcox_female_ascsOFF_q99_analysis.html","11608","04-02-26 16:02:20"
"Z:\Hisham\EUROMOD-STORAGE\reports\gamspy\boxcox\DE_2014_2016_panel\female_ascsOFF_q99\boxcox_female_ascsOFF_q99_confusion.csv","178","04-02-26 16:02:20"
"Z:\Hisham\EUROMOD-STORAGE\reports\gamspy\boxcox\DE_2014_2016_panel\female_ascsOFF_q99\boxcox_female_ascsOFF_q99_cons_hist.png","24535","04-02-26 16:02:20"
"Z:\Hisham\EUROMOD-STORAGE\reports\gamspy\boxcox\DE_2014_2016_panel\female_ascsOFF_q99\boxcox_female_ascsOFF_q99_contours_norm.png","52519","04-02-26 16:02:20"
"Z:\Hisham\EUROMOD-STORAGE\reports\gamspy\boxcox\DE_2014_2016_panel\female_ascsOFF_q99\boxcox_female_ascsOFF_q99_leisure_hist.png","24655","04-02-26 16:02:20"
"Z:\Hisham\EUROMOD-STORAGE\reports\gamspy\boxcox\DE_2014_2016_panel\female_ascsOFF_q99\boxcox_female_ascsOFF_q99_meta.json","1904","04-02-26 16:02:20"
"Z:\Hisham\EUROMOD-STORAGE\reports\gamspy\boxcox\DE_2014_2016_panel\female_ascsOFF_q99\boxcox_female_ascsOFF_q99_muc_norm.png","37067","04-02-26 16:02:20"
"Z:\Hisham\EUROMOD-STORAGE\reports\gamspy\boxcox\DE_2014_2016_panel\female_ascsOFF_q99\boxcox_female_ascsOFF_q99_mucmul_draws.csv","114171","04-02-26 16:02:20"
"Z:\Hisham\EUROMOD-STORAGE\reports\gamspy\boxcox\DE_2014_2016_panel\female_ascsOFF_q99\boxcox_female_ascsOFF_q99_mucmul_summary.json","327","04-02-26 16:02:20"
"Z:\Hisham\EUROMOD-STORAGE\reports\gamspy\boxcox\DE_2014_2016_panel\female_ascsOFF_q99\boxcox_female_ascsOFF_q99_mul_norm.png","42547","04-02-26 16:02:20"
"Z:\Hisham\EUROMOD-STORAGE\reports\gamspy\boxcox\DE_2014_2016_panel\female_ascsOFF_q99\boxcox_female_ascsOFF_q99_param_descriptions.json","568","04-02-26 16:02:20"
"Z:\Hisham\EUROMOD-STORAGE\reports\gamspy\boxcox\DE_2014_2016_panel\female_ascsOFF_q99\boxcox_female_ascsOFF_q99_param_labels.json","377","04-02-26 16:02:20"
"Z:\Hisham\EUROMOD-STORAGE\reports\gamspy\boxcox\DE_2014_2016_panel\female_ascsOFF_q99\boxcox_female_ascsOFF_q99_parameters.csv","1255","04-02-26 16:02:20"
"Z:\Hisham\EUROMOD-STORAGE\reports\gamspy\boxcox\DE_2014_2016_panel\female_ascsOFF_q99\boxcox_female_ascsOFF_q99_util_decomp.csv","348","04-02-26 16:02:20"
"Z:\Hisham\EUROMOD-STORAGE\reports\gamspy\boxcox\DE_2014_2016_panel\female_ascsON_q99\boxcox_female_ascsON_q99_analysis.html","13230","04-02-26 16:02:20"
"Z:\Hisham\EUROMOD-STORAGE\reports\gamspy\boxcox\DE_2014_2016_panel\female_ascsON_q99\boxcox_female_ascsON_q99_confusion.csv","176","04-02-26 16:02:20"
"Z:\Hisham\EUROMOD-STORAGE\reports\gamspy\boxcox\DE_2014_2016_panel\female_ascsON_q99\boxcox_female_ascsON_q99_cons_hist.png","24493","04-02-26 16:02:20"
"Z:\Hisham\EUROMOD-STORAGE\reports\gamspy\boxcox\DE_2014_2016_panel\female_ascsON_q99\boxcox_female_ascsON_q99_contours_norm.png","46671","04-02-26 16:02:20"
"Z:\Hisham\EUROMOD-STORAGE\reports\gamspy\boxcox\DE_2014_2016_panel\female_ascsON_q99\boxcox_female_ascsON_q99_leisure_hist.png","24637","04-02-26 16:02:20"
"Z:\Hisham\EUROMOD-STORAGE\reports\gamspy\boxcox\DE_2014_2016_panel\female_ascsON_q99\boxcox_female_ascsON_q99_meta.json","2113","04-02-26 16:02:20"
"Z:\Hisham\EUROMOD-STORAGE\reports\gamspy\boxcox\DE_2014_2016_panel\female_ascsON_q99\boxcox_female_ascsON_q99_muc_norm.png","37010","04-02-26 16:02:20"
"Z:\Hisham\EUROMOD-STORAGE\reports\gamspy\boxcox\DE_2014_2016_panel\female_ascsON_q99\boxcox_female_ascsON_q99_mucmul_draws.csv","125140","04-02-26 16:02:20"
"Z:\Hisham\EUROMOD-STORAGE\reports\gamspy\boxcox\DE_2014_2016_panel\female_ascsON_q99\boxcox_female_ascsON_q99_mucmul_summary.json","329","04-02-26 16:02:20"
"Z:\Hisham\EUROMOD-STORAGE\reports\gamspy\boxcox\DE_2014_2016_panel\female_ascsON_q99\boxcox_female_ascsON_q99_mul_norm.png","40124","04-02-26 16:02:20"
"Z:\Hisham\EUROMOD-STORAGE\reports\gamspy\boxcox\DE_2014_2016_panel\female_ascsON_q99\boxcox_female_ascsON_q99_param_descriptions.json","850","04-02-26 16:02:20"
"Z:\Hisham\EUROMOD-STORAGE\reports\gamspy\boxcox\DE_2014_2016_panel\female_ascsON_q99\boxcox_female_ascsON_q99_param_labels.json","515","04-02-26 16:02:20"
"Z:\Hisham\EUROMOD-STORAGE\reports\gamspy\boxcox\DE_2014_2016_panel\female_ascsON_q99\boxcox_female_ascsON_q99_parameters.csv","2118","04-02-26 16:02:20"
"Z:\Hisham\EUROMOD-STORAGE\reports\gamspy\boxcox\DE_2014_2016_panel\female_ascsON_q99\boxcox_female_ascsON_q99_util_decomp.csv","379","04-02-26 16:02:20"
"Z:\Hisham\EUROMOD-STORAGE\reports\gamspy\boxcox\DE_2014_2016_panel\male_ascsOFF_q99\boxcox_male_ascsOFF_q99_analysis.html","11582","04-02-26 16:02:20"
"Z:\Hisham\EUROMOD-STORAGE\reports\gamspy\boxcox\DE_2014_2016_panel\male_ascsOFF_q99\boxcox_male_ascsOFF_q99_confusion.csv","169","04-02-26 16:02:20"
"Z:\Hisham\EUROMOD-STORAGE\reports\gamspy\boxcox\DE_2014_2016_panel\male_ascsOFF_q99\boxcox_male_ascsOFF_q99_cons_hist.png","23801","04-02-26 16:02:20"
"Z:\Hisham\EUROMOD-STORAGE\reports\gamspy\boxcox\DE_2014_2016_panel\male_ascsOFF_q99\boxcox_male_ascsOFF_q99_contours_norm.png","51580","04-02-26 16:02:20"
"Z:\Hisham\EUROMOD-STORAGE\reports\gamspy\boxcox\DE_2014_2016_panel\male_ascsOFF_q99\boxcox_male_ascsOFF_q99_leisure_hist.png","23398","04-02-26 16:02:20"
"Z:\Hisham\EUROMOD-STORAGE\reports\gamspy\boxcox\DE_2014_2016_panel\male_ascsOFF_q99\boxcox_male_ascsOFF_q99_meta.json","1904","04-02-26 16:02:20"
"Z:\Hisham\EUROMOD-STORAGE\reports\gamspy\boxcox\DE_2014_2016_panel\male_ascsOFF_q99\boxcox_male_ascsOFF_q99_muc_norm.png","37465","04-02-26 16:02:21"
"Z:\Hisham\EUROMOD-STORAGE\reports\gamspy\boxcox\DE_2014_2016_panel\male_ascsOFF_q99\boxcox_male_ascsOFF_q99_mucmul_draws.csv","89769","04-02-26 16:02:20"
"Z:\Hisham\EUROMOD-STORAGE\reports\gamspy\boxcox\DE_2014_2016_panel\male_ascsOFF_q99\boxcox_male_ascsOFF_q99_mucmul_summary.json","325","04-02-26 16:02:20"
"Z:\Hisham\EUROMOD-STORAGE\reports\gamspy\boxcox\DE_2014_2016_panel\male_ascsOFF_q99\boxcox_male_ascsOFF_q99_mul_norm.png","42702","04-02-26 16:02:21"
"Z:\Hisham\EUROMOD-STORAGE\reports\gamspy\boxcox\DE_2014_2016_panel\male_ascsOFF_q99\boxcox_male_ascsOFF_q99_param_descriptions.json","568","04-02-26 16:02:21"
"Z:\Hisham\EUROMOD-STORAGE\reports\gamspy\boxcox\DE_2014_2016_panel\male_ascsOFF_q99\boxcox_male_ascsOFF_q99_param_labels.json","377","04-02-26 16:02:21"
"Z:\Hisham\EUROMOD-STORAGE\reports\gamspy\boxcox\DE_2014_2016_panel\male_ascsOFF_q99\boxcox_male_ascsOFF_q99_parameters.csv","1246","04-02-26 16:02:21"
"Z:\Hisham\EUROMOD-STORAGE\reports\gamspy\boxcox\DE_2014_2016_panel\male_ascsOFF_q99\boxcox_male_ascsOFF_q99_util_decomp.csv","351","04-02-26 16:02:21"
"Z:\Hisham\EUROMOD-STORAGE\reports\gamspy\boxcox\DE_2014_2016_panel\male_ascsON_q99\boxcox_male_ascsON_q99_analysis.html","13232","04-02-26 16:02:21"
"Z:\Hisham\EUROMOD-STORAGE\reports\gamspy\boxcox\DE_2014_2016_panel\male_ascsON_q99\boxcox_male_ascsON_q99_confusion.csv","172","04-02-26 16:02:21"
"Z:\Hisham\EUROMOD-STORAGE\reports\gamspy\boxcox\DE_2014_2016_panel\male_ascsON_q99\boxcox_male_ascsON_q99_cons_hist.png","23792","04-02-26 16:02:21"
"Z:\Hisham\EUROMOD-STORAGE\reports\gamspy\boxcox\DE_2014_2016_panel\male_ascsON_q99\boxcox_male_ascsON_q99_contours_norm.png","37189","04-02-26 16:02:21"
"Z:\Hisham\EUROMOD-STORAGE\reports\gamspy\boxcox\DE_2014_2016_panel\male_ascsON_q99\boxcox_male_ascsON_q99_leisure_hist.png","23372","04-02-26 16:02:21"
"Z:\Hisham\EUROMOD-STORAGE\reports\gamspy\boxcox\DE_2014_2016_panel\male_ascsON_q99\boxcox_male_ascsON_q99_meta.json","2114","04-02-26 16:02:21"
"Z:\Hisham\EUROMOD-STORAGE\reports\gamspy\boxcox\DE_2014_2016_panel\male_ascsON_q99\boxcox_male_ascsON_q99_muc_norm.png","39626","04-02-26 16:02:21"
"Z:\Hisham\EUROMOD-STORAGE\reports\gamspy\boxcox\DE_2014_2016_panel\male_ascsON_q99\boxcox_male_ascsON_q99_mucmul_draws.csv","97218","04-02-26 16:02:21"
"Z:\Hisham\EUROMOD-STORAGE\reports\gamspy\boxcox\DE_2014_2016_panel\male_ascsON_q99\boxcox_male_ascsON_q99_mucmul_summary.json","328","04-02-26 16:02:21"
"Z:\Hisham\EUROMOD-STORAGE\reports\gamspy\boxcox\DE_2014_2016_panel\male_ascsON_q99\boxcox_male_ascsON_q99_mul_norm.png","40496","04-02-26 16:02:21"
"Z:\Hisham\EUROMOD-STORAGE\reports\gamspy\boxcox\DE_2014_2016_panel\male_ascsON_q99\boxcox_male_ascsON_q99_param_descriptions.json","850","04-02-26 16:02:21"
"Z:\Hisham\EUROMOD-STORAGE\reports\gamspy\boxcox\DE_2014_2016_panel\male_ascsON_q99\boxcox_male_ascsON_q99_param_labels.json","515","04-02-26 16:02:21"
"Z:\Hisham\EUROMOD-STORAGE\reports\gamspy\boxcox\DE_2014_2016_panel\male_ascsON_q99\boxcox_male_ascsON_q99_parameters.csv","2125","04-02-26 16:02:21"
"Z:\Hisham\EUROMOD-STORAGE\reports\gamspy\boxcox\DE_2014_2016_panel\male_ascsON_q99\boxcox_male_ascsON_q99_util_decomp.csv","390","04-02-26 16:02:21"
"Z:\Hisham\EUROMOD-STORAGE\reports\gamspy\boxcox\DE_2014_2016_panel\pooled_ascsOFF_q99\boxcox_pooled_ascsOFF_q99_analysis.html","11900","04-02-26 16:02:21"
"Z:\Hisham\EUROMOD-STORAGE\reports\gamspy\boxcox\DE_2014_2016_panel\pooled_ascsOFF_q99\boxcox_pooled_ascsOFF_q99_analysis~01.html","11900","04-02-26 16:02:21"
"Z:\Hisham\EUROMOD-STORAGE\reports\gamspy\boxcox\DE_2014_2016_panel\pooled_ascsOFF_q99\boxcox_pooled_ascsOFF_q99_confusion.csv","182","04-02-26 16:02:21"
"Z:\Hisham\EUROMOD-STORAGE\reports\gamspy\boxcox\DE_2014_2016_panel\pooled_ascsOFF_q99\boxcox_pooled_ascsOFF_q99_cons_hist.png","24090","04-02-26 16:02:21"
"Z:\Hisham\EUROMOD-STORAGE\reports\gamspy\boxcox\DE_2014_2016_panel\pooled_ascsOFF_q99\boxcox_pooled_ascsOFF_q99_contours_norm.png","52185","04-02-26 16:02:21"
"Z:\Hisham\EUROMOD-STORAGE\reports\gamspy\boxcox\DE_2014_2016_panel\pooled_ascsOFF_q99\boxcox_pooled_ascsOFF_q99_leisure_hist.png","24768","04-02-26 16:02:21"
"Z:\Hisham\EUROMOD-STORAGE\reports\gamspy\boxcox\DE_2014_2016_panel\pooled_ascsOFF_q99\boxcox_pooled_ascsOFF_q99_meta.json","1951","04-02-26 16:02:21"
"Z:\Hisham\EUROMOD-STORAGE\reports\gamspy\boxcox\DE_2014_2016_panel\pooled_ascsOFF_q99\boxcox_pooled_ascsOFF_q99_muc_norm.png","37010","04-02-26 16:02:21"
"Z:\Hisham\EUROMOD-STORAGE\reports\gamspy\boxcox\DE_2014_2016_panel\pooled_ascsOFF_q99\boxcox_pooled_ascsOFF_q99_mucmul_draws.csv","203915","04-02-26 16:02:21"
"Z:\Hisham\EUROMOD-STORAGE\reports\gamspy\boxcox\DE_2014_2016_panel\pooled_ascsOFF_q99\boxcox_pooled_ascsOFF_q99_mucmul_summary.json","328","04-02-26 16:02:21"
"Z:\Hisham\EUROMOD-STORAGE\reports\gamspy\boxcox\DE_2014_2016_panel\pooled_ascsOFF_q99\boxcox_pooled_ascsOFF_q99_mul_norm.png","43075","04-02-26 16:02:21"
"Z:\Hisham\EUROMOD-STORAGE\reports\gamspy\boxcox\DE_2014_2016_panel\pooled_ascsOFF_q99\boxcox_pooled_ascsOFF_q99_param_descriptions.json","632","04-02-26 16:02:21"
"Z:\Hisham\EUROMOD-STORAGE\reports\gamspy\boxcox\DE_2014_2016_panel\pooled_ascsOFF_q99\boxcox_pooled_ascsOFF_q99_param_labels.json","427","04-02-26 16:02:21"
"Z:\Hisham\EUROMOD-STORAGE\reports\gamspy\boxcox\DE_2014_2016_panel\pooled_ascsOFF_q99\boxcox_pooled_ascsOFF_q99_parameters.csv","1409","04-02-26 16:02:21"
"Z:\Hisham\EUROMOD-STORAGE\reports\gamspy\boxcox\DE_2014_2016_panel\pooled_ascsOFF_q99\boxcox_pooled_ascsOFF_q99_util_decomp.csv","345","04-02-26 16:02:21"
"Z:\Hisham\EUROMOD-STORAGE\reports\gamspy\boxcox\DE_2014_2016_panel\pooled_ascsON_q99\boxcox_pooled_ascsON_q99_analysis.html","13530","04-02-26 16:02:21"
"Z:\Hisham\EUROMOD-STORAGE\reports\gamspy\boxcox\DE_2014_2016_panel\pooled_ascsON_q99\boxcox_pooled_ascsON_q99_confusion.csv","178","04-02-26 16:02:22"
"Z:\Hisham\EUROMOD-STORAGE\reports\gamspy\boxcox\DE_2014_2016_panel\pooled_ascsON_q99\boxcox_pooled_ascsON_q99_cons_hist.png","24035","04-02-26 16:02:22"
"Z:\Hisham\EUROMOD-STORAGE\reports\gamspy\boxcox\DE_2014_2016_panel\pooled_ascsON_q99\boxcox_pooled_ascsON_q99_contours_norm.png","40155","04-02-26 16:02:22"
"Z:\Hisham\EUROMOD-STORAGE\reports\gamspy\boxcox\DE_2014_2016_panel\pooled_ascsON_q99\boxcox_pooled_ascsON_q99_leisure_hist.png","24701","04-02-26 16:02:22"
"Z:\Hisham\EUROMOD-STORAGE\reports\gamspy\boxcox\DE_2014_2016_panel\pooled_ascsON_q99\boxcox_pooled_ascsON_q99_meta.json","2160","04-02-26 16:02:22"
"Z:\Hisham\EUROMOD-STORAGE\reports\gamspy\boxcox\DE_2014_2016_panel\pooled_ascsON_q99\boxcox_pooled_ascsON_q99_muc_norm.png","38724","04-02-26 16:02:22"
"Z:\Hisham\EUROMOD-STORAGE\reports\gamspy\boxcox\DE_2014_2016_panel\pooled_ascsON_q99\boxcox_pooled_ascsON_q99_mucmul_draws.csv","221754","04-02-26 16:02:22"
"Z:\Hisham\EUROMOD-STORAGE\reports\gamspy\boxcox\DE_2014_2016_panel\pooled_ascsON_q99\boxcox_pooled_ascsON_q99_mucmul_summary.json","329","04-02-26 16:02:22"
"Z:\Hisham\EUROMOD-STORAGE\reports\gamspy\boxcox\DE_2014_2016_panel\pooled_ascsON_q99\boxcox_pooled_ascsON_q99_mul_norm.png","40399","04-02-26 16:02:22"
"Z:\Hisham\EUROMOD-STORAGE\reports\gamspy\boxcox\DE_2014_2016_panel\pooled_ascsON_q99\boxcox_pooled_ascsON_q99_param_descriptions.json","914","04-02-26 16:02:22"
"Z:\Hisham\EUROMOD-STORAGE\reports\gamspy\boxcox\DE_2014_2016_panel\pooled_ascsON_q99\boxcox_pooled_ascsON_q99_param_labels.json","565","04-02-26 16:02:22"
"Z:\Hisham\EUROMOD-STORAGE\reports\gamspy\boxcox\DE_2014_2016_panel\pooled_ascsON_q99\boxcox_pooled_ascsON_q99_parameters.csv","2271","04-02-26 16:02:22"
"Z:\Hisham\EUROMOD-STORAGE\reports\gamspy\boxcox\DE_2014_2016_panel\pooled_ascsON_q99\boxcox_pooled_ascsON_q99_util_decomp.csv","382","04-02-26 16:02:22"
"Z:\Hisham\EUROMOD-STORAGE\reports\gamspy\boxcox\pooled_genderSplit\pooled_ascsOFF_q99\boxcox_pooled_genderSplit_ascsOFF_q99_analysis.html","15682","04-02-26 16:02:22"
"Z:\Hisham\EUROMOD-STORAGE\reports\gamspy\boxcox\pooled_genderSplit\pooled_ascsOFF_q99\boxcox_pooled_genderSplit_ascsOFF_q99_confusion.csv","183","04-02-26 16:02:22"
"Z:\Hisham\EUROMOD-STORAGE\reports\gamspy\boxcox\pooled_genderSplit\pooled_ascsOFF_q99\boxcox_pooled_genderSplit_ascsOFF_q99_cons_hist.png","24090","04-02-26 16:02:22"
"Z:\Hisham\EUROMOD-STORAGE\reports\gamspy\boxcox\pooled_genderSplit\pooled_ascsOFF_q99\boxcox_pooled_genderSplit_ascsOFF_q99_contours_norm.png","52764","04-02-26 16:02:22"
"Z:\Hisham\EUROMOD-STORAGE\reports\gamspy\boxcox\pooled_genderSplit\pooled_ascsOFF_q99\boxcox_pooled_genderSplit_ascsOFF_q99_gender_contours_female.png","52764","04-02-26 16:02:22"
"Z:\Hisham\EUROMOD-STORAGE\reports\gamspy\boxcox\pooled_genderSplit\pooled_ascsOFF_q99\boxcox_pooled_genderSplit_ascsOFF_q99_gender_contours_general.png","52764","04-02-26 16:02:22"
"Z:\Hisham\EUROMOD-STORAGE\reports\gamspy\boxcox\pooled_genderSplit\pooled_ascsOFF_q99\boxcox_pooled_genderSplit_ascsOFF_q99_gender_contours_male.png","50399","04-02-26 16:02:22"
"Z:\Hisham\EUROMOD-STORAGE\reports\gamspy\boxcox\pooled_genderSplit\pooled_ascsOFF_q99\boxcox_pooled_genderSplit_ascsOFF_q99_gender_muc_female.png","40693","04-02-26 16:02:22"
"Z:\Hisham\EUROMOD-STORAGE\reports\gamspy\boxcox\pooled_genderSplit\pooled_ascsOFF_q99\boxcox_pooled_genderSplit_ascsOFF_q99_gender_muc_general.png","42136","04-02-26 16:02:22"
"Z:\Hisham\EUROMOD-STORAGE\reports\gamspy\boxcox\pooled_genderSplit\pooled_ascsOFF_q99\boxcox_pooled_genderSplit_ascsOFF_q99_gender_muc_male.png","40609","04-02-26 16:02:22"
"Z:\Hisham\EUROMOD-STORAGE\reports\gamspy\boxcox\pooled_genderSplit\pooled_ascsOFF_q99\boxcox_pooled_genderSplit_ascsOFF_q99_gender_mul_female.png","41747","04-02-26 16:02:22"
"Z:\Hisham\EUROMOD-STORAGE\reports\gamspy\boxcox\pooled_genderSplit\pooled_ascsOFF_q99\boxcox_pooled_genderSplit_ascsOFF_q99_gender_mul_general.png","43635","04-02-26 16:02:22"
"Z:\Hisham\EUROMOD-STORAGE\reports\gamspy\boxcox\pooled_genderSplit\pooled_ascsOFF_q99\boxcox_pooled_genderSplit_ascsOFF_q99_gender_mul_male.png","40245","04-02-26 16:02:22"
"Z:\Hisham\EUROMOD-STORAGE\reports\gamspy\boxcox\pooled_genderSplit\pooled_ascsOFF_q99\boxcox_pooled_genderSplit_ascsOFF_q99_leisure_hist.png","24768","04-02-26 16:02:22"
"Z:\Hisham\EUROMOD-STORAGE\reports\gamspy\boxcox\pooled_genderSplit\pooled_ascsOFF_q99\boxcox_pooled_genderSplit_ascsOFF_q99_meta.json","2300","04-02-26 16:02:22"
"Z:\Hisham\EUROMOD-STORAGE\reports\gamspy\boxcox\pooled_genderSplit\pooled_ascsOFF_q99\boxcox_pooled_genderSplit_ascsOFF_q99_muc_norm.png","37733","04-02-26 16:02:22"
"Z:\Hisham\EUROMOD-STORAGE\reports\gamspy\boxcox\pooled_genderSplit\pooled_ascsOFF_q99\boxcox_pooled_genderSplit_ascsOFF_q99_mucmul_draws.csv","203618","04-02-26 16:02:22"
"Z:\Hisham\EUROMOD-STORAGE\reports\gamspy\boxcox\pooled_genderSplit\pooled_ascsOFF_q99\boxcox_pooled_genderSplit_ascsOFF_q99_mucmul_summary.json","327","04-02-26 16:02:22"
"Z:\Hisham\EUROMOD-STORAGE\reports\gamspy\boxcox\pooled_genderSplit\pooled_ascsOFF_q99\boxcox_pooled_genderSplit_ascsOFF_q99_mul_norm.png","43022","04-02-26 16:02:22"
"Z:\Hisham\EUROMOD-STORAGE\reports\gamspy\boxcox\pooled_genderSplit\pooled_ascsOFF_q99\boxcox_pooled_genderSplit_ascsOFF_q99_param_descriptions.json","373","04-02-26 16:02:22"
"Z:\Hisham\EUROMOD-STORAGE\reports\gamspy\boxcox\pooled_genderSplit\pooled_ascsOFF_q99\boxcox_pooled_genderSplit_ascsOFF_q99_param_labels.json","567","04-02-26 16:02:22"
"Z:\Hisham\EUROMOD-STORAGE\reports\gamspy\boxcox\pooled_genderSplit\pooled_ascsOFF_q99\boxcox_pooled_genderSplit_ascsOFF_q99_parameters.csv","2508","04-02-26 16:02:22"
"Z:\Hisham\EUROMOD-STORAGE\reports\gamspy\boxcox\pooled_genderSplit\pooled_ascsOFF_q99\boxcox_pooled_genderSplit_ascsOFF_q99_util_decomp.csv","350","04-02-26 16:02:22"
"Z:\Hisham\EUROMOD-STORAGE\reports\mle_dcm\boxcox\DE_2014_2016_panel\female_ascsOFF_q99\boxcox_female_ascsOFF_q99_analysis.html","11858","04-02-26 16:02:23"
"Z:\Hisham\EUROMOD-STORAGE\reports\mle_dcm\boxcox\DE_2014_2016_panel\female_ascsOFF_q99\boxcox_female_ascsOFF_q99_confusion.csv","178","04-02-26 16:02:23"
"Z:\Hisham\EUROMOD-STORAGE\reports\mle_dcm\boxcox\DE_2014_2016_panel\female_ascsOFF_q99\boxcox_female_ascsOFF_q99_cons_hist.png","24535","04-02-26 16:02:23"
"Z:\Hisham\EUROMOD-STORAGE\reports\mle_dcm\boxcox\DE_2014_2016_panel\female_ascsOFF_q99\boxcox_female_ascsOFF_q99_contours_norm.png","52468","04-02-26 16:02:23"
"Z:\Hisham\EUROMOD-STORAGE\reports\mle_dcm\boxcox\DE_2014_2016_panel\female_ascsOFF_q99\boxcox_female_ascsOFF_q99_leisure_hist.png","24655","04-02-26 16:02:23"
"Z:\Hisham\EUROMOD-STORAGE\reports\mle_dcm\boxcox\DE_2014_2016_panel\female_ascsOFF_q99\boxcox_female_ascsOFF_q99_meta.json","2183","04-02-26 16:02:23"
"Z:\Hisham\EUROMOD-STORAGE\reports\mle_dcm\boxcox\DE_2014_2016_panel\female_ascsOFF_q99\boxcox_female_ascsOFF_q99_muc_norm.png","37093","04-02-26 16:02:23"
"Z:\Hisham\EUROMOD-STORAGE\reports\mle_dcm\boxcox\DE_2014_2016_panel\female_ascsOFF_q99\boxcox_female_ascsOFF_q99_mucmul_draws.csv","114658","04-02-26 16:02:23"
"Z:\Hisham\EUROMOD-STORAGE\reports\mle_dcm\boxcox\DE_2014_2016_panel\female_ascsOFF_q99\boxcox_female_ascsOFF_q99_mucmul_summary.json","326","04-02-26 16:02:23"
"Z:\Hisham\EUROMOD-STORAGE\reports\mle_dcm\boxcox\DE_2014_2016_panel\female_ascsOFF_q99\boxcox_female_ascsOFF_q99_mul_norm.png","41537","04-02-26 16:02:23"
"Z:\Hisham\EUROMOD-STORAGE\reports\mle_dcm\boxcox\DE_2014_2016_panel\female_ascsOFF_q99\boxcox_female_ascsOFF_q99_param_descriptions.json","568","04-02-26 16:02:23"
"Z:\Hisham\EUROMOD-STORAGE\reports\mle_dcm\boxcox\DE_2014_2016_panel\female_ascsOFF_q99\boxcox_female_ascsOFF_q99_param_labels.json","377","04-02-26 16:02:23"
"Z:\Hisham\EUROMOD-STORAGE\reports\mle_dcm\boxcox\DE_2014_2016_panel\female_ascsOFF_q99\boxcox_female_ascsOFF_q99_parameters.csv","1248","04-02-26 16:02:23"
"Z:\Hisham\EUROMOD-STORAGE\reports\mle_dcm\boxcox\DE_2014_2016_panel\female_ascsOFF_q99\boxcox_female_ascsOFF_q99_util_decomp.csv","350","04-02-26 16:02:23"
"Z:\Hisham\EUROMOD-STORAGE\reports\mle_dcm\boxcox\DE_2014_2016_panel\female_ascsON_q99\boxcox_female_ascsON_q99_analysis.html","13480","04-02-26 16:02:23"
"Z:\Hisham\EUROMOD-STORAGE\reports\mle_dcm\boxcox\DE_2014_2016_panel\female_ascsON_q99\boxcox_female_ascsON_q99_confusion.csv","176","04-02-26 16:02:23"
"Z:\Hisham\EUROMOD-STORAGE\reports\mle_dcm\boxcox\DE_2014_2016_panel\female_ascsON_q99\boxcox_female_ascsON_q99_cons_hist.png","24493","04-02-26 16:02:23"
"Z:\Hisham\EUROMOD-STORAGE\reports\mle_dcm\boxcox\DE_2014_2016_panel\female_ascsON_q99\boxcox_female_ascsON_q99_contours_norm.png","46693","04-02-26 16:02:23"
"Z:\Hisham\EUROMOD-STORAGE\reports\mle_dcm\boxcox\DE_2014_2016_panel\female_ascsON_q99\boxcox_female_ascsON_q99_leisure_hist.png","24637","04-02-26 16:02:23"
"Z:\Hisham\EUROMOD-STORAGE\reports\mle_dcm\boxcox\DE_2014_2016_panel\female_ascsON_q99\boxcox_female_ascsON_q99_meta.json","2393","04-02-26 16:02:23"
"Z:\Hisham\EUROMOD-STORAGE\reports\mle_dcm\boxcox\DE_2014_2016_panel\female_ascsON_q99\boxcox_female_ascsON_q99_muc_norm.png","36984","04-02-26 16:02:23"
"Z:\Hisham\EUROMOD-STORAGE\reports\mle_dcm\boxcox\DE_2014_2016_panel\female_ascsON_q99\boxcox_female_ascsON_q99_mucmul_draws.csv","125029","04-02-26 16:02:23"
"Z:\Hisham\EUROMOD-STORAGE\reports\mle_dcm\boxcox\DE_2014_2016_panel\female_ascsON_q99\boxcox_female_ascsON_q99_mucmul_summary.json","329","04-02-26 16:02:23"
"Z:\Hisham\EUROMOD-STORAGE\reports\mle_dcm\boxcox\DE_2014_2016_panel\female_ascsON_q99\boxcox_female_ascsON_q99_mul_norm.png","40087","04-02-26 16:02:23"
"Z:\Hisham\EUROMOD-STORAGE\reports\mle_dcm\boxcox\DE_2014_2016_panel\female_ascsON_q99\boxcox_female_ascsON_q99_param_descriptions.json","850","04-02-26 16:02:23"
"Z:\Hisham\EUROMOD-STORAGE\reports\mle_dcm\boxcox\DE_2014_2016_panel\female_ascsON_q99\boxcox_female_ascsON_q99_param_labels.json","515","04-02-26 16:02:23"
"Z:\Hisham\EUROMOD-STORAGE\reports\mle_dcm\boxcox\DE_2014_2016_panel\female_ascsON_q99\boxcox_female_ascsON_q99_parameters.csv","2103","04-02-26 16:02:23"
"Z:\Hisham\EUROMOD-STORAGE\reports\mle_dcm\boxcox\DE_2014_2016_panel\female_ascsON_q99\boxcox_female_ascsON_q99_util_decomp.csv","379","04-02-26 16:02:23"
"Z:\Hisham\EUROMOD-STORAGE\reports\mle_dcm\boxcox\DE_2014_2016_panel\male_ascsOFF_q99\boxcox_male_ascsOFF_q99_analysis.html","11831","04-02-26 16:02:23"
"Z:\Hisham\EUROMOD-STORAGE\reports\mle_dcm\boxcox\DE_2014_2016_panel\male_ascsOFF_q99\boxcox_male_ascsOFF_q99_confusion.csv","169","04-02-26 16:02:23"
"Z:\Hisham\EUROMOD-STORAGE\reports\mle_dcm\boxcox\DE_2014_2016_panel\male_ascsOFF_q99\boxcox_male_ascsOFF_q99_cons_hist.png","23801","04-02-26 16:02:23"
"Z:\Hisham\EUROMOD-STORAGE\reports\mle_dcm\boxcox\DE_2014_2016_panel\male_ascsOFF_q99\boxcox_male_ascsOFF_q99_contours_norm.png","51558","04-02-26 16:02:23"
"Z:\Hisham\EUROMOD-STORAGE\reports\mle_dcm\boxcox\DE_2014_2016_panel\male_ascsOFF_q99\boxcox_male_ascsOFF_q99_leisure_hist.png","23398","04-02-26 16:02:23"
"Z:\Hisham\EUROMOD-STORAGE\reports\mle_dcm\boxcox\DE_2014_2016_panel\male_ascsOFF_q99\boxcox_male_ascsOFF_q99_meta.json","2184","04-02-26 16:02:23"
"Z:\Hisham\EUROMOD-STORAGE\reports\mle_dcm\boxcox\DE_2014_2016_panel\male_ascsOFF_q99\boxcox_male_ascsOFF_q99_muc_norm.png","37465","04-02-26 16:02:23"
"Z:\Hisham\EUROMOD-STORAGE\reports\mle_dcm\boxcox\DE_2014_2016_panel\male_ascsOFF_q99\boxcox_male_ascsOFF_q99_mucmul_draws.csv","89925","04-02-26 16:02:23"
"Z:\Hisham\EUROMOD-STORAGE\reports\mle_dcm\boxcox\DE_2014_2016_panel\male_ascsOFF_q99\boxcox_male_ascsOFF_q99_mucmul_summary.json","325","04-02-26 16:02:23"
"Z:\Hisham\EUROMOD-STORAGE\reports\mle_dcm\boxcox\DE_2014_2016_panel\male_ascsOFF_q99\boxcox_male_ascsOFF_q99_mul_norm.png","42717","04-02-26 16:02:23"
"Z:\Hisham\EUROMOD-STORAGE\reports\mle_dcm\boxcox\DE_2014_2016_panel\male_ascsOFF_q99\boxcox_male_ascsOFF_q99_param_descriptions.json","568","04-02-26 16:02:23"
"Z:\Hisham\EUROMOD-STORAGE\reports\mle_dcm\boxcox\DE_2014_2016_panel\male_ascsOFF_q99\boxcox_male_ascsOFF_q99_param_labels.json","377","04-02-26 16:02:23"
"Z:\Hisham\EUROMOD-STORAGE\reports\mle_dcm\boxcox\DE_2014_2016_panel\male_ascsOFF_q99\boxcox_male_ascsOFF_q99_parameters.csv","1237","04-02-26 16:02:23"
"Z:\Hisham\EUROMOD-STORAGE\reports\mle_dcm\boxcox\DE_2014_2016_panel\male_ascsOFF_q99\boxcox_male_ascsOFF_q99_util_decomp.csv","351","04-02-26 16:02:23"
"Z:\Hisham\EUROMOD-STORAGE\reports\mle_dcm\boxcox\DE_2014_2016_panel\male_ascsON_q99\boxcox_male_ascsON_q99_analysis.html","13484","04-02-26 16:02:24"
"Z:\Hisham\EUROMOD-STORAGE\reports\mle_dcm\boxcox\DE_2014_2016_panel\male_ascsON_q99\boxcox_male_ascsON_q99_confusion.csv","173","04-02-26 16:02:24"
"Z:\Hisham\EUROMOD-STORAGE\reports\mle_dcm\boxcox\DE_2014_2016_panel\male_ascsON_q99\boxcox_male_ascsON_q99_cons_hist.png","23792","04-02-26 16:02:24"
"Z:\Hisham\EUROMOD-STORAGE\reports\mle_dcm\boxcox\DE_2014_2016_panel\male_ascsON_q99\boxcox_male_ascsON_q99_contours_norm.png","31289","04-02-26 16:02:24"
"Z:\Hisham\EUROMOD-STORAGE\reports\mle_dcm\boxcox\DE_2014_2016_panel\male_ascsON_q99\boxcox_male_ascsON_q99_leisure_hist.png","23372","04-02-26 16:02:24"
"Z:\Hisham\EUROMOD-STORAGE\reports\mle_dcm\boxcox\DE_2014_2016_panel\male_ascsON_q99\boxcox_male_ascsON_q99_meta.json","2414","04-02-26 16:02:24"
"Z:\Hisham\EUROMOD-STORAGE\reports\mle_dcm\boxcox\DE_2014_2016_panel\male_ascsON_q99\boxcox_male_ascsON_q99_muc_norm.png","43203","04-02-26 16:02:24"
"Z:\Hisham\EUROMOD-STORAGE\reports\mle_dcm\boxcox\DE_2014_2016_panel\male_ascsON_q99\boxcox_male_ascsON_q99_mucmul_draws.csv","109612","04-02-26 16:02:24"
"Z:\Hisham\EUROMOD-STORAGE\reports\mle_dcm\boxcox\DE_2014_2016_panel\male_ascsON_q99\boxcox_male_ascsON_q99_mucmul_summary.json","343","04-02-26 16:02:24"
"Z:\Hisham\EUROMOD-STORAGE\reports\mle_dcm\boxcox\DE_2014_2016_panel\male_ascsON_q99\boxcox_male_ascsON_q99_mul_norm.png","40226","04-02-26 16:02:24"
"Z:\Hisham\EUROMOD-STORAGE\reports\mle_dcm\boxcox\DE_2014_2016_panel\male_ascsON_q99\boxcox_male_ascsON_q99_param_descriptions.json","850","04-02-26 16:02:24"
"Z:\Hisham\EUROMOD-STORAGE\reports\mle_dcm\boxcox\DE_2014_2016_panel\male_ascsON_q99\boxcox_male_ascsON_q99_param_labels.json","515","04-02-26 16:02:24"
"Z:\Hisham\EUROMOD-STORAGE\reports\mle_dcm\boxcox\DE_2014_2016_panel\male_ascsON_q99\boxcox_male_ascsON_q99_parameters.csv","1995","04-02-26 16:02:24"
"Z:\Hisham\EUROMOD-STORAGE\reports\mle_dcm\boxcox\DE_2014_2016_panel\male_ascsON_q99\boxcox_male_ascsON_q99_util_decomp.csv","377","04-02-26 16:02:24"
"Z:\Hisham\EUROMOD-STORAGE\reports\mle_dcm\boxcox\DE_2014_2016_panel\pooled_ascsOFF_q99\boxcox_pooled_ascsOFF_q99_analysis.html","12153","04-02-26 16:02:24"
"Z:\Hisham\EUROMOD-STORAGE\reports\mle_dcm\boxcox\DE_2014_2016_panel\pooled_ascsOFF_q99\boxcox_pooled_ascsOFF_q99_confusion.csv","182","04-02-26 16:02:24"
"Z:\Hisham\EUROMOD-STORAGE\reports\mle_dcm\boxcox\DE_2014_2016_panel\pooled_ascsOFF_q99\boxcox_pooled_ascsOFF_q99_cons_hist.png","24090","04-02-26 16:02:24"
"Z:\Hisham\EUROMOD-STORAGE\reports\mle_dcm\boxcox\DE_2014_2016_panel\pooled_ascsOFF_q99\boxcox_pooled_ascsOFF_q99_contours_norm.png","52123","04-02-26 16:02:24"
"Z:\Hisham\EUROMOD-STORAGE\reports\mle_dcm\boxcox\DE_2014_2016_panel\pooled_ascsOFF_q99\boxcox_pooled_ascsOFF_q99_leisure_hist.png","24768","04-02-26 16:02:24"
"Z:\Hisham\EUROMOD-STORAGE\reports\mle_dcm\boxcox\DE_2014_2016_panel\pooled_ascsOFF_q99\boxcox_pooled_ascsOFF_q99_meta.json","2227","04-02-26 16:02:24"
"Z:\Hisham\EUROMOD-STORAGE\reports\mle_dcm\boxcox\DE_2014_2016_panel\pooled_ascsOFF_q99\boxcox_pooled_ascsOFF_q99_muc_norm.png","37617","04-02-26 16:02:24"
"Z:\Hisham\EUROMOD-STORAGE\reports\mle_dcm\boxcox\DE_2014_2016_panel\pooled_ascsOFF_q99\boxcox_pooled_ascsOFF_q99_mucmul_draws.csv","205030","04-02-26 16:02:24"
"Z:\Hisham\EUROMOD-STORAGE\reports\mle_dcm\boxcox\DE_2014_2016_panel\pooled_ascsOFF_q99\boxcox_pooled_ascsOFF_q99_mucmul_summary.json","327","04-02-26 16:02:24"
"Z:\Hisham\EUROMOD-STORAGE\reports\mle_dcm\boxcox\DE_2014_2016_panel\pooled_ascsOFF_q99\boxcox_pooled_ascsOFF_q99_mul_norm.png","43060","04-02-26 16:02:24"
"Z:\Hisham\EUROMOD-STORAGE\reports\mle_dcm\boxcox\DE_2014_2016_panel\pooled_ascsOFF_q99\boxcox_pooled_ascsOFF_q99_param_descriptions.json","632","04-02-26 16:02:24"
"Z:\Hisham\EUROMOD-STORAGE\reports\mle_dcm\boxcox\DE_2014_2016_panel\pooled_ascsOFF_q99\boxcox_pooled_ascsOFF_q99_param_labels.json","427","04-02-26 16:02:24"
"Z:\Hisham\EUROMOD-STORAGE\reports\mle_dcm\boxcox\DE_2014_2016_panel\pooled_ascsOFF_q99\boxcox_pooled_ascsOFF_q99_parameters.csv","1408","04-02-26 16:02:24"
"Z:\Hisham\EUROMOD-STORAGE\reports\mle_dcm\boxcox\DE_2014_2016_panel\pooled_ascsOFF_q99\boxcox_pooled_ascsOFF_q99_util_decomp.csv","350","04-02-26 16:02:24"
"Z:\Hisham\EUROMOD-STORAGE\reports\mle_dcm\boxcox\DE_2014_2016_panel\pooled_ascsOFF_q99_split\boxcox_pooled_genderSplit_ascsOFF_q99_analysis.html","15929","04-02-26 16:02:24"
"Z:\Hisham\EUROMOD-STORAGE\reports\mle_dcm\boxcox\DE_2014_2016_panel\pooled_ascsOFF_q99_split\boxcox_pooled_genderSplit_ascsOFF_q99_confusion.csv","183","04-02-26 16:02:24"
"Z:\Hisham\EUROMOD-STORAGE\reports\mle_dcm\boxcox\DE_2014_2016_panel\pooled_ascsOFF_q99_split\boxcox_pooled_genderSplit_ascsOFF_q99_cons_hist.png","24090","04-02-26 16:02:24"
"Z:\Hisham\EUROMOD-STORAGE\reports\mle_dcm\boxcox\DE_2014_2016_panel\pooled_ascsOFF_q99_split\boxcox_pooled_genderSplit_ascsOFF_q99_contours_norm.png","52647","04-02-26 16:02:24"
"Z:\Hisham\EUROMOD-STORAGE\reports\mle_dcm\boxcox\DE_2014_2016_panel\pooled_ascsOFF_q99_split\boxcox_pooled_genderSplit_ascsOFF_q99_gender_contours_female.png","52647","04-02-26 16:02:24"
"Z:\Hisham\EUROMOD-STORAGE\reports\mle_dcm\boxcox\DE_2014_2016_panel\pooled_ascsOFF_q99_split\boxcox_pooled_genderSplit_ascsOFF_q99_gender_contours_general.png","52647","04-02-26 16:02:24"
"Z:\Hisham\EUROMOD-STORAGE\reports\mle_dcm\boxcox\DE_2014_2016_panel\pooled_ascsOFF_q99_split\boxcox_pooled_genderSplit_ascsOFF_q99_gender_contours_male.png","50612","04-02-26 16:02:24"
"Z:\Hisham\EUROMOD-STORAGE\reports\mle_dcm\boxcox\DE_2014_2016_panel\pooled_ascsOFF_q99_split\boxcox_pooled_genderSplit_ascsOFF_q99_gender_muc_female.png","40693","04-02-26 16:02:24"
"Z:\Hisham\EUROMOD-STORAGE\reports\mle_dcm\boxcox\DE_2014_2016_panel\pooled_ascsOFF_q99_split\boxcox_pooled_genderSplit_ascsOFF_q99_gender_muc_general.png","42097","04-02-26 16:02:24"
"Z:\Hisham\EUROMOD-STORAGE\reports\mle_dcm\boxcox\DE_2014_2016_panel\pooled_ascsOFF_q99_split\boxcox_pooled_genderSplit_ascsOFF_q99_gender_muc_male.png","40613","04-02-26 16:02:24"
"Z:\Hisham\EUROMOD-STORAGE\reports\mle_dcm\boxcox\DE_2014_2016_panel\pooled_ascsOFF_q99_split\boxcox_pooled_genderSplit_ascsOFF_q99_gender_mul_female.png","41731","04-02-26 16:02:24"
"Z:\Hisham\EUROMOD-STORAGE\reports\mle_dcm\boxcox\DE_2014_2016_panel\pooled_ascsOFF_q99_split\boxcox_pooled_genderSplit_ascsOFF_q99_gender_mul_general.png","43606","04-02-26 16:02:25"
"Z:\Hisham\EUROMOD-STORAGE\reports\mle_dcm\boxcox\DE_2014_2016_panel\pooled_ascsOFF_q99_split\boxcox_pooled_genderSplit_ascsOFF_q99_gender_mul_male.png","40224","04-02-26 16:02:25"
"Z:\Hisham\EUROMOD-STORAGE\reports\mle_dcm\boxcox\DE_2014_2016_panel\pooled_ascsOFF_q99_split\boxcox_pooled_genderSplit_ascsOFF_q99_leisure_hist.png","24768","04-02-26 16:02:25"
"Z:\Hisham\EUROMOD-STORAGE\reports\mle_dcm\boxcox\DE_2014_2016_panel\pooled_ascsOFF_q99_split\boxcox_pooled_genderSplit_ascsOFF_q99_meta.json","2525","04-02-26 16:02:25"
"Z:\Hisham\EUROMOD-STORAGE\reports\mle_dcm\boxcox\DE_2014_2016_panel\pooled_ascsOFF_q99_split\boxcox_pooled_genderSplit_ascsOFF_q99_muc_norm.png","37810","04-02-26 16:02:25"
"Z:\Hisham\EUROMOD-STORAGE\reports\mle_dcm\boxcox\DE_2014_2016_panel\pooled_ascsOFF_q99_split\boxcox_pooled_genderSplit_ascsOFF_q99_mucmul_draws.csv","203895","04-02-26 16:02:25"
"Z:\Hisham\EUROMOD-STORAGE\reports\mle_dcm\boxcox\DE_2014_2016_panel\pooled_ascsOFF_q99_split\boxcox_pooled_genderSplit_ascsOFF_q99_mucmul_summary.json","327","04-02-26 16:02:25"
"Z:\Hisham\EUROMOD-STORAGE\reports\mle_dcm\boxcox\DE_2014_2016_panel\pooled_ascsOFF_q99_split\boxcox_pooled_genderSplit_ascsOFF_q99_mul_norm.png","42994","04-02-26 16:02:25"
"Z:\Hisham\EUROMOD-STORAGE\reports\mle_dcm\boxcox\DE_2014_2016_panel\pooled_ascsOFF_q99_split\boxcox_pooled_genderSplit_ascsOFF_q99_param_descriptions.json","373","04-02-26 16:02:25"
"Z:\Hisham\EUROMOD-STORAGE\reports\mle_dcm\boxcox\DE_2014_2016_panel\pooled_ascsOFF_q99_split\boxcox_pooled_genderSplit_ascsOFF_q99_param_labels.json","567","04-02-26 16:02:25"
"Z:\Hisham\EUROMOD-STORAGE\reports\mle_dcm\boxcox\DE_2014_2016_panel\pooled_ascsOFF_q99_split\boxcox_pooled_genderSplit_ascsOFF_q99_parameters.csv","2498","04-02-26 16:02:25"
"Z:\Hisham\EUROMOD-STORAGE\reports\mle_dcm\boxcox\DE_2014_2016_panel\pooled_ascsOFF_q99_split\boxcox_pooled_genderSplit_ascsOFF_q99_util_decomp.csv","350","04-02-26 16:02:25"
"Z:\Hisham\EUROMOD-STORAGE\reports\mle_dcm\boxcox\DE_2014_2016_panel\pooled_ascsON_q99\boxcox_pooled_genderSplit_ascsON_q99_analysis.html","17553","04-02-26 16:02:25"
"Z:\Hisham\EUROMOD-STORAGE\reports\mle_dcm\boxcox\DE_2014_2016_panel\pooled_ascsON_q99\boxcox_pooled_genderSplit_ascsON_q99_confusion.csv","179","04-02-26 16:02:25"
"Z:\Hisham\EUROMOD-STORAGE\reports\mle_dcm\boxcox\DE_2014_2016_panel\pooled_ascsON_q99\boxcox_pooled_genderSplit_ascsON_q99_cons_hist.png","24035","04-02-26 16:02:25"
"Z:\Hisham\EUROMOD-STORAGE\reports\mle_dcm\boxcox\DE_2014_2016_panel\pooled_ascsON_q99\boxcox_pooled_genderSplit_ascsON_q99_contours_norm.png","44316","04-02-26 16:02:25"
"Z:\Hisham\EUROMOD-STORAGE\reports\mle_dcm\boxcox\DE_2014_2016_panel\pooled_ascsON_q99\boxcox_pooled_genderSplit_ascsON_q99_gender_contours_female.png","44316","04-02-26 16:02:25"
"Z:\Hisham\EUROMOD-STORAGE\reports\mle_dcm\boxcox\DE_2014_2016_panel\pooled_ascsON_q99\boxcox_pooled_genderSplit_ascsON_q99_gender_contours_general.png","44316","04-02-26 16:02:25"
"Z:\Hisham\EUROMOD-STORAGE\reports\mle_dcm\boxcox\DE_2014_2016_panel\pooled_ascsON_q99\boxcox_pooled_genderSplit_ascsON_q99_gender_contours_male.png","33537","04-02-26 16:02:25"
"Z:\Hisham\EUROMOD-STORAGE\reports\mle_dcm\boxcox\DE_2014_2016_panel\pooled_ascsON_q99\boxcox_pooled_genderSplit_ascsON_q99_gender_muc_female.png","41271","04-02-26 16:02:25"
"Z:\Hisham\EUROMOD-STORAGE\reports\mle_dcm\boxcox\DE_2014_2016_panel\pooled_ascsON_q99\boxcox_pooled_genderSplit_ascsON_q99_gender_muc_general.png","43050","04-02-26 16:02:25"
"Z:\Hisham\EUROMOD-STORAGE\reports\mle_dcm\boxcox\DE_2014_2016_panel\pooled_ascsON_q99\boxcox_pooled_genderSplit_ascsON_q99_gender_muc_male.png","45563","04-02-26 16:02:25"
"Z:\Hisham\EUROMOD-STORAGE\reports\mle_dcm\boxcox\DE_2014_2016_panel\pooled_ascsON_q99\boxcox_pooled_genderSplit_ascsON_q99_gender_mul_female.png","44521","04-02-26 16:02:25"
"Z:\Hisham\EUROMOD-STORAGE\reports\mle_dcm\boxcox\DE_2014_2016_panel\pooled_ascsON_q99\boxcox_pooled_genderSplit_ascsON_q99_gender_mul_general.png","46475","04-02-26 16:02:25"
"Z:\Hisham\EUROMOD-STORAGE\reports\mle_dcm\boxcox\DE_2014_2016_panel\pooled_ascsON_q99\boxcox_pooled_genderSplit_ascsON_q99_gender_mul_male.png","43676","04-02-26 16:02:25"
"Z:\Hisham\EUROMOD-STORAGE\reports\mle_dcm\boxcox\DE_2014_2016_panel\pooled_ascsON_q99\boxcox_pooled_genderSplit_ascsON_q99_leisure_hist.png","24701","04-02-26 16:02:25"
"Z:\Hisham\EUROMOD-STORAGE\reports\mle_dcm\boxcox\DE_2014_2016_panel\pooled_ascsON_q99\boxcox_pooled_genderSplit_ascsON_q99_meta.json","2746","04-02-26 16:02:25"
"Z:\Hisham\EUROMOD-STORAGE\reports\mle_dcm\boxcox\DE_2014_2016_panel\pooled_ascsON_q99\boxcox_pooled_genderSplit_ascsON_q99_muc_norm.png","37816","04-02-26 16:02:25"
"Z:\Hisham\EUROMOD-STORAGE\reports\mle_dcm\boxcox\DE_2014_2016_panel\pooled_ascsON_q99\boxcox_pooled_genderSplit_ascsON_q99_mucmul_draws.csv","223854","04-02-26 16:02:25"
"Z:\Hisham\EUROMOD-STORAGE\reports\mle_dcm\boxcox\DE_2014_2016_panel\pooled_ascsON_q99\boxcox_pooled_genderSplit_ascsON_q99_mucmul_summary.json","344","04-02-26 16:02:25"
"Z:\Hisham\EUROMOD-STORAGE\reports\mle_dcm\boxcox\DE_2014_2016_panel\pooled_ascsON_q99\boxcox_pooled_genderSplit_ascsON_q99_mul_norm.png","41087","04-02-26 16:02:25"
"Z:\Hisham\EUROMOD-STORAGE\reports\mle_dcm\boxcox\DE_2014_2016_panel\pooled_ascsON_q99\boxcox_pooled_genderSplit_ascsON_q99_param_descriptions.json","655","04-02-26 16:02:25"
"Z:\Hisham\EUROMOD-STORAGE\reports\mle_dcm\boxcox\DE_2014_2016_panel\pooled_ascsON_q99\boxcox_pooled_genderSplit_ascsON_q99_param_labels.json","705","04-02-26 16:02:25"
"Z:\Hisham\EUROMOD-STORAGE\reports\mle_dcm\boxcox\DE_2014_2016_panel\pooled_ascsON_q99\boxcox_pooled_genderSplit_ascsON_q99_parameters.csv","3240","04-02-26 16:02:25"
"Z:\Hisham\EUROMOD-STORAGE\reports\mle_dcm\boxcox\DE_2014_2016_panel\pooled_ascsON_q99\boxcox_pooled_genderSplit_ascsON_q99_util_decomp.csv","382","04-02-26 16:02:25"
"Z:\Hisham\EUROMOD-STORAGE\reports\mle_dcm\boxcox\DE_2014_2016_panel\pooled_ascsON_q99_nosp\boxcox_pooled_ascsON_q99_analysis.html","13805","04-02-26 16:02:25"
"Z:\Hisham\EUROMOD-STORAGE\reports\mle_dcm\boxcox\DE_2014_2016_panel\pooled_ascsON_q99_nosp\boxcox_pooled_ascsON_q99_confusion.csv","179","04-02-26 16:02:25"
"Z:\Hisham\EUROMOD-STORAGE\reports\mle_dcm\boxcox\DE_2014_2016_panel\pooled_ascsON_q99_nosp\boxcox_pooled_ascsON_q99_cons_hist.png","24035","04-02-26 16:02:25"
"Z:\Hisham\EUROMOD-STORAGE\reports\mle_dcm\boxcox\DE_2014_2016_panel\pooled_ascsON_q99_nosp\boxcox_pooled_ascsON_q99_contours_norm.png","29730","04-02-26 16:02:25"
"Z:\Hisham\EUROMOD-STORAGE\reports\mle_dcm\boxcox\DE_2014_2016_panel\pooled_ascsON_q99_nosp\boxcox_pooled_ascsON_q99_leisure_hist.png","24701","04-02-26 16:02:25"
"Z:\Hisham\EUROMOD-STORAGE\reports\mle_dcm\boxcox\DE_2014_2016_panel\pooled_ascsON_q99_nosp\boxcox_pooled_ascsON_q99_meta.json","2437","04-02-26 16:02:25"
"Z:\Hisham\EUROMOD-STORAGE\reports\mle_dcm\boxcox\DE_2014_2016_panel\pooled_ascsON_q99_nosp\boxcox_pooled_ascsON_q99_muc_norm.png","39818","04-02-26 16:02:26"
"Z:\Hisham\EUROMOD-STORAGE\reports\mle_dcm\boxcox\DE_2014_2016_panel\pooled_ascsON_q99_nosp\boxcox_pooled_ascsON_q99_mucmul_draws.csv","244582","04-02-26 16:02:26"
"Z:\Hisham\EUROMOD-STORAGE\reports\mle_dcm\boxcox\DE_2014_2016_panel\pooled_ascsON_q99_nosp\boxcox_pooled_ascsON_q99_mucmul_summary.json","329","04-02-26 16:02:26"
"Z:\Hisham\EUROMOD-STORAGE\reports\mle_dcm\boxcox\DE_2014_2016_panel\pooled_ascsON_q99_nosp\boxcox_pooled_ascsON_q99_mul_norm.png","38945","04-02-26 16:02:26"
"Z:\Hisham\EUROMOD-STORAGE\reports\mle_dcm\boxcox\DE_2014_2016_panel\pooled_ascsON_q99_nosp\boxcox_pooled_ascsON_q99_param_descriptions.json","914","04-02-26 16:02:26"
"Z:\Hisham\EUROMOD-STORAGE\reports\mle_dcm\boxcox\DE_2014_2016_panel\pooled_ascsON_q99_nosp\boxcox_pooled_ascsON_q99_param_labels.json","565","04-02-26 16:02:26"
"Z:\Hisham\EUROMOD-STORAGE\reports\mle_dcm\boxcox\DE_2014_2016_panel\pooled_ascsON_q99_nosp\boxcox_pooled_ascsON_q99_parameters.csv","2091","04-02-26 16:02:26"
"Z:\Hisham\EUROMOD-STORAGE\reports\mle_dcm\boxcox\DE_2014_2016_panel\pooled_ascsON_q99_nosp\boxcox_pooled_ascsON_q99_util_decomp.csv","406","04-02-26 16:02:26"
"Z:\Hisham\EUROMOD-STORAGE\reports\mle_dcm\boxcox\female_ascsOFF_q99\boxcox_female_ascsOFF_q99_analysis.html","10551","04-02-26 16:02:26"
"Z:\Hisham\EUROMOD-STORAGE\reports\mle_dcm\boxcox\female_ascsOFF_q99\boxcox_female_ascsOFF_q99_confusion.csv","182","04-02-26 16:02:26"
"Z:\Hisham\EUROMOD-STORAGE\reports\mle_dcm\boxcox\female_ascsOFF_q99\boxcox_female_ascsOFF_q99_meta.json","1820","04-02-26 16:02:26"
"Z:\Hisham\EUROMOD-STORAGE\reports\mle_dcm\boxcox\female_ascsOFF_q99\boxcox_female_ascsOFF_q99_mucmul_summary.json","327","04-02-26 16:02:26"
"Z:\Hisham\EUROMOD-STORAGE\reports\mle_dcm\boxcox\female_ascsOFF_q99\boxcox_female_ascsOFF_q99_param_descriptions.json","568","04-02-26 16:02:26"
"Z:\Hisham\EUROMOD-STORAGE\reports\mle_dcm\boxcox\female_ascsOFF_q99\boxcox_female_ascsOFF_q99_param_labels.json","377","04-02-26 16:02:26"
"Z:\Hisham\EUROMOD-STORAGE\reports\mle_dcm\boxcox\female_ascsOFF_q99\boxcox_female_ascsOFF_q99_parameters.csv","1233","04-02-26 16:02:26"
"Z:\Hisham\EUROMOD-STORAGE\reports\mle_dcm\boxcox\female_ascsOFF_q99\separate\boxcox_female_ascsOFF_q99_analysis.html","10352","04-02-26 16:02:26"
"Z:\Hisham\EUROMOD-STORAGE\reports\mle_dcm\boxcox\female_ascsOFF_q99\separate\boxcox_female_ascsOFF_q99_confusion.csv","169","04-02-26 16:02:26"
"Z:\Hisham\EUROMOD-STORAGE\reports\mle_dcm\boxcox\female_ascsOFF_q99\separate\boxcox_female_ascsOFF_q99_cons_hist.png","21732","04-02-26 16:02:26"
"Z:\Hisham\EUROMOD-STORAGE\reports\mle_dcm\boxcox\female_ascsOFF_q99\separate\boxcox_female_ascsOFF_q99_contours_norm.png","55602","04-02-26 16:02:26"
"Z:\Hisham\EUROMOD-STORAGE\reports\mle_dcm\boxcox\female_ascsOFF_q99\separate\boxcox_female_ascsOFF_q99_leisure_hist.png","21968","04-02-26 16:02:26"
"Z:\Hisham\EUROMOD-STORAGE\reports\mle_dcm\boxcox\female_ascsOFF_q99\separate\boxcox_female_ascsOFF_q99_meta.json","1694","04-02-26 16:02:26"
"Z:\Hisham\EUROMOD-STORAGE\reports\mle_dcm\boxcox\female_ascsOFF_q99\separate\boxcox_female_ascsOFF_q99_muc_norm.png","37115","04-02-26 16:02:26"
"Z:\Hisham\EUROMOD-STORAGE\reports\mle_dcm\boxcox\female_ascsOFF_q99\separate\boxcox_female_ascsOFF_q99_mucmul_draws.csv","38363","04-02-26 16:02:26"
"Z:\Hisham\EUROMOD-STORAGE\reports\mle_dcm\boxcox\female_ascsOFF_q99\separate\boxcox_female_ascsOFF_q99_mucmul_summary.json","327","04-02-26 16:02:26"
"Z:\Hisham\EUROMOD-STORAGE\reports\mle_dcm\boxcox\female_ascsOFF_q99\separate\boxcox_female_ascsOFF_q99_mul_norm.png","41164","04-02-26 16:02:26"
"Z:\Hisham\EUROMOD-STORAGE\reports\mle_dcm\boxcox\female_ascsOFF_q99\separate\boxcox_female_ascsOFF_q99_param_descriptions.json","568","04-02-26 16:02:26"
"Z:\Hisham\EUROMOD-STORAGE\reports\mle_dcm\boxcox\female_ascsOFF_q99\separate\boxcox_female_ascsOFF_q99_param_labels.json","377","04-02-26 16:02:26"
"Z:\Hisham\EUROMOD-STORAGE\reports\mle_dcm\boxcox\female_ascsOFF_q99\separate\boxcox_female_ascsOFF_q99_parameters.csv","1212","04-02-26 16:02:26"
"Z:\Hisham\EUROMOD-STORAGE\reports\mle_dcm\boxcox\female_ascsOFF_q99\separate\boxcox_female_ascsOFF_q99_util_decomp.csv","346","04-02-26 16:02:26"
"Z:\Hisham\EUROMOD-STORAGE\reports\mle_dcm\boxcox\female_ascsON_q99\boxcox_female_ascsON_q99_analysis.html","11450","04-02-26 16:02:26"
"Z:\Hisham\EUROMOD-STORAGE\reports\mle_dcm\boxcox\female_ascsON_q99\boxcox_female_ascsON_q99_confusion.csv","175","04-02-26 16:02:26"
"Z:\Hisham\EUROMOD-STORAGE\reports\mle_dcm\boxcox\female_ascsON_q99\boxcox_female_ascsON_q99_cons_hist.png","24493","04-02-26 16:02:26"
"Z:\Hisham\EUROMOD-STORAGE\reports\mle_dcm\boxcox\female_ascsON_q99\boxcox_female_ascsON_q99_contours_norm.png","48367","04-02-26 16:02:26"
"Z:\Hisham\EUROMOD-STORAGE\reports\mle_dcm\boxcox\female_ascsON_q99\boxcox_female_ascsON_q99_leisure_hist.png","24637","04-02-26 16:02:26"
"Z:\Hisham\EUROMOD-STORAGE\reports\mle_dcm\boxcox\female_ascsON_q99\boxcox_female_ascsON_q99_meta.json","2030","04-02-26 16:02:26"
"Z:\Hisham\EUROMOD-STORAGE\reports\mle_dcm\boxcox\female_ascsON_q99\boxcox_female_ascsON_q99_muc_norm.png","35435","04-02-26 16:02:27"
"Z:\Hisham\EUROMOD-STORAGE\reports\mle_dcm\boxcox\female_ascsON_q99\boxcox_female_ascsON_q99_mucmul_draws.csv","124570","04-02-26 16:02:26"
"Z:\Hisham\EUROMOD-STORAGE\reports\mle_dcm\boxcox\female_ascsON_q99\boxcox_female_ascsON_q99_mucmul_summary.json","328","04-02-26 16:02:26"
"Z:\Hisham\EUROMOD-STORAGE\reports\mle_dcm\boxcox\female_ascsON_q99\boxcox_female_ascsON_q99_mul_norm.png","37204","04-02-26 16:02:27"
"Z:\Hisham\EUROMOD-STORAGE\reports\mle_dcm\boxcox\female_ascsON_q99\boxcox_female_ascsON_q99_param_descriptions.json","850","04-02-26 16:02:27"
"Z:\Hisham\EUROMOD-STORAGE\reports\mle_dcm\boxcox\female_ascsON_q99\boxcox_female_ascsON_q99_param_labels.json","515","04-02-26 16:02:27"
"Z:\Hisham\EUROMOD-STORAGE\reports\mle_dcm\boxcox\female_ascsON_q99\boxcox_female_ascsON_q99_parameters.csv","2065","04-02-26 16:02:27"
"Z:\Hisham\EUROMOD-STORAGE\reports\mle_dcm\boxcox\female_ascsON_q99\boxcox_female_ascsON_q99_util_decomp.csv","380","04-02-26 16:02:27"
"Z:\Hisham\EUROMOD-STORAGE\reports\mle_dcm\boxcox\male_ascsOFF_q99\boxcox_male_ascsOFF_q99_analysis.html","10693","04-02-26 16:02:27"
"Z:\Hisham\EUROMOD-STORAGE\reports\mle_dcm\boxcox\male_ascsOFF_q99\boxcox_male_ascsOFF_q99_analysis~01.html","10707","04-02-26 16:02:27"
"Z:\Hisham\EUROMOD-STORAGE\reports\mle_dcm\boxcox\male_ascsOFF_q99\boxcox_male_ascsOFF_q99_confusion.csv","170","04-02-26 16:02:27"
"Z:\Hisham\EUROMOD-STORAGE\reports\mle_dcm\boxcox\male_ascsOFF_q99\boxcox_male_ascsOFF_q99_cons_hist.png","23801","04-02-26 16:02:27"
"Z:\Hisham\EUROMOD-STORAGE\reports\mle_dcm\boxcox\male_ascsOFF_q99\boxcox_male_ascsOFF_q99_contours_norm.png","55543","04-02-26 16:02:27"
"Z:\Hisham\EUROMOD-STORAGE\reports\mle_dcm\boxcox\male_ascsOFF_q99\boxcox_male_ascsOFF_q99_leisure_hist.png","23398","04-02-26 16:02:27"
"Z:\Hisham\EUROMOD-STORAGE\reports\mle_dcm\boxcox\male_ascsOFF_q99\boxcox_male_ascsOFF_q99_meta.json","1698","04-02-26 16:02:27"
"Z:\Hisham\EUROMOD-STORAGE\reports\mle_dcm\boxcox\male_ascsOFF_q99\boxcox_male_ascsOFF_q99_muc_norm.png","36137","04-02-26 16:02:27"
"Z:\Hisham\EUROMOD-STORAGE\reports\mle_dcm\boxcox\male_ascsOFF_q99\boxcox_male_ascsOFF_q99_mucmul_draws.csv","89666","04-02-26 16:02:27"
"Z:\Hisham\EUROMOD-STORAGE\reports\mle_dcm\boxcox\male_ascsOFF_q99\boxcox_male_ascsOFF_q99_mucmul_summary.json","326","04-02-26 16:02:27"
"Z:\Hisham\EUROMOD-STORAGE\reports\mle_dcm\boxcox\male_ascsOFF_q99\boxcox_male_ascsOFF_q99_mul_norm.png","40862","04-02-26 16:02:27"
"Z:\Hisham\EUROMOD-STORAGE\reports\mle_dcm\boxcox\male_ascsOFF_q99\boxcox_male_ascsOFF_q99_param_descriptions.json","568","04-02-26 16:02:27"
"Z:\Hisham\EUROMOD-STORAGE\reports\mle_dcm\boxcox\male_ascsOFF_q99\boxcox_male_ascsOFF_q99_param_labels.json","377","04-02-26 16:02:27"
"Z:\Hisham\EUROMOD-STORAGE\reports\mle_dcm\boxcox\male_ascsOFF_q99\boxcox_male_ascsOFF_q99_parameters.csv","1224","04-02-26 16:02:27"
"Z:\Hisham\EUROMOD-STORAGE\reports\mle_dcm\boxcox\male_ascsOFF_q99\boxcox_male_ascsOFF_q99_util_decomp.csv","346","04-02-26 16:02:27"
"Z:\Hisham\EUROMOD-STORAGE\reports\mle_dcm\boxcox\male_ascsOFF_q99\separate_2015\boxcox_male_ascsOFF_q99_analysis.html","10482","07-11-25 09:46:29"
"Z:\Hisham\EUROMOD-STORAGE\reports\mle_dcm\boxcox\male_ascsOFF_q99\separate_2015\boxcox_male_ascsOFF_q99_confusion.csv","164","07-11-25 10:05:15"
"Z:\Hisham\EUROMOD-STORAGE\reports\mle_dcm\boxcox\male_ascsOFF_q99\separate_2015\boxcox_male_ascsOFF_q99_contours_norm.png","55348","07-11-25 10:05:49"
"Z:\Hisham\EUROMOD-STORAGE\reports\mle_dcm\boxcox\male_ascsOFF_q99\separate_2015\boxcox_male_ascsOFF_q99_logl_hist.png","20636","07-11-25 09:56:58"
"Z:\Hisham\EUROMOD-STORAGE\reports\mle_dcm\boxcox\male_ascsOFF_q99\separate_2015\boxcox_male_ascsOFF_q99_logy_hist.png","21013","07-11-25 09:56:58"
"Z:\Hisham\EUROMOD-STORAGE\reports\mle_dcm\boxcox\male_ascsOFF_q99\separate_2015\boxcox_male_ascsOFF_q99_meta.json","1697","07-11-25 10:05:15"
"Z:\Hisham\EUROMOD-STORAGE\reports\mle_dcm\boxcox\male_ascsOFF_q99\separate_2015\boxcox_male_ascsOFF_q99_muc_norm.png","37615","07-11-25 10:05:49"
"Z:\Hisham\EUROMOD-STORAGE\reports\mle_dcm\boxcox\male_ascsOFF_q99\separate_2015\boxcox_male_ascsOFF_q99_mucmul_draws.csv","30582","07-11-25 10:05:49"
"Z:\Hisham\EUROMOD-STORAGE\reports\mle_dcm\boxcox\male_ascsOFF_q99\separate_2015\boxcox_male_ascsOFF_q99_mucmul_summary.json","327","07-11-25 10:05:15"
"Z:\Hisham\EUROMOD-STORAGE\reports\mle_dcm\boxcox\male_ascsOFF_q99\separate_2015\boxcox_male_ascsOFF_q99_mul_norm.png","40960","07-11-25 10:05:49"
"Z:\Hisham\EUROMOD-STORAGE\reports\mle_dcm\boxcox\male_ascsOFF_q99\separate_2015\boxcox_male_ascsOFF_q99_param_descriptions.json","568","07-11-25 10:05:15"
"Z:\Hisham\EUROMOD-STORAGE\reports\mle_dcm\boxcox\male_ascsOFF_q99\separate_2015\boxcox_male_ascsOFF_q99_param_labels.json","377","07-11-25 10:05:15"
"Z:\Hisham\EUROMOD-STORAGE\reports\mle_dcm\boxcox\male_ascsOFF_q99\separate_2015\boxcox_male_ascsOFF_q99_parameters.csv","1211","07-11-25 10:05:15"
"Z:\Hisham\EUROMOD-STORAGE\reports\mle_dcm\boxcox\male_ascsOFF_q99\separate_2015\boxcox_male_ascsOFF_q99_util_decomp.csv","346","07-11-25 10:05:49"
"Z:\Hisham\EUROMOD-STORAGE\reports\mle_dcm\boxcox\pooled_ascsOFF_q99\boxcox_pooled_ascsOFF_q99_analysis.html","11011","04-02-26 16:02:28"
"Z:\Hisham\EUROMOD-STORAGE\reports\mle_dcm\boxcox\pooled_ascsOFF_q99\boxcox_pooled_ascsOFF_q99_confusion.csv","174","04-02-26 16:02:28"
"Z:\Hisham\EUROMOD-STORAGE\reports\mle_dcm\boxcox\pooled_ascsOFF_q99\boxcox_pooled_ascsOFF_q99_cons_hist.png","21717","04-02-26 16:02:28"
"Z:\Hisham\EUROMOD-STORAGE\reports\mle_dcm\boxcox\pooled_ascsOFF_q99\boxcox_pooled_ascsOFF_q99_contours_norm.png","55161","04-02-26 16:02:28"
"Z:\Hisham\EUROMOD-STORAGE\reports\mle_dcm\boxcox\pooled_ascsOFF_q99\boxcox_pooled_ascsOFF_q99_leisure_hist.png","22272","04-02-26 16:02:28"
"Z:\Hisham\EUROMOD-STORAGE\reports\mle_dcm\boxcox\pooled_ascsOFF_q99\boxcox_pooled_ascsOFF_q99_meta.json","1756","04-02-26 16:02:28"
"Z:\Hisham\EUROMOD-STORAGE\reports\mle_dcm\boxcox\pooled_ascsOFF_q99\boxcox_pooled_ascsOFF_q99_muc_norm.png","38784","04-02-26 16:02:28"
"Z:\Hisham\EUROMOD-STORAGE\reports\mle_dcm\boxcox\pooled_ascsOFF_q99\boxcox_pooled_ascsOFF_q99_mucmul_draws.csv","68716","04-02-26 16:02:28"
"Z:\Hisham\EUROMOD-STORAGE\reports\mle_dcm\boxcox\pooled_ascsOFF_q99\boxcox_pooled_ascsOFF_q99_mucmul_summary.json","328","04-02-26 16:02:28"
"Z:\Hisham\EUROMOD-STORAGE\reports\mle_dcm\boxcox\pooled_ascsOFF_q99\boxcox_pooled_ascsOFF_q99_mul_norm.png","41270","04-02-26 16:02:28"
"Z:\Hisham\EUROMOD-STORAGE\reports\mle_dcm\boxcox\pooled_ascsOFF_q99\boxcox_pooled_ascsOFF_q99_param_descriptions.json","632","04-02-26 16:02:28"
"Z:\Hisham\EUROMOD-STORAGE\reports\mle_dcm\boxcox\pooled_ascsOFF_q99\boxcox_pooled_ascsOFF_q99_param_labels.json","427","04-02-26 16:02:28"
"Z:\Hisham\EUROMOD-STORAGE\reports\mle_dcm\boxcox\pooled_ascsOFF_q99\boxcox_pooled_ascsOFF_q99_parameters.csv","1395","04-02-26 16:02:28"
"Z:\Hisham\EUROMOD-STORAGE\reports\mle_dcm\boxcox\pooled_ascsOFF_q99\boxcox_pooled_ascsOFF_q99_util_decomp.csv","345","04-02-26 16:02:28"
"Z:\Hisham\EUROMOD-STORAGE_1\reports\gamspy\boxcox\DE_2014_2016_panel\female_ascsOFF_q99\boxcox_female_ascsOFF_q99_analysis.html","11608","26-11-25 15:19:10"
"Z:\Hisham\EUROMOD-STORAGE_1\reports\gamspy\boxcox\DE_2014_2016_panel\female_ascsOFF_q99\boxcox_female_ascsOFF_q99_confusion.csv","178","26-11-25 15:18:33"
"Z:\Hisham\EUROMOD-STORAGE_1\reports\gamspy\boxcox\DE_2014_2016_panel\female_ascsOFF_q99\boxcox_female_ascsOFF_q99_cons_hist.png","24535","26-11-25 15:19:09"
"Z:\Hisham\EUROMOD-STORAGE_1\reports\gamspy\boxcox\DE_2014_2016_panel\female_ascsOFF_q99\boxcox_female_ascsOFF_q99_contours_norm.png","52519","26-11-25 15:19:10"
"Z:\Hisham\EUROMOD-STORAGE_1\reports\gamspy\boxcox\DE_2014_2016_panel\female_ascsOFF_q99\boxcox_female_ascsOFF_q99_leisure_hist.png","24655","26-11-25 15:19:09"
"Z:\Hisham\EUROMOD-STORAGE_1\reports\gamspy\boxcox\DE_2014_2016_panel\female_ascsOFF_q99\boxcox_female_ascsOFF_q99_meta.json","1904","26-11-25 15:18:33"
"Z:\Hisham\EUROMOD-STORAGE_1\reports\gamspy\boxcox\DE_2014_2016_panel\female_ascsOFF_q99\boxcox_female_ascsOFF_q99_muc_norm.png","37067","26-11-25 15:19:10"
"Z:\Hisham\EUROMOD-STORAGE_1\reports\gamspy\boxcox\DE_2014_2016_panel\female_ascsOFF_q99\boxcox_female_ascsOFF_q99_mucmul_draws.csv","114171","26-11-25 15:19:09"
"Z:\Hisham\EUROMOD-STORAGE_1\reports\gamspy\boxcox\DE_2014_2016_panel\female_ascsOFF_q99\boxcox_female_ascsOFF_q99_mucmul_summary.json","327","26-11-25 15:18:33"
"Z:\Hisham\EUROMOD-STORAGE_1\reports\gamspy\boxcox\DE_2014_2016_panel\female_ascsOFF_q99\boxcox_female_ascsOFF_q99_mul_norm.png","42547","26-11-25 15:19:10"
"Z:\Hisham\EUROMOD-STORAGE_1\reports\gamspy\boxcox\DE_2014_2016_panel\female_ascsOFF_q99\boxcox_female_ascsOFF_q99_param_descriptions.json","568","26-11-25 15:18:33"
"Z:\Hisham\EUROMOD-STORAGE_1\reports\gamspy\boxcox\DE_2014_2016_panel\female_ascsOFF_q99\boxcox_female_ascsOFF_q99_param_labels.json","377","26-11-25 15:18:33"
"Z:\Hisham\EUROMOD-STORAGE_1\reports\gamspy\boxcox\DE_2014_2016_panel\female_ascsOFF_q99\boxcox_female_ascsOFF_q99_parameters.csv","1255","26-11-25 15:18:33"
"Z:\Hisham\EUROMOD-STORAGE_1\reports\gamspy\boxcox\DE_2014_2016_panel\female_ascsOFF_q99\boxcox_female_ascsOFF_q99_util_decomp.csv","348","26-11-25 15:19:09"
"Z:\Hisham\EUROMOD-STORAGE_1\reports\gamspy\boxcox\DE_2014_2016_panel\female_ascsON_q99\boxcox_female_ascsON_q99_analysis.html","13230","26-11-25 15:21:16"
"Z:\Hisham\EUROMOD-STORAGE_1\reports\gamspy\boxcox\DE_2014_2016_panel\female_ascsON_q99\boxcox_female_ascsON_q99_confusion.csv","176","26-11-25 15:20:37"
"Z:\Hisham\EUROMOD-STORAGE_1\reports\gamspy\boxcox\DE_2014_2016_panel\female_ascsON_q99\boxcox_female_ascsON_q99_cons_hist.png","24493","26-11-25 15:21:15"
"Z:\Hisham\EUROMOD-STORAGE_1\reports\gamspy\boxcox\DE_2014_2016_panel\female_ascsON_q99\boxcox_female_ascsON_q99_contours_norm.png","46671","26-11-25 15:21:16"
"Z:\Hisham\EUROMOD-STORAGE_1\reports\gamspy\boxcox\DE_2014_2016_panel\female_ascsON_q99\boxcox_female_ascsON_q99_leisure_hist.png","24637","26-11-25 15:21:15"
"Z:\Hisham\EUROMOD-STORAGE_1\reports\gamspy\boxcox\DE_2014_2016_panel\female_ascsON_q99\boxcox_female_ascsON_q99_meta.json","2113","26-11-25 15:20:37"
"Z:\Hisham\EUROMOD-STORAGE_1\reports\gamspy\boxcox\DE_2014_2016_panel\female_ascsON_q99\boxcox_female_ascsON_q99_muc_norm.png","37010","26-11-25 15:21:15"
"Z:\Hisham\EUROMOD-STORAGE_1\reports\gamspy\boxcox\DE_2014_2016_panel\female_ascsON_q99\boxcox_female_ascsON_q99_mucmul_draws.csv","125140","26-11-25 15:21:15"
"Z:\Hisham\EUROMOD-STORAGE_1\reports\gamspy\boxcox\DE_2014_2016_panel\female_ascsON_q99\boxcox_female_ascsON_q99_mucmul_summary.json","329","26-11-25 15:20:37"
"Z:\Hisham\EUROMOD-STORAGE_1\reports\gamspy\boxcox\DE_2014_2016_panel\female_ascsON_q99\boxcox_female_ascsON_q99_mul_norm.png","40124","26-11-25 15:21:16"
"Z:\Hisham\EUROMOD-STORAGE_1\reports\gamspy\boxcox\DE_2014_2016_panel\female_ascsON_q99\boxcox_female_ascsON_q99_param_descriptions.json","850","26-11-25 15:20:37"
"Z:\Hisham\EUROMOD-STORAGE_1\reports\gamspy\boxcox\DE_2014_2016_panel\female_ascsON_q99\boxcox_female_ascsON_q99_param_labels.json","515","26-11-25 15:20:37"
"Z:\Hisham\EUROMOD-STORAGE_1\reports\gamspy\boxcox\DE_2014_2016_panel\female_ascsON_q99\boxcox_female_ascsON_q99_parameters.csv","2118","26-11-25 15:20:37"
"Z:\Hisham\EUROMOD-STORAGE_1\reports\gamspy\boxcox\DE_2014_2016_panel\female_ascsON_q99\boxcox_female_ascsON_q99_util_decomp.csv","379","26-11-25 15:21:15"
"Z:\Hisham\EUROMOD-STORAGE_1\reports\gamspy\boxcox\DE_2014_2016_panel\male_ascsOFF_q99\boxcox_male_ascsOFF_q99_analysis.html","11582","26-11-25 15:23:07"
"Z:\Hisham\EUROMOD-STORAGE_1\reports\gamspy\boxcox\DE_2014_2016_panel\male_ascsOFF_q99\boxcox_male_ascsOFF_q99_confusion.csv","169","26-11-25 15:22:32"
"Z:\Hisham\EUROMOD-STORAGE_1\reports\gamspy\boxcox\DE_2014_2016_panel\male_ascsOFF_q99\boxcox_male_ascsOFF_q99_cons_hist.png","23801","26-11-25 15:23:06"
"Z:\Hisham\EUROMOD-STORAGE_1\reports\gamspy\boxcox\DE_2014_2016_panel\male_ascsOFF_q99\boxcox_male_ascsOFF_q99_contours_norm.png","51580","26-11-25 15:23:07"
"Z:\Hisham\EUROMOD-STORAGE_1\reports\gamspy\boxcox\DE_2014_2016_panel\male_ascsOFF_q99\boxcox_male_ascsOFF_q99_leisure_hist.png","23398","26-11-25 15:23:06"
"Z:\Hisham\EUROMOD-STORAGE_1\reports\gamspy\boxcox\DE_2014_2016_panel\male_ascsOFF_q99\boxcox_male_ascsOFF_q99_meta.json","1904","26-11-25 15:22:32"
"Z:\Hisham\EUROMOD-STORAGE_1\reports\gamspy\boxcox\DE_2014_2016_panel\male_ascsOFF_q99\boxcox_male_ascsOFF_q99_muc_norm.png","37465","26-11-25 15:23:06"
"Z:\Hisham\EUROMOD-STORAGE_1\reports\gamspy\boxcox\DE_2014_2016_panel\male_ascsOFF_q99\boxcox_male_ascsOFF_q99_mucmul_draws.csv","89769","26-11-25 15:23:06"
"Z:\Hisham\EUROMOD-STORAGE_1\reports\gamspy\boxcox\DE_2014_2016_panel\male_ascsOFF_q99\boxcox_male_ascsOFF_q99_mucmul_summary.json","325","26-11-25 15:22:32"
"Z:\Hisham\EUROMOD-STORAGE_1\reports\gamspy\boxcox\DE_2014_2016_panel\male_ascsOFF_q99\boxcox_male_ascsOFF_q99_mul_norm.png","42702","26-11-25 15:23:07"
"Z:\Hisham\EUROMOD-STORAGE_1\reports\gamspy\boxcox\DE_2014_2016_panel\male_ascsOFF_q99\boxcox_male_ascsOFF_q99_param_descriptions.json","568","26-11-25 15:22:32"
"Z:\Hisham\EUROMOD-STORAGE_1\reports\gamspy\boxcox\DE_2014_2016_panel\male_ascsOFF_q99\boxcox_male_ascsOFF_q99_param_labels.json","377","26-11-25 15:22:32"
"Z:\Hisham\EUROMOD-STORAGE_1\reports\gamspy\boxcox\DE_2014_2016_panel\male_ascsOFF_q99\boxcox_male_ascsOFF_q99_parameters.csv","1246","26-11-25 15:22:32"
"Z:\Hisham\EUROMOD-STORAGE_1\reports\gamspy\boxcox\DE_2014_2016_panel\male_ascsOFF_q99\boxcox_male_ascsOFF_q99_util_decomp.csv","351","26-11-25 15:23:06"
"Z:\Hisham\EUROMOD-STORAGE_1\reports\gamspy\boxcox\DE_2014_2016_panel\male_ascsON_q99\boxcox_male_ascsON_q99_analysis.html","13232","26-11-25 15:25:00"
"Z:\Hisham\EUROMOD-STORAGE_1\reports\gamspy\boxcox\DE_2014_2016_panel\male_ascsON_q99\boxcox_male_ascsON_q99_confusion.csv","172","26-11-25 15:24:28"
"Z:\Hisham\EUROMOD-STORAGE_1\reports\gamspy\boxcox\DE_2014_2016_panel\male_ascsON_q99\boxcox_male_ascsON_q99_cons_hist.png","23792","26-11-25 15:24:59"
"Z:\Hisham\EUROMOD-STORAGE_1\reports\gamspy\boxcox\DE_2014_2016_panel\male_ascsON_q99\boxcox_male_ascsON_q99_contours_norm.png","37189","26-11-25 15:25:00"
"Z:\Hisham\EUROMOD-STORAGE_1\reports\gamspy\boxcox\DE_2014_2016_panel\male_ascsON_q99\boxcox_male_ascsON_q99_leisure_hist.png","23372","26-11-25 15:24:59"
"Z:\Hisham\EUROMOD-STORAGE_1\reports\gamspy\boxcox\DE_2014_2016_panel\male_ascsON_q99\boxcox_male_ascsON_q99_meta.json","2114","26-11-25 15:24:28"
"Z:\Hisham\EUROMOD-STORAGE_1\reports\gamspy\boxcox\DE_2014_2016_panel\male_ascsON_q99\boxcox_male_ascsON_q99_muc_norm.png","39626","26-11-25 15:24:59"
"Z:\Hisham\EUROMOD-STORAGE_1\reports\gamspy\boxcox\DE_2014_2016_panel\male_ascsON_q99\boxcox_male_ascsON_q99_mucmul_draws.csv","97218","26-11-25 15:24:59"
"Z:\Hisham\EUROMOD-STORAGE_1\reports\gamspy\boxcox\DE_2014_2016_panel\male_ascsON_q99\boxcox_male_ascsON_q99_mucmul_summary.json","328","26-11-25 15:24:28"
"Z:\Hisham\EUROMOD-STORAGE_1\reports\gamspy\boxcox\DE_2014_2016_panel\male_ascsON_q99\boxcox_male_ascsON_q99_mul_norm.png","40496","26-11-25 15:25:00"
"Z:\Hisham\EUROMOD-STORAGE_1\reports\gamspy\boxcox\DE_2014_2016_panel\male_ascsON_q99\boxcox_male_ascsON_q99_param_descriptions.json","850","26-11-25 15:24:28"
"Z:\Hisham\EUROMOD-STORAGE_1\reports\gamspy\boxcox\DE_2014_2016_panel\male_ascsON_q99\boxcox_male_ascsON_q99_param_labels.json","515","26-11-25 15:24:28"
"Z:\Hisham\EUROMOD-STORAGE_1\reports\gamspy\boxcox\DE_2014_2016_panel\male_ascsON_q99\boxcox_male_ascsON_q99_parameters.csv","2125","26-11-25 15:24:28"
"Z:\Hisham\EUROMOD-STORAGE_1\reports\gamspy\boxcox\DE_2014_2016_panel\male_ascsON_q99\boxcox_male_ascsON_q99_util_decomp.csv","390","26-11-25 15:24:59"
"Z:\Hisham\EUROMOD-STORAGE_1\reports\gamspy\boxcox\DE_2014_2016_panel\pooled_ascsOFF_q99\boxcox_pooled_ascsOFF_q99_analysis.html","11900","26-11-25 15:31:31"
"Z:\Hisham\EUROMOD-STORAGE_1\reports\gamspy\boxcox\DE_2014_2016_panel\pooled_ascsOFF_q99\boxcox_pooled_ascsOFF_q99_analysis~01.html","11900","26-11-25 16:58:20"
"Z:\Hisham\EUROMOD-STORAGE_1\reports\gamspy\boxcox\DE_2014_2016_panel\pooled_ascsOFF_q99\boxcox_pooled_ascsOFF_q99_confusion.csv","182","26-11-25 15:30:49"
"Z:\Hisham\EUROMOD-STORAGE_1\reports\gamspy\boxcox\DE_2014_2016_panel\pooled_ascsOFF_q99\boxcox_pooled_ascsOFF_q99_cons_hist.png","24090","26-11-25 16:58:19"
"Z:\Hisham\EUROMOD-STORAGE_1\reports\gamspy\boxcox\DE_2014_2016_panel\pooled_ascsOFF_q99\boxcox_pooled_ascsOFF_q99_contours_norm.png","52185","26-11-25 16:58:20"
"Z:\Hisham\EUROMOD-STORAGE_1\reports\gamspy\boxcox\DE_2014_2016_panel\pooled_ascsOFF_q99\boxcox_pooled_ascsOFF_q99_leisure_hist.png","24768","26-11-25 16:58:19"
"Z:\Hisham\EUROMOD-STORAGE_1\reports\gamspy\boxcox\DE_2014_2016_panel\pooled_ascsOFF_q99\boxcox_pooled_ascsOFF_q99_meta.json","1951","26-11-25 15:30:49"
"Z:\Hisham\EUROMOD-STORAGE_1\reports\gamspy\boxcox\DE_2014_2016_panel\pooled_ascsOFF_q99\boxcox_pooled_ascsOFF_q99_muc_norm.png","37010","26-11-25 16:58:20"
"Z:\Hisham\EUROMOD-STORAGE_1\reports\gamspy\boxcox\DE_2014_2016_panel\pooled_ascsOFF_q99\boxcox_pooled_ascsOFF_q99_mucmul_draws.csv","203915","26-11-25 16:58:20"
"Z:\Hisham\EUROMOD-STORAGE_1\reports\gamspy\boxcox\DE_2014_2016_panel\pooled_ascsOFF_q99\boxcox_pooled_ascsOFF_q99_mucmul_summary.json","328","26-11-25 15:30:50"
"Z:\Hisham\EUROMOD-STORAGE_1\reports\gamspy\boxcox\DE_2014_2016_panel\pooled_ascsOFF_q99\boxcox_pooled_ascsOFF_q99_mul_norm.png","43075","26-11-25 16:58:20"
"Z:\Hisham\EUROMOD-STORAGE_1\reports\gamspy\boxcox\DE_2014_2016_panel\pooled_ascsOFF_q99\boxcox_pooled_ascsOFF_q99_param_descriptions.json","632","26-11-25 15:30:49"
"Z:\Hisham\EUROMOD-STORAGE_1\reports\gamspy\boxcox\DE_2014_2016_panel\pooled_ascsOFF_q99\boxcox_pooled_ascsOFF_q99_param_labels.json","427","26-11-25 15:30:49"
"Z:\Hisham\EUROMOD-STORAGE_1\reports\gamspy\boxcox\DE_2014_2016_panel\pooled_ascsOFF_q99\boxcox_pooled_ascsOFF_q99_parameters.csv","1409","26-11-25 15:30:49"
"Z:\Hisham\EUROMOD-STORAGE_1\reports\gamspy\boxcox\DE_2014_2016_panel\pooled_ascsOFF_q99\boxcox_pooled_ascsOFF_q99_util_decomp.csv","345","26-11-25 16:58:20"
"Z:\Hisham\EUROMOD-STORAGE_1\reports\gamspy\boxcox\DE_2014_2016_panel\pooled_ascsON_q99\boxcox_pooled_ascsON_q99_analysis.html","13530","26-11-25 15:33:48"
"Z:\Hisham\EUROMOD-STORAGE_1\reports\gamspy\boxcox\DE_2014_2016_panel\pooled_ascsON_q99\boxcox_pooled_ascsON_q99_confusion.csv","178","26-11-25 15:33:10"
"Z:\Hisham\EUROMOD-STORAGE_1\reports\gamspy\boxcox\DE_2014_2016_panel\pooled_ascsON_q99\boxcox_pooled_ascsON_q99_cons_hist.png","24035","26-11-25 15:33:47"
"Z:\Hisham\EUROMOD-STORAGE_1\reports\gamspy\boxcox\DE_2014_2016_panel\pooled_ascsON_q99\boxcox_pooled_ascsON_q99_contours_norm.png","40155","26-11-25 15:33:48"
"Z:\Hisham\EUROMOD-STORAGE_1\reports\gamspy\boxcox\DE_2014_2016_panel\pooled_ascsON_q99\boxcox_pooled_ascsON_q99_leisure_hist.png","24701","26-11-25 15:33:47"
"Z:\Hisham\EUROMOD-STORAGE_1\reports\gamspy\boxcox\DE_2014_2016_panel\pooled_ascsON_q99\boxcox_pooled_ascsON_q99_meta.json","2160","26-11-25 15:33:10"
"Z:\Hisham\EUROMOD-STORAGE_1\reports\gamspy\boxcox\DE_2014_2016_panel\pooled_ascsON_q99\boxcox_pooled_ascsON_q99_muc_norm.png","38724","26-11-25 15:33:48"
"Z:\Hisham\EUROMOD-STORAGE_1\reports\gamspy\boxcox\DE_2014_2016_panel\pooled_ascsON_q99\boxcox_pooled_ascsON_q99_mucmul_draws.csv","221754","26-11-25 15:33:47"
"Z:\Hisham\EUROMOD-STORAGE_1\reports\gamspy\boxcox\DE_2014_2016_panel\pooled_ascsON_q99\boxcox_pooled_ascsON_q99_mucmul_summary.json","329","26-11-25 15:33:10"
"Z:\Hisham\EUROMOD-STORAGE_1\reports\gamspy\boxcox\DE_2014_2016_panel\pooled_ascsON_q99\boxcox_pooled_ascsON_q99_mul_norm.png","40399","26-11-25 15:33:48"
"Z:\Hisham\EUROMOD-STORAGE_1\reports\gamspy\boxcox\DE_2014_2016_panel\pooled_ascsON_q99\boxcox_pooled_ascsON_q99_param_descriptions.json","914","26-11-25 15:33:10"
"Z:\Hisham\EUROMOD-STORAGE_1\reports\gamspy\boxcox\DE_2014_2016_panel\pooled_ascsON_q99\boxcox_pooled_ascsON_q99_param_labels.json","565","26-11-25 15:33:10"
"Z:\Hisham\EUROMOD-STORAGE_1\reports\gamspy\boxcox\DE_2014_2016_panel\pooled_ascsON_q99\boxcox_pooled_ascsON_q99_parameters.csv","2271","26-11-25 15:33:10"
"Z:\Hisham\EUROMOD-STORAGE_1\reports\gamspy\boxcox\DE_2014_2016_panel\pooled_ascsON_q99\boxcox_pooled_ascsON_q99_util_decomp.csv","382","26-11-25 15:33:47"
"Z:\Hisham\EUROMOD-STORAGE_1\reports\gamspy\boxcox\pooled_genderSplit\pooled_ascsOFF_q99\boxcox_pooled_genderSplit_ascsOFF_q99_analysis.html","15682","26-11-25 17:21:46"
"Z:\Hisham\EUROMOD-STORAGE_1\reports\gamspy\boxcox\pooled_genderSplit\pooled_ascsOFF_q99\boxcox_pooled_genderSplit_ascsOFF_q99_confusion.csv","183","26-11-25 17:21:06"
"Z:\Hisham\EUROMOD-STORAGE_1\reports\gamspy\boxcox\pooled_genderSplit\pooled_ascsOFF_q99\boxcox_pooled_genderSplit_ascsOFF_q99_cons_hist.png","24090","26-11-25 17:21:44"
"Z:\Hisham\EUROMOD-STORAGE_1\reports\gamspy\boxcox\pooled_genderSplit\pooled_ascsOFF_q99\boxcox_pooled_genderSplit_ascsOFF_q99_contours_norm.png","52764","26-11-25 17:21:45"
"Z:\Hisham\EUROMOD-STORAGE_1\reports\gamspy\boxcox\pooled_genderSplit\pooled_ascsOFF_q99\boxcox_pooled_genderSplit_ascsOFF_q99_gender_contours_female.png","52764","26-11-25 17:21:46"
"Z:\Hisham\EUROMOD-STORAGE_1\reports\gamspy\boxcox\pooled_genderSplit\pooled_ascsOFF_q99\boxcox_pooled_genderSplit_ascsOFF_q99_gender_contours_general.png","52764","26-11-25 17:21:45"
"Z:\Hisham\EUROMOD-STORAGE_1\reports\gamspy\boxcox\pooled_genderSplit\pooled_ascsOFF_q99\boxcox_pooled_genderSplit_ascsOFF_q99_gender_contours_male.png","50399","26-11-25 17:21:46"
"Z:\Hisham\EUROMOD-STORAGE_1\reports\gamspy\boxcox\pooled_genderSplit\pooled_ascsOFF_q99\boxcox_pooled_genderSplit_ascsOFF_q99_gender_muc_female.png","40693","26-11-25 17:21:46"
"Z:\Hisham\EUROMOD-STORAGE_1\reports\gamspy\boxcox\pooled_genderSplit\pooled_ascsOFF_q99\boxcox_pooled_genderSplit_ascsOFF_q99_gender_muc_general.png","42136","26-11-25 17:21:45"
"Z:\Hisham\EUROMOD-STORAGE_1\reports\gamspy\boxcox\pooled_genderSplit\pooled_ascsOFF_q99\boxcox_pooled_genderSplit_ascsOFF_q99_gender_muc_male.png","40609","26-11-25 17:21:46"
"Z:\Hisham\EUROMOD-STORAGE_1\reports\gamspy\boxcox\pooled_genderSplit\pooled_ascsOFF_q99\boxcox_pooled_genderSplit_ascsOFF_q99_gender_mul_female.png","41747","26-11-25 17:21:46"
"Z:\Hisham\EUROMOD-STORAGE_1\reports\gamspy\boxcox\pooled_genderSplit\pooled_ascsOFF_q99\boxcox_pooled_genderSplit_ascsOFF_q99_gender_mul_general.png","43635","26-11-25 17:21:45"
"Z:\Hisham\EUROMOD-STORAGE_1\reports\gamspy\boxcox\pooled_genderSplit\pooled_ascsOFF_q99\boxcox_pooled_genderSplit_ascsOFF_q99_gender_mul_male.png","40245","26-11-25 17:21:46"
"Z:\Hisham\EUROMOD-STORAGE_1\reports\gamspy\boxcox\pooled_genderSplit\pooled_ascsOFF_q99\boxcox_pooled_genderSplit_ascsOFF_q99_leisure_hist.png","24768","26-11-25 17:21:44"
"Z:\Hisham\EUROMOD-STORAGE_1\reports\gamspy\boxcox\pooled_genderSplit\pooled_ascsOFF_q99\boxcox_pooled_genderSplit_ascsOFF_q99_meta.json","2300","26-11-25 17:21:06"
"Z:\Hisham\EUROMOD-STORAGE_1\reports\gamspy\boxcox\pooled_genderSplit\pooled_ascsOFF_q99\boxcox_pooled_genderSplit_ascsOFF_q99_muc_norm.png","37733","26-11-25 17:21:44"
"Z:\Hisham\EUROMOD-STORAGE_1\reports\gamspy\boxcox\pooled_genderSplit\pooled_ascsOFF_q99\boxcox_pooled_genderSplit_ascsOFF_q99_mucmul_draws.csv","203618","26-11-25 17:21:44"
"Z:\Hisham\EUROMOD-STORAGE_1\reports\gamspy\boxcox\pooled_genderSplit\pooled_ascsOFF_q99\boxcox_pooled_genderSplit_ascsOFF_q99_mucmul_summary.json","327","26-11-25 17:21:06"
"Z:\Hisham\EUROMOD-STORAGE_1\reports\gamspy\boxcox\pooled_genderSplit\pooled_ascsOFF_q99\boxcox_pooled_genderSplit_ascsOFF_q99_mul_norm.png","43022","26-11-25 17:21:44"
"Z:\Hisham\EUROMOD-STORAGE_1\reports\gamspy\boxcox\pooled_genderSplit\pooled_ascsOFF_q99\boxcox_pooled_genderSplit_ascsOFF_q99_param_descriptions.json","373","26-11-25 17:21:06"
"Z:\Hisham\EUROMOD-STORAGE_1\reports\gamspy\boxcox\pooled_genderSplit\pooled_ascsOFF_q99\boxcox_pooled_genderSplit_ascsOFF_q99_param_labels.json","567","26-11-25 17:21:06"
"Z:\Hisham\EUROMOD-STORAGE_1\reports\gamspy\boxcox\pooled_genderSplit\pooled_ascsOFF_q99\boxcox_pooled_genderSplit_ascsOFF_q99_parameters.csv","2508","26-11-25 17:21:06"
"Z:\Hisham\EUROMOD-STORAGE_1\reports\gamspy\boxcox\pooled_genderSplit\pooled_ascsOFF_q99\boxcox_pooled_genderSplit_ascsOFF_q99_util_decomp.csv","350","26-11-25 17:21:44"
"Z:\Hisham\EUROMOD-STORAGE_1\reports\mle_dcm\boxcox\DE_2014_2016_panel\female_ascsOFF_q99\boxcox_female_ascsOFF_q99_analysis.html","11858","26-11-25 12:07:04"
"Z:\Hisham\EUROMOD-STORAGE_1\reports\mle_dcm\boxcox\DE_2014_2016_panel\female_ascsOFF_q99\boxcox_female_ascsOFF_q99_confusion.csv","178","26-11-25 12:06:31"
"Z:\Hisham\EUROMOD-STORAGE_1\reports\mle_dcm\boxcox\DE_2014_2016_panel\female_ascsOFF_q99\boxcox_female_ascsOFF_q99_cons_hist.png","24535","26-11-25 12:07:03"
"Z:\Hisham\EUROMOD-STORAGE_1\reports\mle_dcm\boxcox\DE_2014_2016_panel\female_ascsOFF_q99\boxcox_female_ascsOFF_q99_contours_norm.png","52468","26-11-25 12:07:04"
"Z:\Hisham\EUROMOD-STORAGE_1\reports\mle_dcm\boxcox\DE_2014_2016_panel\female_ascsOFF_q99\boxcox_female_ascsOFF_q99_leisure_hist.png","24655","26-11-25 12:07:03"
"Z:\Hisham\EUROMOD-STORAGE_1\reports\mle_dcm\boxcox\DE_2014_2016_panel\female_ascsOFF_q99\boxcox_female_ascsOFF_q99_meta.json","2183","26-11-25 12:06:31"
"Z:\Hisham\EUROMOD-STORAGE_1\reports\mle_dcm\boxcox\DE_2014_2016_panel\female_ascsOFF_q99\boxcox_female_ascsOFF_q99_muc_norm.png","37093","26-11-25 12:07:04"
"Z:\Hisham\EUROMOD-STORAGE_1\reports\mle_dcm\boxcox\DE_2014_2016_panel\female_ascsOFF_q99\boxcox_female_ascsOFF_q99_mucmul_draws.csv","114658","26-11-25 12:07:03"
"Z:\Hisham\EUROMOD-STORAGE_1\reports\mle_dcm\boxcox\DE_2014_2016_panel\female_ascsOFF_q99\boxcox_female_ascsOFF_q99_mucmul_summary.json","326","26-11-25 12:06:31"
"Z:\Hisham\EUROMOD-STORAGE_1\reports\mle_dcm\boxcox\DE_2014_2016_panel\female_ascsOFF_q99\boxcox_female_ascsOFF_q99_mul_norm.png","41537","26-11-25 12:07:04"
"Z:\Hisham\EUROMOD-STORAGE_1\reports\mle_dcm\boxcox\DE_2014_2016_panel\female_ascsOFF_q99\boxcox_female_ascsOFF_q99_param_descriptions.json","568","26-11-25 12:06:31"
"Z:\Hisham\EUROMOD-STORAGE_1\reports\mle_dcm\boxcox\DE_2014_2016_panel\female_ascsOFF_q99\boxcox_female_ascsOFF_q99_param_labels.json","377","26-11-25 12:06:31"
"Z:\Hisham\EUROMOD-STORAGE_1\reports\mle_dcm\boxcox\DE_2014_2016_panel\female_ascsOFF_q99\boxcox_female_ascsOFF_q99_parameters.csv","1248","26-11-25 12:06:31"
"Z:\Hisham\EUROMOD-STORAGE_1\reports\mle_dcm\boxcox\DE_2014_2016_panel\female_ascsOFF_q99\boxcox_female_ascsOFF_q99_util_decomp.csv","350","26-11-25 12:07:03"
"Z:\Hisham\EUROMOD-STORAGE_1\reports\mle_dcm\boxcox\DE_2014_2016_panel\female_ascsON_q99\boxcox_female_ascsON_q99_analysis.html","13480","26-11-25 12:13:01"
"Z:\Hisham\EUROMOD-STORAGE_1\reports\mle_dcm\boxcox\DE_2014_2016_panel\female_ascsON_q99\boxcox_female_ascsON_q99_confusion.csv","176","26-11-25 12:12:27"
"Z:\Hisham\EUROMOD-STORAGE_1\reports\mle_dcm\boxcox\DE_2014_2016_panel\female_ascsON_q99\boxcox_female_ascsON_q99_cons_hist.png","24493","26-11-25 12:13:00"
"Z:\Hisham\EUROMOD-STORAGE_1\reports\mle_dcm\boxcox\DE_2014_2016_panel\female_ascsON_q99\boxcox_female_ascsON_q99_contours_norm.png","46693","26-11-25 12:13:01"
"Z:\Hisham\EUROMOD-STORAGE_1\reports\mle_dcm\boxcox\DE_2014_2016_panel\female_ascsON_q99\boxcox_female_ascsON_q99_leisure_hist.png","24637","26-11-25 12:13:00"
"Z:\Hisham\EUROMOD-STORAGE_1\reports\mle_dcm\boxcox\DE_2014_2016_panel\female_ascsON_q99\boxcox_female_ascsON_q99_meta.json","2393","26-11-25 12:12:27"
"Z:\Hisham\EUROMOD-STORAGE_1\reports\mle_dcm\boxcox\DE_2014_2016_panel\female_ascsON_q99\boxcox_female_ascsON_q99_muc_norm.png","36984","26-11-25 12:13:01"
"Z:\Hisham\EUROMOD-STORAGE_1\reports\mle_dcm\boxcox\DE_2014_2016_panel\female_ascsON_q99\boxcox_female_ascsON_q99_mucmul_draws.csv","125029","26-11-25 12:13:00"
"Z:\Hisham\EUROMOD-STORAGE_1\reports\mle_dcm\boxcox\DE_2014_2016_panel\female_ascsON_q99\boxcox_female_ascsON_q99_mucmul_summary.json","329","26-11-25 12:12:27"
"Z:\Hisham\EUROMOD-STORAGE_1\reports\mle_dcm\boxcox\DE_2014_2016_panel\female_ascsON_q99\boxcox_female_ascsON_q99_mul_norm.png","40087","26-11-25 12:13:01"
"Z:\Hisham\EUROMOD-STORAGE_1\reports\mle_dcm\boxcox\DE_2014_2016_panel\female_ascsON_q99\boxcox_female_ascsON_q99_param_descriptions.json","850","26-11-25 12:12:27"
"Z:\Hisham\EUROMOD-STORAGE_1\reports\mle_dcm\boxcox\DE_2014_2016_panel\female_ascsON_q99\boxcox_female_ascsON_q99_param_labels.json","515","26-11-25 12:12:27"
"Z:\Hisham\EUROMOD-STORAGE_1\reports\mle_dcm\boxcox\DE_2014_2016_panel\female_ascsON_q99\boxcox_female_ascsON_q99_parameters.csv","2103","26-11-25 12:12:27"
"Z:\Hisham\EUROMOD-STORAGE_1\reports\mle_dcm\boxcox\DE_2014_2016_panel\female_ascsON_q99\boxcox_female_ascsON_q99_util_decomp.csv","379","26-11-25 12:13:00"
"Z:\Hisham\EUROMOD-STORAGE_1\reports\mle_dcm\boxcox\DE_2014_2016_panel\male_ascsOFF_q99\boxcox_male_ascsOFF_q99_analysis.html","11831","26-11-25 12:04:02"
"Z:\Hisham\EUROMOD-STORAGE_1\reports\mle_dcm\boxcox\DE_2014_2016_panel\male_ascsOFF_q99\boxcox_male_ascsOFF_q99_confusion.csv","169","26-11-25 12:03:27"
"Z:\Hisham\EUROMOD-STORAGE_1\reports\mle_dcm\boxcox\DE_2014_2016_panel\male_ascsOFF_q99\boxcox_male_ascsOFF_q99_cons_hist.png","23801","26-11-25 12:04:01"
"Z:\Hisham\EUROMOD-STORAGE_1\reports\mle_dcm\boxcox\DE_2014_2016_panel\male_ascsOFF_q99\boxcox_male_ascsOFF_q99_contours_norm.png","51558","26-11-25 12:04:02"
"Z:\Hisham\EUROMOD-STORAGE_1\reports\mle_dcm\boxcox\DE_2014_2016_panel\male_ascsOFF_q99\boxcox_male_ascsOFF_q99_leisure_hist.png","23398","26-11-25 12:04:01"
"Z:\Hisham\EUROMOD-STORAGE_1\reports\mle_dcm\boxcox\DE_2014_2016_panel\male_ascsOFF_q99\boxcox_male_ascsOFF_q99_meta.json","2184","26-11-25 12:03:27"
"Z:\Hisham\EUROMOD-STORAGE_1\reports\mle_dcm\boxcox\DE_2014_2016_panel\male_ascsOFF_q99\boxcox_male_ascsOFF_q99_muc_norm.png","37465","26-11-25 12:04:01"
"Z:\Hisham\EUROMOD-STORAGE_1\reports\mle_dcm\boxcox\DE_2014_2016_panel\male_ascsOFF_q99\boxcox_male_ascsOFF_q99_mucmul_draws.csv","89925","26-11-25 12:04:01"
"Z:\Hisham\EUROMOD-STORAGE_1\reports\mle_dcm\boxcox\DE_2014_2016_panel\male_ascsOFF_q99\boxcox_male_ascsOFF_q99_mucmul_summary.json","325","26-11-25 12:03:28"
"Z:\Hisham\EUROMOD-STORAGE_1\reports\mle_dcm\boxcox\DE_2014_2016_panel\male_ascsOFF_q99\boxcox_male_ascsOFF_q99_mul_norm.png","42717","26-11-25 12:04:01"
"Z:\Hisham\EUROMOD-STORAGE_1\reports\mle_dcm\boxcox\DE_2014_2016_panel\male_ascsOFF_q99\boxcox_male_ascsOFF_q99_param_descriptions.json","568","26-11-25 12:03:27"
"Z:\Hisham\EUROMOD-STORAGE_1\reports\mle_dcm\boxcox\DE_2014_2016_panel\male_ascsOFF_q99\boxcox_male_ascsOFF_q99_param_labels.json","377","26-11-25 12:03:27"
"Z:\Hisham\EUROMOD-STORAGE_1\reports\mle_dcm\boxcox\DE_2014_2016_panel\male_ascsOFF_q99\boxcox_male_ascsOFF_q99_parameters.csv","1237","26-11-25 12:03:27"
"Z:\Hisham\EUROMOD-STORAGE_1\reports\mle_dcm\boxcox\DE_2014_2016_panel\male_ascsOFF_q99\boxcox_male_ascsOFF_q99_util_decomp.csv","351","26-11-25 12:04:01"
"Z:\Hisham\EUROMOD-STORAGE_1\reports\mle_dcm\boxcox\DE_2014_2016_panel\male_ascsON_q99\boxcox_male_ascsON_q99_analysis.html","13484","26-11-25 12:09:42"
"Z:\Hisham\EUROMOD-STORAGE_1\reports\mle_dcm\boxcox\DE_2014_2016_panel\male_ascsON_q99\boxcox_male_ascsON_q99_confusion.csv","173","26-11-25 12:09:10"
"Z:\Hisham\EUROMOD-STORAGE_1\reports\mle_dcm\boxcox\DE_2014_2016_panel\male_ascsON_q99\boxcox_male_ascsON_q99_cons_hist.png","23792","26-11-25 12:09:41"
"Z:\Hisham\EUROMOD-STORAGE_1\reports\mle_dcm\boxcox\DE_2014_2016_panel\male_ascsON_q99\boxcox_male_ascsON_q99_contours_norm.png","31289","26-11-25 12:09:42"
"Z:\Hisham\EUROMOD-STORAGE_1\reports\mle_dcm\boxcox\DE_2014_2016_panel\male_ascsON_q99\boxcox_male_ascsON_q99_leisure_hist.png","23372","26-11-25 12:09:41"
"Z:\Hisham\EUROMOD-STORAGE_1\reports\mle_dcm\boxcox\DE_2014_2016_panel\male_ascsON_q99\boxcox_male_ascsON_q99_meta.json","2414","26-11-25 12:09:10"
"Z:\Hisham\EUROMOD-STORAGE_1\reports\mle_dcm\boxcox\DE_2014_2016_panel\male_ascsON_q99\boxcox_male_ascsON_q99_muc_norm.png","43203","26-11-25 12:09:42"
"Z:\Hisham\EUROMOD-STORAGE_1\reports\mle_dcm\boxcox\DE_2014_2016_panel\male_ascsON_q99\boxcox_male_ascsON_q99_mucmul_draws.csv","109612","26-11-25 12:09:41"
"Z:\Hisham\EUROMOD-STORAGE_1\reports\mle_dcm\boxcox\DE_2014_2016_panel\male_ascsON_q99\boxcox_male_ascsON_q99_mucmul_summary.json","343","26-11-25 12:09:10"
"Z:\Hisham\EUROMOD-STORAGE_1\reports\mle_dcm\boxcox\DE_2014_2016_panel\male_ascsON_q99\boxcox_male_ascsON_q99_mul_norm.png","40226","26-11-25 12:09:42"
"Z:\Hisham\EUROMOD-STORAGE_1\reports\mle_dcm\boxcox\DE_2014_2016_panel\male_ascsON_q99\boxcox_male_ascsON_q99_param_descriptions.json","850","26-11-25 12:09:10"
"Z:\Hisham\EUROMOD-STORAGE_1\reports\mle_dcm\boxcox\DE_2014_2016_panel\male_ascsON_q99\boxcox_male_ascsON_q99_param_labels.json","515","26-11-25 12:09:10"
"Z:\Hisham\EUROMOD-STORAGE_1\reports\mle_dcm\boxcox\DE_2014_2016_panel\male_ascsON_q99\boxcox_male_ascsON_q99_parameters.csv","1995","26-11-25 12:09:10"
"Z:\Hisham\EUROMOD-STORAGE_1\reports\mle_dcm\boxcox\DE_2014_2016_panel\male_ascsON_q99\boxcox_male_ascsON_q99_util_decomp.csv","377","26-11-25 12:09:41"
"Z:\Hisham\EUROMOD-STORAGE_1\reports\mle_dcm\boxcox\DE_2014_2016_panel\pooled_ascsOFF_q99\boxcox_pooled_ascsOFF_q99_analysis.html","12153","26-11-25 12:15:40"
"Z:\Hisham\EUROMOD-STORAGE_1\reports\mle_dcm\boxcox\DE_2014_2016_panel\pooled_ascsOFF_q99\boxcox_pooled_ascsOFF_q99_confusion.csv","182","26-11-25 12:15:05"
"Z:\Hisham\EUROMOD-STORAGE_1\reports\mle_dcm\boxcox\DE_2014_2016_panel\pooled_ascsOFF_q99\boxcox_pooled_ascsOFF_q99_cons_hist.png","24090","26-11-25 12:15:39"
"Z:\Hisham\EUROMOD-STORAGE_1\reports\mle_dcm\boxcox\DE_2014_2016_panel\pooled_ascsOFF_q99\boxcox_pooled_ascsOFF_q99_contours_norm.png","52123","26-11-25 12:15:40"
"Z:\Hisham\EUROMOD-STORAGE_1\reports\mle_dcm\boxcox\DE_2014_2016_panel\pooled_ascsOFF_q99\boxcox_pooled_ascsOFF_q99_leisure_hist.png","24768","26-11-25 12:15:39"
"Z:\Hisham\EUROMOD-STORAGE_1\reports\mle_dcm\boxcox\DE_2014_2016_panel\pooled_ascsOFF_q99\boxcox_pooled_ascsOFF_q99_meta.json","2227","26-11-25 12:15:05"
"Z:\Hisham\EUROMOD-STORAGE_1\reports\mle_dcm\boxcox\DE_2014_2016_panel\pooled_ascsOFF_q99\boxcox_pooled_ascsOFF_q99_muc_norm.png","37617","26-11-25 12:15:39"
"Z:\Hisham\EUROMOD-STORAGE_1\reports\mle_dcm\boxcox\DE_2014_2016_panel\pooled_ascsOFF_q99\boxcox_pooled_ascsOFF_q99_mucmul_draws.csv","205030","26-11-25 12:15:39"
"Z:\Hisham\EUROMOD-STORAGE_1\reports\mle_dcm\boxcox\DE_2014_2016_panel\pooled_ascsOFF_q99\boxcox_pooled_ascsOFF_q99_mucmul_summary.json","327","26-11-25 12:15:05"
"Z:\Hisham\EUROMOD-STORAGE_1\reports\mle_dcm\boxcox\DE_2014_2016_panel\pooled_ascsOFF_q99\boxcox_pooled_ascsOFF_q99_mul_norm.png","43060","26-11-25 12:15:40"
"Z:\Hisham\EUROMOD-STORAGE_1\reports\mle_dcm\boxcox\DE_2014_2016_panel\pooled_ascsOFF_q99\boxcox_pooled_ascsOFF_q99_param_descriptions.json","632","26-11-25 12:15:05"
"Z:\Hisham\EUROMOD-STORAGE_1\reports\mle_dcm\boxcox\DE_2014_2016_panel\pooled_ascsOFF_q99\boxcox_pooled_ascsOFF_q99_param_labels.json","427","26-11-25 12:15:05"
"Z:\Hisham\EUROMOD-STORAGE_1\reports\mle_dcm\boxcox\DE_2014_2016_panel\pooled_ascsOFF_q99\boxcox_pooled_ascsOFF_q99_parameters.csv","1408","26-11-25 12:15:05"
"Z:\Hisham\EUROMOD-STORAGE_1\reports\mle_dcm\boxcox\DE_2014_2016_panel\pooled_ascsOFF_q99\boxcox_pooled_ascsOFF_q99_util_decomp.csv","350","26-11-25 12:15:39"
"Z:\Hisham\EUROMOD-STORAGE_1\reports\mle_dcm\boxcox\DE_2014_2016_panel\pooled_ascsOFF_q99_split\boxcox_pooled_genderSplit_ascsOFF_q99_analysis.html","15929","26-11-25 11:48:12"
"Z:\Hisham\EUROMOD-STORAGE_1\reports\mle_dcm\boxcox\DE_2014_2016_panel\pooled_ascsOFF_q99_split\boxcox_pooled_genderSplit_ascsOFF_q99_confusion.csv","183","26-11-25 11:47:37"
"Z:\Hisham\EUROMOD-STORAGE_1\reports\mle_dcm\boxcox\DE_2014_2016_panel\pooled_ascsOFF_q99_split\boxcox_pooled_genderSplit_ascsOFF_q99_cons_hist.png","24090","26-11-25 11:48:09"
"Z:\Hisham\EUROMOD-STORAGE_1\reports\mle_dcm\boxcox\DE_2014_2016_panel\pooled_ascsOFF_q99_split\boxcox_pooled_genderSplit_ascsOFF_q99_contours_norm.png","52647","26-11-25 11:48:10"
"Z:\Hisham\EUROMOD-STORAGE_1\reports\mle_dcm\boxcox\DE_2014_2016_panel\pooled_ascsOFF_q99_split\boxcox_pooled_genderSplit_ascsOFF_q99_gender_contours_female.png","52647","26-11-25 11:48:11"
"Z:\Hisham\EUROMOD-STORAGE_1\reports\mle_dcm\boxcox\DE_2014_2016_panel\pooled_ascsOFF_q99_split\boxcox_pooled_genderSplit_ascsOFF_q99_gender_contours_general.png","52647","26-11-25 11:48:11"
"Z:\Hisham\EUROMOD-STORAGE_1\reports\mle_dcm\boxcox\DE_2014_2016_panel\pooled_ascsOFF_q99_split\boxcox_pooled_genderSplit_ascsOFF_q99_gender_contours_male.png","50612","26-11-25 11:48:12"
"Z:\Hisham\EUROMOD-STORAGE_1\reports\mle_dcm\boxcox\DE_2014_2016_panel\pooled_ascsOFF_q99_split\boxcox_pooled_genderSplit_ascsOFF_q99_gender_muc_female.png","40693","26-11-25 11:48:11"
"Z:\Hisham\EUROMOD-STORAGE_1\reports\mle_dcm\boxcox\DE_2014_2016_panel\pooled_ascsOFF_q99_split\boxcox_pooled_genderSplit_ascsOFF_q99_gender_muc_general.png","42097","26-11-25 11:48:11"
"Z:\Hisham\EUROMOD-STORAGE_1\reports\mle_dcm\boxcox\DE_2014_2016_panel\pooled_ascsOFF_q99_split\boxcox_pooled_genderSplit_ascsOFF_q99_gender_muc_male.png","40613","26-11-25 11:48:12"
"Z:\Hisham\EUROMOD-STORAGE_1\reports\mle_dcm\boxcox\DE_2014_2016_panel\pooled_ascsOFF_q99_split\boxcox_pooled_genderSplit_ascsOFF_q99_gender_mul_female.png","41731","26-11-25 11:48:11"
"Z:\Hisham\EUROMOD-STORAGE_1\reports\mle_dcm\boxcox\DE_2014_2016_panel\pooled_ascsOFF_q99_split\boxcox_pooled_genderSplit_ascsOFF_q99_gender_mul_general.png","43606","26-11-25 11:48:11"
"Z:\Hisham\EUROMOD-STORAGE_1\reports\mle_dcm\boxcox\DE_2014_2016_panel\pooled_ascsOFF_q99_split\boxcox_pooled_genderSplit_ascsOFF_q99_gender_mul_male.png","40224","26-11-25 11:48:12"
"Z:\Hisham\EUROMOD-STORAGE_1\reports\mle_dcm\boxcox\DE_2014_2016_panel\pooled_ascsOFF_q99_split\boxcox_pooled_genderSplit_ascsOFF_q99_leisure_hist.png","24768","26-11-25 11:48:09"
"Z:\Hisham\EUROMOD-STORAGE_1\reports\mle_dcm\boxcox\DE_2014_2016_panel\pooled_ascsOFF_q99_split\boxcox_pooled_genderSplit_ascsOFF_q99_meta.json","2525","26-11-25 11:47:37"
"Z:\Hisham\EUROMOD-STORAGE_1\reports\mle_dcm\boxcox\DE_2014_2016_panel\pooled_ascsOFF_q99_split\boxcox_pooled_genderSplit_ascsOFF_q99_muc_norm.png","37810","26-11-25 11:48:10"
"Z:\Hisham\EUROMOD-STORAGE_1\reports\mle_dcm\boxcox\DE_2014_2016_panel\pooled_ascsOFF_q99_split\boxcox_pooled_genderSplit_ascsOFF_q99_mucmul_draws.csv","203895","26-11-25 11:48:09"
"Z:\Hisham\EUROMOD-STORAGE_1\reports\mle_dcm\boxcox\DE_2014_2016_panel\pooled_ascsOFF_q99_split\boxcox_pooled_genderSplit_ascsOFF_q99_mucmul_summary.json","327","26-11-25 11:47:37"
"Z:\Hisham\EUROMOD-STORAGE_1\reports\mle_dcm\boxcox\DE_2014_2016_panel\pooled_ascsOFF_q99_split\boxcox_pooled_genderSplit_ascsOFF_q99_mul_norm.png","42994","26-11-25 11:48:10"
"Z:\Hisham\EUROMOD-STORAGE_1\reports\mle_dcm\boxcox\DE_2014_2016_panel\pooled_ascsOFF_q99_split\boxcox_pooled_genderSplit_ascsOFF_q99_param_descriptions.json","373","26-11-25 11:47:37"
"Z:\Hisham\EUROMOD-STORAGE_1\reports\mle_dcm\boxcox\DE_2014_2016_panel\pooled_ascsOFF_q99_split\boxcox_pooled_genderSplit_ascsOFF_q99_param_labels.json","567","26-11-25 11:47:37"
"Z:\Hisham\EUROMOD-STORAGE_1\reports\mle_dcm\boxcox\DE_2014_2016_panel\pooled_ascsOFF_q99_split\boxcox_pooled_genderSplit_ascsOFF_q99_parameters.csv","2498","26-11-25 11:47:37"
"Z:\Hisham\EUROMOD-STORAGE_1\reports\mle_dcm\boxcox\DE_2014_2016_panel\pooled_ascsOFF_q99_split\boxcox_pooled_genderSplit_ascsOFF_q99_util_decomp.csv","350","26-11-25 11:48:09"
"Z:\Hisham\EUROMOD-STORAGE_1\reports\mle_dcm\boxcox\DE_2014_2016_panel\pooled_ascsON_q99\boxcox_pooled_genderSplit_ascsON_q99_analysis.html","17553","26-11-25 12:26:59"
"Z:\Hisham\EUROMOD-STORAGE_1\reports\mle_dcm\boxcox\DE_2014_2016_panel\pooled_ascsON_q99\boxcox_pooled_genderSplit_ascsON_q99_confusion.csv","179","26-11-25 12:26:20"
"Z:\Hisham\EUROMOD-STORAGE_1\reports\mle_dcm\boxcox\DE_2014_2016_panel\pooled_ascsON_q99\boxcox_pooled_genderSplit_ascsON_q99_cons_hist.png","24035","26-11-25 12:26:57"
"Z:\Hisham\EUROMOD-STORAGE_1\reports\mle_dcm\boxcox\DE_2014_2016_panel\pooled_ascsON_q99\boxcox_pooled_genderSplit_ascsON_q99_contours_norm.png","44316","26-11-25 12:26:58"
"Z:\Hisham\EUROMOD-STORAGE_1\reports\mle_dcm\boxcox\DE_2014_2016_panel\pooled_ascsON_q99\boxcox_pooled_genderSplit_ascsON_q99_gender_contours_female.png","44316","26-11-25 12:26:59"
"Z:\Hisham\EUROMOD-STORAGE_1\reports\mle_dcm\boxcox\DE_2014_2016_panel\pooled_ascsON_q99\boxcox_pooled_genderSplit_ascsON_q99_gender_contours_general.png","44316","26-11-25 12:26:58"
"Z:\Hisham\EUROMOD-STORAGE_1\reports\mle_dcm\boxcox\DE_2014_2016_panel\pooled_ascsON_q99\boxcox_pooled_genderSplit_ascsON_q99_gender_contours_male.png","33537","26-11-25 12:26:59"
"Z:\Hisham\EUROMOD-STORAGE_1\reports\mle_dcm\boxcox\DE_2014_2016_panel\pooled_ascsON_q99\boxcox_pooled_genderSplit_ascsON_q99_gender_muc_female.png","41271","26-11-25 12:26:59"
"Z:\Hisham\EUROMOD-STORAGE_1\reports\mle_dcm\boxcox\DE_2014_2016_panel\pooled_ascsON_q99\boxcox_pooled_genderSplit_ascsON_q99_gender_muc_general.png","43050","26-11-25 12:26:58"
"Z:\Hisham\EUROMOD-STORAGE_1\reports\mle_dcm\boxcox\DE_2014_2016_panel\pooled_ascsON_q99\boxcox_pooled_genderSplit_ascsON_q99_gender_muc_male.png","45563","26-11-25 12:26:59"
"Z:\Hisham\EUROMOD-STORAGE_1\reports\mle_dcm\boxcox\DE_2014_2016_panel\pooled_ascsON_q99\boxcox_pooled_genderSplit_ascsON_q99_gender_mul_female.png","44521","26-11-25 12:26:59"
"Z:\Hisham\EUROMOD-STORAGE_1\reports\mle_dcm\boxcox\DE_2014_2016_panel\pooled_ascsON_q99\boxcox_pooled_genderSplit_ascsON_q99_gender_mul_general.png","46475","26-11-25 12:26:58"
"Z:\Hisham\EUROMOD-STORAGE_1\reports\mle_dcm\boxcox\DE_2014_2016_panel\pooled_ascsON_q99\boxcox_pooled_genderSplit_ascsON_q99_gender_mul_male.png","43676","26-11-25 12:26:59"
"Z:\Hisham\EUROMOD-STORAGE_1\reports\mle_dcm\boxcox\DE_2014_2016_panel\pooled_ascsON_q99\boxcox_pooled_genderSplit_ascsON_q99_leisure_hist.png","24701","26-11-25 12:26:57"
"Z:\Hisham\EUROMOD-STORAGE_1\reports\mle_dcm\boxcox\DE_2014_2016_panel\pooled_ascsON_q99\boxcox_pooled_genderSplit_ascsON_q99_meta.json","2746","26-11-25 12:26:20"
"Z:\Hisham\EUROMOD-STORAGE_1\reports\mle_dcm\boxcox\DE_2014_2016_panel\pooled_ascsON_q99\boxcox_pooled_genderSplit_ascsON_q99_muc_norm.png","37816","26-11-25 12:26:57"
"Z:\Hisham\EUROMOD-STORAGE_1\reports\mle_dcm\boxcox\DE_2014_2016_panel\pooled_ascsON_q99\boxcox_pooled_genderSplit_ascsON_q99_mucmul_draws.csv","223854","26-11-25 12:26:57"
"Z:\Hisham\EUROMOD-STORAGE_1\reports\mle_dcm\boxcox\DE_2014_2016_panel\pooled_ascsON_q99\boxcox_pooled_genderSplit_ascsON_q99_mucmul_summary.json","344","26-11-25 12:26:20"
"Z:\Hisham\EUROMOD-STORAGE_1\reports\mle_dcm\boxcox\DE_2014_2016_panel\pooled_ascsON_q99\boxcox_pooled_genderSplit_ascsON_q99_mul_norm.png","41087","26-11-25 12:26:58"
"Z:\Hisham\EUROMOD-STORAGE_1\reports\mle_dcm\boxcox\DE_2014_2016_panel\pooled_ascsON_q99\boxcox_pooled_genderSplit_ascsON_q99_param_descriptions.json","655","26-11-25 12:26:20"
"Z:\Hisham\EUROMOD-STORAGE_1\reports\mle_dcm\boxcox\DE_2014_2016_panel\pooled_ascsON_q99\boxcox_pooled_genderSplit_ascsON_q99_param_labels.json","705","26-11-25 12:26:20"
"Z:\Hisham\EUROMOD-STORAGE_1\reports\mle_dcm\boxcox\DE_2014_2016_panel\pooled_ascsON_q99\boxcox_pooled_genderSplit_ascsON_q99_parameters.csv","3240","26-11-25 12:26:20"
"Z:\Hisham\EUROMOD-STORAGE_1\reports\mle_dcm\boxcox\DE_2014_2016_panel\pooled_ascsON_q99\boxcox_pooled_genderSplit_ascsON_q99_util_decomp.csv","382","26-11-25 12:26:57"
"Z:\Hisham\EUROMOD-STORAGE_1\reports\mle_dcm\boxcox\DE_2014_2016_panel\pooled_ascsON_q99_nosp\boxcox_pooled_ascsON_q99_analysis.html","13805","26-11-25 12:18:20"
"Z:\Hisham\EUROMOD-STORAGE_1\reports\mle_dcm\boxcox\DE_2014_2016_panel\pooled_ascsON_q99_nosp\boxcox_pooled_ascsON_q99_confusion.csv","179","26-11-25 12:17:43"
"Z:\Hisham\EUROMOD-STORAGE_1\reports\mle_dcm\boxcox\DE_2014_2016_panel\pooled_ascsON_q99_nosp\boxcox_pooled_ascsON_q99_cons_hist.png","24035","26-11-25 12:18:19"
"Z:\Hisham\EUROMOD-STORAGE_1\reports\mle_dcm\boxcox\DE_2014_2016_panel\pooled_ascsON_q99_nosp\boxcox_pooled_ascsON_q99_contours_norm.png","29730","26-11-25 12:18:20"
"Z:\Hisham\EUROMOD-STORAGE_1\reports\mle_dcm\boxcox\DE_2014_2016_panel\pooled_ascsON_q99_nosp\boxcox_pooled_ascsON_q99_leisure_hist.png","24701","26-11-25 12:18:19"
"Z:\Hisham\EUROMOD-STORAGE_1\reports\mle_dcm\boxcox\DE_2014_2016_panel\pooled_ascsON_q99_nosp\boxcox_pooled_ascsON_q99_meta.json","2437","26-11-25 12:17:43"
"Z:\Hisham\EUROMOD-STORAGE_1\reports\mle_dcm\boxcox\DE_2014_2016_panel\pooled_ascsON_q99_nosp\boxcox_pooled_ascsON_q99_muc_norm.png","39818","26-11-25 12:18:20"
"Z:\Hisham\EUROMOD-STORAGE_1\reports\mle_dcm\boxcox\DE_2014_2016_panel\pooled_ascsON_q99_nosp\boxcox_pooled_ascsON_q99_mucmul_draws.csv","244582","26-11-25 12:18:19"
"Z:\Hisham\EUROMOD-STORAGE_1\reports\mle_dcm\boxcox\DE_2014_2016_panel\pooled_ascsON_q99_nosp\boxcox_pooled_ascsON_q99_mucmul_summary.json","329","26-11-25 12:17:43"
"Z:\Hisham\EUROMOD-STORAGE_1\reports\mle_dcm\boxcox\DE_2014_2016_panel\pooled_ascsON_q99_nosp\boxcox_pooled_ascsON_q99_mul_norm.png","38945","26-11-25 12:18:20"
"Z:\Hisham\EUROMOD-STORAGE_1\reports\mle_dcm\boxcox\DE_2014_2016_panel\pooled_ascsON_q99_nosp\boxcox_pooled_ascsON_q99_param_descriptions.json","914","26-11-25 12:17:43"
"Z:\Hisham\EUROMOD-STORAGE_1\reports\mle_dcm\boxcox\DE_2014_2016_panel\pooled_ascsON_q99_nosp\boxcox_pooled_ascsON_q99_param_labels.json","565","26-11-25 12:17:43"
"Z:\Hisham\EUROMOD-STORAGE_1\reports\mle_dcm\boxcox\DE_2014_2016_panel\pooled_ascsON_q99_nosp\boxcox_pooled_ascsON_q99_parameters.csv","2091","26-11-25 12:17:43"
"Z:\Hisham\EUROMOD-STORAGE_1\reports\mle_dcm\boxcox\DE_2014_2016_panel\pooled_ascsON_q99_nosp\boxcox_pooled_ascsON_q99_util_decomp.csv","406","26-11-25 12:18:19"
"Z:\Hisham\EUROMOD-STORAGE_1\reports\mle_dcm\boxcox\female_ascsOFF_q99\boxcox_female_ascsOFF_q99_analysis.html","10551","07-11-25 14:35:42"
"Z:\Hisham\EUROMOD-STORAGE_1\reports\mle_dcm\boxcox\female_ascsOFF_q99\boxcox_female_ascsOFF_q99_confusion.csv","182","07-11-25 14:35:10"
"Z:\Hisham\EUROMOD-STORAGE_1\reports\mle_dcm\boxcox\female_ascsOFF_q99\boxcox_female_ascsOFF_q99_meta.json","1820","07-11-25 14:35:10"
"Z:\Hisham\EUROMOD-STORAGE_1\reports\mle_dcm\boxcox\female_ascsOFF_q99\boxcox_female_ascsOFF_q99_mucmul_summary.json","327","07-11-25 14:35:10"
"Z:\Hisham\EUROMOD-STORAGE_1\reports\mle_dcm\boxcox\female_ascsOFF_q99\boxcox_female_ascsOFF_q99_param_descriptions.json","568","07-11-25 14:35:10"
"Z:\Hisham\EUROMOD-STORAGE_1\reports\mle_dcm\boxcox\female_ascsOFF_q99\boxcox_female_ascsOFF_q99_param_labels.json","377","07-11-25 14:35:10"
"Z:\Hisham\EUROMOD-STORAGE_1\reports\mle_dcm\boxcox\female_ascsOFF_q99\boxcox_female_ascsOFF_q99_parameters.csv","1233","07-11-25 14:35:10"
"Z:\Hisham\EUROMOD-STORAGE_1\reports\mle_dcm\boxcox\female_ascsOFF_q99\separate\boxcox_female_ascsOFF_q99_analysis.html","10352","07-11-25 11:15:39"
"Z:\Hisham\EUROMOD-STORAGE_1\reports\mle_dcm\boxcox\female_ascsOFF_q99\separate\boxcox_female_ascsOFF_q99_confusion.csv","169","07-11-25 11:15:07"
"Z:\Hisham\EUROMOD-STORAGE_1\reports\mle_dcm\boxcox\female_ascsOFF_q99\separate\boxcox_female_ascsOFF_q99_cons_hist.png","21732","07-11-25 11:15:38"
"Z:\Hisham\EUROMOD-STORAGE_1\reports\mle_dcm\boxcox\female_ascsOFF_q99\separate\boxcox_female_ascsOFF_q99_contours_norm.png","55602","07-11-25 11:15:39"
"Z:\Hisham\EUROMOD-STORAGE_1\reports\mle_dcm\boxcox\female_ascsOFF_q99\separate\boxcox_female_ascsOFF_q99_leisure_hist.png","21968","07-11-25 11:15:38"
"Z:\Hisham\EUROMOD-STORAGE_1\reports\mle_dcm\boxcox\female_ascsOFF_q99\separate\boxcox_female_ascsOFF_q99_meta.json","1694","07-11-25 11:15:07"
"Z:\Hisham\EUROMOD-STORAGE_1\reports\mle_dcm\boxcox\female_ascsOFF_q99\separate\boxcox_female_ascsOFF_q99_muc_norm.png","37115","07-11-25 11:15:38"
"Z:\Hisham\EUROMOD-STORAGE_1\reports\mle_dcm\boxcox\female_ascsOFF_q99\separate\boxcox_female_ascsOFF_q99_mucmul_draws.csv","38363","07-11-25 11:15:38"
"Z:\Hisham\EUROMOD-STORAGE_1\reports\mle_dcm\boxcox\female_ascsOFF_q99\separate\boxcox_female_ascsOFF_q99_mucmul_summary.json","327","07-11-25 11:15:07"
"Z:\Hisham\EUROMOD-STORAGE_1\reports\mle_dcm\boxcox\female_ascsOFF_q99\separate\boxcox_female_ascsOFF_q99_mul_norm.png","41164","07-11-25 11:15:39"
"Z:\Hisham\EUROMOD-STORAGE_1\reports\mle_dcm\boxcox\female_ascsOFF_q99\separate\boxcox_female_ascsOFF_q99_param_descriptions.json","568","07-11-25 11:15:07"
"Z:\Hisham\EUROMOD-STORAGE_1\reports\mle_dcm\boxcox\female_ascsOFF_q99\separate\boxcox_female_ascsOFF_q99_param_labels.json","377","07-11-25 11:15:07"
"Z:\Hisham\EUROMOD-STORAGE_1\reports\mle_dcm\boxcox\female_ascsOFF_q99\separate\boxcox_female_ascsOFF_q99_parameters.csv","1212","07-11-25 11:15:07"
"Z:\Hisham\EUROMOD-STORAGE_1\reports\mle_dcm\boxcox\female_ascsOFF_q99\separate\boxcox_female_ascsOFF_q99_util_decomp.csv","346","07-11-25 11:15:38"
"Z:\Hisham\EUROMOD-STORAGE_1\reports\mle_dcm\boxcox\female_ascsON_q99\boxcox_female_ascsON_q99_analysis.html","11450","07-11-25 14:32:39"
"Z:\Hisham\EUROMOD-STORAGE_1\reports\mle_dcm\boxcox\female_ascsON_q99\boxcox_female_ascsON_q99_confusion.csv","175","07-11-25 14:32:06"
"Z:\Hisham\EUROMOD-STORAGE_1\reports\mle_dcm\boxcox\female_ascsON_q99\boxcox_female_ascsON_q99_cons_hist.png","24493","07-11-25 14:32:38"
"Z:\Hisham\EUROMOD-STORAGE_1\reports\mle_dcm\boxcox\female_ascsON_q99\boxcox_female_ascsON_q99_contours_norm.png","48367","07-11-25 14:32:39"
"Z:\Hisham\EUROMOD-STORAGE_1\reports\mle_dcm\boxcox\female_ascsON_q99\boxcox_female_ascsON_q99_leisure_hist.png","24637","07-11-25 14:32:38"
"Z:\Hisham\EUROMOD-STORAGE_1\reports\mle_dcm\boxcox\female_ascsON_q99\boxcox_female_ascsON_q99_meta.json","2030","07-11-25 14:32:06"
"Z:\Hisham\EUROMOD-STORAGE_1\reports\mle_dcm\boxcox\female_ascsON_q99\boxcox_female_ascsON_q99_muc_norm.png","35435","07-11-25 14:32:39"
"Z:\Hisham\EUROMOD-STORAGE_1\reports\mle_dcm\boxcox\female_ascsON_q99\boxcox_female_ascsON_q99_mucmul_draws.csv","124570","07-11-25 14:32:38"
"Z:\Hisham\EUROMOD-STORAGE_1\reports\mle_dcm\boxcox\female_ascsON_q99\boxcox_female_ascsON_q99_mucmul_summary.json","328","07-11-25 14:32:06"
"Z:\Hisham\EUROMOD-STORAGE_1\reports\mle_dcm\boxcox\female_ascsON_q99\boxcox_female_ascsON_q99_mul_norm.png","37204","07-11-25 14:32:39"
"Z:\Hisham\EUROMOD-STORAGE_1\reports\mle_dcm\boxcox\female_ascsON_q99\boxcox_female_ascsON_q99_param_descriptions.json","850","07-11-25 14:32:06"
"Z:\Hisham\EUROMOD-STORAGE_1\reports\mle_dcm\boxcox\female_ascsON_q99\boxcox_female_ascsON_q99_param_labels.json","515","07-11-25 14:32:06"
"Z:\Hisham\EUROMOD-STORAGE_1\reports\mle_dcm\boxcox\female_ascsON_q99\boxcox_female_ascsON_q99_parameters.csv","2065","07-11-25 14:32:06"
"Z:\Hisham\EUROMOD-STORAGE_1\reports\mle_dcm\boxcox\female_ascsON_q99\boxcox_female_ascsON_q99_util_decomp.csv","380","07-11-25 14:32:38"
"Z:\Hisham\EUROMOD-STORAGE_1\reports\mle_dcm\boxcox\male_ascsOFF_q99\boxcox_male_ascsOFF_q99_analysis.html","10693","07-11-25 13:13:57"
"Z:\Hisham\EUROMOD-STORAGE_1\reports\mle_dcm\boxcox\male_ascsOFF_q99\boxcox_male_ascsOFF_q99_analysis~01.html","10707","07-11-25 14:27:46"
"Z:\Hisham\EUROMOD-STORAGE_1\reports\mle_dcm\boxcox\male_ascsOFF_q99\boxcox_male_ascsOFF_q99_confusion.csv","170","07-11-25 13:13:29"
"Z:\Hisham\EUROMOD-STORAGE_1\reports\mle_dcm\boxcox\male_ascsOFF_q99\boxcox_male_ascsOFF_q99_cons_hist.png","23801","07-11-25 14:27:44"
"Z:\Hisham\EUROMOD-STORAGE_1\reports\mle_dcm\boxcox\male_ascsOFF_q99\boxcox_male_ascsOFF_q99_contours_norm.png","55543","07-11-25 14:27:45"
"Z:\Hisham\EUROMOD-STORAGE_1\reports\mle_dcm\boxcox\male_ascsOFF_q99\boxcox_male_ascsOFF_q99_leisure_hist.png","23398","07-11-25 14:27:44"
"Z:\Hisham\EUROMOD-STORAGE_1\reports\mle_dcm\boxcox\male_ascsOFF_q99\boxcox_male_ascsOFF_q99_meta.json","1698","07-11-25 13:13:29"
"Z:\Hisham\EUROMOD-STORAGE_1\reports\mle_dcm\boxcox\male_ascsOFF_q99\boxcox_male_ascsOFF_q99_muc_norm.png","36137","07-11-25 14:27:45"
"Z:\Hisham\EUROMOD-STORAGE_1\reports\mle_dcm\boxcox\male_ascsOFF_q99\boxcox_male_ascsOFF_q99_mucmul_draws.csv","89666","07-11-25 14:27:44"
"Z:\Hisham\EUROMOD-STORAGE_1\reports\mle_dcm\boxcox\male_ascsOFF_q99\boxcox_male_ascsOFF_q99_mucmul_summary.json","326","07-11-25 13:13:29"
"Z:\Hisham\EUROMOD-STORAGE_1\reports\mle_dcm\boxcox\male_ascsOFF_q99\boxcox_male_ascsOFF_q99_mul_norm.png","40862","07-11-25 14:27:45"
"Z:\Hisham\EUROMOD-STORAGE_1\reports\mle_dcm\boxcox\male_ascsOFF_q99\boxcox_male_ascsOFF_q99_param_descriptions.json","568","07-11-25 13:13:29"
"Z:\Hisham\EUROMOD-STORAGE_1\reports\mle_dcm\boxcox\male_ascsOFF_q99\boxcox_male_ascsOFF_q99_param_labels.json","377","07-11-25 13:13:29"
"Z:\Hisham\EUROMOD-STORAGE_1\reports\mle_dcm\boxcox\male_ascsOFF_q99\boxcox_male_ascsOFF_q99_parameters.csv","1224","07-11-25 13:13:29"
"Z:\Hisham\EUROMOD-STORAGE_1\reports\mle_dcm\boxcox\male_ascsOFF_q99\boxcox_male_ascsOFF_q99_util_decomp.csv","346","07-11-25 14:27:44"
"Z:\Hisham\EUROMOD-STORAGE_1\reports\mle_dcm\boxcox\male_ascsOFF_q99\separate_2015\boxcox_male_ascsOFF_q99_analysis.html","10482","07-11-25 09:46:29"
"Z:\Hisham\EUROMOD-STORAGE_1\reports\mle_dcm\boxcox\male_ascsOFF_q99\separate_2015\boxcox_male_ascsOFF_q99_confusion.csv","164","07-11-25 10:05:15"
"Z:\Hisham\EUROMOD-STORAGE_1\reports\mle_dcm\boxcox\male_ascsOFF_q99\separate_2015\boxcox_male_ascsOFF_q99_contours_norm.png","55348","07-11-25 10:05:49"
"Z:\Hisham\EUROMOD-STORAGE_1\reports\mle_dcm\boxcox\male_ascsOFF_q99\separate_2015\boxcox_male_ascsOFF_q99_logl_hist.png","20636","07-11-25 09:56:58"
"Z:\Hisham\EUROMOD-STORAGE_1\reports\mle_dcm\boxcox\male_ascsOFF_q99\separate_2015\boxcox_male_ascsOFF_q99_logy_hist.png","21013","07-11-25 09:56:58"
"Z:\Hisham\EUROMOD-STORAGE_1\reports\mle_dcm\boxcox\male_ascsOFF_q99\separate_2015\boxcox_male_ascsOFF_q99_meta.json","1697","07-11-25 10:05:15"
"Z:\Hisham\EUROMOD-STORAGE_1\reports\mle_dcm\boxcox\male_ascsOFF_q99\separate_2015\boxcox_male_ascsOFF_q99_muc_norm.png","37615","07-11-25 10:05:49"
"Z:\Hisham\EUROMOD-STORAGE_1\reports\mle_dcm\boxcox\male_ascsOFF_q99\separate_2015\boxcox_male_ascsOFF_q99_mucmul_draws.csv","30582","07-11-25 10:05:49"
"Z:\Hisham\EUROMOD-STORAGE_1\reports\mle_dcm\boxcox\male_ascsOFF_q99\separate_2015\boxcox_male_ascsOFF_q99_mucmul_summary.json","327","07-11-25 10:05:15"
"Z:\Hisham\EUROMOD-STORAGE_1\reports\mle_dcm\boxcox\male_ascsOFF_q99\separate_2015\boxcox_male_ascsOFF_q99_mul_norm.png","40960","07-11-25 10:05:49"
"Z:\Hisham\EUROMOD-STORAGE_1\reports\mle_dcm\boxcox\male_ascsOFF_q99\separate_2015\boxcox_male_ascsOFF_q99_param_descriptions.json","568","07-11-25 10:05:15"
"Z:\Hisham\EUROMOD-STORAGE_1\reports\mle_dcm\boxcox\male_ascsOFF_q99\separate_2015\boxcox_male_ascsOFF_q99_param_labels.json","377","07-11-25 10:05:15"
"Z:\Hisham\EUROMOD-STORAGE_1\reports\mle_dcm\boxcox\male_ascsOFF_q99\separate_2015\boxcox_male_ascsOFF_q99_parameters.csv","1211","07-11-25 10:05:15"
"Z:\Hisham\EUROMOD-STORAGE_1\reports\mle_dcm\boxcox\male_ascsOFF_q99\separate_2015\boxcox_male_ascsOFF_q99_util_decomp.csv","346","07-11-25 10:05:49"
"Z:\Hisham\EUROMOD-STORAGE_1\reports\mle_dcm\boxcox\pooled_ascsOFF_q99\boxcox_pooled_ascsOFF_q99_analysis.html","11011","07-11-25 11:02:52"
"Z:\Hisham\EUROMOD-STORAGE_1\reports\mle_dcm\boxcox\pooled_ascsOFF_q99\boxcox_pooled_ascsOFF_q99_confusion.csv","174","07-11-25 11:02:18"
"Z:\Hisham\EUROMOD-STORAGE_1\reports\mle_dcm\boxcox\pooled_ascsOFF_q99\boxcox_pooled_ascsOFF_q99_cons_hist.png","21717","07-11-25 11:02:51"
"Z:\Hisham\EUROMOD-STORAGE_1\reports\mle_dcm\boxcox\pooled_ascsOFF_q99\boxcox_pooled_ascsOFF_q99_contours_norm.png","55161","07-11-25 11:02:52"
"Z:\Hisham\EUROMOD-STORAGE_1\reports\mle_dcm\boxcox\pooled_ascsOFF_q99\boxcox_pooled_ascsOFF_q99_leisure_hist.png","22272","07-11-25 11:02:51"
"Z:\Hisham\EUROMOD-STORAGE_1\reports\mle_dcm\boxcox\pooled_ascsOFF_q99\boxcox_pooled_ascsOFF_q99_meta.json","1756","07-11-25 11:02:18"
"Z:\Hisham\EUROMOD-STORAGE_1\reports\mle_dcm\boxcox\pooled_ascsOFF_q99\boxcox_pooled_ascsOFF_q99_muc_norm.png","38784","07-11-25 11:02:51"
"Z:\Hisham\EUROMOD-STORAGE_1\reports\mle_dcm\boxcox\pooled_ascsOFF_q99\boxcox_pooled_ascsOFF_q99_mucmul_draws.csv","68716","07-11-25 11:02:51"
"Z:\Hisham\EUROMOD-STORAGE_1\reports\mle_dcm\boxcox\pooled_ascsOFF_q99\boxcox_pooled_ascsOFF_q99_mucmul_summary.json","328","07-11-25 11:02:18"
"Z:\Hisham\EUROMOD-STORAGE_1\reports\mle_dcm\boxcox\pooled_ascsOFF_q99\boxcox_pooled_ascsOFF_q99_mul_norm.png","41270","07-11-25 11:02:52"
"Z:\Hisham\EUROMOD-STORAGE_1\reports\mle_dcm\boxcox\pooled_ascsOFF_q99\boxcox_pooled_ascsOFF_q99_param_descriptions.json","632","07-11-25 11:02:18"
"Z:\Hisham\EUROMOD-STORAGE_1\reports\mle_dcm\boxcox\pooled_ascsOFF_q99\boxcox_pooled_ascsOFF_q99_param_labels.json","427","07-11-25 11:02:18"
"Z:\Hisham\EUROMOD-STORAGE_1\reports\mle_dcm\boxcox\pooled_ascsOFF_q99\boxcox_pooled_ascsOFF_q99_parameters.csv","1395","07-11-25 11:02:18"
"Z:\Hisham\EUROMOD-STORAGE_1\reports\mle_dcm\boxcox\pooled_ascsOFF_q99\boxcox_pooled_ascsOFF_q99_util_decomp.csv","345","07-11-25 11:02:51"
