DATAFLOW	LAST UPDATE	freq	isced11	sex	age	unit	geo	TIME_PERIOD	OBS_VALUE	OBS_FLAG	CONF_STATUS
ESTAT:LFST_R_LFSD2POP(1.0)	17/04/26 11:00:00	A	ED0-2	F	Y15-24	THS_PER	FR10	2015	279.1		
ESTAT:LFST_R_LFSD2POP(1.0)	17/04/26 11:00:00	A	ED0-2	F	Y15-24	THS_PER	FRB0	2015	53.7		
ESTAT:LFST_R_LFSD2POP(1.0)	17/04/26 11:00:00	A	ED0-2	F	Y15-24	THS_PER	FRC1	2015	40.9		
ESTAT:LFST_R_LFSD2POP(1.0)	17/04/26 11:00:00	A	ED0-2	F	Y15-24	THS_PER	FRC2	2015	29.0		
ESTAT:LFST_R_LFSD2POP(1.0)	17/04/26 11:00:00	A	ED0-2	F	Y15-24	THS_PER	FRD1	2015	40.8		
ESTAT:LFST_R_LFSD2POP(1.0)	17/04/26 11:00:00	A	ED0-2	F	Y15-24	THS_PER	FRD2	2015	46.1		
ESTAT:LFST_R_LFSD2POP(1.0)	17/04/26 11:00:00	A	ED0-2	F	Y15-24	THS_PER	FRE1	2015	99.0		
ESTAT:LFST_R_LFSD2POP(1.0)	17/04/26 11:00:00	A	ED0-2	F	Y15-24	THS_PER	FRE2	2015	48.4		
ESTAT:LFST_R_LFSD2POP(1.0)	17/04/26 11:00:00	A	ED0-2	F	Y15-24	THS_PER	FRF1	2015	42.8		
ESTAT:LFST_R_LFSD2POP(1.0)	17/04/26 11:00:00	A	ED0-2	F	Y15-24	THS_PER	FRF2	2015	31.9		
ESTAT:LFST_R_LFSD2POP(1.0)	17/04/26 11:00:00	A	ED0-2	F	Y15-24	THS_PER	FRF3	2015	55.2		
ESTAT:LFST_R_LFSD2POP(1.0)	17/04/26 11:00:00	A	ED0-2	F	Y15-24	THS_PER	FRG0	2015	75.4		
ESTAT:LFST_R_LFSD2POP(1.0)	17/04/26 11:00:00	A	ED0-2	F	Y15-24	THS_PER	FRH0	2015	63.4		
ESTAT:LFST_R_LFSD2POP(1.0)	17/04/26 11:00:00	A	ED0-2	F	Y15-24	THS_PER	FRI1	2015	68.3		
ESTAT:LFST_R_LFSD2POP(1.0)	17/04/26 11:00:00	A	ED0-2	F	Y15-24	THS_PER	FRI2	2015	12.5		
ESTAT:LFST_R_LFSD2POP(1.0)	17/04/26 11:00:00	A	ED0-2	F	Y15-24	THS_PER	FRI3	2015	26.2		
ESTAT:LFST_R_LFSD2POP(1.0)	17/04/26 11:00:00	A	ED0-2	F	Y15-24	THS_PER	FRJ1	2015	59.5		
ESTAT:LFST_R_LFSD2POP(1.0)	17/04/26 11:00:00	A	ED0-2	F	Y15-24	THS_PER	FRJ2	2015	64.0		
ESTAT:LFST_R_LFSD2POP(1.0)	17/04/26 11:00:00	A	ED0-2	F	Y15-24	THS_PER	FRK1	2015	31.0		
ESTAT:LFST_R_LFSD2POP(1.0)	17/04/26 11:00:00	A	ED0-2	F	Y15-24	THS_PER	FRK2	2015	152.7		
ESTAT:LFST_R_LFSD2POP(1.0)	17/04/26 11:00:00	A	ED0-2	F	Y15-24	THS_PER	FRL0	2015	103.6		
ESTAT:LFST_R_LFSD2POP(1.0)	17/04/26 11:00:00	A	ED0-2	F	Y15-24	THS_PER	FRM0	2015	8.8	u	
ESTAT:LFST_R_LFSD2POP(1.0)	17/04/26 11:00:00	A	ED0-2	F	Y15-64	THS_PER	FR10	2015	971.4		
ESTAT:LFST_R_LFSD2POP(1.0)	17/04/26 11:00:00	A	ED0-2	F	Y15-64	THS_PER	FRB0	2015	217.3		
ESTAT:LFST_R_LFSD2POP(1.0)	17/04/26 11:00:00	A	ED0-2	F	Y15-64	THS_PER	FRC1	2015	145.8		
ESTAT:LFST_R_LFSD2POP(1.0)	17/04/26 11:00:00	A	ED0-2	F	Y15-64	THS_PER	FRC2	2015	107.6		
ESTAT:LFST_R_LFSD2POP(1.0)	17/04/26 11:00:00	A	ED0-2	F	Y15-64	THS_PER	FRD1	2015	143.4		
ESTAT:LFST_R_LFSD2POP(1.0)	17/04/26 11:00:00	A	ED0-2	F	Y15-64	THS_PER	FRD2	2015	179.5		
ESTAT:LFST_R_LFSD2POP(1.0)	17/04/26 11:00:00	A	ED0-2	F	Y15-64	THS_PER	FRE1	2015	397.1		
ESTAT:LFST_R_LFSD2POP(1.0)	17/04/26 11:00:00	A	ED0-2	F	Y15-64	THS_PER	FRE2	2015	201.7		
ESTAT:LFST_R_LFSD2POP(1.0)	17/04/26 11:00:00	A	ED0-2	F	Y15-64	THS_PER	FRF1	2015	152.4		
ESTAT:LFST_R_LFSD2POP(1.0)	17/04/26 11:00:00	A	ED0-2	F	Y15-64	THS_PER	FRF2	2015	134.8		
ESTAT:LFST_R_LFSD2POP(1.0)	17/04/26 11:00:00	A	ED0-2	F	Y15-64	THS_PER	FRF3	2015	198.6		
ESTAT:LFST_R_LFSD2POP(1.0)	17/04/26 11:00:00	A	ED0-2	F	Y15-64	THS_PER	FRG0	2015	264.3		
ESTAT:LFST_R_LFSD2POP(1.0)	17/04/26 11:00:00	A	ED0-2	F	Y15-64	THS_PER	FRH0	2015	201.9		
ESTAT:LFST_R_LFSD2POP(1.0)	17/04/26 11:00:00	A	ED0-2	F	Y15-64	THS_PER	FRI1	2015	216.5		
ESTAT:LFST_R_LFSD2POP(1.0)	17/04/26 11:00:00	A	ED0-2	F	Y15-64	THS_PER	FRI2	2015	50.6		
ESTAT:LFST_R_LFSD2POP(1.0)	17/04/26 11:00:00	A	ED0-2	F	Y15-64	THS_PER	FRI3	2015	133.4		
ESTAT:LFST_R_LFSD2POP(1.0)	17/04/26 11:00:00	A	ED0-2	F	Y15-64	THS_PER	FRJ1	2015	250.0		
ESTAT:LFST_R_LFSD2POP(1.0)	17/04/26 11:00:00	A	ED0-2	F	Y15-64	THS_PER	FRJ2	2015	196.5		
ESTAT:LFST_R_LFSD2POP(1.0)	17/04/26 11:00:00	A	ED0-2	F	Y15-64	THS_PER	FRK1	2015	101.5		
ESTAT:LFST_R_LFSD2POP(1.0)	17/04/26 11:00:00	A	ED0-2	F	Y15-64	THS_PER	FRK2	2015	472.9		
ESTAT:LFST_R_LFSD2POP(1.0)	17/04/26 11:00:00	A	ED0-2	F	Y15-64	THS_PER	FRL0	2015	405.0		
ESTAT:LFST_R_LFSD2POP(1.0)	17/04/26 11:00:00	A	ED0-2	F	Y15-64	THS_PER	FRM0	2015	25.6	u	
ESTAT:LFST_R_LFSD2POP(1.0)	17/04/26 11:00:00	A	ED0-2	F	Y15-74	THS_PER	FR10	2015	1171.1		
ESTAT:LFST_R_LFSD2POP(1.0)	17/04/26 11:00:00	A	ED0-2	F	Y15-74	THS_PER	FRB0	2015	298.5		
ESTAT:LFST_R_LFSD2POP(1.0)	17/04/26 11:00:00	A	ED0-2	F	Y15-74	THS_PER	FRC1	2015	190.8		
ESTAT:LFST_R_LFSD2POP(1.0)	17/04/26 11:00:00	A	ED0-2	F	Y15-74	THS_PER	FRC2	2015	137.1		
ESTAT:LFST_R_LFSD2POP(1.0)	17/04/26 11:00:00	A	ED0-2	F	Y15-74	THS_PER	FRD1	2015	187.5		
ESTAT:LFST_R_LFSD2POP(1.0)	17/04/26 11:00:00	A	ED0-2	F	Y15-74	THS_PER	FRD2	2015	234.1		
ESTAT:LFST_R_LFSD2POP(1.0)	17/04/26 11:00:00	A	ED0-2	F	Y15-74	THS_PER	FRE1	2015	512.8		
ESTAT:LFST_R_LFSD2POP(1.0)	17/04/26 11:00:00	A	ED0-2	F	Y15-74	THS_PER	FRE2	2015	263.0		
ESTAT:LFST_R_LFSD2POP(1.0)	17/04/26 11:00:00	A	ED0-2	F	Y15-74	THS_PER	FRF1	2015	190.2		
ESTAT:LFST_R_LFSD2POP(1.0)	17/04/26 11:00:00	A	ED0-2	F	Y15-74	THS_PER	FRF2	2015	173.4		
ESTAT:LFST_R_LFSD2POP(1.0)	17/04/26 11:00:00	A	ED0-2	F	Y15-74	THS_PER	FRF3	2015	261.6		
ESTAT:LFST_R_LFSD2POP(1.0)	17/04/26 11:00:00	A	ED0-2	F	Y15-74	THS_PER	FRG0	2015	360.8		
ESTAT:LFST_R_LFSD2POP(1.0)	17/04/26 11:00:00	A	ED0-2	F	Y15-74	THS_PER	FRH0	2015	282.9		
ESTAT:LFST_R_LFSD2POP(1.0)	17/04/26 11:00:00	A	ED0-2	F	Y15-74	THS_PER	FRI1	2015	311.7		
ESTAT:LFST_R_LFSD2POP(1.0)	17/04/26 11:00:00	A	ED0-2	F	Y15-74	THS_PER	FRI2	2015	69.2		
ESTAT:LFST_R_LFSD2POP(1.0)	17/04/26 11:00:00	A	ED0-2	F	Y15-74	THS_PER	FRI3	2015	199.1		
ESTAT:LFST_R_LFSD2POP(1.0)	17/04/26 11:00:00	A	ED0-2	F	Y15-74	THS_PER	FRJ1	2015	340.9		
ESTAT:LFST_R_LFSD2POP(1.0)	17/04/26 11:00:00	A	ED0-2	F	Y15-74	THS_PER	FRJ2	2015	269.4		
ESTAT:LFST_R_LFSD2POP(1.0)	17/04/26 11:00:00	A	ED0-2	F	Y15-74	THS_PER	FRK1	2015	144.3		
ESTAT:LFST_R_LFSD2POP(1.0)	17/04/26 11:00:00	A	ED0-2	F	Y15-74	THS_PER	FRK2	2015	614.6		
ESTAT:LFST_R_LFSD2POP(1.0)	17/04/26 11:00:00	A	ED0-2	F	Y15-74	THS_PER	FRL0	2015	539.2		
ESTAT:LFST_R_LFSD2POP(1.0)	17/04/26 11:00:00	A	ED0-2	F	Y15-74	THS_PER	FRM0	2015	42.3	u	
ESTAT:LFST_R_LFSD2POP(1.0)	17/04/26 11:00:00	A	ED0-2	F	Y20-64	THS_PER	FR10	2015	733.0		
ESTAT:LFST_R_LFSD2POP(1.0)	17/04/26 11:00:00	A	ED0-2	F	Y20-64	THS_PER	FRB0	2015	168.1		
ESTAT:LFST_R_LFSD2POP(1.0)	17/04/26 11:00:00	A	ED0-2	F	Y20-64	THS_PER	FRC1	2015	110.4		
ESTAT:LFST_R_LFSD2POP(1.0)	17/04/26 11:00:00	A	ED0-2	F	Y20-64	THS_PER	FRC2	2015	84.5		
ESTAT:LFST_R_LFSD2POP(1.0)	17/04/26 11:00:00	A	ED0-2	F	Y20-64	THS_PER	FRD1	2015	109.6		
ESTAT:LFST_R_LFSD2POP(1.0)	17/04/26 11:00:00	A	ED0-2	F	Y20-64	THS_PER	FRD2	2015	139.2		
ESTAT:LFST_R_LFSD2POP(1.0)	17/04/26 11:00:00	A	ED0-2	F	Y20-64	THS_PER	FRE1	2015	314.8		
ESTAT:LFST_R_LFSD2POP(1.0)	17/04/26 11:00:00	A	ED0-2	F	Y20-64	THS_PER	FRE2	2015	162.7		
ESTAT:LFST_R_LFSD2POP(1.0)	17/04/26 11:00:00	A	ED0-2	F	Y20-64	THS_PER	FRF1	2015	116.0		
ESTAT:LFST_R_LFSD2POP(1.0)	17/04/26 11:00:00	A	ED0-2	F	Y20-64	THS_PER	FRF2	2015	112.0		
ESTAT:LFST_R_LFSD2POP(1.0)	17/04/26 11:00:00	A	ED0-2	F	Y20-64	THS_PER	FRF3	2015	152.5		
ESTAT:LFST_R_LFSD2POP(1.0)	17/04/26 11:00:00	A	ED0-2	F	Y20-64	THS_PER	FRG0	2015	197.4		
ESTAT:LFST_R_LFSD2POP(1.0)	17/04/26 11:00:00	A	ED0-2	F	Y20-64	THS_PER	FRH0	2015	144.8		
ESTAT:LFST_R_LFSD2POP(1.0)	17/04/26 11:00:00	A	ED0-2	F	Y20-64	THS_PER	FRI1	2015	155.1		
ESTAT:LFST_R_LFSD2POP(1.0)	17/04/26 11:00:00	A	ED0-2	F	Y20-64	THS_PER	FRI2	2015	40.4		
ESTAT:LFST_R_LFSD2POP(1.0)	17/04/26 11:00:00	A	ED0-2	F	Y20-64	THS_PER	FRI3	2015	109.9		
ESTAT:LFST_R_LFSD2POP(1.0)	17/04/26 11:00:00	A	ED0-2	F	Y20-64	THS_PER	FRJ1	2015	199.8		
ESTAT:LFST_R_LFSD2POP(1.0)	17/04/26 11:00:00	A	ED0-2	F	Y20-64	THS_PER	FRJ2	2015	139.0		
ESTAT:LFST_R_LFSD2POP(1.0)	17/04/26 11:00:00	A	ED0-2	F	Y20-64	THS_PER	FRK1	2015	72.4		
ESTAT:LFST_R_LFSD2POP(1.0)	17/04/26 11:00:00	A	ED0-2	F	Y20-64	THS_PER	FRK2	2015	336.4		
ESTAT:LFST_R_LFSD2POP(1.0)	17/04/26 11:00:00	A	ED0-2	F	Y20-64	THS_PER	FRL0	2015	320.1		
ESTAT:LFST_R_LFSD2POP(1.0)	17/04/26 11:00:00	A	ED0-2	F	Y20-64	THS_PER	FRM0	2015	17.3	u	
ESTAT:LFST_R_LFSD2POP(1.0)	17/04/26 11:00:00	A	ED0-2	F	Y25-34	THS_PER	FR10	2015	103.0		
ESTAT:LFST_R_LFSD2POP(1.0)	17/04/26 11:00:00	A	ED0-2	F	Y25-34	THS_PER	FRB0	2015	17.7		
ESTAT:LFST_R_LFSD2POP(1.0)	17/04/26 11:00:00	A	ED0-2	F	Y25-34	THS_PER	FRC1	2015	8.8	u	
ESTAT:LFST_R_LFSD2POP(1.0)	17/04/26 11:00:00	A	ED0-2	F	Y25-34	THS_PER	FRC2	2015	10.1		
ESTAT:LFST_R_LFSD2POP(1.0)	17/04/26 11:00:00	A	ED0-2	F	Y25-34	THS_PER	FRD1	2015	11.3		
ESTAT:LFST_R_LFSD2POP(1.0)	17/04/26 11:00:00	A	ED0-2	F	Y25-34	THS_PER	FRD2	2015	15.3		
ESTAT:LFST_R_LFSD2POP(1.0)	17/04/26 11:00:00	A	ED0-2	F	Y25-34	THS_PER	FRE1	2015	31.7		
ESTAT:LFST_R_LFSD2POP(1.0)	17/04/26 11:00:00	A	ED0-2	F	Y25-34	THS_PER	FRE2	2015	17.9		
ESTAT:LFST_R_LFSD2POP(1.0)	17/04/26 11:00:00	A	ED0-2	F	Y25-34	THS_PER	FRF1	2015	16.1		
ESTAT:LFST_R_LFSD2POP(1.0)	17/04/26 11:00:00	A	ED0-2	F	Y25-34	THS_PER	FRF2	2015	11.9		
ESTAT:LFST_R_LFSD2POP(1.0)	17/04/26 11:00:00	A	ED0-2	F	Y25-34	THS_PER	FRF3	2015	19.7		
ESTAT:LFST_R_LFSD2POP(1.0)	17/04/26 11:00:00	A	ED0-2	F	Y25-34	THS_PER	FRG0	2015	21.6		
ESTAT:LFST_R_LFSD2POP(1.0)	17/04/26 11:00:00	A	ED0-2	F	Y25-34	THS_PER	FRH0	2015	11.2		
ESTAT:LFST_R_LFSD2POP(1.0)	17/04/26 11:00:00	A	ED0-2	F	Y25-34	THS_PER	FRI1	2015	17.9		
ESTAT:LFST_R_LFSD2POP(1.0)	17/04/26 11:00:00	A	ED0-2	F	Y25-34	THS_PER	FRI2	2015	3.2	u	
ESTAT:LFST_R_LFSD2POP(1.0)	17/04/26 11:00:00	A	ED0-2	F	Y25-34	THS_PER	FRI3	2015	11.8		
ESTAT:LFST_R_LFSD2POP(1.0)	17/04/26 11:00:00	A	ED0-2	F	Y25-34	THS_PER	FRJ1	2015	30.4		
ESTAT:LFST_R_LFSD2POP(1.0)	17/04/26 11:00:00	A	ED0-2	F	Y25-34	THS_PER	FRJ2	2015	14.0		
ESTAT:LFST_R_LFSD2POP(1.0)	17/04/26 11:00:00	A	ED0-2	F	Y25-34	THS_PER	FRK1	2015	5.8	u	
ESTAT:LFST_R_LFSD2POP(1.0)	17/04/26 11:00:00	A	ED0-2	F	Y25-34	THS_PER	FRK2	2015	36.2		
ESTAT:LFST_R_LFSD2POP(1.0)	17/04/26 11:00:00	A	ED0-2	F	Y25-34	THS_PER	FRL0	2015	42.3		
ESTAT:LFST_R_LFSD2POP(1.0)	17/04/26 11:00:00	A	ED0-2	F	Y25-34	THS_PER	FRM0	2015	1.1	u	
ESTAT:LFST_R_LFSD2POP(1.0)	17/04/26 11:00:00	A	ED0-2	F	Y25-64	THS_PER	FR10	2015	692.2		
ESTAT:LFST_R_LFSD2POP(1.0)	17/04/26 11:00:00	A	ED0-2	F	Y25-64	THS_PER	FRB0	2015	163.5		
ESTAT:LFST_R_LFSD2POP(1.0)	17/04/26 11:00:00	A	ED0-2	F	Y25-64	THS_PER	FRC1	2015	104.9		
ESTAT:LFST_R_LFSD2POP(1.0)	17/04/26 11:00:00	A	ED0-2	F	Y25-64	THS_PER	FRC2	2015	78.6		
ESTAT:LFST_R_LFSD2POP(1.0)	17/04/26 11:00:00	A	ED0-2	F	Y25-64	THS_PER	FRD1	2015	102.6		
ESTAT:LFST_R_LFSD2POP(1.0)	17/04/26 11:00:00	A	ED0-2	F	Y25-64	THS_PER	FRD2	2015	133.3		
ESTAT:LFST_R_LFSD2POP(1.0)	17/04/26 11:00:00	A	ED0-2	F	Y25-64	THS_PER	FRE1	2015	298.2		
ESTAT:LFST_R_LFSD2POP(1.0)	17/04/26 11:00:00	A	ED0-2	F	Y25-64	THS_PER	FRE2	2015	153.3		
ESTAT:LFST_R_LFSD2POP(1.0)	17/04/26 11:00:00	A	ED0-2	F	Y25-64	THS_PER	FRF1	2015	109.6		
ESTAT:LFST_R_LFSD2POP(1.0)	17/04/26 11:00:00	A	ED0-2	F	Y25-64	THS_PER	FRF2	2015	102.8		
ESTAT:LFST_R_LFSD2POP(1.0)	17/04/26 11:00:00	A	ED0-2	F	Y25-64	THS_PER	FRF3	2015	143.4		
ESTAT:LFST_R_LFSD2POP(1.0)	17/04/26 11:00:00	A	ED0-2	F	Y25-64	THS_PER	FRG0	2015	188.9		
ESTAT:LFST_R_LFSD2POP(1.0)	17/04/26 11:00:00	A	ED0-2	F	Y25-64	THS_PER	FRH0	2015	138.5		
ESTAT:LFST_R_LFSD2POP(1.0)	17/04/26 11:00:00	A	ED0-2	F	Y25-64	THS_PER	FRI1	2015	148.2		
ESTAT:LFST_R_LFSD2POP(1.0)	17/04/26 11:00:00	A	ED0-2	F	Y25-64	THS_PER	FRI2	2015	38.0		
ESTAT:LFST_R_LFSD2POP(1.0)	17/04/26 11:00:00	A	ED0-2	F	Y25-64	THS_PER	FRI3	2015	107.2		
ESTAT:LFST_R_LFSD2POP(1.0)	17/04/26 11:00:00	A	ED0-2	F	Y25-64	THS_PER	FRJ1	2015	190.5		
ESTAT:LFST_R_LFSD2POP(1.0)	17/04/26 11:00:00	A	ED0-2	F	Y25-64	THS_PER	FRJ2	2015	132.5		
ESTAT:LFST_R_LFSD2POP(1.0)	17/04/26 11:00:00	A	ED0-2	F	Y25-64	THS_PER	FRK1	2015	70.5		
ESTAT:LFST_R_LFSD2POP(1.0)	17/04/26 11:00:00	A	ED0-2	F	Y25-64	THS_PER	FRK2	2015	320.2		
ESTAT:LFST_R_LFSD2POP(1.0)	17/04/26 11:00:00	A	ED0-2	F	Y25-64	THS_PER	FRL0	2015	301.5		
ESTAT:LFST_R_LFSD2POP(1.0)	17/04/26 11:00:00	A	ED0-2	F	Y25-64	THS_PER	FRM0	2015	16.8	u	
ESTAT:LFST_R_LFSD2POP(1.0)	17/04/26 11:00:00	A	ED0-2	F	Y35-44	THS_PER	FR10	2015	127.2		
ESTAT:LFST_R_LFSD2POP(1.0)	17/04/26 11:00:00	A	ED0-2	F	Y35-44	THS_PER	FRB0	2015	25.0		
ESTAT:LFST_R_LFSD2POP(1.0)	17/04/26 11:00:00	A	ED0-2	F	Y35-44	THS_PER	FRC1	2015	13.7		
ESTAT:LFST_R_LFSD2POP(1.0)	17/04/26 11:00:00	A	ED0-2	F	Y35-44	THS_PER	FRC2	2015	11.7		
ESTAT:LFST_R_LFSD2POP(1.0)	17/04/26 11:00:00	A	ED0-2	F	Y35-44	THS_PER	FRD1	2015	15.8		
ESTAT:LFST_R_LFSD2POP(1.0)	17/04/26 11:00:00	A	ED0-2	F	Y35-44	THS_PER	FRD2	2015	22.1		
ESTAT:LFST_R_LFSD2POP(1.0)	17/04/26 11:00:00	A	ED0-2	F	Y35-44	THS_PER	FRE1	2015	47.0		
ESTAT:LFST_R_LFSD2POP(1.0)	17/04/26 11:00:00	A	ED0-2	F	Y35-44	THS_PER	FRE2	2015	23.2		
ESTAT:LFST_R_LFSD2POP(1.0)	17/04/26 11:00:00	A	ED0-2	F	Y35-44	THS_PER	FRF1	2015	16.4		
ESTAT:LFST_R_LFSD2POP(1.0)	17/04/26 11:00:00	A	ED0-2	F	Y35-44	THS_PER	FRF2	2015	14.9		
ESTAT:LFST_R_LFSD2POP(1.0)	17/04/26 11:00:00	A	ED0-2	F	Y35-44	THS_PER	FRF3	2015	19.4		
ESTAT:LFST_R_LFSD2POP(1.0)	17/04/26 11:00:00	A	ED0-2	F	Y35-44	THS_PER	FRG0	2015	24.5		
ESTAT:LFST_R_LFSD2POP(1.0)	17/04/26 11:00:00	A	ED0-2	F	Y35-44	THS_PER	FRH0	2015	15.2		
ESTAT:LFST_R_LFSD2POP(1.0)	17/04/26 11:00:00	A	ED0-2	F	Y35-44	THS_PER	FRI1	2015	24.4		
ESTAT:LFST_R_LFSD2POP(1.0)	17/04/26 11:00:00	A	ED0-2	F	Y35-44	THS_PER	FRI2	2015	5.6	u	
ESTAT:LFST_R_LFSD2POP(1.0)	17/04/26 11:00:00	A	ED0-2	F	Y35-44	THS_PER	FRI3	2015	17.0		
ESTAT:LFST_R_LFSD2POP(1.0)	17/04/26 11:00:00	A	ED0-2	F	Y35-44	THS_PER	FRJ1	2015	25.7		
ESTAT:LFST_R_LFSD2POP(1.0)	17/04/26 11:00:00	A	ED0-2	F	Y35-44	THS_PER	FRJ2	2015	18.8		
ESTAT:LFST_R_LFSD2POP(1.0)	17/04/26 11:00:00	A	ED0-2	F	Y35-44	THS_PER	FRK1	2015	10.3		
ESTAT:LFST_R_LFSD2POP(1.0)	17/04/26 11:00:00	A	ED0-2	F	Y35-44	THS_PER	FRK2	2015	57.3		
ESTAT:LFST_R_LFSD2POP(1.0)	17/04/26 11:00:00	A	ED0-2	F	Y35-44	THS_PER	FRL0	2015	54.0		
ESTAT:LFST_R_LFSD2POP(1.0)	17/04/26 11:00:00	A	ED0-2	F	Y35-44	THS_PER	FRM0	2015	4.5	u	
ESTAT:LFST_R_LFSD2POP(1.0)	17/04/26 11:00:00	A	ED0-2	F	Y45-54	THS_PER	FR10	2015	218.1		
ESTAT:LFST_R_LFSD2POP(1.0)	17/04/26 11:00:00	A	ED0-2	F	Y45-54	THS_PER	FRB0	2015	49.2		
ESTAT:LFST_R_LFSD2POP(1.0)	17/04/26 11:00:00	A	ED0-2	F	Y45-54	THS_PER	FRC1	2015	27.5		
ESTAT:LFST_R_LFSD2POP(1.0)	17/04/26 11:00:00	A	ED0-2	F	Y45-54	THS_PER	FRC2	2015	20.1		
ESTAT:LFST_R_LFSD2POP(1.0)	17/04/26 11:00:00	A	ED0-2	F	Y45-54	THS_PER	FRD1	2015	29.4		
ESTAT:LFST_R_LFSD2POP(1.0)	17/04/26 11:00:00	A	ED0-2	F	Y45-54	THS_PER	FRD2	2015	42.1		
ESTAT:LFST_R_LFSD2POP(1.0)	17/04/26 11:00:00	A	ED0-2	F	Y45-54	THS_PER	FRE1	2015	85.8		
ESTAT:LFST_R_LFSD2POP(1.0)	17/04/26 11:00:00	A	ED0-2	F	Y45-54	THS_PER	FRE2	2015	49.1		
ESTAT:LFST_R_LFSD2POP(1.0)	17/04/26 11:00:00	A	ED0-2	F	Y45-54	THS_PER	FRF1	2015	31.8		
ESTAT:LFST_R_LFSD2POP(1.0)	17/04/26 11:00:00	A	ED0-2	F	Y45-54	THS_PER	FRF2	2015	27.3		
ESTAT:LFST_R_LFSD2POP(1.0)	17/04/26 11:00:00	A	ED0-2	F	Y45-54	THS_PER	FRF3	2015	42.9		
ESTAT:LFST_R_LFSD2POP(1.0)	17/04/26 11:00:00	A	ED0-2	F	Y45-54	THS_PER	FRG0	2015	56.1		
ESTAT:LFST_R_LFSD2POP(1.0)	17/04/26 11:00:00	A	ED0-2	F	Y45-54	THS_PER	FRH0	2015	43.7		
ESTAT:LFST_R_LFSD2POP(1.0)	17/04/26 11:00:00	A	ED0-2	F	Y45-54	THS_PER	FRI1	2015	43.2		
ESTAT:LFST_R_LFSD2POP(1.0)	17/04/26 11:00:00	A	ED0-2	F	Y45-54	THS_PER	FRI2	2015	14.6		
ESTAT:LFST_R_LFSD2POP(1.0)	17/04/26 11:00:00	A	ED0-2	F	Y45-54	THS_PER	FRI3	2015	23.0		
ESTAT:LFST_R_LFSD2POP(1.0)	17/04/26 11:00:00	A	ED0-2	F	Y45-54	THS_PER	FRJ1	2015	53.2		
ESTAT:LFST_R_LFSD2POP(1.0)	17/04/26 11:00:00	A	ED0-2	F	Y45-54	THS_PER	FRJ2	2015	41.7		
ESTAT:LFST_R_LFSD2POP(1.0)	17/04/26 11:00:00	A	ED0-2	F	Y45-54	THS_PER	FRK1	2015	21.3		
ESTAT:LFST_R_LFSD2POP(1.0)	17/04/26 11:00:00	A	ED0-2	F	Y45-54	THS_PER	FRK2	2015	84.6		
ESTAT:LFST_R_LFSD2POP(1.0)	17/04/26 11:00:00	A	ED0-2	F	Y45-54	THS_PER	FRL0	2015	87.2		
ESTAT:LFST_R_LFSD2POP(1.0)	17/04/26 11:00:00	A	ED0-2	F	Y45-54	THS_PER	FRM0	2015	2.4	u	
ESTAT:LFST_R_LFSD2POP(1.0)	17/04/26 11:00:00	A	ED0-2	F	Y55-64	THS_PER	FR10	2015	243.9		
ESTAT:LFST_R_LFSD2POP(1.0)	17/04/26 11:00:00	A	ED0-2	F	Y55-64	THS_PER	FRB0	2015	71.6		
ESTAT:LFST_R_LFSD2POP(1.0)	17/04/26 11:00:00	A	ED0-2	F	Y55-64	THS_PER	FRC1	2015	54.9		
ESTAT:LFST_R_LFSD2POP(1.0)	17/04/26 11:00:00	A	ED0-2	F	Y55-64	THS_PER	FRC2	2015	36.8		
ESTAT:LFST_R_LFSD2POP(1.0)	17/04/26 11:00:00	A	ED0-2	F	Y55-64	THS_PER	FRD1	2015	46.1		
ESTAT:LFST_R_LFSD2POP(1.0)	17/04/26 11:00:00	A	ED0-2	F	Y55-64	THS_PER	FRD2	2015	53.9		
ESTAT:LFST_R_LFSD2POP(1.0)	17/04/26 11:00:00	A	ED0-2	F	Y55-64	THS_PER	FRE1	2015	133.8		
ESTAT:LFST_R_LFSD2POP(1.0)	17/04/26 11:00:00	A	ED0-2	F	Y55-64	THS_PER	FRE2	2015	63.1		
ESTAT:LFST_R_LFSD2POP(1.0)	17/04/26 11:00:00	A	ED0-2	F	Y55-64	THS_PER	FRF1	2015	45.4		
ESTAT:LFST_R_LFSD2POP(1.0)	17/04/26 11:00:00	A	ED0-2	F	Y55-64	THS_PER	FRF2	2015	48.7		
ESTAT:LFST_R_LFSD2POP(1.0)	17/04/26 11:00:00	A	ED0-2	F	Y55-64	THS_PER	FRF3	2015	61.4		
ESTAT:LFST_R_LFSD2POP(1.0)	17/04/26 11:00:00	A	ED0-2	F	Y55-64	THS_PER	FRG0	2015	86.7		
ESTAT:LFST_R_LFSD2POP(1.0)	17/04/26 11:00:00	A	ED0-2	F	Y55-64	THS_PER	FRH0	2015	68.4		
ESTAT:LFST_R_LFSD2POP(1.0)	17/04/26 11:00:00	A	ED0-2	F	Y55-64	THS_PER	FRI1	2015	62.7		
ESTAT:LFST_R_LFSD2POP(1.0)	17/04/26 11:00:00	A	ED0-2	F	Y55-64	THS_PER	FRI2	2015	14.6		
ESTAT:LFST_R_LFSD2POP(1.0)	17/04/26 11:00:00	A	ED0-2	F	Y55-64	THS_PER	FRI3	2015	55.4		
ESTAT:LFST_R_LFSD2POP(1.0)	17/04/26 11:00:00	A	ED0-2	F	Y55-64	THS_PER	FRJ1	2015	81.1		
ESTAT:LFST_R_LFSD2POP(1.0)	17/04/26 11:00:00	A	ED0-2	F	Y55-64	THS_PER	FRJ2	2015	58.0		
ESTAT:LFST_R_LFSD2POP(1.0)	17/04/26 11:00:00	A	ED0-2	F	Y55-64	THS_PER	FRK1	2015	33.0		
ESTAT:LFST_R_LFSD2POP(1.0)	17/04/26 11:00:00	A	ED0-2	F	Y55-64	THS_PER	FRK2	2015	142.0		
ESTAT:LFST_R_LFSD2POP(1.0)	17/04/26 11:00:00	A	ED0-2	F	Y55-64	THS_PER	FRL0	2015	118.0		
ESTAT:LFST_R_LFSD2POP(1.0)	17/04/26 11:00:00	A	ED0-2	F	Y55-64	THS_PER	FRM0	2015	8.9	u	
ESTAT:LFST_R_LFSD2POP(1.0)	17/04/26 11:00:00	A	ED0-2	F	Y_GE15	THS_PER	FR10	2015	1412.9		
ESTAT:LFST_R_LFSD2POP(1.0)	17/04/26 11:00:00	A	ED0-2	F	Y_GE15	THS_PER	FRB0	2015	391.6		
ESTAT:LFST_R_LFSD2POP(1.0)	17/04/26 11:00:00	A	ED0-2	F	Y_GE15	THS_PER	FRC1	2015	259.8		
ESTAT:LFST_R_LFSD2POP(1.0)	17/04/26 11:00:00	A	ED0-2	F	Y_GE15	THS_PER	FRC2	2015	181.0		
ESTAT:LFST_R_LFSD2POP(1.0)	17/04/26 11:00:00	A	ED0-2	F	Y_GE15	THS_PER	FRD1	2015	246.5		
ESTAT:LFST_R_LFSD2POP(1.0)	17/04/26 11:00:00	A	ED0-2	F	Y_GE15	THS_PER	FRD2	2015	303.3		
ESTAT:LFST_R_LFSD2POP(1.0)	17/04/26 11:00:00	A	ED0-2	F	Y_GE15	THS_PER	FRE1	2015	653.3		
ESTAT:LFST_R_LFSD2POP(1.0)	17/04/26 11:00:00	A	ED0-2	F	Y_GE15	THS_PER	FRE2	2015	327.2		
ESTAT:LFST_R_LFSD2POP(1.0)	17/04/26 11:00:00	A	ED0-2	F	Y_GE15	THS_PER	FRF1	2015	243.3		
ESTAT:LFST_R_LFSD2POP(1.0)	17/04/26 11:00:00	A	ED0-2	F	Y_GE15	THS_PER	FRF2	2015	227.7		
ESTAT:LFST_R_LFSD2POP(1.0)	17/04/26 11:00:00	A	ED0-2	F	Y_GE15	THS_PER	FRF3	2015	347.1		
ESTAT:LFST_R_LFSD2POP(1.0)	17/04/26 11:00:00	A	ED0-2	F	Y_GE15	THS_PER	FRG0	2015	497.6		
ESTAT:LFST_R_LFSD2POP(1.0)	17/04/26 11:00:00	A	ED0-2	F	Y_GE15	THS_PER	FRH0	2015	415.6		
ESTAT:LFST_R_LFSD2POP(1.0)	17/04/26 11:00:00	A	ED0-2	F	Y_GE15	THS_PER	FRI1	2015	424.1		
ESTAT:LFST_R_LFSD2POP(1.0)	17/04/26 11:00:00	A	ED0-2	F	Y_GE15	THS_PER	FRI2	2015	104.1		
ESTAT:LFST_R_LFSD2POP(1.0)	17/04/26 11:00:00	A	ED0-2	F	Y_GE15	THS_PER	FRI3	2015	278.2		
ESTAT:LFST_R_LFSD2POP(1.0)	17/04/26 11:00:00	A	ED0-2	F	Y_GE15	THS_PER	FRJ1	2015	430.4		
ESTAT:LFST_R_LFSD2POP(1.0)	17/04/26 11:00:00	A	ED0-2	F	Y_GE15	THS_PER	FRJ2	2015	376.9		
ESTAT:LFST_R_LFSD2POP(1.0)	17/04/26 11:00:00	A	ED0-2	F	Y_GE15	THS_PER	FRK1	2015	202.5		
ESTAT:LFST_R_LFSD2POP(1.0)	17/04/26 11:00:00	A	ED0-2	F	Y_GE15	THS_PER	FRK2	2015	811.2		
ESTAT:LFST_R_LFSD2POP(1.0)	17/04/26 11:00:00	A	ED0-2	F	Y_GE15	THS_PER	FRL0	2015	710.8		
ESTAT:LFST_R_LFSD2POP(1.0)	17/04/26 11:00:00	A	ED0-2	F	Y_GE15	THS_PER	FRM0	2015	61.8	u	
ESTAT:LFST_R_LFSD2POP(1.0)	17/04/26 11:00:00	A	ED0-2	F	Y_GE25	THS_PER	FR10	2015	1133.8		
ESTAT:LFST_R_LFSD2POP(1.0)	17/04/26 11:00:00	A	ED0-2	F	Y_GE25	THS_PER	FRB0	2015	337.9		
ESTAT:LFST_R_LFSD2POP(1.0)	17/04/26 11:00:00	A	ED0-2	F	Y_GE25	THS_PER	FRC1	2015	219.0		
ESTAT:LFST_R_LFSD2POP(1.0)	17/04/26 11:00:00	A	ED0-2	F	Y_GE25	THS_PER	FRC2	2015	152.0		
ESTAT:LFST_R_LFSD2POP(1.0)	17/04/26 11:00:00	A	ED0-2	F	Y_GE25	THS_PER	FRD1	2015	205.8		
ESTAT:LFST_R_LFSD2POP(1.0)	17/04/26 11:00:00	A	ED0-2	F	Y_GE25	THS_PER	FRD2	2015	257.2		
ESTAT:LFST_R_LFSD2POP(1.0)	17/04/26 11:00:00	A	ED0-2	F	Y_GE25	THS_PER	FRE1	2015	554.3		
ESTAT:LFST_R_LFSD2POP(1.0)	17/04/26 11:00:00	A	ED0-2	F	Y_GE25	THS_PER	FRE2	2015	278.8		
ESTAT:LFST_R_LFSD2POP(1.0)	17/04/26 11:00:00	A	ED0-2	F	Y_GE25	THS_PER	FRF1	2015	200.5		
ESTAT:LFST_R_LFSD2POP(1.0)	17/04/26 11:00:00	A	ED0-2	F	Y_GE25	THS_PER	FRF2	2015	195.7		
ESTAT:LFST_R_LFSD2POP(1.0)	17/04/26 11:00:00	A	ED0-2	F	Y_GE25	THS_PER	FRF3	2015	291.9		
ESTAT:LFST_R_LFSD2POP(1.0)	17/04/26 11:00:00	A	ED0-2	F	Y_GE25	THS_PER	FRG0	2015	422.2		
ESTAT:LFST_R_LFSD2POP(1.0)	17/04/26 11:00:00	A	ED0-2	F	Y_GE25	THS_PER	FRH0	2015	352.2		
ESTAT:LFST_R_LFSD2POP(1.0)	17/04/26 11:00:00	A	ED0-2	F	Y_GE25	THS_PER	FRI1	2015	355.9		
ESTAT:LFST_R_LFSD2POP(1.0)	17/04/26 11:00:00	A	ED0-2	F	Y_GE25	THS_PER	FRI2	2015	91.6		
ESTAT:LFST_R_LFSD2POP(1.0)	17/04/26 11:00:00	A	ED0-2	F	Y_GE25	THS_PER	FRI3	2015	252.1		
ESTAT:LFST_R_LFSD2POP(1.0)	17/04/26 11:00:00	A	ED0-2	F	Y_GE25	THS_PER	FRJ1	2015	370.9		
ESTAT:LFST_R_LFSD2POP(1.0)	17/04/26 11:00:00	A	ED0-2	F	Y_GE25	THS_PER	FRJ2	2015	312.9		
ESTAT:LFST_R_LFSD2POP(1.0)	17/04/26 11:00:00	A	ED0-2	F	Y_GE25	THS_PER	FRK1	2015	171.5		
ESTAT:LFST_R_LFSD2POP(1.0)	17/04/26 11:00:00	A	ED0-2	F	Y_GE25	THS_PER	FRK2	2015	658.4		
ESTAT:LFST_R_LFSD2POP(1.0)	17/04/26 11:00:00	A	ED0-2	F	Y_GE25	THS_PER	FRL0	2015	607.2		
ESTAT:LFST_R_LFSD2POP(1.0)	17/04/26 11:00:00	A	ED0-2	F	Y_GE25	THS_PER	FRM0	2015	53.0	u	
ESTAT:LFST_R_LFSD2POP(1.0)	17/04/26 11:00:00	A	ED0-2	F	Y_GE65	THS_PER	FR10	2015	441.5		
ESTAT:LFST_R_LFSD2POP(1.0)	17/04/26 11:00:00	A	ED0-2	F	Y_GE65	THS_PER	FRB0	2015	174.3		
ESTAT:LFST_R_LFSD2POP(1.0)	17/04/26 11:00:00	A	ED0-2	F	Y_GE65	THS_PER	FRC1	2015	114.0		
ESTAT:LFST_R_LFSD2POP(1.0)	17/04/26 11:00:00	A	ED0-2	F	Y_GE65	THS_PER	FRC2	2015	73.4		
ESTAT:LFST_R_LFSD2POP(1.0)	17/04/26 11:00:00	A	ED0-2	F	Y_GE65	THS_PER	FRD1	2015	103.1		
ESTAT:LFST_R_LFSD2POP(1.0)	17/04/26 11:00:00	A	ED0-2	F	Y_GE65	THS_PER	FRD2	2015	123.9		
ESTAT:LFST_R_LFSD2POP(1.0)	17/04/26 11:00:00	A	ED0-2	F	Y_GE65	THS_PER	FRE1	2015	256.2		
ESTAT:LFST_R_LFSD2POP(1.0)	17/04/26 11:00:00	A	ED0-2	F	Y_GE65	THS_PER	FRE2	2015	125.5		
ESTAT:LFST_R_LFSD2POP(1.0)	17/04/26 11:00:00	A	ED0-2	F	Y_GE65	THS_PER	FRF1	2015	90.9		
ESTAT:LFST_R_LFSD2POP(1.0)	17/04/26 11:00:00	A	ED0-2	F	Y_GE65	THS_PER	FRF2	2015	92.9		
ESTAT:LFST_R_LFSD2POP(1.0)	17/04/26 11:00:00	A	ED0-2	F	Y_GE65	THS_PER	FRF3	2015	148.5		
ESTAT:LFST_R_LFSD2POP(1.0)	17/04/26 11:00:00	A	ED0-2	F	Y_GE65	THS_PER	FRG0	2015	233.3		
ESTAT:LFST_R_LFSD2POP(1.0)	17/04/26 11:00:00	A	ED0-2	F	Y_GE65	THS_PER	FRH0	2015	213.7		
ESTAT:LFST_R_LFSD2POP(1.0)	17/04/26 11:00:00	A	ED0-2	F	Y_GE65	THS_PER	FRI1	2015	207.7		
ESTAT:LFST_R_LFSD2POP(1.0)	17/04/26 11:00:00	A	ED0-2	F	Y_GE65	THS_PER	FRI2	2015	53.6		
ESTAT:LFST_R_LFSD2POP(1.0)	17/04/26 11:00:00	A	ED0-2	F	Y_GE65	THS_PER	FRI3	2015	144.8		
ESTAT:LFST_R_LFSD2POP(1.0)	17/04/26 11:00:00	A	ED0-2	F	Y_GE65	THS_PER	FRJ1	2015	180.4		
ESTAT:LFST_R_LFSD2POP(1.0)	17/04/26 11:00:00	A	ED0-2	F	Y_GE65	THS_PER	FRJ2	2015	180.4		
ESTAT:LFST_R_LFSD2POP(1.0)	17/04/26 11:00:00	A	ED0-2	F	Y_GE65	THS_PER	FRK1	2015	101.0		
ESTAT:LFST_R_LFSD2POP(1.0)	17/04/26 11:00:00	A	ED0-2	F	Y_GE65	THS_PER	FRK2	2015	338.2		
ESTAT:LFST_R_LFSD2POP(1.0)	17/04/26 11:00:00	A	ED0-2	F	Y_GE65	THS_PER	FRL0	2015	305.8		
ESTAT:LFST_R_LFSD2POP(1.0)	17/04/26 11:00:00	A	ED0-2	F	Y_GE65	THS_PER	FRM0	2015	36.2	u	
ESTAT:LFST_R_LFSD2POP(1.0)	17/04/26 11:00:00	A	ED0-2	M	Y15-24	THS_PER	FR10	2015	312.7		
ESTAT:LFST_R_LFSD2POP(1.0)	17/04/26 11:00:00	A	ED0-2	M	Y15-24	THS_PER	FRB0	2015	63.2		
ESTAT:LFST_R_LFSD2POP(1.0)	17/04/26 11:00:00	A	ED0-2	M	Y15-24	THS_PER	FRC1	2015	33.8		
ESTAT:LFST_R_LFSD2POP(1.0)	17/04/26 11:00:00	A	ED0-2	M	Y15-24	THS_PER	FRC2	2015	29.1		
ESTAT:LFST_R_LFSD2POP(1.0)	17/04/26 11:00:00	A	ED0-2	M	Y15-24	THS_PER	FRD1	2015	32.6		
ESTAT:LFST_R_LFSD2POP(1.0)	17/04/26 11:00:00	A	ED0-2	M	Y15-24	THS_PER	FRD2	2015	39.1		
ESTAT:LFST_R_LFSD2POP(1.0)	17/04/26 11:00:00	A	ED0-2	M	Y15-24	THS_PER	FRE1	2015	112.4		
ESTAT:LFST_R_LFSD2POP(1.0)	17/04/26 11:00:00	A	ED0-2	M	Y15-24	THS_PER	FRE2	2015	52.5		
ESTAT:LFST_R_LFSD2POP(1.0)	17/04/26 11:00:00	A	ED0-2	M	Y15-24	THS_PER	FRF1	2015	37.3		
ESTAT:LFST_R_LFSD2POP(1.0)	17/04/26 11:00:00	A	ED0-2	M	Y15-24	THS_PER	FRF2	2015	34.8		
ESTAT:LFST_R_LFSD2POP(1.0)	17/04/26 11:00:00	A	ED0-2	M	Y15-24	THS_PER	FRF3	2015	54.9		
ESTAT:LFST_R_LFSD2POP(1.0)	17/04/26 11:00:00	A	ED0-2	M	Y15-24	THS_PER	FRG0	2015	80.3		
ESTAT:LFST_R_LFSD2POP(1.0)	17/04/26 11:00:00	A	ED0-2	M	Y15-24	THS_PER	FRH0	2015	76.5		
ESTAT:LFST_R_LFSD2POP(1.0)	17/04/26 11:00:00	A	ED0-2	M	Y15-24	THS_PER	FRI1	2015	73.9		
ESTAT:LFST_R_LFSD2POP(1.0)	17/04/26 11:00:00	A	ED0-2	M	Y15-24	THS_PER	FRI2	2015	15.8		
ESTAT:LFST_R_LFSD2POP(1.0)	17/04/26 11:00:00	A	ED0-2	M	Y15-24	THS_PER	FRI3	2015	40.1		
ESTAT:LFST_R_LFSD2POP(1.0)	17/04/26 11:00:00	A	ED0-2	M	Y15-24	THS_PER	FRJ1	2015	66.7		
ESTAT:LFST_R_LFSD2POP(1.0)	17/04/26 11:00:00	A	ED0-2	M	Y15-24	THS_PER	FRJ2	2015	67.7		
ESTAT:LFST_R_LFSD2POP(1.0)	17/04/26 11:00:00	A	ED0-2	M	Y15-24	THS_PER	FRK1	2015	29.1		
ESTAT:LFST_R_LFSD2POP(1.0)	17/04/26 11:00:00	A	ED0-2	M	Y15-24	THS_PER	FRK2	2015	159.9		
ESTAT:LFST_R_LFSD2POP(1.0)	17/04/26 11:00:00	A	ED0-2	M	Y15-24	THS_PER	FRL0	2015	121.7		
ESTAT:LFST_R_LFSD2POP(1.0)	17/04/26 11:00:00	A	ED0-2	M	Y15-24	THS_PER	FRM0	2015	11.4	u	
ESTAT:LFST_R_LFSD2POP(1.0)	17/04/26 11:00:00	A	ED0-2	M	Y15-64	THS_PER	FR10	2015	932.0		
ESTAT:LFST_R_LFSD2POP(1.0)	17/04/26 11:00:00	A	ED0-2	M	Y15-64	THS_PER	FRB0	2015	220.8		
ESTAT:LFST_R_LFSD2POP(1.0)	17/04/26 11:00:00	A	ED0-2	M	Y15-64	THS_PER	FRC1	2015	122.2		
ESTAT:LFST_R_LFSD2POP(1.0)	17/04/26 11:00:00	A	ED0-2	M	Y15-64	THS_PER	FRC2	2015	88.0		
ESTAT:LFST_R_LFSD2POP(1.0)	17/04/26 11:00:00	A	ED0-2	M	Y15-64	THS_PER	FRD1	2015	125.2		
ESTAT:LFST_R_LFSD2POP(1.0)	17/04/26 11:00:00	A	ED0-2	M	Y15-64	THS_PER	FRD2	2015	154.0		
ESTAT:LFST_R_LFSD2POP(1.0)	17/04/26 11:00:00	A	ED0-2	M	Y15-64	THS_PER	FRE1	2015	356.4		
ESTAT:LFST_R_LFSD2POP(1.0)	17/04/26 11:00:00	A	ED0-2	M	Y15-64	THS_PER	FRE2	2015	185.9		
ESTAT:LFST_R_LFSD2POP(1.0)	17/04/26 11:00:00	A	ED0-2	M	Y15-64	THS_PER	FRF1	2015	119.4		
ESTAT:LFST_R_LFSD2POP(1.0)	17/04/26 11:00:00	A	ED0-2	M	Y15-64	THS_PER	FRF2	2015	124.5		
ESTAT:LFST_R_LFSD2POP(1.0)	17/04/26 11:00:00	A	ED0-2	M	Y15-64	THS_PER	FRF3	2015	172.5		
ESTAT:LFST_R_LFSD2POP(1.0)	17/04/26 11:00:00	A	ED0-2	M	Y15-64	THS_PER	FRG0	2015	247.6		
ESTAT:LFST_R_LFSD2POP(1.0)	17/04/26 11:00:00	A	ED0-2	M	Y15-64	THS_PER	FRH0	2015	193.1		
ESTAT:LFST_R_LFSD2POP(1.0)	17/04/26 11:00:00	A	ED0-2	M	Y15-64	THS_PER	FRI1	2015	231.6		
ESTAT:LFST_R_LFSD2POP(1.0)	17/04/26 11:00:00	A	ED0-2	M	Y15-64	THS_PER	FRI2	2015	48.3		
ESTAT:LFST_R_LFSD2POP(1.0)	17/04/26 11:00:00	A	ED0-2	M	Y15-64	THS_PER	FRI3	2015	129.1		
ESTAT:LFST_R_LFSD2POP(1.0)	17/04/26 11:00:00	A	ED0-2	M	Y15-64	THS_PER	FRJ1	2015	252.8		
ESTAT:LFST_R_LFSD2POP(1.0)	17/04/26 11:00:00	A	ED0-2	M	Y15-64	THS_PER	FRJ2	2015	192.0		
ESTAT:LFST_R_LFSD2POP(1.0)	17/04/26 11:00:00	A	ED0-2	M	Y15-64	THS_PER	FRK1	2015	95.6		
ESTAT:LFST_R_LFSD2POP(1.0)	17/04/26 11:00:00	A	ED0-2	M	Y15-64	THS_PER	FRK2	2015	455.3		
ESTAT:LFST_R_LFSD2POP(1.0)	17/04/26 11:00:00	A	ED0-2	M	Y15-64	THS_PER	FRL0	2015	406.3		
ESTAT:LFST_R_LFSD2POP(1.0)	17/04/26 11:00:00	A	ED0-2	M	Y15-64	THS_PER	FRM0	2015	36.7	u	
ESTAT:LFST_R_LFSD2POP(1.0)	17/04/26 11:00:00	A	ED0-2	M	Y15-74	THS_PER	FR10	2015	1100.1		
ESTAT:LFST_R_LFSD2POP(1.0)	17/04/26 11:00:00	A	ED0-2	M	Y15-74	THS_PER	FRB0	2015	268.0		
ESTAT:LFST_R_LFSD2POP(1.0)	17/04/26 11:00:00	A	ED0-2	M	Y15-74	THS_PER	FRC1	2015	150.6		
ESTAT:LFST_R_LFSD2POP(1.0)	17/04/26 11:00:00	A	ED0-2	M	Y15-74	THS_PER	FRC2	2015	111.5		
ESTAT:LFST_R_LFSD2POP(1.0)	17/04/26 11:00:00	A	ED0-2	M	Y15-74	THS_PER	FRD1	2015	152.3		
ESTAT:LFST_R_LFSD2POP(1.0)	17/04/26 11:00:00	A	ED0-2	M	Y15-74	THS_PER	FRD2	2015	190.9		
ESTAT:LFST_R_LFSD2POP(1.0)	17/04/26 11:00:00	A	ED0-2	M	Y15-74	THS_PER	FRE1	2015	424.6		
ESTAT:LFST_R_LFSD2POP(1.0)	17/04/26 11:00:00	A	ED0-2	M	Y15-74	THS_PER	FRE2	2015	223.3		
ESTAT:LFST_R_LFSD2POP(1.0)	17/04/26 11:00:00	A	ED0-2	M	Y15-74	THS_PER	FRF1	2015	139.4		
ESTAT:LFST_R_LFSD2POP(1.0)	17/04/26 11:00:00	A	ED0-2	M	Y15-74	THS_PER	FRF2	2015	152.2		
ESTAT:LFST_R_LFSD2POP(1.0)	17/04/26 11:00:00	A	ED0-2	M	Y15-74	THS_PER	FRF3	2015	217.0		
ESTAT:LFST_R_LFSD2POP(1.0)	17/04/26 11:00:00	A	ED0-2	M	Y15-74	THS_PER	FRG0	2015	313.5		
ESTAT:LFST_R_LFSD2POP(1.0)	17/04/26 11:00:00	A	ED0-2	M	Y15-74	THS_PER	FRH0	2015	248.3		
ESTAT:LFST_R_LFSD2POP(1.0)	17/04/26 11:00:00	A	ED0-2	M	Y15-74	THS_PER	FRI1	2015	294.4		
ESTAT:LFST_R_LFSD2POP(1.0)	17/04/26 11:00:00	A	ED0-2	M	Y15-74	THS_PER	FRI2	2015	58.9		
ESTAT:LFST_R_LFSD2POP(1.0)	17/04/26 11:00:00	A	ED0-2	M	Y15-74	THS_PER	FRI3	2015	166.8		
ESTAT:LFST_R_LFSD2POP(1.0)	17/04/26 11:00:00	A	ED0-2	M	Y15-74	THS_PER	FRJ1	2015	315.4		
ESTAT:LFST_R_LFSD2POP(1.0)	17/04/26 11:00:00	A	ED0-2	M	Y15-74	THS_PER	FRJ2	2015	247.4		
ESTAT:LFST_R_LFSD2POP(1.0)	17/04/26 11:00:00	A	ED0-2	M	Y15-74	THS_PER	FRK1	2015	126.8		
ESTAT:LFST_R_LFSD2POP(1.0)	17/04/26 11:00:00	A	ED0-2	M	Y15-74	THS_PER	FRK2	2015	553.4		
ESTAT:LFST_R_LFSD2POP(1.0)	17/04/26 11:00:00	A	ED0-2	M	Y15-74	THS_PER	FRL0	2015	500.7		
ESTAT:LFST_R_LFSD2POP(1.0)	17/04/26 11:00:00	A	ED0-2	M	Y15-74	THS_PER	FRM0	2015	52.5	u	
ESTAT:LFST_R_LFSD2POP(1.0)	17/04/26 11:00:00	A	ED0-2	M	Y20-64	THS_PER	FR10	2015	671.0		
ESTAT:LFST_R_LFSD2POP(1.0)	17/04/26 11:00:00	A	ED0-2	M	Y20-64	THS_PER	FRB0	2015	166.3		
ESTAT:LFST_R_LFSD2POP(1.0)	17/04/26 11:00:00	A	ED0-2	M	Y20-64	THS_PER	FRC1	2015	93.0		
ESTAT:LFST_R_LFSD2POP(1.0)	17/04/26 11:00:00	A	ED0-2	M	Y20-64	THS_PER	FRC2	2015	63.2		
ESTAT:LFST_R_LFSD2POP(1.0)	17/04/26 11:00:00	A	ED0-2	M	Y20-64	THS_PER	FRD1	2015	95.6		
ESTAT:LFST_R_LFSD2POP(1.0)	17/04/26 11:00:00	A	ED0-2	M	Y20-64	THS_PER	FRD2	2015	120.8		
ESTAT:LFST_R_LFSD2POP(1.0)	17/04/26 11:00:00	A	ED0-2	M	Y20-64	THS_PER	FRE1	2015	265.4		
ESTAT:LFST_R_LFSD2POP(1.0)	17/04/26 11:00:00	A	ED0-2	M	Y20-64	THS_PER	FRE2	2015	142.3		
ESTAT:LFST_R_LFSD2POP(1.0)	17/04/26 11:00:00	A	ED0-2	M	Y20-64	THS_PER	FRF1	2015	88.0		
ESTAT:LFST_R_LFSD2POP(1.0)	17/04/26 11:00:00	A	ED0-2	M	Y20-64	THS_PER	FRF2	2015	97.6		
ESTAT:LFST_R_LFSD2POP(1.0)	17/04/26 11:00:00	A	ED0-2	M	Y20-64	THS_PER	FRF3	2015	126.8		
ESTAT:LFST_R_LFSD2POP(1.0)	17/04/26 11:00:00	A	ED0-2	M	Y20-64	THS_PER	FRG0	2015	176.2		
ESTAT:LFST_R_LFSD2POP(1.0)	17/04/26 11:00:00	A	ED0-2	M	Y20-64	THS_PER	FRH0	2015	124.5		
ESTAT:LFST_R_LFSD2POP(1.0)	17/04/26 11:00:00	A	ED0-2	M	Y20-64	THS_PER	FRI1	2015	166.9		
ESTAT:LFST_R_LFSD2POP(1.0)	17/04/26 11:00:00	A	ED0-2	M	Y20-64	THS_PER	FRI2	2015	34.8		
ESTAT:LFST_R_LFSD2POP(1.0)	17/04/26 11:00:00	A	ED0-2	M	Y20-64	THS_PER	FRI3	2015	94.5		
ESTAT:LFST_R_LFSD2POP(1.0)	17/04/26 11:00:00	A	ED0-2	M	Y20-64	THS_PER	FRJ1	2015	197.7		
ESTAT:LFST_R_LFSD2POP(1.0)	17/04/26 11:00:00	A	ED0-2	M	Y20-64	THS_PER	FRJ2	2015	130.5		
ESTAT:LFST_R_LFSD2POP(1.0)	17/04/26 11:00:00	A	ED0-2	M	Y20-64	THS_PER	FRK1	2015	70.1		
ESTAT:LFST_R_LFSD2POP(1.0)	17/04/26 11:00:00	A	ED0-2	M	Y20-64	THS_PER	FRK2	2015	322.4		
ESTAT:LFST_R_LFSD2POP(1.0)	17/04/26 11:00:00	A	ED0-2	M	Y20-64	THS_PER	FRL0	2015	300.7		
ESTAT:LFST_R_LFSD2POP(1.0)	17/04/26 11:00:00	A	ED0-2	M	Y20-64	THS_PER	FRM0	2015	26.2	u	
ESTAT:LFST_R_LFSD2POP(1.0)	17/04/26 11:00:00	A	ED0-2	M	Y25-34	THS_PER	FR10	2015	111.1		
ESTAT:LFST_R_LFSD2POP(1.0)	17/04/26 11:00:00	A	ED0-2	M	Y25-34	THS_PER	FRB0	2015	28.9		
ESTAT:LFST_R_LFSD2POP(1.0)	17/04/26 11:00:00	A	ED0-2	M	Y25-34	THS_PER	FRC1	2015	10.5		
ESTAT:LFST_R_LFSD2POP(1.0)	17/04/26 11:00:00	A	ED0-2	M	Y25-34	THS_PER	FRC2	2015	8.5	u	
ESTAT:LFST_R_LFSD2POP(1.0)	17/04/26 11:00:00	A	ED0-2	M	Y25-34	THS_PER	FRD1	2015	12.2		
ESTAT:LFST_R_LFSD2POP(1.0)	17/04/26 11:00:00	A	ED0-2	M	Y25-34	THS_PER	FRD2	2015	19.6		
ESTAT:LFST_R_LFSD2POP(1.0)	17/04/26 11:00:00	A	ED0-2	M	Y25-34	THS_PER	FRE1	2015	44.6		
ESTAT:LFST_R_LFSD2POP(1.0)	17/04/26 11:00:00	A	ED0-2	M	Y25-34	THS_PER	FRE2	2015	21.6		
ESTAT:LFST_R_LFSD2POP(1.0)	17/04/26 11:00:00	A	ED0-2	M	Y25-34	THS_PER	FRF1	2015	16.3		
ESTAT:LFST_R_LFSD2POP(1.0)	17/04/26 11:00:00	A	ED0-2	M	Y25-34	THS_PER	FRF2	2015	13.1		
ESTAT:LFST_R_LFSD2POP(1.0)	17/04/26 11:00:00	A	ED0-2	M	Y25-34	THS_PER	FRF3	2015	17.5		
ESTAT:LFST_R_LFSD2POP(1.0)	17/04/26 11:00:00	A	ED0-2	M	Y25-34	THS_PER	FRG0	2015	26.4		
ESTAT:LFST_R_LFSD2POP(1.0)	17/04/26 11:00:00	A	ED0-2	M	Y25-34	THS_PER	FRH0	2015	15.8		
ESTAT:LFST_R_LFSD2POP(1.0)	17/04/26 11:00:00	A	ED0-2	M	Y25-34	THS_PER	FRI1	2015	25.5		
ESTAT:LFST_R_LFSD2POP(1.0)	17/04/26 11:00:00	A	ED0-2	M	Y25-34	THS_PER	FRI2	2015	4.3	u	
ESTAT:LFST_R_LFSD2POP(1.0)	17/04/26 11:00:00	A	ED0-2	M	Y25-34	THS_PER	FRI3	2015	7.7	u	
ESTAT:LFST_R_LFSD2POP(1.0)	17/04/26 11:00:00	A	ED0-2	M	Y25-34	THS_PER	FRJ1	2015	30.0		
ESTAT:LFST_R_LFSD2POP(1.0)	17/04/26 11:00:00	A	ED0-2	M	Y25-34	THS_PER	FRJ2	2015	17.7		
ESTAT:LFST_R_LFSD2POP(1.0)	17/04/26 11:00:00	A	ED0-2	M	Y25-34	THS_PER	FRK1	2015	8.9	u	
ESTAT:LFST_R_LFSD2POP(1.0)	17/04/26 11:00:00	A	ED0-2	M	Y25-34	THS_PER	FRK2	2015	51.1		
ESTAT:LFST_R_LFSD2POP(1.0)	17/04/26 11:00:00	A	ED0-2	M	Y25-34	THS_PER	FRL0	2015	46.5		
ESTAT:LFST_R_LFSD2POP(1.0)	17/04/26 11:00:00	A	ED0-2	M	Y25-34	THS_PER	FRM0	2015		u	
ESTAT:LFST_R_LFSD2POP(1.0)	17/04/26 11:00:00	A	ED0-2	M	Y25-64	THS_PER	FR10	2015	619.4		
ESTAT:LFST_R_LFSD2POP(1.0)	17/04/26 11:00:00	A	ED0-2	M	Y25-64	THS_PER	FRB0	2015	157.6		
ESTAT:LFST_R_LFSD2POP(1.0)	17/04/26 11:00:00	A	ED0-2	M	Y25-64	THS_PER	FRC1	2015	88.4		
ESTAT:LFST_R_LFSD2POP(1.0)	17/04/26 11:00:00	A	ED0-2	M	Y25-64	THS_PER	FRC2	2015	58.9		
ESTAT:LFST_R_LFSD2POP(1.0)	17/04/26 11:00:00	A	ED0-2	M	Y25-64	THS_PER	FRD1	2015	92.5		
ESTAT:LFST_R_LFSD2POP(1.0)	17/04/26 11:00:00	A	ED0-2	M	Y25-64	THS_PER	FRD2	2015	114.9		
ESTAT:LFST_R_LFSD2POP(1.0)	17/04/26 11:00:00	A	ED0-2	M	Y25-64	THS_PER	FRE1	2015	244.0		
ESTAT:LFST_R_LFSD2POP(1.0)	17/04/26 11:00:00	A	ED0-2	M	Y25-64	THS_PER	FRE2	2015	133.4		
ESTAT:LFST_R_LFSD2POP(1.0)	17/04/26 11:00:00	A	ED0-2	M	Y25-64	THS_PER	FRF1	2015	82.1		
ESTAT:LFST_R_LFSD2POP(1.0)	17/04/26 11:00:00	A	ED0-2	M	Y25-64	THS_PER	FRF2	2015	89.7		
ESTAT:LFST_R_LFSD2POP(1.0)	17/04/26 11:00:00	A	ED0-2	M	Y25-64	THS_PER	FRF3	2015	117.6		
ESTAT:LFST_R_LFSD2POP(1.0)	17/04/26 11:00:00	A	ED0-2	M	Y25-64	THS_PER	FRG0	2015	167.3		
ESTAT:LFST_R_LFSD2POP(1.0)	17/04/26 11:00:00	A	ED0-2	M	Y25-64	THS_PER	FRH0	2015	116.6		
ESTAT:LFST_R_LFSD2POP(1.0)	17/04/26 11:00:00	A	ED0-2	M	Y25-64	THS_PER	FRI1	2015	157.7		
ESTAT:LFST_R_LFSD2POP(1.0)	17/04/26 11:00:00	A	ED0-2	M	Y25-64	THS_PER	FRI2	2015	32.5		
ESTAT:LFST_R_LFSD2POP(1.0)	17/04/26 11:00:00	A	ED0-2	M	Y25-64	THS_PER	FRI3	2015	88.9		
ESTAT:LFST_R_LFSD2POP(1.0)	17/04/26 11:00:00	A	ED0-2	M	Y25-64	THS_PER	FRJ1	2015	186.1		
ESTAT:LFST_R_LFSD2POP(1.0)	17/04/26 11:00:00	A	ED0-2	M	Y25-64	THS_PER	FRJ2	2015	124.2		
ESTAT:LFST_R_LFSD2POP(1.0)	17/04/26 11:00:00	A	ED0-2	M	Y25-64	THS_PER	FRK1	2015	66.5		
ESTAT:LFST_R_LFSD2POP(1.0)	17/04/26 11:00:00	A	ED0-2	M	Y25-64	THS_PER	FRK2	2015	295.4		
ESTAT:LFST_R_LFSD2POP(1.0)	17/04/26 11:00:00	A	ED0-2	M	Y25-64	THS_PER	FRL0	2015	284.5		
ESTAT:LFST_R_LFSD2POP(1.0)	17/04/26 11:00:00	A	ED0-2	M	Y25-64	THS_PER	FRM0	2015	25.3	u	
ESTAT:LFST_R_LFSD2POP(1.0)	17/04/26 11:00:00	A	ED0-2	M	Y35-44	THS_PER	FR10	2015	151.5		
ESTAT:LFST_R_LFSD2POP(1.0)	17/04/26 11:00:00	A	ED0-2	M	Y35-44	THS_PER	FRB0	2015	30.6		
ESTAT:LFST_R_LFSD2POP(1.0)	17/04/26 11:00:00	A	ED0-2	M	Y35-44	THS_PER	FRC1	2015	17.5		
ESTAT:LFST_R_LFSD2POP(1.0)	17/04/26 11:00:00	A	ED0-2	M	Y35-44	THS_PER	FRC2	2015	13.7		
ESTAT:LFST_R_LFSD2POP(1.0)	17/04/26 11:00:00	A	ED0-2	M	Y35-44	THS_PER	FRD1	2015	14.4		
ESTAT:LFST_R_LFSD2POP(1.0)	17/04/26 11:00:00	A	ED0-2	M	Y35-44	THS_PER	FRD2	2015	21.7		
ESTAT:LFST_R_LFSD2POP(1.0)	17/04/26 11:00:00	A	ED0-2	M	Y35-44	THS_PER	FRE1	2015	47.2		
ESTAT:LFST_R_LFSD2POP(1.0)	17/04/26 11:00:00	A	ED0-2	M	Y35-44	THS_PER	FRE2	2015	25.8		
ESTAT:LFST_R_LFSD2POP(1.0)	17/04/26 11:00:00	A	ED0-2	M	Y35-44	THS_PER	FRF1	2015	18.4		
ESTAT:LFST_R_LFSD2POP(1.0)	17/04/26 11:00:00	A	ED0-2	M	Y35-44	THS_PER	FRF2	2015	16.1		
ESTAT:LFST_R_LFSD2POP(1.0)	17/04/26 11:00:00	A	ED0-2	M	Y35-44	THS_PER	FRF3	2015	21.6		
ESTAT:LFST_R_LFSD2POP(1.0)	17/04/26 11:00:00	A	ED0-2	M	Y35-44	THS_PER	FRG0	2015	28.8		
ESTAT:LFST_R_LFSD2POP(1.0)	17/04/26 11:00:00	A	ED0-2	M	Y35-44	THS_PER	FRH0	2015	20.0		
ESTAT:LFST_R_LFSD2POP(1.0)	17/04/26 11:00:00	A	ED0-2	M	Y35-44	THS_PER	FRI1	2015	30.9		
ESTAT:LFST_R_LFSD2POP(1.0)	17/04/26 11:00:00	A	ED0-2	M	Y35-44	THS_PER	FRI2	2015	5.2	u	
ESTAT:LFST_R_LFSD2POP(1.0)	17/04/26 11:00:00	A	ED0-2	M	Y35-44	THS_PER	FRI3	2015	24.3		
ESTAT:LFST_R_LFSD2POP(1.0)	17/04/26 11:00:00	A	ED0-2	M	Y35-44	THS_PER	FRJ1	2015	35.6		
ESTAT:LFST_R_LFSD2POP(1.0)	17/04/26 11:00:00	A	ED0-2	M	Y35-44	THS_PER	FRJ2	2015	21.3		
ESTAT:LFST_R_LFSD2POP(1.0)	17/04/26 11:00:00	A	ED0-2	M	Y35-44	THS_PER	FRK1	2015	14.2		
ESTAT:LFST_R_LFSD2POP(1.0)	17/04/26 11:00:00	A	ED0-2	M	Y35-44	THS_PER	FRK2	2015	55.8		
ESTAT:LFST_R_LFSD2POP(1.0)	17/04/26 11:00:00	A	ED0-2	M	Y35-44	THS_PER	FRL0	2015	52.9		
ESTAT:LFST_R_LFSD2POP(1.0)	17/04/26 11:00:00	A	ED0-2	M	Y35-44	THS_PER	FRM0	2015	2.6	u	
ESTAT:LFST_R_LFSD2POP(1.0)	17/04/26 11:00:00	A	ED0-2	M	Y45-54	THS_PER	FR10	2015	188.7		
ESTAT:LFST_R_LFSD2POP(1.0)	17/04/26 11:00:00	A	ED0-2	M	Y45-54	THS_PER	FRB0	2015	40.5		
ESTAT:LFST_R_LFSD2POP(1.0)	17/04/26 11:00:00	A	ED0-2	M	Y45-54	THS_PER	FRC1	2015	24.6		
ESTAT:LFST_R_LFSD2POP(1.0)	17/04/26 11:00:00	A	ED0-2	M	Y45-54	THS_PER	FRC2	2015	14.9		
ESTAT:LFST_R_LFSD2POP(1.0)	17/04/26 11:00:00	A	ED0-2	M	Y45-54	THS_PER	FRD1	2015	27.5		
ESTAT:LFST_R_LFSD2POP(1.0)	17/04/26 11:00:00	A	ED0-2	M	Y45-54	THS_PER	FRD2	2015	32.7		
ESTAT:LFST_R_LFSD2POP(1.0)	17/04/26 11:00:00	A	ED0-2	M	Y45-54	THS_PER	FRE1	2015	63.9		
ESTAT:LFST_R_LFSD2POP(1.0)	17/04/26 11:00:00	A	ED0-2	M	Y45-54	THS_PER	FRE2	2015	40.5		
ESTAT:LFST_R_LFSD2POP(1.0)	17/04/26 11:00:00	A	ED0-2	M	Y45-54	THS_PER	FRF1	2015	24.3		
ESTAT:LFST_R_LFSD2POP(1.0)	17/04/26 11:00:00	A	ED0-2	M	Y45-54	THS_PER	FRF2	2015	25.7		
ESTAT:LFST_R_LFSD2POP(1.0)	17/04/26 11:00:00	A	ED0-2	M	Y45-54	THS_PER	FRF3	2015	36.1		
ESTAT:LFST_R_LFSD2POP(1.0)	17/04/26 11:00:00	A	ED0-2	M	Y45-54	THS_PER	FRG0	2015	51.1		
ESTAT:LFST_R_LFSD2POP(1.0)	17/04/26 11:00:00	A	ED0-2	M	Y45-54	THS_PER	FRH0	2015	35.0		
ESTAT:LFST_R_LFSD2POP(1.0)	17/04/26 11:00:00	A	ED0-2	M	Y45-54	THS_PER	FRI1	2015	45.4		
ESTAT:LFST_R_LFSD2POP(1.0)	17/04/26 11:00:00	A	ED0-2	M	Y45-54	THS_PER	FRI2	2015	8.5	u	
ESTAT:LFST_R_LFSD2POP(1.0)	17/04/26 11:00:00	A	ED0-2	M	Y45-54	THS_PER	FRI3	2015	24.5		
ESTAT:LFST_R_LFSD2POP(1.0)	17/04/26 11:00:00	A	ED0-2	M	Y45-54	THS_PER	FRJ1	2015	49.0		
ESTAT:LFST_R_LFSD2POP(1.0)	17/04/26 11:00:00	A	ED0-2	M	Y45-54	THS_PER	FRJ2	2015	37.3		
ESTAT:LFST_R_LFSD2POP(1.0)	17/04/26 11:00:00	A	ED0-2	M	Y45-54	THS_PER	FRK1	2015	14.0		
ESTAT:LFST_R_LFSD2POP(1.0)	17/04/26 11:00:00	A	ED0-2	M	Y45-54	THS_PER	FRK2	2015	91.5		
ESTAT:LFST_R_LFSD2POP(1.0)	17/04/26 11:00:00	A	ED0-2	M	Y45-54	THS_PER	FRL0	2015	77.8		
ESTAT:LFST_R_LFSD2POP(1.0)	17/04/26 11:00:00	A	ED0-2	M	Y45-54	THS_PER	FRM0	2015	2.7	u	
ESTAT:LFST_R_LFSD2POP(1.0)	17/04/26 11:00:00	A	ED0-2	M	Y55-64	THS_PER	FR10	2015	168.1		
ESTAT:LFST_R_LFSD2POP(1.0)	17/04/26 11:00:00	A	ED0-2	M	Y55-64	THS_PER	FRB0	2015	57.7		
ESTAT:LFST_R_LFSD2POP(1.0)	17/04/26 11:00:00	A	ED0-2	M	Y55-64	THS_PER	FRC1	2015	35.8		
ESTAT:LFST_R_LFSD2POP(1.0)	17/04/26 11:00:00	A	ED0-2	M	Y55-64	THS_PER	FRC2	2015	21.7		
ESTAT:LFST_R_LFSD2POP(1.0)	17/04/26 11:00:00	A	ED0-2	M	Y55-64	THS_PER	FRD1	2015	38.4		
ESTAT:LFST_R_LFSD2POP(1.0)	17/04/26 11:00:00	A	ED0-2	M	Y55-64	THS_PER	FRD2	2015	40.9		
ESTAT:LFST_R_LFSD2POP(1.0)	17/04/26 11:00:00	A	ED0-2	M	Y55-64	THS_PER	FRE1	2015	88.3		
ESTAT:LFST_R_LFSD2POP(1.0)	17/04/26 11:00:00	A	ED0-2	M	Y55-64	THS_PER	FRE2	2015	45.4		
ESTAT:LFST_R_LFSD2POP(1.0)	17/04/26 11:00:00	A	ED0-2	M	Y55-64	THS_PER	FRF1	2015	23.2		
ESTAT:LFST_R_LFSD2POP(1.0)	17/04/26 11:00:00	A	ED0-2	M	Y55-64	THS_PER	FRF2	2015	34.9		
ESTAT:LFST_R_LFSD2POP(1.0)	17/04/26 11:00:00	A	ED0-2	M	Y55-64	THS_PER	FRF3	2015	42.5		
ESTAT:LFST_R_LFSD2POP(1.0)	17/04/26 11:00:00	A	ED0-2	M	Y55-64	THS_PER	FRG0	2015	61.0		
ESTAT:LFST_R_LFSD2POP(1.0)	17/04/26 11:00:00	A	ED0-2	M	Y55-64	THS_PER	FRH0	2015	45.8		
ESTAT:LFST_R_LFSD2POP(1.0)	17/04/26 11:00:00	A	ED0-2	M	Y55-64	THS_PER	FRI1	2015	55.9		
ESTAT:LFST_R_LFSD2POP(1.0)	17/04/26 11:00:00	A	ED0-2	M	Y55-64	THS_PER	FRI2	2015	14.5		
ESTAT:LFST_R_LFSD2POP(1.0)	17/04/26 11:00:00	A	ED0-2	M	Y55-64	THS_PER	FRI3	2015	32.4		
ESTAT:LFST_R_LFSD2POP(1.0)	17/04/26 11:00:00	A	ED0-2	M	Y55-64	THS_PER	FRJ1	2015	71.5		
ESTAT:LFST_R_LFSD2POP(1.0)	17/04/26 11:00:00	A	ED0-2	M	Y55-64	THS_PER	FRJ2	2015	48.0		
ESTAT:LFST_R_LFSD2POP(1.0)	17/04/26 11:00:00	A	ED0-2	M	Y55-64	THS_PER	FRK1	2015	29.3		
ESTAT:LFST_R_LFSD2POP(1.0)	17/04/26 11:00:00	A	ED0-2	M	Y55-64	THS_PER	FRK2	2015	97.0		
ESTAT:LFST_R_LFSD2POP(1.0)	17/04/26 11:00:00	A	ED0-2	M	Y55-64	THS_PER	FRL0	2015	107.4		
ESTAT:LFST_R_LFSD2POP(1.0)	17/04/26 11:00:00	A	ED0-2	M	Y55-64	THS_PER	FRM0	2015	19.6	u	
ESTAT:LFST_R_LFSD2POP(1.0)	17/04/26 11:00:00	A	ED0-2	M	Y_GE15	THS_PER	FR10	2015	1229.1		
ESTAT:LFST_R_LFSD2POP(1.0)	17/04/26 11:00:00	A	ED0-2	M	Y_GE15	THS_PER	FRB0	2015	320.8		
ESTAT:LFST_R_LFSD2POP(1.0)	17/04/26 11:00:00	A	ED0-2	M	Y_GE15	THS_PER	FRC1	2015	191.2		
ESTAT:LFST_R_LFSD2POP(1.0)	17/04/26 11:00:00	A	ED0-2	M	Y_GE15	THS_PER	FRC2	2015	131.4		
ESTAT:LFST_R_LFSD2POP(1.0)	17/04/26 11:00:00	A	ED0-2	M	Y_GE15	THS_PER	FRD1	2015	186.3		
ESTAT:LFST_R_LFSD2POP(1.0)	17/04/26 11:00:00	A	ED0-2	M	Y_GE15	THS_PER	FRD2	2015	217.8		
ESTAT:LFST_R_LFSD2POP(1.0)	17/04/26 11:00:00	A	ED0-2	M	Y_GE15	THS_PER	FRE1	2015	487.8		
ESTAT:LFST_R_LFSD2POP(1.0)	17/04/26 11:00:00	A	ED0-2	M	Y_GE15	THS_PER	FRE2	2015	261.1		
ESTAT:LFST_R_LFSD2POP(1.0)	17/04/26 11:00:00	A	ED0-2	M	Y_GE15	THS_PER	FRF1	2015	159.5		
ESTAT:LFST_R_LFSD2POP(1.0)	17/04/26 11:00:00	A	ED0-2	M	Y_GE15	THS_PER	FRF2	2015	176.1		
ESTAT:LFST_R_LFSD2POP(1.0)	17/04/26 11:00:00	A	ED0-2	M	Y_GE15	THS_PER	FRF3	2015	256.7		
ESTAT:LFST_R_LFSD2POP(1.0)	17/04/26 11:00:00	A	ED0-2	M	Y_GE15	THS_PER	FRG0	2015	394.6		
ESTAT:LFST_R_LFSD2POP(1.0)	17/04/26 11:00:00	A	ED0-2	M	Y_GE15	THS_PER	FRH0	2015	321.8		
ESTAT:LFST_R_LFSD2POP(1.0)	17/04/26 11:00:00	A	ED0-2	M	Y_GE15	THS_PER	FRI1	2015	364.6		
ESTAT:LFST_R_LFSD2POP(1.0)	17/04/26 11:00:00	A	ED0-2	M	Y_GE15	THS_PER	FRI2	2015	77.1		
ESTAT:LFST_R_LFSD2POP(1.0)	17/04/26 11:00:00	A	ED0-2	M	Y_GE15	THS_PER	FRI3	2015	220.7		
ESTAT:LFST_R_LFSD2POP(1.0)	17/04/26 11:00:00	A	ED0-2	M	Y_GE15	THS_PER	FRJ1	2015	379.3		
ESTAT:LFST_R_LFSD2POP(1.0)	17/04/26 11:00:00	A	ED0-2	M	Y_GE15	THS_PER	FRJ2	2015	318.4		
ESTAT:LFST_R_LFSD2POP(1.0)	17/04/26 11:00:00	A	ED0-2	M	Y_GE15	THS_PER	FRK1	2015	156.7		
ESTAT:LFST_R_LFSD2POP(1.0)	17/04/26 11:00:00	A	ED0-2	M	Y_GE15	THS_PER	FRK2	2015	653.5		
ESTAT:LFST_R_LFSD2POP(1.0)	17/04/26 11:00:00	A	ED0-2	M	Y_GE15	THS_PER	FRL0	2015	600.2		
ESTAT:LFST_R_LFSD2POP(1.0)	17/04/26 11:00:00	A	ED0-2	M	Y_GE15	THS_PER	FRM0	2015	64.0	u	
ESTAT:LFST_R_LFSD2POP(1.0)	17/04/26 11:00:00	A	ED0-2	M	Y_GE25	THS_PER	FR10	2015	916.4		
ESTAT:LFST_R_LFSD2POP(1.0)	17/04/26 11:00:00	A	ED0-2	M	Y_GE25	THS_PER	FRB0	2015	257.6		
ESTAT:LFST_R_LFSD2POP(1.0)	17/04/26 11:00:00	A	ED0-2	M	Y_GE25	THS_PER	FRC1	2015	157.4		
ESTAT:LFST_R_LFSD2POP(1.0)	17/04/26 11:00:00	A	ED0-2	M	Y_GE25	THS_PER	FRC2	2015	102.3		
ESTAT:LFST_R_LFSD2POP(1.0)	17/04/26 11:00:00	A	ED0-2	M	Y_GE25	THS_PER	FRD1	2015	153.6		
ESTAT:LFST_R_LFSD2POP(1.0)	17/04/26 11:00:00	A	ED0-2	M	Y_GE25	THS_PER	FRD2	2015	178.6		
ESTAT:LFST_R_LFSD2POP(1.0)	17/04/26 11:00:00	A	ED0-2	M	Y_GE25	THS_PER	FRE1	2015	375.4		
ESTAT:LFST_R_LFSD2POP(1.0)	17/04/26 11:00:00	A	ED0-2	M	Y_GE25	THS_PER	FRE2	2015	208.6		
ESTAT:LFST_R_LFSD2POP(1.0)	17/04/26 11:00:00	A	ED0-2	M	Y_GE25	THS_PER	FRF1	2015	122.3		
ESTAT:LFST_R_LFSD2POP(1.0)	17/04/26 11:00:00	A	ED0-2	M	Y_GE25	THS_PER	FRF2	2015	141.3		
ESTAT:LFST_R_LFSD2POP(1.0)	17/04/26 11:00:00	A	ED0-2	M	Y_GE25	THS_PER	FRF3	2015	201.8		
ESTAT:LFST_R_LFSD2POP(1.0)	17/04/26 11:00:00	A	ED0-2	M	Y_GE25	THS_PER	FRG0	2015	314.3		
ESTAT:LFST_R_LFSD2POP(1.0)	17/04/26 11:00:00	A	ED0-2	M	Y_GE25	THS_PER	FRH0	2015	245.2		
ESTAT:LFST_R_LFSD2POP(1.0)	17/04/26 11:00:00	A	ED0-2	M	Y_GE25	THS_PER	FRI1	2015	290.7		
ESTAT:LFST_R_LFSD2POP(1.0)	17/04/26 11:00:00	A	ED0-2	M	Y_GE25	THS_PER	FRI2	2015	61.3		
ESTAT:LFST_R_LFSD2POP(1.0)	17/04/26 11:00:00	A	ED0-2	M	Y_GE25	THS_PER	FRI3	2015	180.5		
ESTAT:LFST_R_LFSD2POP(1.0)	17/04/26 11:00:00	A	ED0-2	M	Y_GE25	THS_PER	FRJ1	2015	312.6		
ESTAT:LFST_R_LFSD2POP(1.0)	17/04/26 11:00:00	A	ED0-2	M	Y_GE25	THS_PER	FRJ2	2015	250.7		
ESTAT:LFST_R_LFSD2POP(1.0)	17/04/26 11:00:00	A	ED0-2	M	Y_GE25	THS_PER	FRK1	2015	127.6		
ESTAT:LFST_R_LFSD2POP(1.0)	17/04/26 11:00:00	A	ED0-2	M	Y_GE25	THS_PER	FRK2	2015	493.6		
ESTAT:LFST_R_LFSD2POP(1.0)	17/04/26 11:00:00	A	ED0-2	M	Y_GE25	THS_PER	FRL0	2015	478.5		
ESTAT:LFST_R_LFSD2POP(1.0)	17/04/26 11:00:00	A	ED0-2	M	Y_GE25	THS_PER	FRM0	2015	52.5	u	
ESTAT:LFST_R_LFSD2POP(1.0)	17/04/26 11:00:00	A	ED0-2	M	Y_GE65	THS_PER	FR10	2015	297.0		
ESTAT:LFST_R_LFSD2POP(1.0)	17/04/26 11:00:00	A	ED0-2	M	Y_GE65	THS_PER	FRB0	2015	100.0		
ESTAT:LFST_R_LFSD2POP(1.0)	17/04/26 11:00:00	A	ED0-2	M	Y_GE65	THS_PER	FRC1	2015	69.0		
ESTAT:LFST_R_LFSD2POP(1.0)	17/04/26 11:00:00	A	ED0-2	M	Y_GE65	THS_PER	FRC2	2015	43.4		
ESTAT:LFST_R_LFSD2POP(1.0)	17/04/26 11:00:00	A	ED0-2	M	Y_GE65	THS_PER	FRD1	2015	61.1		
ESTAT:LFST_R_LFSD2POP(1.0)	17/04/26 11:00:00	A	ED0-2	M	Y_GE65	THS_PER	FRD2	2015	63.8		
ESTAT:LFST_R_LFSD2POP(1.0)	17/04/26 11:00:00	A	ED0-2	M	Y_GE65	THS_PER	FRE1	2015	131.4		
ESTAT:LFST_R_LFSD2POP(1.0)	17/04/26 11:00:00	A	ED0-2	M	Y_GE65	THS_PER	FRE2	2015	75.2		
ESTAT:LFST_R_LFSD2POP(1.0)	17/04/26 11:00:00	A	ED0-2	M	Y_GE65	THS_PER	FRF1	2015	40.1		
ESTAT:LFST_R_LFSD2POP(1.0)	17/04/26 11:00:00	A	ED0-2	M	Y_GE65	THS_PER	FRF2	2015	51.6		
ESTAT:LFST_R_LFSD2POP(1.0)	17/04/26 11:00:00	A	ED0-2	M	Y_GE65	THS_PER	FRF3	2015	84.2		
ESTAT:LFST_R_LFSD2POP(1.0)	17/04/26 11:00:00	A	ED0-2	M	Y_GE65	THS_PER	FRG0	2015	147.0		
ESTAT:LFST_R_LFSD2POP(1.0)	17/04/26 11:00:00	A	ED0-2	M	Y_GE65	THS_PER	FRH0	2015	128.6		
ESTAT:LFST_R_LFSD2POP(1.0)	17/04/26 11:00:00	A	ED0-2	M	Y_GE65	THS_PER	FRI1	2015	133.0		
ESTAT:LFST_R_LFSD2POP(1.0)	17/04/26 11:00:00	A	ED0-2	M	Y_GE65	THS_PER	FRI2	2015	28.8		
ESTAT:LFST_R_LFSD2POP(1.0)	17/04/26 11:00:00	A	ED0-2	M	Y_GE65	THS_PER	FRI3	2015	91.6		
ESTAT:LFST_R_LFSD2POP(1.0)	17/04/26 11:00:00	A	ED0-2	M	Y_GE65	THS_PER	FRJ1	2015	126.5		
ESTAT:LFST_R_LFSD2POP(1.0)	17/04/26 11:00:00	A	ED0-2	M	Y_GE65	THS_PER	FRJ2	2015	126.4		
ESTAT:LFST_R_LFSD2POP(1.0)	17/04/26 11:00:00	A	ED0-2	M	Y_GE65	THS_PER	FRK1	2015	61.1		
ESTAT:LFST_R_LFSD2POP(1.0)	17/04/26 11:00:00	A	ED0-2	M	Y_GE65	THS_PER	FRK2	2015	198.3		
ESTAT:LFST_R_LFSD2POP(1.0)	17/04/26 11:00:00	A	ED0-2	M	Y_GE65	THS_PER	FRL0	2015	194.0		
ESTAT:LFST_R_LFSD2POP(1.0)	17/04/26 11:00:00	A	ED0-2	M	Y_GE65	THS_PER	FRM0	2015	27.3	u	
ESTAT:LFST_R_LFSD2POP(1.0)	17/04/26 11:00:00	A	ED0-2	T	Y15-24	THS_PER	FR10	2015	591.8		
ESTAT:LFST_R_LFSD2POP(1.0)	17/04/26 11:00:00	A	ED0-2	T	Y15-24	THS_PER	FRB0	2015	116.9		
ESTAT:LFST_R_LFSD2POP(1.0)	17/04/26 11:00:00	A	ED0-2	T	Y15-24	THS_PER	FRC1	2015	74.6		
ESTAT:LFST_R_LFSD2POP(1.0)	17/04/26 11:00:00	A	ED0-2	T	Y15-24	THS_PER	FRC2	2015	58.1		
ESTAT:LFST_R_LFSD2POP(1.0)	17/04/26 11:00:00	A	ED0-2	T	Y15-24	THS_PER	FRD1	2015	73.4		
ESTAT:LFST_R_LFSD2POP(1.0)	17/04/26 11:00:00	A	ED0-2	T	Y15-24	THS_PER	FRD2	2015	85.3		
ESTAT:LFST_R_LFSD2POP(1.0)	17/04/26 11:00:00	A	ED0-2	T	Y15-24	THS_PER	FRE1	2015	211.3		
ESTAT:LFST_R_LFSD2POP(1.0)	17/04/26 11:00:00	A	ED0-2	T	Y15-24	THS_PER	FRE2	2015	100.9		
ESTAT:LFST_R_LFSD2POP(1.0)	17/04/26 11:00:00	A	ED0-2	T	Y15-24	THS_PER	FRF1	2015	80.1		
ESTAT:LFST_R_LFSD2POP(1.0)	17/04/26 11:00:00	A	ED0-2	T	Y15-24	THS_PER	FRF2	2015	66.8		
ESTAT:LFST_R_LFSD2POP(1.0)	17/04/26 11:00:00	A	ED0-2	T	Y15-24	THS_PER	FRF3	2015	110.1		
ESTAT:LFST_R_LFSD2POP(1.0)	17/04/26 11:00:00	A	ED0-2	T	Y15-24	THS_PER	FRG0	2015	155.7		
ESTAT:LFST_R_LFSD2POP(1.0)	17/04/26 11:00:00	A	ED0-2	T	Y15-24	THS_PER	FRH0	2015	140.0		
ESTAT:LFST_R_LFSD2POP(1.0)	17/04/26 11:00:00	A	ED0-2	T	Y15-24	THS_PER	FRI1	2015	142.2		
ESTAT:LFST_R_LFSD2POP(1.0)	17/04/26 11:00:00	A	ED0-2	T	Y15-24	THS_PER	FRI2	2015	28.4		
ESTAT:LFST_R_LFSD2POP(1.0)	17/04/26 11:00:00	A	ED0-2	T	Y15-24	THS_PER	FRI3	2015	66.3		
ESTAT:LFST_R_LFSD2POP(1.0)	17/04/26 11:00:00	A	ED0-2	T	Y15-24	THS_PER	FRJ1	2015	126.2		
ESTAT:LFST_R_LFSD2POP(1.0)	17/04/26 11:00:00	A	ED0-2	T	Y15-24	THS_PER	FRJ2	2015	131.7		
ESTAT:LFST_R_LFSD2POP(1.0)	17/04/26 11:00:00	A	ED0-2	T	Y15-24	THS_PER	FRK1	2015	60.1		
ESTAT:LFST_R_LFSD2POP(1.0)	17/04/26 11:00:00	A	ED0-2	T	Y15-24	THS_PER	FRK2	2015	312.7		
ESTAT:LFST_R_LFSD2POP(1.0)	17/04/26 11:00:00	A	ED0-2	T	Y15-24	THS_PER	FRL0	2015	225.3		
ESTAT:LFST_R_LFSD2POP(1.0)	17/04/26 11:00:00	A	ED0-2	T	Y15-24	THS_PER	FRM0	2015	20.2	u	
ESTAT:LFST_R_LFSD2POP(1.0)	17/04/26 11:00:00	A	ED0-2	T	Y15-64	THS_PER	FR10	2015	1903.4		
ESTAT:LFST_R_LFSD2POP(1.0)	17/04/26 11:00:00	A	ED0-2	T	Y15-64	THS_PER	FRB0	2015	438.1		
ESTAT:LFST_R_LFSD2POP(1.0)	17/04/26 11:00:00	A	ED0-2	T	Y15-64	THS_PER	FRC1	2015	268.0		
ESTAT:LFST_R_LFSD2POP(1.0)	17/04/26 11:00:00	A	ED0-2	T	Y15-64	THS_PER	FRC2	2015	195.6		
ESTAT:LFST_R_LFSD2POP(1.0)	17/04/26 11:00:00	A	ED0-2	T	Y15-64	THS_PER	FRD1	2015	268.6		
ESTAT:LFST_R_LFSD2POP(1.0)	17/04/26 11:00:00	A	ED0-2	T	Y15-64	THS_PER	FRD2	2015	333.5		
ESTAT:LFST_R_LFSD2POP(1.0)	17/04/26 11:00:00	A	ED0-2	T	Y15-64	THS_PER	FRE1	2015	753.5		
ESTAT:LFST_R_LFSD2POP(1.0)	17/04/26 11:00:00	A	ED0-2	T	Y15-64	THS_PER	FRE2	2015	387.6		
ESTAT:LFST_R_LFSD2POP(1.0)	17/04/26 11:00:00	A	ED0-2	T	Y15-64	THS_PER	FRF1	2015	271.9		
ESTAT:LFST_R_LFSD2POP(1.0)	17/04/26 11:00:00	A	ED0-2	T	Y15-64	THS_PER	FRF2	2015	259.3		
ESTAT:LFST_R_LFSD2POP(1.0)	17/04/26 11:00:00	A	ED0-2	T	Y15-64	THS_PER	FRF3	2015	371.1		
ESTAT:LFST_R_LFSD2POP(1.0)	17/04/26 11:00:00	A	ED0-2	T	Y15-64	THS_PER	FRG0	2015	511.9		
ESTAT:LFST_R_LFSD2POP(1.0)	17/04/26 11:00:00	A	ED0-2	T	Y15-64	THS_PER	FRH0	2015	395.0		
ESTAT:LFST_R_LFSD2POP(1.0)	17/04/26 11:00:00	A	ED0-2	T	Y15-64	THS_PER	FRI1	2015	448.1		
ESTAT:LFST_R_LFSD2POP(1.0)	17/04/26 11:00:00	A	ED0-2	T	Y15-64	THS_PER	FRI2	2015	98.9		
ESTAT:LFST_R_LFSD2POP(1.0)	17/04/26 11:00:00	A	ED0-2	T	Y15-64	THS_PER	FRI3	2015	262.5		
ESTAT:LFST_R_LFSD2POP(1.0)	17/04/26 11:00:00	A	ED0-2	T	Y15-64	THS_PER	FRJ1	2015	502.8		
ESTAT:LFST_R_LFSD2POP(1.0)	17/04/26 11:00:00	A	ED0-2	T	Y15-64	THS_PER	FRJ2	2015	388.4		
ESTAT:LFST_R_LFSD2POP(1.0)	17/04/26 11:00:00	A	ED0-2	T	Y15-64	THS_PER	FRK1	2015	197.1		
ESTAT:LFST_R_LFSD2POP(1.0)	17/04/26 11:00:00	A	ED0-2	T	Y15-64	THS_PER	FRK2	2015	928.2		
ESTAT:LFST_R_LFSD2POP(1.0)	17/04/26 11:00:00	A	ED0-2	T	Y15-64	THS_PER	FRL0	2015	811.3		
ESTAT:LFST_R_LFSD2POP(1.0)	17/04/26 11:00:00	A	ED0-2	T	Y15-64	THS_PER	FRM0	2015	62.3	u	
ESTAT:LFST_R_LFSD2POP(1.0)	17/04/26 11:00:00	A	ED0-2	T	Y15-74	THS_PER	FR10	2015	2271.2		
ESTAT:LFST_R_LFSD2POP(1.0)	17/04/26 11:00:00	A	ED0-2	T	Y15-74	THS_PER	FRB0	2015	566.5		
ESTAT:LFST_R_LFSD2POP(1.0)	17/04/26 11:00:00	A	ED0-2	T	Y15-74	THS_PER	FRC1	2015	341.4		
ESTAT:LFST_R_LFSD2POP(1.0)	17/04/26 11:00:00	A	ED0-2	T	Y15-74	THS_PER	FRC2	2015	248.6		
ESTAT:LFST_R_LFSD2POP(1.0)	17/04/26 11:00:00	A	ED0-2	T	Y15-74	THS_PER	FRD1	2015	339.9		
ESTAT:LFST_R_LFSD2POP(1.0)	17/04/26 11:00:00	A	ED0-2	T	Y15-74	THS_PER	FRD2	2015	425.0		
ESTAT:LFST_R_LFSD2POP(1.0)	17/04/26 11:00:00	A	ED0-2	T	Y15-74	THS_PER	FRE1	2015	937.4		
ESTAT:LFST_R_LFSD2POP(1.0)	17/04/26 11:00:00	A	ED0-2	T	Y15-74	THS_PER	FRE2	2015	486.3		
ESTAT:LFST_R_LFSD2POP(1.0)	17/04/26 11:00:00	A	ED0-2	T	Y15-74	THS_PER	FRF1	2015	329.7		
ESTAT:LFST_R_LFSD2POP(1.0)	17/04/26 11:00:00	A	ED0-2	T	Y15-74	THS_PER	FRF2	2015	325.6		
ESTAT:LFST_R_LFSD2POP(1.0)	17/04/26 11:00:00	A	ED0-2	T	Y15-74	THS_PER	FRF3	2015	478.6		
ESTAT:LFST_R_LFSD2POP(1.0)	17/04/26 11:00:00	A	ED0-2	T	Y15-74	THS_PER	FRG0	2015	674.4		
ESTAT:LFST_R_LFSD2POP(1.0)	17/04/26 11:00:00	A	ED0-2	T	Y15-74	THS_PER	FRH0	2015	531.2		
ESTAT:LFST_R_LFSD2POP(1.0)	17/04/26 11:00:00	A	ED0-2	T	Y15-74	THS_PER	FRI1	2015	606.1		
ESTAT:LFST_R_LFSD2POP(1.0)	17/04/26 11:00:00	A	ED0-2	T	Y15-74	THS_PER	FRI2	2015	128.2		
ESTAT:LFST_R_LFSD2POP(1.0)	17/04/26 11:00:00	A	ED0-2	T	Y15-74	THS_PER	FRI3	2015	365.8		
ESTAT:LFST_R_LFSD2POP(1.0)	17/04/26 11:00:00	A	ED0-2	T	Y15-74	THS_PER	FRJ1	2015	656.4		
ESTAT:LFST_R_LFSD2POP(1.0)	17/04/26 11:00:00	A	ED0-2	T	Y15-74	THS_PER	FRJ2	2015	516.8		
ESTAT:LFST_R_LFSD2POP(1.0)	17/04/26 11:00:00	A	ED0-2	T	Y15-74	THS_PER	FRK1	2015	271.0		
ESTAT:LFST_R_LFSD2POP(1.0)	17/04/26 11:00:00	A	ED0-2	T	Y15-74	THS_PER	FRK2	2015	1168.0		
ESTAT:LFST_R_LFSD2POP(1.0)	17/04/26 11:00:00	A	ED0-2	T	Y15-74	THS_PER	FRL0	2015	1039.9		
ESTAT:LFST_R_LFSD2POP(1.0)	17/04/26 11:00:00	A	ED0-2	T	Y15-74	THS_PER	FRM0	2015	94.8	u	
ESTAT:LFST_R_LFSD2POP(1.0)	17/04/26 11:00:00	A	ED0-2	T	Y20-64	THS_PER	FR10	2015	1403.9		
ESTAT:LFST_R_LFSD2POP(1.0)	17/04/26 11:00:00	A	ED0-2	T	Y20-64	THS_PER	FRB0	2015	334.5		
ESTAT:LFST_R_LFSD2POP(1.0)	17/04/26 11:00:00	A	ED0-2	T	Y20-64	THS_PER	FRC1	2015	203.4		
ESTAT:LFST_R_LFSD2POP(1.0)	17/04/26 11:00:00	A	ED0-2	T	Y20-64	THS_PER	FRC2	2015	147.6		
ESTAT:LFST_R_LFSD2POP(1.0)	17/04/26 11:00:00	A	ED0-2	T	Y20-64	THS_PER	FRD1	2015	205.2		
ESTAT:LFST_R_LFSD2POP(1.0)	17/04/26 11:00:00	A	ED0-2	T	Y20-64	THS_PER	FRD2	2015	260.0		
ESTAT:LFST_R_LFSD2POP(1.0)	17/04/26 11:00:00	A	ED0-2	T	Y20-64	THS_PER	FRE1	2015	580.2		
ESTAT:LFST_R_LFSD2POP(1.0)	17/04/26 11:00:00	A	ED0-2	T	Y20-64	THS_PER	FRE2	2015	305.0		
ESTAT:LFST_R_LFSD2POP(1.0)	17/04/26 11:00:00	A	ED0-2	T	Y20-64	THS_PER	FRF1	2015	204.0		
ESTAT:LFST_R_LFSD2POP(1.0)	17/04/26 11:00:00	A	ED0-2	T	Y20-64	THS_PER	FRF2	2015	209.5		
ESTAT:LFST_R_LFSD2POP(1.0)	17/04/26 11:00:00	A	ED0-2	T	Y20-64	THS_PER	FRF3	2015	279.4		
ESTAT:LFST_R_LFSD2POP(1.0)	17/04/26 11:00:00	A	ED0-2	T	Y20-64	THS_PER	FRG0	2015	373.6		
ESTAT:LFST_R_LFSD2POP(1.0)	17/04/26 11:00:00	A	ED0-2	T	Y20-64	THS_PER	FRH0	2015	269.2		
ESTAT:LFST_R_LFSD2POP(1.0)	17/04/26 11:00:00	A	ED0-2	T	Y20-64	THS_PER	FRI1	2015	322.0		
ESTAT:LFST_R_LFSD2POP(1.0)	17/04/26 11:00:00	A	ED0-2	T	Y20-64	THS_PER	FRI2	2015	75.2		
ESTAT:LFST_R_LFSD2POP(1.0)	17/04/26 11:00:00	A	ED0-2	T	Y20-64	THS_PER	FRI3	2015	204.4		
ESTAT:LFST_R_LFSD2POP(1.0)	17/04/26 11:00:00	A	ED0-2	T	Y20-64	THS_PER	FRJ1	2015	397.5		
ESTAT:LFST_R_LFSD2POP(1.0)	17/04/26 11:00:00	A	ED0-2	T	Y20-64	THS_PER	FRJ2	2015	269.5		
ESTAT:LFST_R_LFSD2POP(1.0)	17/04/26 11:00:00	A	ED0-2	T	Y20-64	THS_PER	FRK1	2015	142.4		
ESTAT:LFST_R_LFSD2POP(1.0)	17/04/26 11:00:00	A	ED0-2	T	Y20-64	THS_PER	FRK2	2015	658.9		
ESTAT:LFST_R_LFSD2POP(1.0)	17/04/26 11:00:00	A	ED0-2	T	Y20-64	THS_PER	FRL0	2015	620.8		
ESTAT:LFST_R_LFSD2POP(1.0)	17/04/26 11:00:00	A	ED0-2	T	Y20-64	THS_PER	FRM0	2015	43.4	u	
ESTAT:LFST_R_LFSD2POP(1.0)	17/04/26 11:00:00	A	ED0-2	T	Y25-34	THS_PER	FR10	2015	214.1		
ESTAT:LFST_R_LFSD2POP(1.0)	17/04/26 11:00:00	A	ED0-2	T	Y25-34	THS_PER	FRB0	2015	46.6		
ESTAT:LFST_R_LFSD2POP(1.0)	17/04/26 11:00:00	A	ED0-2	T	Y25-34	THS_PER	FRC1	2015	19.3		
ESTAT:LFST_R_LFSD2POP(1.0)	17/04/26 11:00:00	A	ED0-2	T	Y25-34	THS_PER	FRC2	2015	18.6		
ESTAT:LFST_R_LFSD2POP(1.0)	17/04/26 11:00:00	A	ED0-2	T	Y25-34	THS_PER	FRD1	2015	23.6		
ESTAT:LFST_R_LFSD2POP(1.0)	17/04/26 11:00:00	A	ED0-2	T	Y25-34	THS_PER	FRD2	2015	34.9		
ESTAT:LFST_R_LFSD2POP(1.0)	17/04/26 11:00:00	A	ED0-2	T	Y25-34	THS_PER	FRE1	2015	76.3		
ESTAT:LFST_R_LFSD2POP(1.0)	17/04/26 11:00:00	A	ED0-2	T	Y25-34	THS_PER	FRE2	2015	39.6		
ESTAT:LFST_R_LFSD2POP(1.0)	17/04/26 11:00:00	A	ED0-2	T	Y25-34	THS_PER	FRF1	2015	32.3		
ESTAT:LFST_R_LFSD2POP(1.0)	17/04/26 11:00:00	A	ED0-2	T	Y25-34	THS_PER	FRF2	2015	25.0		
ESTAT:LFST_R_LFSD2POP(1.0)	17/04/26 11:00:00	A	ED0-2	T	Y25-34	THS_PER	FRF3	2015	37.2		
ESTAT:LFST_R_LFSD2POP(1.0)	17/04/26 11:00:00	A	ED0-2	T	Y25-34	THS_PER	FRG0	2015	48.0		
ESTAT:LFST_R_LFSD2POP(1.0)	17/04/26 11:00:00	A	ED0-2	T	Y25-34	THS_PER	FRH0	2015	26.9		
ESTAT:LFST_R_LFSD2POP(1.0)	17/04/26 11:00:00	A	ED0-2	T	Y25-34	THS_PER	FRI1	2015	43.3		
ESTAT:LFST_R_LFSD2POP(1.0)	17/04/26 11:00:00	A	ED0-2	T	Y25-34	THS_PER	FRI2	2015	7.5	u	
ESTAT:LFST_R_LFSD2POP(1.0)	17/04/26 11:00:00	A	ED0-2	T	Y25-34	THS_PER	FRI3	2015	19.4		
ESTAT:LFST_R_LFSD2POP(1.0)	17/04/26 11:00:00	A	ED0-2	T	Y25-34	THS_PER	FRJ1	2015	60.4		
ESTAT:LFST_R_LFSD2POP(1.0)	17/04/26 11:00:00	A	ED0-2	T	Y25-34	THS_PER	FRJ2	2015	31.7		
ESTAT:LFST_R_LFSD2POP(1.0)	17/04/26 11:00:00	A	ED0-2	T	Y25-34	THS_PER	FRK1	2015	14.7		
ESTAT:LFST_R_LFSD2POP(1.0)	17/04/26 11:00:00	A	ED0-2	T	Y25-34	THS_PER	FRK2	2015	87.3		
ESTAT:LFST_R_LFSD2POP(1.0)	17/04/26 11:00:00	A	ED0-2	T	Y25-34	THS_PER	FRL0	2015	88.8		
ESTAT:LFST_R_LFSD2POP(1.0)	17/04/26 11:00:00	A	ED0-2	T	Y25-34	THS_PER	FRM0	2015	1.4	u	
ESTAT:LFST_R_LFSD2POP(1.0)	17/04/26 11:00:00	A	ED0-2	T	Y25-64	THS_PER	FR10	2015	1311.6		
ESTAT:LFST_R_LFSD2POP(1.0)	17/04/26 11:00:00	A	ED0-2	T	Y25-64	THS_PER	FRB0	2015	321.2		
ESTAT:LFST_R_LFSD2POP(1.0)	17/04/26 11:00:00	A	ED0-2	T	Y25-64	THS_PER	FRC1	2015	193.4		
ESTAT:LFST_R_LFSD2POP(1.0)	17/04/26 11:00:00	A	ED0-2	T	Y25-64	THS_PER	FRC2	2015	137.5		
ESTAT:LFST_R_LFSD2POP(1.0)	17/04/26 11:00:00	A	ED0-2	T	Y25-64	THS_PER	FRD1	2015	195.2		
ESTAT:LFST_R_LFSD2POP(1.0)	17/04/26 11:00:00	A	ED0-2	T	Y25-64	THS_PER	FRD2	2015	248.2		
ESTAT:LFST_R_LFSD2POP(1.0)	17/04/26 11:00:00	A	ED0-2	T	Y25-64	THS_PER	FRE1	2015	542.2		
ESTAT:LFST_R_LFSD2POP(1.0)	17/04/26 11:00:00	A	ED0-2	T	Y25-64	THS_PER	FRE2	2015	286.7		
ESTAT:LFST_R_LFSD2POP(1.0)	17/04/26 11:00:00	A	ED0-2	T	Y25-64	THS_PER	FRF1	2015	191.8		
ESTAT:LFST_R_LFSD2POP(1.0)	17/04/26 11:00:00	A	ED0-2	T	Y25-64	THS_PER	FRF2	2015	192.6		
ESTAT:LFST_R_LFSD2POP(1.0)	17/04/26 11:00:00	A	ED0-2	T	Y25-64	THS_PER	FRF3	2015	261.0		
ESTAT:LFST_R_LFSD2POP(1.0)	17/04/26 11:00:00	A	ED0-2	T	Y25-64	THS_PER	FRG0	2015	356.2		
ESTAT:LFST_R_LFSD2POP(1.0)	17/04/26 11:00:00	A	ED0-2	T	Y25-64	THS_PER	FRH0	2015	255.1		
ESTAT:LFST_R_LFSD2POP(1.0)	17/04/26 11:00:00	A	ED0-2	T	Y25-64	THS_PER	FRI1	2015	305.9		
ESTAT:LFST_R_LFSD2POP(1.0)	17/04/26 11:00:00	A	ED0-2	T	Y25-64	THS_PER	FRI2	2015	70.5		
ESTAT:LFST_R_LFSD2POP(1.0)	17/04/26 11:00:00	A	ED0-2	T	Y25-64	THS_PER	FRI3	2015	196.2		
ESTAT:LFST_R_LFSD2POP(1.0)	17/04/26 11:00:00	A	ED0-2	T	Y25-64	THS_PER	FRJ1	2015	376.6		
ESTAT:LFST_R_LFSD2POP(1.0)	17/04/26 11:00:00	A	ED0-2	T	Y25-64	THS_PER	FRJ2	2015	256.7		
ESTAT:LFST_R_LFSD2POP(1.0)	17/04/26 11:00:00	A	ED0-2	T	Y25-64	THS_PER	FRK1	2015	137.0		
ESTAT:LFST_R_LFSD2POP(1.0)	17/04/26 11:00:00	A	ED0-2	T	Y25-64	THS_PER	FRK2	2015	615.6		
ESTAT:LFST_R_LFSD2POP(1.0)	17/04/26 11:00:00	A	ED0-2	T	Y25-64	THS_PER	FRL0	2015	586.0		
ESTAT:LFST_R_LFSD2POP(1.0)	17/04/26 11:00:00	A	ED0-2	T	Y25-64	THS_PER	FRM0	2015	42.0	u	
ESTAT:LFST_R_LFSD2POP(1.0)	17/04/26 11:00:00	A	ED0-2	T	Y35-44	THS_PER	FR10	2015	278.7		
ESTAT:LFST_R_LFSD2POP(1.0)	17/04/26 11:00:00	A	ED0-2	T	Y35-44	THS_PER	FRB0	2015	55.6		
ESTAT:LFST_R_LFSD2POP(1.0)	17/04/26 11:00:00	A	ED0-2	T	Y35-44	THS_PER	FRC1	2015	31.3		
ESTAT:LFST_R_LFSD2POP(1.0)	17/04/26 11:00:00	A	ED0-2	T	Y35-44	THS_PER	FRC2	2015	25.4		
ESTAT:LFST_R_LFSD2POP(1.0)	17/04/26 11:00:00	A	ED0-2	T	Y35-44	THS_PER	FRD1	2015	30.2		
ESTAT:LFST_R_LFSD2POP(1.0)	17/04/26 11:00:00	A	ED0-2	T	Y35-44	THS_PER	FRD2	2015	43.7		
ESTAT:LFST_R_LFSD2POP(1.0)	17/04/26 11:00:00	A	ED0-2	T	Y35-44	THS_PER	FRE1	2015	94.1		
ESTAT:LFST_R_LFSD2POP(1.0)	17/04/26 11:00:00	A	ED0-2	T	Y35-44	THS_PER	FRE2	2015	49.0		
ESTAT:LFST_R_LFSD2POP(1.0)	17/04/26 11:00:00	A	ED0-2	T	Y35-44	THS_PER	FRF1	2015	34.8		
ESTAT:LFST_R_LFSD2POP(1.0)	17/04/26 11:00:00	A	ED0-2	T	Y35-44	THS_PER	FRF2	2015	31.0		
ESTAT:LFST_R_LFSD2POP(1.0)	17/04/26 11:00:00	A	ED0-2	T	Y35-44	THS_PER	FRF3	2015	41.0		
ESTAT:LFST_R_LFSD2POP(1.0)	17/04/26 11:00:00	A	ED0-2	T	Y35-44	THS_PER	FRG0	2015	53.3		
ESTAT:LFST_R_LFSD2POP(1.0)	17/04/26 11:00:00	A	ED0-2	T	Y35-44	THS_PER	FRH0	2015	35.2		
ESTAT:LFST_R_LFSD2POP(1.0)	17/04/26 11:00:00	A	ED0-2	T	Y35-44	THS_PER	FRI1	2015	55.3		
ESTAT:LFST_R_LFSD2POP(1.0)	17/04/26 11:00:00	A	ED0-2	T	Y35-44	THS_PER	FRI2	2015	10.8		
ESTAT:LFST_R_LFSD2POP(1.0)	17/04/26 11:00:00	A	ED0-2	T	Y35-44	THS_PER	FRI3	2015	41.3		
ESTAT:LFST_R_LFSD2POP(1.0)	17/04/26 11:00:00	A	ED0-2	T	Y35-44	THS_PER	FRJ1	2015	61.4		
ESTAT:LFST_R_LFSD2POP(1.0)	17/04/26 11:00:00	A	ED0-2	T	Y35-44	THS_PER	FRJ2	2015	40.1		
ESTAT:LFST_R_LFSD2POP(1.0)	17/04/26 11:00:00	A	ED0-2	T	Y35-44	THS_PER	FRK1	2015	24.5		
ESTAT:LFST_R_LFSD2POP(1.0)	17/04/26 11:00:00	A	ED0-2	T	Y35-44	THS_PER	FRK2	2015	113.1		
ESTAT:LFST_R_LFSD2POP(1.0)	17/04/26 11:00:00	A	ED0-2	T	Y35-44	THS_PER	FRL0	2015	106.8		
ESTAT:LFST_R_LFSD2POP(1.0)	17/04/26 11:00:00	A	ED0-2	T	Y35-44	THS_PER	FRM0	2015	7.1	u	
ESTAT:LFST_R_LFSD2POP(1.0)	17/04/26 11:00:00	A	ED0-2	T	Y45-54	THS_PER	FR10	2015	406.8		
ESTAT:LFST_R_LFSD2POP(1.0)	17/04/26 11:00:00	A	ED0-2	T	Y45-54	THS_PER	FRB0	2015	89.7		
ESTAT:LFST_R_LFSD2POP(1.0)	17/04/26 11:00:00	A	ED0-2	T	Y45-54	THS_PER	FRC1	2015	52.1		
ESTAT:LFST_R_LFSD2POP(1.0)	17/04/26 11:00:00	A	ED0-2	T	Y45-54	THS_PER	FRC2	2015	35.0		
ESTAT:LFST_R_LFSD2POP(1.0)	17/04/26 11:00:00	A	ED0-2	T	Y45-54	THS_PER	FRD1	2015	56.9		
ESTAT:LFST_R_LFSD2POP(1.0)	17/04/26 11:00:00	A	ED0-2	T	Y45-54	THS_PER	FRD2	2015	74.8		
ESTAT:LFST_R_LFSD2POP(1.0)	17/04/26 11:00:00	A	ED0-2	T	Y45-54	THS_PER	FRE1	2015	149.7		
ESTAT:LFST_R_LFSD2POP(1.0)	17/04/26 11:00:00	A	ED0-2	T	Y45-54	THS_PER	FRE2	2015	89.6		
ESTAT:LFST_R_LFSD2POP(1.0)	17/04/26 11:00:00	A	ED0-2	T	Y45-54	THS_PER	FRF1	2015	56.0		
ESTAT:LFST_R_LFSD2POP(1.0)	17/04/26 11:00:00	A	ED0-2	T	Y45-54	THS_PER	FRF2	2015	53.0		
ESTAT:LFST_R_LFSD2POP(1.0)	17/04/26 11:00:00	A	ED0-2	T	Y45-54	THS_PER	FRF3	2015	78.9		
ESTAT:LFST_R_LFSD2POP(1.0)	17/04/26 11:00:00	A	ED0-2	T	Y45-54	THS_PER	FRG0	2015	107.2		
ESTAT:LFST_R_LFSD2POP(1.0)	17/04/26 11:00:00	A	ED0-2	T	Y45-54	THS_PER	FRH0	2015	78.7		
ESTAT:LFST_R_LFSD2POP(1.0)	17/04/26 11:00:00	A	ED0-2	T	Y45-54	THS_PER	FRI1	2015	88.6		
ESTAT:LFST_R_LFSD2POP(1.0)	17/04/26 11:00:00	A	ED0-2	T	Y45-54	THS_PER	FRI2	2015	23.1		
ESTAT:LFST_R_LFSD2POP(1.0)	17/04/26 11:00:00	A	ED0-2	T	Y45-54	THS_PER	FRI3	2015	47.6		
ESTAT:LFST_R_LFSD2POP(1.0)	17/04/26 11:00:00	A	ED0-2	T	Y45-54	THS_PER	FRJ1	2015	102.2		
ESTAT:LFST_R_LFSD2POP(1.0)	17/04/26 11:00:00	A	ED0-2	T	Y45-54	THS_PER	FRJ2	2015	79.0		
ESTAT:LFST_R_LFSD2POP(1.0)	17/04/26 11:00:00	A	ED0-2	T	Y45-54	THS_PER	FRK1	2015	35.4		
ESTAT:LFST_R_LFSD2POP(1.0)	17/04/26 11:00:00	A	ED0-2	T	Y45-54	THS_PER	FRK2	2015	176.1		
ESTAT:LFST_R_LFSD2POP(1.0)	17/04/26 11:00:00	A	ED0-2	T	Y45-54	THS_PER	FRL0	2015	165.0		
ESTAT:LFST_R_LFSD2POP(1.0)	17/04/26 11:00:00	A	ED0-2	T	Y45-54	THS_PER	FRM0	2015	5.1	u	
ESTAT:LFST_R_LFSD2POP(1.0)	17/04/26 11:00:00	A	ED0-2	T	Y55-64	THS_PER	FR10	2015	412.0		
ESTAT:LFST_R_LFSD2POP(1.0)	17/04/26 11:00:00	A	ED0-2	T	Y55-64	THS_PER	FRB0	2015	129.3		
ESTAT:LFST_R_LFSD2POP(1.0)	17/04/26 11:00:00	A	ED0-2	T	Y55-64	THS_PER	FRC1	2015	90.6		
ESTAT:LFST_R_LFSD2POP(1.0)	17/04/26 11:00:00	A	ED0-2	T	Y55-64	THS_PER	FRC2	2015	58.5		
ESTAT:LFST_R_LFSD2POP(1.0)	17/04/26 11:00:00	A	ED0-2	T	Y55-64	THS_PER	FRD1	2015	84.5		
ESTAT:LFST_R_LFSD2POP(1.0)	17/04/26 11:00:00	A	ED0-2	T	Y55-64	THS_PER	FRD2	2015	94.8		
ESTAT:LFST_R_LFSD2POP(1.0)	17/04/26 11:00:00	A	ED0-2	T	Y55-64	THS_PER	FRE1	2015	222.0		
ESTAT:LFST_R_LFSD2POP(1.0)	17/04/26 11:00:00	A	ED0-2	T	Y55-64	THS_PER	FRE2	2015	108.5		
ESTAT:LFST_R_LFSD2POP(1.0)	17/04/26 11:00:00	A	ED0-2	T	Y55-64	THS_PER	FRF1	2015	68.6		
ESTAT:LFST_R_LFSD2POP(1.0)	17/04/26 11:00:00	A	ED0-2	T	Y55-64	THS_PER	FRF2	2015	83.5		
ESTAT:LFST_R_LFSD2POP(1.0)	17/04/26 11:00:00	A	ED0-2	T	Y55-64	THS_PER	FRF3	2015	103.9		
ESTAT:LFST_R_LFSD2POP(1.0)	17/04/26 11:00:00	A	ED0-2	T	Y55-64	THS_PER	FRG0	2015	147.7		
ESTAT:LFST_R_LFSD2POP(1.0)	17/04/26 11:00:00	A	ED0-2	T	Y55-64	THS_PER	FRH0	2015	114.2		
ESTAT:LFST_R_LFSD2POP(1.0)	17/04/26 11:00:00	A	ED0-2	T	Y55-64	THS_PER	FRI1	2015	118.6		
ESTAT:LFST_R_LFSD2POP(1.0)	17/04/26 11:00:00	A	ED0-2	T	Y55-64	THS_PER	FRI2	2015	29.1		
ESTAT:LFST_R_LFSD2POP(1.0)	17/04/26 11:00:00	A	ED0-2	T	Y55-64	THS_PER	FRI3	2015	87.9		
ESTAT:LFST_R_LFSD2POP(1.0)	17/04/26 11:00:00	A	ED0-2	T	Y55-64	THS_PER	FRJ1	2015	152.6		
ESTAT:LFST_R_LFSD2POP(1.0)	17/04/26 11:00:00	A	ED0-2	T	Y55-64	THS_PER	FRJ2	2015	105.9		
ESTAT:LFST_R_LFSD2POP(1.0)	17/04/26 11:00:00	A	ED0-2	T	Y55-64	THS_PER	FRK1	2015	62.4		
ESTAT:LFST_R_LFSD2POP(1.0)	17/04/26 11:00:00	A	ED0-2	T	Y55-64	THS_PER	FRK2	2015	239.0		
ESTAT:LFST_R_LFSD2POP(1.0)	17/04/26 11:00:00	A	ED0-2	T	Y55-64	THS_PER	FRL0	2015	225.4		
ESTAT:LFST_R_LFSD2POP(1.0)	17/04/26 11:00:00	A	ED0-2	T	Y55-64	THS_PER	FRM0	2015	28.4	u	
ESTAT:LFST_R_LFSD2POP(1.0)	17/04/26 11:00:00	A	ED0-2	T	Y_GE15	THS_PER	FR10	2015	2642.0		
ESTAT:LFST_R_LFSD2POP(1.0)	17/04/26 11:00:00	A	ED0-2	T	Y_GE15	THS_PER	FRB0	2015	712.4		
ESTAT:LFST_R_LFSD2POP(1.0)	17/04/26 11:00:00	A	ED0-2	T	Y_GE15	THS_PER	FRC1	2015	451.0		
ESTAT:LFST_R_LFSD2POP(1.0)	17/04/26 11:00:00	A	ED0-2	T	Y_GE15	THS_PER	FRC2	2015	312.4		
ESTAT:LFST_R_LFSD2POP(1.0)	17/04/26 11:00:00	A	ED0-2	T	Y_GE15	THS_PER	FRD1	2015	432.8		
ESTAT:LFST_R_LFSD2POP(1.0)	17/04/26 11:00:00	A	ED0-2	T	Y_GE15	THS_PER	FRD2	2015	521.1		
ESTAT:LFST_R_LFSD2POP(1.0)	17/04/26 11:00:00	A	ED0-2	T	Y_GE15	THS_PER	FRE1	2015	1141.1		
ESTAT:LFST_R_LFSD2POP(1.0)	17/04/26 11:00:00	A	ED0-2	T	Y_GE15	THS_PER	FRE2	2015	588.3		
ESTAT:LFST_R_LFSD2POP(1.0)	17/04/26 11:00:00	A	ED0-2	T	Y_GE15	THS_PER	FRF1	2015	402.8		
ESTAT:LFST_R_LFSD2POP(1.0)	17/04/26 11:00:00	A	ED0-2	T	Y_GE15	THS_PER	FRF2	2015	403.8		
ESTAT:LFST_R_LFSD2POP(1.0)	17/04/26 11:00:00	A	ED0-2	T	Y_GE15	THS_PER	FRF3	2015	603.8		
ESTAT:LFST_R_LFSD2POP(1.0)	17/04/26 11:00:00	A	ED0-2	T	Y_GE15	THS_PER	FRG0	2015	892.2		
ESTAT:LFST_R_LFSD2POP(1.0)	17/04/26 11:00:00	A	ED0-2	T	Y_GE15	THS_PER	FRH0	2015	737.4		
ESTAT:LFST_R_LFSD2POP(1.0)	17/04/26 11:00:00	A	ED0-2	T	Y_GE15	THS_PER	FRI1	2015	788.7		
ESTAT:LFST_R_LFSD2POP(1.0)	17/04/26 11:00:00	A	ED0-2	T	Y_GE15	THS_PER	FRI2	2015	181.2		
ESTAT:LFST_R_LFSD2POP(1.0)	17/04/26 11:00:00	A	ED0-2	T	Y_GE15	THS_PER	FRI3	2015	498.9		
ESTAT:LFST_R_LFSD2POP(1.0)	17/04/26 11:00:00	A	ED0-2	T	Y_GE15	THS_PER	FRJ1	2015	809.7		
ESTAT:LFST_R_LFSD2POP(1.0)	17/04/26 11:00:00	A	ED0-2	T	Y_GE15	THS_PER	FRJ2	2015	695.3		
ESTAT:LFST_R_LFSD2POP(1.0)	17/04/26 11:00:00	A	ED0-2	T	Y_GE15	THS_PER	FRK1	2015	359.2		
ESTAT:LFST_R_LFSD2POP(1.0)	17/04/26 11:00:00	A	ED0-2	T	Y_GE15	THS_PER	FRK2	2015	1464.7		
ESTAT:LFST_R_LFSD2POP(1.0)	17/04/26 11:00:00	A	ED0-2	T	Y_GE15	THS_PER	FRL0	2015	1311.0		
ESTAT:LFST_R_LFSD2POP(1.0)	17/04/26 11:00:00	A	ED0-2	T	Y_GE15	THS_PER	FRM0	2015	125.8	u	
ESTAT:LFST_R_LFSD2POP(1.0)	17/04/26 11:00:00	A	ED0-2	T	Y_GE25	THS_PER	FR10	2015	2050.2		
ESTAT:LFST_R_LFSD2POP(1.0)	17/04/26 11:00:00	A	ED0-2	T	Y_GE25	THS_PER	FRB0	2015	595.5		
ESTAT:LFST_R_LFSD2POP(1.0)	17/04/26 11:00:00	A	ED0-2	T	Y_GE25	THS_PER	FRC1	2015	376.4		
ESTAT:LFST_R_LFSD2POP(1.0)	17/04/26 11:00:00	A	ED0-2	T	Y_GE25	THS_PER	FRC2	2015	254.3		
ESTAT:LFST_R_LFSD2POP(1.0)	17/04/26 11:00:00	A	ED0-2	T	Y_GE25	THS_PER	FRD1	2015	359.4		
ESTAT:LFST_R_LFSD2POP(1.0)	17/04/26 11:00:00	A	ED0-2	T	Y_GE25	THS_PER	FRD2	2015	435.8		
ESTAT:LFST_R_LFSD2POP(1.0)	17/04/26 11:00:00	A	ED0-2	T	Y_GE25	THS_PER	FRE1	2015	929.8		
ESTAT:LFST_R_LFSD2POP(1.0)	17/04/26 11:00:00	A	ED0-2	T	Y_GE25	THS_PER	FRE2	2015	487.4		
ESTAT:LFST_R_LFSD2POP(1.0)	17/04/26 11:00:00	A	ED0-2	T	Y_GE25	THS_PER	FRF1	2015	322.7		
ESTAT:LFST_R_LFSD2POP(1.0)	17/04/26 11:00:00	A	ED0-2	T	Y_GE25	THS_PER	FRF2	2015	337.0		
ESTAT:LFST_R_LFSD2POP(1.0)	17/04/26 11:00:00	A	ED0-2	T	Y_GE25	THS_PER	FRF3	2015	493.7		
ESTAT:LFST_R_LFSD2POP(1.0)	17/04/26 11:00:00	A	ED0-2	T	Y_GE25	THS_PER	FRG0	2015	736.5		
ESTAT:LFST_R_LFSD2POP(1.0)	17/04/26 11:00:00	A	ED0-2	T	Y_GE25	THS_PER	FRH0	2015	597.4		
ESTAT:LFST_R_LFSD2POP(1.0)	17/04/26 11:00:00	A	ED0-2	T	Y_GE25	THS_PER	FRI1	2015	646.5		
ESTAT:LFST_R_LFSD2POP(1.0)	17/04/26 11:00:00	A	ED0-2	T	Y_GE25	THS_PER	FRI2	2015	152.9		
ESTAT:LFST_R_LFSD2POP(1.0)	17/04/26 11:00:00	A	ED0-2	T	Y_GE25	THS_PER	FRI3	2015	432.6		
ESTAT:LFST_R_LFSD2POP(1.0)	17/04/26 11:00:00	A	ED0-2	T	Y_GE25	THS_PER	FRJ1	2015	683.5		
ESTAT:LFST_R_LFSD2POP(1.0)	17/04/26 11:00:00	A	ED0-2	T	Y_GE25	THS_PER	FRJ2	2015	563.6		
ESTAT:LFST_R_LFSD2POP(1.0)	17/04/26 11:00:00	A	ED0-2	T	Y_GE25	THS_PER	FRK1	2015	299.1		
ESTAT:LFST_R_LFSD2POP(1.0)	17/04/26 11:00:00	A	ED0-2	T	Y_GE25	THS_PER	FRK2	2015	1152.1		
ESTAT:LFST_R_LFSD2POP(1.0)	17/04/26 11:00:00	A	ED0-2	T	Y_GE25	THS_PER	FRL0	2015	1085.7		
ESTAT:LFST_R_LFSD2POP(1.0)	17/04/26 11:00:00	A	ED0-2	T	Y_GE25	THS_PER	FRM0	2015	105.5	u	
ESTAT:LFST_R_LFSD2POP(1.0)	17/04/26 11:00:00	A	ED0-2	T	Y_GE65	THS_PER	FR10	2015	738.6		
ESTAT:LFST_R_LFSD2POP(1.0)	17/04/26 11:00:00	A	ED0-2	T	Y_GE65	THS_PER	FRB0	2015	274.3		
ESTAT:LFST_R_LFSD2POP(1.0)	17/04/26 11:00:00	A	ED0-2	T	Y_GE65	THS_PER	FRC1	2015	183.0		
ESTAT:LFST_R_LFSD2POP(1.0)	17/04/26 11:00:00	A	ED0-2	T	Y_GE65	THS_PER	FRC2	2015	116.8		
ESTAT:LFST_R_LFSD2POP(1.0)	17/04/26 11:00:00	A	ED0-2	T	Y_GE65	THS_PER	FRD1	2015	164.2		
ESTAT:LFST_R_LFSD2POP(1.0)	17/04/26 11:00:00	A	ED0-2	T	Y_GE65	THS_PER	FRD2	2015	187.6		
ESTAT:LFST_R_LFSD2POP(1.0)	17/04/26 11:00:00	A	ED0-2	T	Y_GE65	THS_PER	FRE1	2015	387.6		
ESTAT:LFST_R_LFSD2POP(1.0)	17/04/26 11:00:00	A	ED0-2	T	Y_GE65	THS_PER	FRE2	2015	200.7		
ESTAT:LFST_R_LFSD2POP(1.0)	17/04/26 11:00:00	A	ED0-2	T	Y_GE65	THS_PER	FRF1	2015	131.0		
ESTAT:LFST_R_LFSD2POP(1.0)	17/04/26 11:00:00	A	ED0-2	T	Y_GE65	THS_PER	FRF2	2015	144.4		
ESTAT:LFST_R_LFSD2POP(1.0)	17/04/26 11:00:00	A	ED0-2	T	Y_GE65	THS_PER	FRF3	2015	232.7		
ESTAT:LFST_R_LFSD2POP(1.0)	17/04/26 11:00:00	A	ED0-2	T	Y_GE65	THS_PER	FRG0	2015	380.3		
ESTAT:LFST_R_LFSD2POP(1.0)	17/04/26 11:00:00	A	ED0-2	T	Y_GE65	THS_PER	FRH0	2015	342.4		
ESTAT:LFST_R_LFSD2POP(1.0)	17/04/26 11:00:00	A	ED0-2	T	Y_GE65	THS_PER	FRI1	2015	340.7		
ESTAT:LFST_R_LFSD2POP(1.0)	17/04/26 11:00:00	A	ED0-2	T	Y_GE65	THS_PER	FRI2	2015	82.4		
ESTAT:LFST_R_LFSD2POP(1.0)	17/04/26 11:00:00	A	ED0-2	T	Y_GE65	THS_PER	FRI3	2015	236.4		
ESTAT:LFST_R_LFSD2POP(1.0)	17/04/26 11:00:00	A	ED0-2	T	Y_GE65	THS_PER	FRJ1	2015	306.9		
ESTAT:LFST_R_LFSD2POP(1.0)	17/04/26 11:00:00	A	ED0-2	T	Y_GE65	THS_PER	FRJ2	2015	306.9		
ESTAT:LFST_R_LFSD2POP(1.0)	17/04/26 11:00:00	A	ED0-2	T	Y_GE65	THS_PER	FRK1	2015	162.1		
ESTAT:LFST_R_LFSD2POP(1.0)	17/04/26 11:00:00	A	ED0-2	T	Y_GE65	THS_PER	FRK2	2015	536.5		
ESTAT:LFST_R_LFSD2POP(1.0)	17/04/26 11:00:00	A	ED0-2	T	Y_GE65	THS_PER	FRL0	2015	499.7		
ESTAT:LFST_R_LFSD2POP(1.0)	17/04/26 11:00:00	A	ED0-2	T	Y_GE65	THS_PER	FRM0	2015	63.5	u	
ESTAT:LFST_R_LFSD2POP(1.0)	17/04/26 11:00:00	A	ED3_4	F	Y15-24	THS_PER	FR10	2015	327.1		
ESTAT:LFST_R_LFSD2POP(1.0)	17/04/26 11:00:00	A	ED3_4	F	Y15-24	THS_PER	FRB0	2015	60.4		
ESTAT:LFST_R_LFSD2POP(1.0)	17/04/26 11:00:00	A	ED3_4	F	Y15-24	THS_PER	FRC1	2015	41.7		
ESTAT:LFST_R_LFSD2POP(1.0)	17/04/26 11:00:00	A	ED3_4	F	Y15-24	THS_PER	FRC2	2015	26.8		
ESTAT:LFST_R_LFSD2POP(1.0)	17/04/26 11:00:00	A	ED3_4	F	Y15-24	THS_PER	FRD1	2015	32.5		
ESTAT:LFST_R_LFSD2POP(1.0)	17/04/26 11:00:00	A	ED3_4	F	Y15-24	THS_PER	FRD2	2015	49.6		
ESTAT:LFST_R_LFSD2POP(1.0)	17/04/26 11:00:00	A	ED3_4	F	Y15-24	THS_PER	FRE1	2015	105.0		
ESTAT:LFST_R_LFSD2POP(1.0)	17/04/26 11:00:00	A	ED3_4	F	Y15-24	THS_PER	FRE2	2015	51.6		
ESTAT:LFST_R_LFSD2POP(1.0)	17/04/26 11:00:00	A	ED3_4	F	Y15-24	THS_PER	FRF1	2015	51.0		
ESTAT:LFST_R_LFSD2POP(1.0)	17/04/26 11:00:00	A	ED3_4	F	Y15-24	THS_PER	FRF2	2015	34.5		
ESTAT:LFST_R_LFSD2POP(1.0)	17/04/26 11:00:00	A	ED3_4	F	Y15-24	THS_PER	FRF3	2015	61.5		
ESTAT:LFST_R_LFSD2POP(1.0)	17/04/26 11:00:00	A	ED3_4	F	Y15-24	THS_PER	FRG0	2015	84.4		
ESTAT:LFST_R_LFSD2POP(1.0)	17/04/26 11:00:00	A	ED3_4	F	Y15-24	THS_PER	FRH0	2015	75.8		
ESTAT:LFST_R_LFSD2POP(1.0)	17/04/26 11:00:00	A	ED3_4	F	Y15-24	THS_PER	FRI1	2015	79.4		
ESTAT:LFST_R_LFSD2POP(1.0)	17/04/26 11:00:00	A	ED3_4	F	Y15-24	THS_PER	FRI2	2015	15.6		
ESTAT:LFST_R_LFSD2POP(1.0)	17/04/26 11:00:00	A	ED3_4	F	Y15-24	THS_PER	FRI3	2015	50.2		
ESTAT:LFST_R_LFSD2POP(1.0)	17/04/26 11:00:00	A	ED3_4	F	Y15-24	THS_PER	FRJ1	2015	60.9		
ESTAT:LFST_R_LFSD2POP(1.0)	17/04/26 11:00:00	A	ED3_4	F	Y15-24	THS_PER	FRJ2	2015	68.4		
ESTAT:LFST_R_LFSD2POP(1.0)	17/04/26 11:00:00	A	ED3_4	F	Y15-24	THS_PER	FRK1	2015	26.3		
ESTAT:LFST_R_LFSD2POP(1.0)	17/04/26 11:00:00	A	ED3_4	F	Y15-24	THS_PER	FRK2	2015	164.6		
ESTAT:LFST_R_LFSD2POP(1.0)	17/04/26 11:00:00	A	ED3_4	F	Y15-24	THS_PER	FRL0	2015	116.3		
ESTAT:LFST_R_LFSD2POP(1.0)	17/04/26 11:00:00	A	ED3_4	F	Y15-24	THS_PER	FRM0	2015	7.2	u	
ESTAT:LFST_R_LFSD2POP(1.0)	17/04/26 11:00:00	A	ED3_4	F	Y15-64	THS_PER	FR10	2015	1374.0		
ESTAT:LFST_R_LFSD2POP(1.0)	17/04/26 11:00:00	A	ED3_4	F	Y15-64	THS_PER	FRB0	2015	331.9		
ESTAT:LFST_R_LFSD2POP(1.0)	17/04/26 11:00:00	A	ED3_4	F	Y15-64	THS_PER	FRC1	2015	227.6		
ESTAT:LFST_R_LFSD2POP(1.0)	17/04/26 11:00:00	A	ED3_4	F	Y15-64	THS_PER	FRC2	2015	165.7		
ESTAT:LFST_R_LFSD2POP(1.0)	17/04/26 11:00:00	A	ED3_4	F	Y15-64	THS_PER	FRD1	2015	183.5		
ESTAT:LFST_R_LFSD2POP(1.0)	17/04/26 11:00:00	A	ED3_4	F	Y15-64	THS_PER	FRD2	2015	240.9		
ESTAT:LFST_R_LFSD2POP(1.0)	17/04/26 11:00:00	A	ED3_4	F	Y15-64	THS_PER	FRE1	2015	543.3		
ESTAT:LFST_R_LFSD2POP(1.0)	17/04/26 11:00:00	A	ED3_4	F	Y15-64	THS_PER	FRE2	2015	256.7		
ESTAT:LFST_R_LFSD2POP(1.0)	17/04/26 11:00:00	A	ED3_4	F	Y15-64	THS_PER	FRF1	2015	272.7		
ESTAT:LFST_R_LFSD2POP(1.0)	17/04/26 11:00:00	A	ED3_4	F	Y15-64	THS_PER	FRF2	2015	183.7		
ESTAT:LFST_R_LFSD2POP(1.0)	17/04/26 11:00:00	A	ED3_4	F	Y15-64	THS_PER	FRF3	2015	325.3		
ESTAT:LFST_R_LFSD2POP(1.0)	17/04/26 11:00:00	A	ED3_4	F	Y15-64	THS_PER	FRG0	2015	513.1		
ESTAT:LFST_R_LFSD2POP(1.0)	17/04/26 11:00:00	A	ED3_4	F	Y15-64	THS_PER	FRH0	2015	462.4		
ESTAT:LFST_R_LFSD2POP(1.0)	17/04/26 11:00:00	A	ED3_4	F	Y15-64	THS_PER	FRI1	2015	471.9		
ESTAT:LFST_R_LFSD2POP(1.0)	17/04/26 11:00:00	A	ED3_4	F	Y15-64	THS_PER	FRI2	2015	101.3		
ESTAT:LFST_R_LFSD2POP(1.0)	17/04/26 11:00:00	A	ED3_4	F	Y15-64	THS_PER	FRI3	2015	258.9		
ESTAT:LFST_R_LFSD2POP(1.0)	17/04/26 11:00:00	A	ED3_4	F	Y15-64	THS_PER	FRJ1	2015	340.5		
ESTAT:LFST_R_LFSD2POP(1.0)	17/04/26 11:00:00	A	ED3_4	F	Y15-64	THS_PER	FRJ2	2015	369.1		
ESTAT:LFST_R_LFSD2POP(1.0)	17/04/26 11:00:00	A	ED3_4	F	Y15-64	THS_PER	FRK1	2015	180.3		
ESTAT:LFST_R_LFSD2POP(1.0)	17/04/26 11:00:00	A	ED3_4	F	Y15-64	THS_PER	FRK2	2015	852.7		
ESTAT:LFST_R_LFSD2POP(1.0)	17/04/26 11:00:00	A	ED3_4	F	Y15-64	THS_PER	FRL0	2015	620.0		
ESTAT:LFST_R_LFSD2POP(1.0)	17/04/26 11:00:00	A	ED3_4	F	Y15-64	THS_PER	FRM0	2015	46.9	u	
ESTAT:LFST_R_LFSD2POP(1.0)	17/04/26 11:00:00	A	ED3_4	F	Y15-74	THS_PER	FR10	2015	1520.7		
ESTAT:LFST_R_LFSD2POP(1.0)	17/04/26 11:00:00	A	ED3_4	F	Y15-74	THS_PER	FRB0	2015	377.6		
ESTAT:LFST_R_LFSD2POP(1.0)	17/04/26 11:00:00	A	ED3_4	F	Y15-74	THS_PER	FRC1	2015	268.6		
ESTAT:LFST_R_LFSD2POP(1.0)	17/04/26 11:00:00	A	ED3_4	F	Y15-74	THS_PER	FRC2	2015	185.5		
ESTAT:LFST_R_LFSD2POP(1.0)	17/04/26 11:00:00	A	ED3_4	F	Y15-74	THS_PER	FRD1	2015	203.4		
ESTAT:LFST_R_LFSD2POP(1.0)	17/04/26 11:00:00	A	ED3_4	F	Y15-74	THS_PER	FRD2	2015	268.3		
ESTAT:LFST_R_LFSD2POP(1.0)	17/04/26 11:00:00	A	ED3_4	F	Y15-74	THS_PER	FRE1	2015	593.3		
ESTAT:LFST_R_LFSD2POP(1.0)	17/04/26 11:00:00	A	ED3_4	F	Y15-74	THS_PER	FRE2	2015	275.0		
ESTAT:LFST_R_LFSD2POP(1.0)	17/04/26 11:00:00	A	ED3_4	F	Y15-74	THS_PER	FRF1	2015	305.5		
ESTAT:LFST_R_LFSD2POP(1.0)	17/04/26 11:00:00	A	ED3_4	F	Y15-74	THS_PER	FRF2	2015	202.3		
ESTAT:LFST_R_LFSD2POP(1.0)	17/04/26 11:00:00	A	ED3_4	F	Y15-74	THS_PER	FRF3	2015	360.1		
ESTAT:LFST_R_LFSD2POP(1.0)	17/04/26 11:00:00	A	ED3_4	F	Y15-74	THS_PER	FRG0	2015	571.8		
ESTAT:LFST_R_LFSD2POP(1.0)	17/04/26 11:00:00	A	ED3_4	F	Y15-74	THS_PER	FRH0	2015	521.8		
ESTAT:LFST_R_LFSD2POP(1.0)	17/04/26 11:00:00	A	ED3_4	F	Y15-74	THS_PER	FRI1	2015	545.1		
ESTAT:LFST_R_LFSD2POP(1.0)	17/04/26 11:00:00	A	ED3_4	F	Y15-74	THS_PER	FRI2	2015	116.7		
ESTAT:LFST_R_LFSD2POP(1.0)	17/04/26 11:00:00	A	ED3_4	F	Y15-74	THS_PER	FRI3	2015	289.9		
ESTAT:LFST_R_LFSD2POP(1.0)	17/04/26 11:00:00	A	ED3_4	F	Y15-74	THS_PER	FRJ1	2015	395.6		
ESTAT:LFST_R_LFSD2POP(1.0)	17/04/26 11:00:00	A	ED3_4	F	Y15-74	THS_PER	FRJ2	2015	419.0		
ESTAT:LFST_R_LFSD2POP(1.0)	17/04/26 11:00:00	A	ED3_4	F	Y15-74	THS_PER	FRK1	2015	202.4		
ESTAT:LFST_R_LFSD2POP(1.0)	17/04/26 11:00:00	A	ED3_4	F	Y15-74	THS_PER	FRK2	2015	966.6		
ESTAT:LFST_R_LFSD2POP(1.0)	17/04/26 11:00:00	A	ED3_4	F	Y15-74	THS_PER	FRL0	2015	723.5		
ESTAT:LFST_R_LFSD2POP(1.0)	17/04/26 11:00:00	A	ED3_4	F	Y15-74	THS_PER	FRM0	2015	55.2	u	
ESTAT:LFST_R_LFSD2POP(1.0)	17/04/26 11:00:00	A	ED3_4	F	Y20-64	THS_PER	FR10	2015	1261.4		
ESTAT:LFST_R_LFSD2POP(1.0)	17/04/26 11:00:00	A	ED3_4	F	Y20-64	THS_PER	FRB0	2015	312.0		
ESTAT:LFST_R_LFSD2POP(1.0)	17/04/26 11:00:00	A	ED3_4	F	Y20-64	THS_PER	FRC1	2015	207.2		
ESTAT:LFST_R_LFSD2POP(1.0)	17/04/26 11:00:00	A	ED3_4	F	Y20-64	THS_PER	FRC2	2015	157.5		
ESTAT:LFST_R_LFSD2POP(1.0)	17/04/26 11:00:00	A	ED3_4	F	Y20-64	THS_PER	FRD1	2015	170.2		
ESTAT:LFST_R_LFSD2POP(1.0)	17/04/26 11:00:00	A	ED3_4	F	Y20-64	THS_PER	FRD2	2015	221.2		
ESTAT:LFST_R_LFSD2POP(1.0)	17/04/26 11:00:00	A	ED3_4	F	Y20-64	THS_PER	FRE1	2015	506.1		
ESTAT:LFST_R_LFSD2POP(1.0)	17/04/26 11:00:00	A	ED3_4	F	Y20-64	THS_PER	FRE2	2015	242.1		
ESTAT:LFST_R_LFSD2POP(1.0)	17/04/26 11:00:00	A	ED3_4	F	Y20-64	THS_PER	FRF1	2015	249.3		
ESTAT:LFST_R_LFSD2POP(1.0)	17/04/26 11:00:00	A	ED3_4	F	Y20-64	THS_PER	FRF2	2015	173.6		
ESTAT:LFST_R_LFSD2POP(1.0)	17/04/26 11:00:00	A	ED3_4	F	Y20-64	THS_PER	FRF3	2015	300.2		
ESTAT:LFST_R_LFSD2POP(1.0)	17/04/26 11:00:00	A	ED3_4	F	Y20-64	THS_PER	FRG0	2015	477.6		
ESTAT:LFST_R_LFSD2POP(1.0)	17/04/26 11:00:00	A	ED3_4	F	Y20-64	THS_PER	FRH0	2015	429.4		
ESTAT:LFST_R_LFSD2POP(1.0)	17/04/26 11:00:00	A	ED3_4	F	Y20-64	THS_PER	FRI1	2015	441.9		
ESTAT:LFST_R_LFSD2POP(1.0)	17/04/26 11:00:00	A	ED3_4	F	Y20-64	THS_PER	FRI2	2015	96.0		
ESTAT:LFST_R_LFSD2POP(1.0)	17/04/26 11:00:00	A	ED3_4	F	Y20-64	THS_PER	FRI3	2015	247.9		
ESTAT:LFST_R_LFSD2POP(1.0)	17/04/26 11:00:00	A	ED3_4	F	Y20-64	THS_PER	FRJ1	2015	319.1		
ESTAT:LFST_R_LFSD2POP(1.0)	17/04/26 11:00:00	A	ED3_4	F	Y20-64	THS_PER	FRJ2	2015	341.7		
ESTAT:LFST_R_LFSD2POP(1.0)	17/04/26 11:00:00	A	ED3_4	F	Y20-64	THS_PER	FRK1	2015	168.1		
ESTAT:LFST_R_LFSD2POP(1.0)	17/04/26 11:00:00	A	ED3_4	F	Y20-64	THS_PER	FRK2	2015	793.1		
ESTAT:LFST_R_LFSD2POP(1.0)	17/04/26 11:00:00	A	ED3_4	F	Y20-64	THS_PER	FRL0	2015	574.9		
ESTAT:LFST_R_LFSD2POP(1.0)	17/04/26 11:00:00	A	ED3_4	F	Y20-64	THS_PER	FRM0	2015	40.9	u	
ESTAT:LFST_R_LFSD2POP(1.0)	17/04/26 11:00:00	A	ED3_4	F	Y25-34	THS_PER	FR10	2015	262.6		
ESTAT:LFST_R_LFSD2POP(1.0)	17/04/26 11:00:00	A	ED3_4	F	Y25-34	THS_PER	FRB0	2015	58.9		
ESTAT:LFST_R_LFSD2POP(1.0)	17/04/26 11:00:00	A	ED3_4	F	Y25-34	THS_PER	FRC1	2015	45.1		
ESTAT:LFST_R_LFSD2POP(1.0)	17/04/26 11:00:00	A	ED3_4	F	Y25-34	THS_PER	FRC2	2015	31.3		
ESTAT:LFST_R_LFSD2POP(1.0)	17/04/26 11:00:00	A	ED3_4	F	Y25-34	THS_PER	FRD1	2015	35.7		
ESTAT:LFST_R_LFSD2POP(1.0)	17/04/26 11:00:00	A	ED3_4	F	Y25-34	THS_PER	FRD2	2015	47.1		
ESTAT:LFST_R_LFSD2POP(1.0)	17/04/26 11:00:00	A	ED3_4	F	Y25-34	THS_PER	FRE1	2015	126.9		
ESTAT:LFST_R_LFSD2POP(1.0)	17/04/26 11:00:00	A	ED3_4	F	Y25-34	THS_PER	FRE2	2015	53.0		
ESTAT:LFST_R_LFSD2POP(1.0)	17/04/26 11:00:00	A	ED3_4	F	Y25-34	THS_PER	FRF1	2015	48.8		
ESTAT:LFST_R_LFSD2POP(1.0)	17/04/26 11:00:00	A	ED3_4	F	Y25-34	THS_PER	FRF2	2015	46.0		
ESTAT:LFST_R_LFSD2POP(1.0)	17/04/26 11:00:00	A	ED3_4	F	Y25-34	THS_PER	FRF3	2015	53.4		
ESTAT:LFST_R_LFSD2POP(1.0)	17/04/26 11:00:00	A	ED3_4	F	Y25-34	THS_PER	FRG0	2015	101.3		
ESTAT:LFST_R_LFSD2POP(1.0)	17/04/26 11:00:00	A	ED3_4	F	Y25-34	THS_PER	FRH0	2015	85.3		
ESTAT:LFST_R_LFSD2POP(1.0)	17/04/26 11:00:00	A	ED3_4	F	Y25-34	THS_PER	FRI1	2015	76.4		
ESTAT:LFST_R_LFSD2POP(1.0)	17/04/26 11:00:00	A	ED3_4	F	Y25-34	THS_PER	FRI2	2015	15.6		
ESTAT:LFST_R_LFSD2POP(1.0)	17/04/26 11:00:00	A	ED3_4	F	Y25-34	THS_PER	FRI3	2015	47.8		
ESTAT:LFST_R_LFSD2POP(1.0)	17/04/26 11:00:00	A	ED3_4	F	Y25-34	THS_PER	FRJ1	2015	54.2		
ESTAT:LFST_R_LFSD2POP(1.0)	17/04/26 11:00:00	A	ED3_4	F	Y25-34	THS_PER	FRJ2	2015	59.7		
ESTAT:LFST_R_LFSD2POP(1.0)	17/04/26 11:00:00	A	ED3_4	F	Y25-34	THS_PER	FRK1	2015	23.2		
ESTAT:LFST_R_LFSD2POP(1.0)	17/04/26 11:00:00	A	ED3_4	F	Y25-34	THS_PER	FRK2	2015	150.6		
ESTAT:LFST_R_LFSD2POP(1.0)	17/04/26 11:00:00	A	ED3_4	F	Y25-34	THS_PER	FRL0	2015	108.5		
ESTAT:LFST_R_LFSD2POP(1.0)	17/04/26 11:00:00	A	ED3_4	F	Y25-34	THS_PER	FRM0	2015	3.0	u	
ESTAT:LFST_R_LFSD2POP(1.0)	17/04/26 11:00:00	A	ED3_4	F	Y25-64	THS_PER	FR10	2015	1046.8		
ESTAT:LFST_R_LFSD2POP(1.0)	17/04/26 11:00:00	A	ED3_4	F	Y25-64	THS_PER	FRB0	2015	271.5		
ESTAT:LFST_R_LFSD2POP(1.0)	17/04/26 11:00:00	A	ED3_4	F	Y25-64	THS_PER	FRC1	2015	185.9		
ESTAT:LFST_R_LFSD2POP(1.0)	17/04/26 11:00:00	A	ED3_4	F	Y25-64	THS_PER	FRC2	2015	138.9		
ESTAT:LFST_R_LFSD2POP(1.0)	17/04/26 11:00:00	A	ED3_4	F	Y25-64	THS_PER	FRD1	2015	151.0		
ESTAT:LFST_R_LFSD2POP(1.0)	17/04/26 11:00:00	A	ED3_4	F	Y25-64	THS_PER	FRD2	2015	191.3		
ESTAT:LFST_R_LFSD2POP(1.0)	17/04/26 11:00:00	A	ED3_4	F	Y25-64	THS_PER	FRE1	2015	438.4		
ESTAT:LFST_R_LFSD2POP(1.0)	17/04/26 11:00:00	A	ED3_4	F	Y25-64	THS_PER	FRE2	2015	205.1		
ESTAT:LFST_R_LFSD2POP(1.0)	17/04/26 11:00:00	A	ED3_4	F	Y25-64	THS_PER	FRF1	2015	221.8		
ESTAT:LFST_R_LFSD2POP(1.0)	17/04/26 11:00:00	A	ED3_4	F	Y25-64	THS_PER	FRF2	2015	149.2		
ESTAT:LFST_R_LFSD2POP(1.0)	17/04/26 11:00:00	A	ED3_4	F	Y25-64	THS_PER	FRF3	2015	263.8		
ESTAT:LFST_R_LFSD2POP(1.0)	17/04/26 11:00:00	A	ED3_4	F	Y25-64	THS_PER	FRG0	2015	428.7		
ESTAT:LFST_R_LFSD2POP(1.0)	17/04/26 11:00:00	A	ED3_4	F	Y25-64	THS_PER	FRH0	2015	386.6		
ESTAT:LFST_R_LFSD2POP(1.0)	17/04/26 11:00:00	A	ED3_4	F	Y25-64	THS_PER	FRI1	2015	392.5		
ESTAT:LFST_R_LFSD2POP(1.0)	17/04/26 11:00:00	A	ED3_4	F	Y25-64	THS_PER	FRI2	2015	85.7		
ESTAT:LFST_R_LFSD2POP(1.0)	17/04/26 11:00:00	A	ED3_4	F	Y25-64	THS_PER	FRI3	2015	208.8		
ESTAT:LFST_R_LFSD2POP(1.0)	17/04/26 11:00:00	A	ED3_4	F	Y25-64	THS_PER	FRJ1	2015	279.6		
ESTAT:LFST_R_LFSD2POP(1.0)	17/04/26 11:00:00	A	ED3_4	F	Y25-64	THS_PER	FRJ2	2015	300.7		
ESTAT:LFST_R_LFSD2POP(1.0)	17/04/26 11:00:00	A	ED3_4	F	Y25-64	THS_PER	FRK1	2015	154.1		
ESTAT:LFST_R_LFSD2POP(1.0)	17/04/26 11:00:00	A	ED3_4	F	Y25-64	THS_PER	FRK2	2015	688.2		
ESTAT:LFST_R_LFSD2POP(1.0)	17/04/26 11:00:00	A	ED3_4	F	Y25-64	THS_PER	FRL0	2015	503.7		
ESTAT:LFST_R_LFSD2POP(1.0)	17/04/26 11:00:00	A	ED3_4	F	Y25-64	THS_PER	FRM0	2015	39.7	u	
ESTAT:LFST_R_LFSD2POP(1.0)	17/04/26 11:00:00	A	ED3_4	F	Y35-44	THS_PER	FR10	2015	266.5		
ESTAT:LFST_R_LFSD2POP(1.0)	17/04/26 11:00:00	A	ED3_4	F	Y35-44	THS_PER	FRB0	2015	58.3		
ESTAT:LFST_R_LFSD2POP(1.0)	17/04/26 11:00:00	A	ED3_4	F	Y35-44	THS_PER	FRC1	2015	40.4		
ESTAT:LFST_R_LFSD2POP(1.0)	17/04/26 11:00:00	A	ED3_4	F	Y35-44	THS_PER	FRC2	2015	28.6		
ESTAT:LFST_R_LFSD2POP(1.0)	17/04/26 11:00:00	A	ED3_4	F	Y35-44	THS_PER	FRD1	2015	36.7		
ESTAT:LFST_R_LFSD2POP(1.0)	17/04/26 11:00:00	A	ED3_4	F	Y35-44	THS_PER	FRD2	2015	44.7		
ESTAT:LFST_R_LFSD2POP(1.0)	17/04/26 11:00:00	A	ED3_4	F	Y35-44	THS_PER	FRE1	2015	104.6		
ESTAT:LFST_R_LFSD2POP(1.0)	17/04/26 11:00:00	A	ED3_4	F	Y35-44	THS_PER	FRE2	2015	45.4		
ESTAT:LFST_R_LFSD2POP(1.0)	17/04/26 11:00:00	A	ED3_4	F	Y35-44	THS_PER	FRF1	2015	49.5		
ESTAT:LFST_R_LFSD2POP(1.0)	17/04/26 11:00:00	A	ED3_4	F	Y35-44	THS_PER	FRF2	2015	29.8		
ESTAT:LFST_R_LFSD2POP(1.0)	17/04/26 11:00:00	A	ED3_4	F	Y35-44	THS_PER	FRF3	2015	67.2		
ESTAT:LFST_R_LFSD2POP(1.0)	17/04/26 11:00:00	A	ED3_4	F	Y35-44	THS_PER	FRG0	2015	94.0		
ESTAT:LFST_R_LFSD2POP(1.0)	17/04/26 11:00:00	A	ED3_4	F	Y35-44	THS_PER	FRH0	2015	93.8		
ESTAT:LFST_R_LFSD2POP(1.0)	17/04/26 11:00:00	A	ED3_4	F	Y35-44	THS_PER	FRI1	2015	93.3		
ESTAT:LFST_R_LFSD2POP(1.0)	17/04/26 11:00:00	A	ED3_4	F	Y35-44	THS_PER	FRI2	2015	19.8		
ESTAT:LFST_R_LFSD2POP(1.0)	17/04/26 11:00:00	A	ED3_4	F	Y35-44	THS_PER	FRI3	2015	53.6		
ESTAT:LFST_R_LFSD2POP(1.0)	17/04/26 11:00:00	A	ED3_4	F	Y35-44	THS_PER	FRJ1	2015	64.6		
ESTAT:LFST_R_LFSD2POP(1.0)	17/04/26 11:00:00	A	ED3_4	F	Y35-44	THS_PER	FRJ2	2015	66.1		
ESTAT:LFST_R_LFSD2POP(1.0)	17/04/26 11:00:00	A	ED3_4	F	Y35-44	THS_PER	FRK1	2015	44.6		
ESTAT:LFST_R_LFSD2POP(1.0)	17/04/26 11:00:00	A	ED3_4	F	Y35-44	THS_PER	FRK2	2015	167.5		
ESTAT:LFST_R_LFSD2POP(1.0)	17/04/26 11:00:00	A	ED3_4	F	Y35-44	THS_PER	FRL0	2015	103.7		
ESTAT:LFST_R_LFSD2POP(1.0)	17/04/26 11:00:00	A	ED3_4	F	Y35-44	THS_PER	FRM0	2015	6.0	u	
ESTAT:LFST_R_LFSD2POP(1.0)	17/04/26 11:00:00	A	ED3_4	F	Y45-54	THS_PER	FR10	2015	295.4		
ESTAT:LFST_R_LFSD2POP(1.0)	17/04/26 11:00:00	A	ED3_4	F	Y45-54	THS_PER	FRB0	2015	78.7		
ESTAT:LFST_R_LFSD2POP(1.0)	17/04/26 11:00:00	A	ED3_4	F	Y45-54	THS_PER	FRC1	2015	54.4		
ESTAT:LFST_R_LFSD2POP(1.0)	17/04/26 11:00:00	A	ED3_4	F	Y45-54	THS_PER	FRC2	2015	42.5		
ESTAT:LFST_R_LFSD2POP(1.0)	17/04/26 11:00:00	A	ED3_4	F	Y45-54	THS_PER	FRD1	2015	43.1		
ESTAT:LFST_R_LFSD2POP(1.0)	17/04/26 11:00:00	A	ED3_4	F	Y45-54	THS_PER	FRD2	2015	53.9		
ESTAT:LFST_R_LFSD2POP(1.0)	17/04/26 11:00:00	A	ED3_4	F	Y45-54	THS_PER	FRE1	2015	114.1		
ESTAT:LFST_R_LFSD2POP(1.0)	17/04/26 11:00:00	A	ED3_4	F	Y45-54	THS_PER	FRE2	2015	64.8		
ESTAT:LFST_R_LFSD2POP(1.0)	17/04/26 11:00:00	A	ED3_4	F	Y45-54	THS_PER	FRF1	2015	63.7		
ESTAT:LFST_R_LFSD2POP(1.0)	17/04/26 11:00:00	A	ED3_4	F	Y45-54	THS_PER	FRF2	2015	43.5		
ESTAT:LFST_R_LFSD2POP(1.0)	17/04/26 11:00:00	A	ED3_4	F	Y45-54	THS_PER	FRF3	2015	72.9		
ESTAT:LFST_R_LFSD2POP(1.0)	17/04/26 11:00:00	A	ED3_4	F	Y45-54	THS_PER	FRG0	2015	125.2		
ESTAT:LFST_R_LFSD2POP(1.0)	17/04/26 11:00:00	A	ED3_4	F	Y45-54	THS_PER	FRH0	2015	113.8		
ESTAT:LFST_R_LFSD2POP(1.0)	17/04/26 11:00:00	A	ED3_4	F	Y45-54	THS_PER	FRI1	2015	128.5		
ESTAT:LFST_R_LFSD2POP(1.0)	17/04/26 11:00:00	A	ED3_4	F	Y45-54	THS_PER	FRI2	2015	25.5		
ESTAT:LFST_R_LFSD2POP(1.0)	17/04/26 11:00:00	A	ED3_4	F	Y45-54	THS_PER	FRI3	2015	58.7		
ESTAT:LFST_R_LFSD2POP(1.0)	17/04/26 11:00:00	A	ED3_4	F	Y45-54	THS_PER	FRJ1	2015	84.5		
ESTAT:LFST_R_LFSD2POP(1.0)	17/04/26 11:00:00	A	ED3_4	F	Y45-54	THS_PER	FRJ2	2015	94.8		
ESTAT:LFST_R_LFSD2POP(1.0)	17/04/26 11:00:00	A	ED3_4	F	Y45-54	THS_PER	FRK1	2015	46.2		
ESTAT:LFST_R_LFSD2POP(1.0)	17/04/26 11:00:00	A	ED3_4	F	Y45-54	THS_PER	FRK2	2015	200.1		
ESTAT:LFST_R_LFSD2POP(1.0)	17/04/26 11:00:00	A	ED3_4	F	Y45-54	THS_PER	FRL0	2015	166.3		
ESTAT:LFST_R_LFSD2POP(1.0)	17/04/26 11:00:00	A	ED3_4	F	Y45-54	THS_PER	FRM0	2015	15.4	u	
ESTAT:LFST_R_LFSD2POP(1.0)	17/04/26 11:00:00	A	ED3_4	F	Y55-64	THS_PER	FR10	2015	222.3		
ESTAT:LFST_R_LFSD2POP(1.0)	17/04/26 11:00:00	A	ED3_4	F	Y55-64	THS_PER	FRB0	2015	75.6		
ESTAT:LFST_R_LFSD2POP(1.0)	17/04/26 11:00:00	A	ED3_4	F	Y55-64	THS_PER	FRC1	2015	45.9		
ESTAT:LFST_R_LFSD2POP(1.0)	17/04/26 11:00:00	A	ED3_4	F	Y55-64	THS_PER	FRC2	2015	36.5		
ESTAT:LFST_R_LFSD2POP(1.0)	17/04/26 11:00:00	A	ED3_4	F	Y55-64	THS_PER	FRD1	2015	35.5		
ESTAT:LFST_R_LFSD2POP(1.0)	17/04/26 11:00:00	A	ED3_4	F	Y55-64	THS_PER	FRD2	2015	45.6		
ESTAT:LFST_R_LFSD2POP(1.0)	17/04/26 11:00:00	A	ED3_4	F	Y55-64	THS_PER	FRE1	2015	92.8		
ESTAT:LFST_R_LFSD2POP(1.0)	17/04/26 11:00:00	A	ED3_4	F	Y55-64	THS_PER	FRE2	2015	41.9		
ESTAT:LFST_R_LFSD2POP(1.0)	17/04/26 11:00:00	A	ED3_4	F	Y55-64	THS_PER	FRF1	2015	59.7		
ESTAT:LFST_R_LFSD2POP(1.0)	17/04/26 11:00:00	A	ED3_4	F	Y55-64	THS_PER	FRF2	2015	30.0		
ESTAT:LFST_R_LFSD2POP(1.0)	17/04/26 11:00:00	A	ED3_4	F	Y55-64	THS_PER	FRF3	2015	70.3		
ESTAT:LFST_R_LFSD2POP(1.0)	17/04/26 11:00:00	A	ED3_4	F	Y55-64	THS_PER	FRG0	2015	108.2		
ESTAT:LFST_R_LFSD2POP(1.0)	17/04/26 11:00:00	A	ED3_4	F	Y55-64	THS_PER	FRH0	2015	93.6		
ESTAT:LFST_R_LFSD2POP(1.0)	17/04/26 11:00:00	A	ED3_4	F	Y55-64	THS_PER	FRI1	2015	94.4		
ESTAT:LFST_R_LFSD2POP(1.0)	17/04/26 11:00:00	A	ED3_4	F	Y55-64	THS_PER	FRI2	2015	24.8		
ESTAT:LFST_R_LFSD2POP(1.0)	17/04/26 11:00:00	A	ED3_4	F	Y55-64	THS_PER	FRI3	2015	48.7		
ESTAT:LFST_R_LFSD2POP(1.0)	17/04/26 11:00:00	A	ED3_4	F	Y55-64	THS_PER	FRJ1	2015	76.3		
ESTAT:LFST_R_LFSD2POP(1.0)	17/04/26 11:00:00	A	ED3_4	F	Y55-64	THS_PER	FRJ2	2015	80.1		
ESTAT:LFST_R_LFSD2POP(1.0)	17/04/26 11:00:00	A	ED3_4	F	Y55-64	THS_PER	FRK1	2015	40.1		
ESTAT:LFST_R_LFSD2POP(1.0)	17/04/26 11:00:00	A	ED3_4	F	Y55-64	THS_PER	FRK2	2015	170.0		
ESTAT:LFST_R_LFSD2POP(1.0)	17/04/26 11:00:00	A	ED3_4	F	Y55-64	THS_PER	FRL0	2015	125.3		
ESTAT:LFST_R_LFSD2POP(1.0)	17/04/26 11:00:00	A	ED3_4	F	Y55-64	THS_PER	FRM0	2015	15.2	u	
ESTAT:LFST_R_LFSD2POP(1.0)	17/04/26 11:00:00	A	ED3_4	F	Y_GE15	THS_PER	FR10	2015	1624.0		
ESTAT:LFST_R_LFSD2POP(1.0)	17/04/26 11:00:00	A	ED3_4	F	Y_GE15	THS_PER	FRB0	2015	399.1		
ESTAT:LFST_R_LFSD2POP(1.0)	17/04/26 11:00:00	A	ED3_4	F	Y_GE15	THS_PER	FRC1	2015	287.8		
ESTAT:LFST_R_LFSD2POP(1.0)	17/04/26 11:00:00	A	ED3_4	F	Y_GE15	THS_PER	FRC2	2015	195.0		
ESTAT:LFST_R_LFSD2POP(1.0)	17/04/26 11:00:00	A	ED3_4	F	Y_GE15	THS_PER	FRD1	2015	216.5		
ESTAT:LFST_R_LFSD2POP(1.0)	17/04/26 11:00:00	A	ED3_4	F	Y_GE15	THS_PER	FRD2	2015	285.1		
ESTAT:LFST_R_LFSD2POP(1.0)	17/04/26 11:00:00	A	ED3_4	F	Y_GE15	THS_PER	FRE1	2015	618.7		
ESTAT:LFST_R_LFSD2POP(1.0)	17/04/26 11:00:00	A	ED3_4	F	Y_GE15	THS_PER	FRE2	2015	283.8		
ESTAT:LFST_R_LFSD2POP(1.0)	17/04/26 11:00:00	A	ED3_4	F	Y_GE15	THS_PER	FRF1	2015	330.3		
ESTAT:LFST_R_LFSD2POP(1.0)	17/04/26 11:00:00	A	ED3_4	F	Y_GE15	THS_PER	FRF2	2015	211.4		
ESTAT:LFST_R_LFSD2POP(1.0)	17/04/26 11:00:00	A	ED3_4	F	Y_GE15	THS_PER	FRF3	2015	382.3		
ESTAT:LFST_R_LFSD2POP(1.0)	17/04/26 11:00:00	A	ED3_4	F	Y_GE15	THS_PER	FRG0	2015	605.2		
ESTAT:LFST_R_LFSD2POP(1.0)	17/04/26 11:00:00	A	ED3_4	F	Y_GE15	THS_PER	FRH0	2015	565.5		
ESTAT:LFST_R_LFSD2POP(1.0)	17/04/26 11:00:00	A	ED3_4	F	Y_GE15	THS_PER	FRI1	2015	589.0		
ESTAT:LFST_R_LFSD2POP(1.0)	17/04/26 11:00:00	A	ED3_4	F	Y_GE15	THS_PER	FRI2	2015	124.4		
ESTAT:LFST_R_LFSD2POP(1.0)	17/04/26 11:00:00	A	ED3_4	F	Y_GE15	THS_PER	FRI3	2015	304.4		
ESTAT:LFST_R_LFSD2POP(1.0)	17/04/26 11:00:00	A	ED3_4	F	Y_GE15	THS_PER	FRJ1	2015	419.0		
ESTAT:LFST_R_LFSD2POP(1.0)	17/04/26 11:00:00	A	ED3_4	F	Y_GE15	THS_PER	FRJ2	2015	445.0		
ESTAT:LFST_R_LFSD2POP(1.0)	17/04/26 11:00:00	A	ED3_4	F	Y_GE15	THS_PER	FRK1	2015	215.7		
ESTAT:LFST_R_LFSD2POP(1.0)	17/04/26 11:00:00	A	ED3_4	F	Y_GE15	THS_PER	FRK2	2015	1032.6		
ESTAT:LFST_R_LFSD2POP(1.0)	17/04/26 11:00:00	A	ED3_4	F	Y_GE15	THS_PER	FRL0	2015	784.2		
ESTAT:LFST_R_LFSD2POP(1.0)	17/04/26 11:00:00	A	ED3_4	F	Y_GE15	THS_PER	FRM0	2015	57.1	u	
ESTAT:LFST_R_LFSD2POP(1.0)	17/04/26 11:00:00	A	ED3_4	F	Y_GE25	THS_PER	FR10	2015	1296.9		
ESTAT:LFST_R_LFSD2POP(1.0)	17/04/26 11:00:00	A	ED3_4	F	Y_GE25	THS_PER	FRB0	2015	338.7		
ESTAT:LFST_R_LFSD2POP(1.0)	17/04/26 11:00:00	A	ED3_4	F	Y_GE25	THS_PER	FRC1	2015	246.1		
ESTAT:LFST_R_LFSD2POP(1.0)	17/04/26 11:00:00	A	ED3_4	F	Y_GE25	THS_PER	FRC2	2015	168.2		
ESTAT:LFST_R_LFSD2POP(1.0)	17/04/26 11:00:00	A	ED3_4	F	Y_GE25	THS_PER	FRD1	2015	184.0		
ESTAT:LFST_R_LFSD2POP(1.0)	17/04/26 11:00:00	A	ED3_4	F	Y_GE25	THS_PER	FRD2	2015	235.5		
ESTAT:LFST_R_LFSD2POP(1.0)	17/04/26 11:00:00	A	ED3_4	F	Y_GE25	THS_PER	FRE1	2015	513.7		
ESTAT:LFST_R_LFSD2POP(1.0)	17/04/26 11:00:00	A	ED3_4	F	Y_GE25	THS_PER	FRE2	2015	232.2		
ESTAT:LFST_R_LFSD2POP(1.0)	17/04/26 11:00:00	A	ED3_4	F	Y_GE25	THS_PER	FRF1	2015	279.3		
ESTAT:LFST_R_LFSD2POP(1.0)	17/04/26 11:00:00	A	ED3_4	F	Y_GE25	THS_PER	FRF2	2015	176.9		
ESTAT:LFST_R_LFSD2POP(1.0)	17/04/26 11:00:00	A	ED3_4	F	Y_GE25	THS_PER	FRF3	2015	320.7		
ESTAT:LFST_R_LFSD2POP(1.0)	17/04/26 11:00:00	A	ED3_4	F	Y_GE25	THS_PER	FRG0	2015	520.8		
ESTAT:LFST_R_LFSD2POP(1.0)	17/04/26 11:00:00	A	ED3_4	F	Y_GE25	THS_PER	FRH0	2015	489.7		
ESTAT:LFST_R_LFSD2POP(1.0)	17/04/26 11:00:00	A	ED3_4	F	Y_GE25	THS_PER	FRI1	2015	509.7		
ESTAT:LFST_R_LFSD2POP(1.0)	17/04/26 11:00:00	A	ED3_4	F	Y_GE25	THS_PER	FRI2	2015	108.8		
ESTAT:LFST_R_LFSD2POP(1.0)	17/04/26 11:00:00	A	ED3_4	F	Y_GE25	THS_PER	FRI3	2015	254.3		
ESTAT:LFST_R_LFSD2POP(1.0)	17/04/26 11:00:00	A	ED3_4	F	Y_GE25	THS_PER	FRJ1	2015	358.1		
ESTAT:LFST_R_LFSD2POP(1.0)	17/04/26 11:00:00	A	ED3_4	F	Y_GE25	THS_PER	FRJ2	2015	376.7		
ESTAT:LFST_R_LFSD2POP(1.0)	17/04/26 11:00:00	A	ED3_4	F	Y_GE25	THS_PER	FRK1	2015	189.4		
ESTAT:LFST_R_LFSD2POP(1.0)	17/04/26 11:00:00	A	ED3_4	F	Y_GE25	THS_PER	FRK2	2015	868.0		
ESTAT:LFST_R_LFSD2POP(1.0)	17/04/26 11:00:00	A	ED3_4	F	Y_GE25	THS_PER	FRL0	2015	667.8		
ESTAT:LFST_R_LFSD2POP(1.0)	17/04/26 11:00:00	A	ED3_4	F	Y_GE25	THS_PER	FRM0	2015	49.9	u	
ESTAT:LFST_R_LFSD2POP(1.0)	17/04/26 11:00:00	A	ED3_4	F	Y_GE65	THS_PER	FR10	2015	250.1		
ESTAT:LFST_R_LFSD2POP(1.0)	17/04/26 11:00:00	A	ED3_4	F	Y_GE65	THS_PER	FRB0	2015	67.2		
ESTAT:LFST_R_LFSD2POP(1.0)	17/04/26 11:00:00	A	ED3_4	F	Y_GE65	THS_PER	FRC1	2015	60.2		
ESTAT:LFST_R_LFSD2POP(1.0)	17/04/26 11:00:00	A	ED3_4	F	Y_GE65	THS_PER	FRC2	2015	29.3		
ESTAT:LFST_R_LFSD2POP(1.0)	17/04/26 11:00:00	A	ED3_4	F	Y_GE65	THS_PER	FRD1	2015	33.0		
ESTAT:LFST_R_LFSD2POP(1.0)	17/04/26 11:00:00	A	ED3_4	F	Y_GE65	THS_PER	FRD2	2015	44.2		
ESTAT:LFST_R_LFSD2POP(1.0)	17/04/26 11:00:00	A	ED3_4	F	Y_GE65	THS_PER	FRE1	2015	75.3		
ESTAT:LFST_R_LFSD2POP(1.0)	17/04/26 11:00:00	A	ED3_4	F	Y_GE65	THS_PER	FRE2	2015	27.1		
ESTAT:LFST_R_LFSD2POP(1.0)	17/04/26 11:00:00	A	ED3_4	F	Y_GE65	THS_PER	FRF1	2015	57.6		
ESTAT:LFST_R_LFSD2POP(1.0)	17/04/26 11:00:00	A	ED3_4	F	Y_GE65	THS_PER	FRF2	2015	27.7		
ESTAT:LFST_R_LFSD2POP(1.0)	17/04/26 11:00:00	A	ED3_4	F	Y_GE65	THS_PER	FRF3	2015	56.9		
ESTAT:LFST_R_LFSD2POP(1.0)	17/04/26 11:00:00	A	ED3_4	F	Y_GE65	THS_PER	FRG0	2015	92.1		
ESTAT:LFST_R_LFSD2POP(1.0)	17/04/26 11:00:00	A	ED3_4	F	Y_GE65	THS_PER	FRH0	2015	103.1		
ESTAT:LFST_R_LFSD2POP(1.0)	17/04/26 11:00:00	A	ED3_4	F	Y_GE65	THS_PER	FRI1	2015	117.2		
ESTAT:LFST_R_LFSD2POP(1.0)	17/04/26 11:00:00	A	ED3_4	F	Y_GE65	THS_PER	FRI2	2015	23.1		
ESTAT:LFST_R_LFSD2POP(1.0)	17/04/26 11:00:00	A	ED3_4	F	Y_GE65	THS_PER	FRI3	2015	45.5		
ESTAT:LFST_R_LFSD2POP(1.0)	17/04/26 11:00:00	A	ED3_4	F	Y_GE65	THS_PER	FRJ1	2015	78.5		
ESTAT:LFST_R_LFSD2POP(1.0)	17/04/26 11:00:00	A	ED3_4	F	Y_GE65	THS_PER	FRJ2	2015	76.0		
ESTAT:LFST_R_LFSD2POP(1.0)	17/04/26 11:00:00	A	ED3_4	F	Y_GE65	THS_PER	FRK1	2015	35.4		
ESTAT:LFST_R_LFSD2POP(1.0)	17/04/26 11:00:00	A	ED3_4	F	Y_GE65	THS_PER	FRK2	2015	179.9		
ESTAT:LFST_R_LFSD2POP(1.0)	17/04/26 11:00:00	A	ED3_4	F	Y_GE65	THS_PER	FRL0	2015	164.2		
ESTAT:LFST_R_LFSD2POP(1.0)	17/04/26 11:00:00	A	ED3_4	F	Y_GE65	THS_PER	FRM0	2015	10.2	u	
ESTAT:LFST_R_LFSD2POP(1.0)	17/04/26 11:00:00	A	ED3_4	M	Y15-24	THS_PER	FR10	2015	303.6		
ESTAT:LFST_R_LFSD2POP(1.0)	17/04/26 11:00:00	A	ED3_4	M	Y15-24	THS_PER	FRB0	2015	69.6		
ESTAT:LFST_R_LFSD2POP(1.0)	17/04/26 11:00:00	A	ED3_4	M	Y15-24	THS_PER	FRC1	2015	50.1		
ESTAT:LFST_R_LFSD2POP(1.0)	17/04/26 11:00:00	A	ED3_4	M	Y15-24	THS_PER	FRC2	2015	31.5		
ESTAT:LFST_R_LFSD2POP(1.0)	17/04/26 11:00:00	A	ED3_4	M	Y15-24	THS_PER	FRD1	2015	35.9		
ESTAT:LFST_R_LFSD2POP(1.0)	17/04/26 11:00:00	A	ED3_4	M	Y15-24	THS_PER	FRD2	2015	51.5		
ESTAT:LFST_R_LFSD2POP(1.0)	17/04/26 11:00:00	A	ED3_4	M	Y15-24	THS_PER	FRE1	2015	114.2		
ESTAT:LFST_R_LFSD2POP(1.0)	17/04/26 11:00:00	A	ED3_4	M	Y15-24	THS_PER	FRE2	2015	53.6		
ESTAT:LFST_R_LFSD2POP(1.0)	17/04/26 11:00:00	A	ED3_4	M	Y15-24	THS_PER	FRF1	2015	46.3		
ESTAT:LFST_R_LFSD2POP(1.0)	17/04/26 11:00:00	A	ED3_4	M	Y15-24	THS_PER	FRF2	2015	35.2		
ESTAT:LFST_R_LFSD2POP(1.0)	17/04/26 11:00:00	A	ED3_4	M	Y15-24	THS_PER	FRF3	2015	62.2		
ESTAT:LFST_R_LFSD2POP(1.0)	17/04/26 11:00:00	A	ED3_4	M	Y15-24	THS_PER	FRG0	2015	89.7		
ESTAT:LFST_R_LFSD2POP(1.0)	17/04/26 11:00:00	A	ED3_4	M	Y15-24	THS_PER	FRH0	2015	76.6		
ESTAT:LFST_R_LFSD2POP(1.0)	17/04/26 11:00:00	A	ED3_4	M	Y15-24	THS_PER	FRI1	2015	84.5		
ESTAT:LFST_R_LFSD2POP(1.0)	17/04/26 11:00:00	A	ED3_4	M	Y15-24	THS_PER	FRI2	2015	15.9		
ESTAT:LFST_R_LFSD2POP(1.0)	17/04/26 11:00:00	A	ED3_4	M	Y15-24	THS_PER	FRI3	2015	42.9		
ESTAT:LFST_R_LFSD2POP(1.0)	17/04/26 11:00:00	A	ED3_4	M	Y15-24	THS_PER	FRJ1	2015	65.3		
ESTAT:LFST_R_LFSD2POP(1.0)	17/04/26 11:00:00	A	ED3_4	M	Y15-24	THS_PER	FRJ2	2015	75.3		
ESTAT:LFST_R_LFSD2POP(1.0)	17/04/26 11:00:00	A	ED3_4	M	Y15-24	THS_PER	FRK1	2015	31.5		
ESTAT:LFST_R_LFSD2POP(1.0)	17/04/26 11:00:00	A	ED3_4	M	Y15-24	THS_PER	FRK2	2015	167.4		
ESTAT:LFST_R_LFSD2POP(1.0)	17/04/26 11:00:00	A	ED3_4	M	Y15-24	THS_PER	FRL0	2015	113.7		
ESTAT:LFST_R_LFSD2POP(1.0)	17/04/26 11:00:00	A	ED3_4	M	Y15-24	THS_PER	FRM0	2015	5.6	u	
ESTAT:LFST_R_LFSD2POP(1.0)	17/04/26 11:00:00	A	ED3_4	M	Y15-64	THS_PER	FR10	2015	1348.7		
ESTAT:LFST_R_LFSD2POP(1.0)	17/04/26 11:00:00	A	ED3_4	M	Y15-64	THS_PER	FRB0	2015	377.2		
ESTAT:LFST_R_LFSD2POP(1.0)	17/04/26 11:00:00	A	ED3_4	M	Y15-64	THS_PER	FRC1	2015	259.5		
ESTAT:LFST_R_LFSD2POP(1.0)	17/04/26 11:00:00	A	ED3_4	M	Y15-64	THS_PER	FRC2	2015	191.1		
ESTAT:LFST_R_LFSD2POP(1.0)	17/04/26 11:00:00	A	ED3_4	M	Y15-64	THS_PER	FRD1	2015	227.4		
ESTAT:LFST_R_LFSD2POP(1.0)	17/04/26 11:00:00	A	ED3_4	M	Y15-64	THS_PER	FRD2	2015	284.7		
ESTAT:LFST_R_LFSD2POP(1.0)	17/04/26 11:00:00	A	ED3_4	M	Y15-64	THS_PER	FRE1	2015	617.8		
ESTAT:LFST_R_LFSD2POP(1.0)	17/04/26 11:00:00	A	ED3_4	M	Y15-64	THS_PER	FRE2	2015	292.9		
ESTAT:LFST_R_LFSD2POP(1.0)	17/04/26 11:00:00	A	ED3_4	M	Y15-64	THS_PER	FRF1	2015	298.5		
ESTAT:LFST_R_LFSD2POP(1.0)	17/04/26 11:00:00	A	ED3_4	M	Y15-64	THS_PER	FRF2	2015	208.1		
ESTAT:LFST_R_LFSD2POP(1.0)	17/04/26 11:00:00	A	ED3_4	M	Y15-64	THS_PER	FRF3	2015	363.2		
ESTAT:LFST_R_LFSD2POP(1.0)	17/04/26 11:00:00	A	ED3_4	M	Y15-64	THS_PER	FRG0	2015	559.2		
ESTAT:LFST_R_LFSD2POP(1.0)	17/04/26 11:00:00	A	ED3_4	M	Y15-64	THS_PER	FRH0	2015	531.1		
ESTAT:LFST_R_LFSD2POP(1.0)	17/04/26 11:00:00	A	ED3_4	M	Y15-64	THS_PER	FRI1	2015	505.3		
ESTAT:LFST_R_LFSD2POP(1.0)	17/04/26 11:00:00	A	ED3_4	M	Y15-64	THS_PER	FRI2	2015	109.6		
ESTAT:LFST_R_LFSD2POP(1.0)	17/04/26 11:00:00	A	ED3_4	M	Y15-64	THS_PER	FRI3	2015	281.1		
ESTAT:LFST_R_LFSD2POP(1.0)	17/04/26 11:00:00	A	ED3_4	M	Y15-64	THS_PER	FRJ1	2015	348.6		
ESTAT:LFST_R_LFSD2POP(1.0)	17/04/26 11:00:00	A	ED3_4	M	Y15-64	THS_PER	FRJ2	2015	434.6		
ESTAT:LFST_R_LFSD2POP(1.0)	17/04/26 11:00:00	A	ED3_4	M	Y15-64	THS_PER	FRK1	2015	217.6		
ESTAT:LFST_R_LFSD2POP(1.0)	17/04/26 11:00:00	A	ED3_4	M	Y15-64	THS_PER	FRK2	2015	917.7		
ESTAT:LFST_R_LFSD2POP(1.0)	17/04/26 11:00:00	A	ED3_4	M	Y15-64	THS_PER	FRL0	2015	634.3		
ESTAT:LFST_R_LFSD2POP(1.0)	17/04/26 11:00:00	A	ED3_4	M	Y15-64	THS_PER	FRM0	2015	42.5	u	
ESTAT:LFST_R_LFSD2POP(1.0)	17/04/26 11:00:00	A	ED3_4	M	Y15-74	THS_PER	FR10	2015	1468.2		
ESTAT:LFST_R_LFSD2POP(1.0)	17/04/26 11:00:00	A	ED3_4	M	Y15-74	THS_PER	FRB0	2015	434.6		
ESTAT:LFST_R_LFSD2POP(1.0)	17/04/26 11:00:00	A	ED3_4	M	Y15-74	THS_PER	FRC1	2015	293.4		
ESTAT:LFST_R_LFSD2POP(1.0)	17/04/26 11:00:00	A	ED3_4	M	Y15-74	THS_PER	FRC2	2015	219.0		
ESTAT:LFST_R_LFSD2POP(1.0)	17/04/26 11:00:00	A	ED3_4	M	Y15-74	THS_PER	FRD1	2015	257.7		
ESTAT:LFST_R_LFSD2POP(1.0)	17/04/26 11:00:00	A	ED3_4	M	Y15-74	THS_PER	FRD2	2015	314.5		
ESTAT:LFST_R_LFSD2POP(1.0)	17/04/26 11:00:00	A	ED3_4	M	Y15-74	THS_PER	FRE1	2015	685.7		
ESTAT:LFST_R_LFSD2POP(1.0)	17/04/26 11:00:00	A	ED3_4	M	Y15-74	THS_PER	FRE2	2015	327.6		
ESTAT:LFST_R_LFSD2POP(1.0)	17/04/26 11:00:00	A	ED3_4	M	Y15-74	THS_PER	FRF1	2015	338.4		
ESTAT:LFST_R_LFSD2POP(1.0)	17/04/26 11:00:00	A	ED3_4	M	Y15-74	THS_PER	FRF2	2015	231.5		
ESTAT:LFST_R_LFSD2POP(1.0)	17/04/26 11:00:00	A	ED3_4	M	Y15-74	THS_PER	FRF3	2015	406.4		
ESTAT:LFST_R_LFSD2POP(1.0)	17/04/26 11:00:00	A	ED3_4	M	Y15-74	THS_PER	FRG0	2015	624.1		
ESTAT:LFST_R_LFSD2POP(1.0)	17/04/26 11:00:00	A	ED3_4	M	Y15-74	THS_PER	FRH0	2015	591.9		
ESTAT:LFST_R_LFSD2POP(1.0)	17/04/26 11:00:00	A	ED3_4	M	Y15-74	THS_PER	FRI1	2015	576.9		
ESTAT:LFST_R_LFSD2POP(1.0)	17/04/26 11:00:00	A	ED3_4	M	Y15-74	THS_PER	FRI2	2015	127.3		
ESTAT:LFST_R_LFSD2POP(1.0)	17/04/26 11:00:00	A	ED3_4	M	Y15-74	THS_PER	FRI3	2015	325.1		
ESTAT:LFST_R_LFSD2POP(1.0)	17/04/26 11:00:00	A	ED3_4	M	Y15-74	THS_PER	FRJ1	2015	407.3		
ESTAT:LFST_R_LFSD2POP(1.0)	17/04/26 11:00:00	A	ED3_4	M	Y15-74	THS_PER	FRJ2	2015	485.4		
ESTAT:LFST_R_LFSD2POP(1.0)	17/04/26 11:00:00	A	ED3_4	M	Y15-74	THS_PER	FRK1	2015	248.6		
ESTAT:LFST_R_LFSD2POP(1.0)	17/04/26 11:00:00	A	ED3_4	M	Y15-74	THS_PER	FRK2	2015	1031.8		
ESTAT:LFST_R_LFSD2POP(1.0)	17/04/26 11:00:00	A	ED3_4	M	Y15-74	THS_PER	FRL0	2015	733.3		
ESTAT:LFST_R_LFSD2POP(1.0)	17/04/26 11:00:00	A	ED3_4	M	Y15-74	THS_PER	FRM0	2015	54.0	u	
ESTAT:LFST_R_LFSD2POP(1.0)	17/04/26 11:00:00	A	ED3_4	M	Y20-64	THS_PER	FR10	2015	1251.5		
ESTAT:LFST_R_LFSD2POP(1.0)	17/04/26 11:00:00	A	ED3_4	M	Y20-64	THS_PER	FRB0	2015	348.1		
ESTAT:LFST_R_LFSD2POP(1.0)	17/04/26 11:00:00	A	ED3_4	M	Y20-64	THS_PER	FRC1	2015	241.4		
ESTAT:LFST_R_LFSD2POP(1.0)	17/04/26 11:00:00	A	ED3_4	M	Y20-64	THS_PER	FRC2	2015	179.2		
ESTAT:LFST_R_LFSD2POP(1.0)	17/04/26 11:00:00	A	ED3_4	M	Y20-64	THS_PER	FRD1	2015	216.1		
ESTAT:LFST_R_LFSD2POP(1.0)	17/04/26 11:00:00	A	ED3_4	M	Y20-64	THS_PER	FRD2	2015	267.3		
ESTAT:LFST_R_LFSD2POP(1.0)	17/04/26 11:00:00	A	ED3_4	M	Y20-64	THS_PER	FRE1	2015	575.3		
ESTAT:LFST_R_LFSD2POP(1.0)	17/04/26 11:00:00	A	ED3_4	M	Y20-64	THS_PER	FRE2	2015	275.2		
ESTAT:LFST_R_LFSD2POP(1.0)	17/04/26 11:00:00	A	ED3_4	M	Y20-64	THS_PER	FRF1	2015	278.3		
ESTAT:LFST_R_LFSD2POP(1.0)	17/04/26 11:00:00	A	ED3_4	M	Y20-64	THS_PER	FRF2	2015	197.7		
ESTAT:LFST_R_LFSD2POP(1.0)	17/04/26 11:00:00	A	ED3_4	M	Y20-64	THS_PER	FRF3	2015	339.1		
ESTAT:LFST_R_LFSD2POP(1.0)	17/04/26 11:00:00	A	ED3_4	M	Y20-64	THS_PER	FRG0	2015	527.1		
ESTAT:LFST_R_LFSD2POP(1.0)	17/04/26 11:00:00	A	ED3_4	M	Y20-64	THS_PER	FRH0	2015	498.5		
ESTAT:LFST_R_LFSD2POP(1.0)	17/04/26 11:00:00	A	ED3_4	M	Y20-64	THS_PER	FRI1	2015	480.0		
ESTAT:LFST_R_LFSD2POP(1.0)	17/04/26 11:00:00	A	ED3_4	M	Y20-64	THS_PER	FRI2	2015	103.4		
ESTAT:LFST_R_LFSD2POP(1.0)	17/04/26 11:00:00	A	ED3_4	M	Y20-64	THS_PER	FRI3	2015	266.3		
ESTAT:LFST_R_LFSD2POP(1.0)	17/04/26 11:00:00	A	ED3_4	M	Y20-64	THS_PER	FRJ1	2015	326.8		
ESTAT:LFST_R_LFSD2POP(1.0)	17/04/26 11:00:00	A	ED3_4	M	Y20-64	THS_PER	FRJ2	2015	406.6		
ESTAT:LFST_R_LFSD2POP(1.0)	17/04/26 11:00:00	A	ED3_4	M	Y20-64	THS_PER	FRK1	2015	202.9		
ESTAT:LFST_R_LFSD2POP(1.0)	17/04/26 11:00:00	A	ED3_4	M	Y20-64	THS_PER	FRK2	2015	860.5		
ESTAT:LFST_R_LFSD2POP(1.0)	17/04/26 11:00:00	A	ED3_4	M	Y20-64	THS_PER	FRL0	2015	593.9		
ESTAT:LFST_R_LFSD2POP(1.0)	17/04/26 11:00:00	A	ED3_4	M	Y20-64	THS_PER	FRM0	2015	38.3	u	
ESTAT:LFST_R_LFSD2POP(1.0)	17/04/26 11:00:00	A	ED3_4	M	Y25-34	THS_PER	FR10	2015	266.6		
ESTAT:LFST_R_LFSD2POP(1.0)	17/04/26 11:00:00	A	ED3_4	M	Y25-34	THS_PER	FRB0	2015	52.4		
ESTAT:LFST_R_LFSD2POP(1.0)	17/04/26 11:00:00	A	ED3_4	M	Y25-34	THS_PER	FRC1	2015	40.9		
ESTAT:LFST_R_LFSD2POP(1.0)	17/04/26 11:00:00	A	ED3_4	M	Y25-34	THS_PER	FRC2	2015	34.7		
ESTAT:LFST_R_LFSD2POP(1.0)	17/04/26 11:00:00	A	ED3_4	M	Y25-34	THS_PER	FRD1	2015	40.5		
ESTAT:LFST_R_LFSD2POP(1.0)	17/04/26 11:00:00	A	ED3_4	M	Y25-34	THS_PER	FRD2	2015	53.9		
ESTAT:LFST_R_LFSD2POP(1.0)	17/04/26 11:00:00	A	ED3_4	M	Y25-34	THS_PER	FRE1	2015	129.7		
ESTAT:LFST_R_LFSD2POP(1.0)	17/04/26 11:00:00	A	ED3_4	M	Y25-34	THS_PER	FRE2	2015	60.0		
ESTAT:LFST_R_LFSD2POP(1.0)	17/04/26 11:00:00	A	ED3_4	M	Y25-34	THS_PER	FRF1	2015	50.8		
ESTAT:LFST_R_LFSD2POP(1.0)	17/04/26 11:00:00	A	ED3_4	M	Y25-34	THS_PER	FRF2	2015	48.3		
ESTAT:LFST_R_LFSD2POP(1.0)	17/04/26 11:00:00	A	ED3_4	M	Y25-34	THS_PER	FRF3	2015	72.7		
ESTAT:LFST_R_LFSD2POP(1.0)	17/04/26 11:00:00	A	ED3_4	M	Y25-34	THS_PER	FRG0	2015	96.6		
ESTAT:LFST_R_LFSD2POP(1.0)	17/04/26 11:00:00	A	ED3_4	M	Y25-34	THS_PER	FRH0	2015	91.0		
ESTAT:LFST_R_LFSD2POP(1.0)	17/04/26 11:00:00	A	ED3_4	M	Y25-34	THS_PER	FRI1	2015	83.2		
ESTAT:LFST_R_LFSD2POP(1.0)	17/04/26 11:00:00	A	ED3_4	M	Y25-34	THS_PER	FRI2	2015	20.3		
ESTAT:LFST_R_LFSD2POP(1.0)	17/04/26 11:00:00	A	ED3_4	M	Y25-34	THS_PER	FRI3	2015	58.8		
ESTAT:LFST_R_LFSD2POP(1.0)	17/04/26 11:00:00	A	ED3_4	M	Y25-34	THS_PER	FRJ1	2015	63.2		
ESTAT:LFST_R_LFSD2POP(1.0)	17/04/26 11:00:00	A	ED3_4	M	Y25-34	THS_PER	FRJ2	2015	72.0		
ESTAT:LFST_R_LFSD2POP(1.0)	17/04/26 11:00:00	A	ED3_4	M	Y25-34	THS_PER	FRK1	2015	28.9		
ESTAT:LFST_R_LFSD2POP(1.0)	17/04/26 11:00:00	A	ED3_4	M	Y25-34	THS_PER	FRK2	2015	180.7		
ESTAT:LFST_R_LFSD2POP(1.0)	17/04/26 11:00:00	A	ED3_4	M	Y25-34	THS_PER	FRL0	2015	121.3		
ESTAT:LFST_R_LFSD2POP(1.0)	17/04/26 11:00:00	A	ED3_4	M	Y25-34	THS_PER	FRM0	2015	6.4	u	
ESTAT:LFST_R_LFSD2POP(1.0)	17/04/26 11:00:00	A	ED3_4	M	Y25-64	THS_PER	FR10	2015	1045.2		
ESTAT:LFST_R_LFSD2POP(1.0)	17/04/26 11:00:00	A	ED3_4	M	Y25-64	THS_PER	FRB0	2015	307.6		
ESTAT:LFST_R_LFSD2POP(1.0)	17/04/26 11:00:00	A	ED3_4	M	Y25-64	THS_PER	FRC1	2015	209.4		
ESTAT:LFST_R_LFSD2POP(1.0)	17/04/26 11:00:00	A	ED3_4	M	Y25-64	THS_PER	FRC2	2015	159.6		
ESTAT:LFST_R_LFSD2POP(1.0)	17/04/26 11:00:00	A	ED3_4	M	Y25-64	THS_PER	FRD1	2015	191.5		
ESTAT:LFST_R_LFSD2POP(1.0)	17/04/26 11:00:00	A	ED3_4	M	Y25-64	THS_PER	FRD2	2015	233.2		
ESTAT:LFST_R_LFSD2POP(1.0)	17/04/26 11:00:00	A	ED3_4	M	Y25-64	THS_PER	FRE1	2015	503.6		
ESTAT:LFST_R_LFSD2POP(1.0)	17/04/26 11:00:00	A	ED3_4	M	Y25-64	THS_PER	FRE2	2015	239.3		
ESTAT:LFST_R_LFSD2POP(1.0)	17/04/26 11:00:00	A	ED3_4	M	Y25-64	THS_PER	FRF1	2015	252.3		
ESTAT:LFST_R_LFSD2POP(1.0)	17/04/26 11:00:00	A	ED3_4	M	Y25-64	THS_PER	FRF2	2015	172.9		
ESTAT:LFST_R_LFSD2POP(1.0)	17/04/26 11:00:00	A	ED3_4	M	Y25-64	THS_PER	FRF3	2015	300.9		
ESTAT:LFST_R_LFSD2POP(1.0)	17/04/26 11:00:00	A	ED3_4	M	Y25-64	THS_PER	FRG0	2015	469.5		
ESTAT:LFST_R_LFSD2POP(1.0)	17/04/26 11:00:00	A	ED3_4	M	Y25-64	THS_PER	FRH0	2015	454.5		
ESTAT:LFST_R_LFSD2POP(1.0)	17/04/26 11:00:00	A	ED3_4	M	Y25-64	THS_PER	FRI1	2015	420.8		
ESTAT:LFST_R_LFSD2POP(1.0)	17/04/26 11:00:00	A	ED3_4	M	Y25-64	THS_PER	FRI2	2015	93.7		
ESTAT:LFST_R_LFSD2POP(1.0)	17/04/26 11:00:00	A	ED3_4	M	Y25-64	THS_PER	FRI3	2015	238.2		
ESTAT:LFST_R_LFSD2POP(1.0)	17/04/26 11:00:00	A	ED3_4	M	Y25-64	THS_PER	FRJ1	2015	283.3		
ESTAT:LFST_R_LFSD2POP(1.0)	17/04/26 11:00:00	A	ED3_4	M	Y25-64	THS_PER	FRJ2	2015	359.3		
ESTAT:LFST_R_LFSD2POP(1.0)	17/04/26 11:00:00	A	ED3_4	M	Y25-64	THS_PER	FRK1	2015	186.0		
ESTAT:LFST_R_LFSD2POP(1.0)	17/04/26 11:00:00	A	ED3_4	M	Y25-64	THS_PER	FRK2	2015	750.3		
ESTAT:LFST_R_LFSD2POP(1.0)	17/04/26 11:00:00	A	ED3_4	M	Y25-64	THS_PER	FRL0	2015	520.6		
ESTAT:LFST_R_LFSD2POP(1.0)	17/04/26 11:00:00	A	ED3_4	M	Y25-64	THS_PER	FRM0	2015	36.9	u	
ESTAT:LFST_R_LFSD2POP(1.0)	17/04/26 11:00:00	A	ED3_4	M	Y35-44	THS_PER	FR10	2015	284.1		
ESTAT:LFST_R_LFSD2POP(1.0)	17/04/26 11:00:00	A	ED3_4	M	Y35-44	THS_PER	FRB0	2015	77.6		
ESTAT:LFST_R_LFSD2POP(1.0)	17/04/26 11:00:00	A	ED3_4	M	Y35-44	THS_PER	FRC1	2015	50.9		
ESTAT:LFST_R_LFSD2POP(1.0)	17/04/26 11:00:00	A	ED3_4	M	Y35-44	THS_PER	FRC2	2015	40.1		
ESTAT:LFST_R_LFSD2POP(1.0)	17/04/26 11:00:00	A	ED3_4	M	Y35-44	THS_PER	FRD1	2015	40.8		
ESTAT:LFST_R_LFSD2POP(1.0)	17/04/26 11:00:00	A	ED3_4	M	Y35-44	THS_PER	FRD2	2015	61.9		
ESTAT:LFST_R_LFSD2POP(1.0)	17/04/26 11:00:00	A	ED3_4	M	Y35-44	THS_PER	FRE1	2015	135.1		
ESTAT:LFST_R_LFSD2POP(1.0)	17/04/26 11:00:00	A	ED3_4	M	Y35-44	THS_PER	FRE2	2015	56.2		
ESTAT:LFST_R_LFSD2POP(1.0)	17/04/26 11:00:00	A	ED3_4	M	Y35-44	THS_PER	FRF1	2015	57.3		
ESTAT:LFST_R_LFSD2POP(1.0)	17/04/26 11:00:00	A	ED3_4	M	Y35-44	THS_PER	FRF2	2015	41.2		
ESTAT:LFST_R_LFSD2POP(1.0)	17/04/26 11:00:00	A	ED3_4	M	Y35-44	THS_PER	FRF3	2015	67.1		
ESTAT:LFST_R_LFSD2POP(1.0)	17/04/26 11:00:00	A	ED3_4	M	Y35-44	THS_PER	FRG0	2015	118.5		
ESTAT:LFST_R_LFSD2POP(1.0)	17/04/26 11:00:00	A	ED3_4	M	Y35-44	THS_PER	FRH0	2015	114.3		
ESTAT:LFST_R_LFSD2POP(1.0)	17/04/26 11:00:00	A	ED3_4	M	Y35-44	THS_PER	FRI1	2015	108.7		
ESTAT:LFST_R_LFSD2POP(1.0)	17/04/26 11:00:00	A	ED3_4	M	Y35-44	THS_PER	FRI2	2015	21.4		
ESTAT:LFST_R_LFSD2POP(1.0)	17/04/26 11:00:00	A	ED3_4	M	Y35-44	THS_PER	FRI3	2015	61.5		
ESTAT:LFST_R_LFSD2POP(1.0)	17/04/26 11:00:00	A	ED3_4	M	Y35-44	THS_PER	FRJ1	2015	64.9		
ESTAT:LFST_R_LFSD2POP(1.0)	17/04/26 11:00:00	A	ED3_4	M	Y35-44	THS_PER	FRJ2	2015	80.9		
ESTAT:LFST_R_LFSD2POP(1.0)	17/04/26 11:00:00	A	ED3_4	M	Y35-44	THS_PER	FRK1	2015	51.2		
ESTAT:LFST_R_LFSD2POP(1.0)	17/04/26 11:00:00	A	ED3_4	M	Y35-44	THS_PER	FRK2	2015	182.4		
ESTAT:LFST_R_LFSD2POP(1.0)	17/04/26 11:00:00	A	ED3_4	M	Y35-44	THS_PER	FRL0	2015	120.6		
ESTAT:LFST_R_LFSD2POP(1.0)	17/04/26 11:00:00	A	ED3_4	M	Y35-44	THS_PER	FRM0	2015	13.0	u	
ESTAT:LFST_R_LFSD2POP(1.0)	17/04/26 11:00:00	A	ED3_4	M	Y45-54	THS_PER	FR10	2015	278.0		
ESTAT:LFST_R_LFSD2POP(1.0)	17/04/26 11:00:00	A	ED3_4	M	Y45-54	THS_PER	FRB0	2015	87.7		
ESTAT:LFST_R_LFSD2POP(1.0)	17/04/26 11:00:00	A	ED3_4	M	Y45-54	THS_PER	FRC1	2015	58.9		
ESTAT:LFST_R_LFSD2POP(1.0)	17/04/26 11:00:00	A	ED3_4	M	Y45-54	THS_PER	FRC2	2015	45.2		
ESTAT:LFST_R_LFSD2POP(1.0)	17/04/26 11:00:00	A	ED3_4	M	Y45-54	THS_PER	FRD1	2015	61.5		
ESTAT:LFST_R_LFSD2POP(1.0)	17/04/26 11:00:00	A	ED3_4	M	Y45-54	THS_PER	FRD2	2015	63.7		
ESTAT:LFST_R_LFSD2POP(1.0)	17/04/26 11:00:00	A	ED3_4	M	Y45-54	THS_PER	FRE1	2015	125.5		
ESTAT:LFST_R_LFSD2POP(1.0)	17/04/26 11:00:00	A	ED3_4	M	Y45-54	THS_PER	FRE2	2015	69.7		
ESTAT:LFST_R_LFSD2POP(1.0)	17/04/26 11:00:00	A	ED3_4	M	Y45-54	THS_PER	FRF1	2015	77.6		
ESTAT:LFST_R_LFSD2POP(1.0)	17/04/26 11:00:00	A	ED3_4	M	Y45-54	THS_PER	FRF2	2015	47.6		
ESTAT:LFST_R_LFSD2POP(1.0)	17/04/26 11:00:00	A	ED3_4	M	Y45-54	THS_PER	FRF3	2015	88.8		
ESTAT:LFST_R_LFSD2POP(1.0)	17/04/26 11:00:00	A	ED3_4	M	Y45-54	THS_PER	FRG0	2015	134.0		
ESTAT:LFST_R_LFSD2POP(1.0)	17/04/26 11:00:00	A	ED3_4	M	Y45-54	THS_PER	FRH0	2015	135.8		
ESTAT:LFST_R_LFSD2POP(1.0)	17/04/26 11:00:00	A	ED3_4	M	Y45-54	THS_PER	FRI1	2015	127.1		
ESTAT:LFST_R_LFSD2POP(1.0)	17/04/26 11:00:00	A	ED3_4	M	Y45-54	THS_PER	FRI2	2015	28.5		
ESTAT:LFST_R_LFSD2POP(1.0)	17/04/26 11:00:00	A	ED3_4	M	Y45-54	THS_PER	FRI3	2015	63.2		
ESTAT:LFST_R_LFSD2POP(1.0)	17/04/26 11:00:00	A	ED3_4	M	Y45-54	THS_PER	FRJ1	2015	81.1		
ESTAT:LFST_R_LFSD2POP(1.0)	17/04/26 11:00:00	A	ED3_4	M	Y45-54	THS_PER	FRJ2	2015	103.6		
ESTAT:LFST_R_LFSD2POP(1.0)	17/04/26 11:00:00	A	ED3_4	M	Y45-54	THS_PER	FRK1	2015	60.3		
ESTAT:LFST_R_LFSD2POP(1.0)	17/04/26 11:00:00	A	ED3_4	M	Y45-54	THS_PER	FRK2	2015	217.2		
ESTAT:LFST_R_LFSD2POP(1.0)	17/04/26 11:00:00	A	ED3_4	M	Y45-54	THS_PER	FRL0	2015	146.9		
ESTAT:LFST_R_LFSD2POP(1.0)	17/04/26 11:00:00	A	ED3_4	M	Y45-54	THS_PER	FRM0	2015	6.9	u	
ESTAT:LFST_R_LFSD2POP(1.0)	17/04/26 11:00:00	A	ED3_4	M	Y55-64	THS_PER	FR10	2015	216.5		
ESTAT:LFST_R_LFSD2POP(1.0)	17/04/26 11:00:00	A	ED3_4	M	Y55-64	THS_PER	FRB0	2015	89.9		
ESTAT:LFST_R_LFSD2POP(1.0)	17/04/26 11:00:00	A	ED3_4	M	Y55-64	THS_PER	FRC1	2015	58.7		
ESTAT:LFST_R_LFSD2POP(1.0)	17/04/26 11:00:00	A	ED3_4	M	Y55-64	THS_PER	FRC2	2015	39.6		
ESTAT:LFST_R_LFSD2POP(1.0)	17/04/26 11:00:00	A	ED3_4	M	Y55-64	THS_PER	FRD1	2015	48.8		
ESTAT:LFST_R_LFSD2POP(1.0)	17/04/26 11:00:00	A	ED3_4	M	Y55-64	THS_PER	FRD2	2015	53.7		
ESTAT:LFST_R_LFSD2POP(1.0)	17/04/26 11:00:00	A	ED3_4	M	Y55-64	THS_PER	FRE1	2015	113.3		
ESTAT:LFST_R_LFSD2POP(1.0)	17/04/26 11:00:00	A	ED3_4	M	Y55-64	THS_PER	FRE2	2015	53.4		
ESTAT:LFST_R_LFSD2POP(1.0)	17/04/26 11:00:00	A	ED3_4	M	Y55-64	THS_PER	FRF1	2015	66.6		
ESTAT:LFST_R_LFSD2POP(1.0)	17/04/26 11:00:00	A	ED3_4	M	Y55-64	THS_PER	FRF2	2015	35.8		
ESTAT:LFST_R_LFSD2POP(1.0)	17/04/26 11:00:00	A	ED3_4	M	Y55-64	THS_PER	FRF3	2015	72.4		
ESTAT:LFST_R_LFSD2POP(1.0)	17/04/26 11:00:00	A	ED3_4	M	Y55-64	THS_PER	FRG0	2015	120.4		
ESTAT:LFST_R_LFSD2POP(1.0)	17/04/26 11:00:00	A	ED3_4	M	Y55-64	THS_PER	FRH0	2015	113.4		
ESTAT:LFST_R_LFSD2POP(1.0)	17/04/26 11:00:00	A	ED3_4	M	Y55-64	THS_PER	FRI1	2015	101.9		
ESTAT:LFST_R_LFSD2POP(1.0)	17/04/26 11:00:00	A	ED3_4	M	Y55-64	THS_PER	FRI2	2015	23.5		
ESTAT:LFST_R_LFSD2POP(1.0)	17/04/26 11:00:00	A	ED3_4	M	Y55-64	THS_PER	FRI3	2015	54.7		
ESTAT:LFST_R_LFSD2POP(1.0)	17/04/26 11:00:00	A	ED3_4	M	Y55-64	THS_PER	FRJ1	2015	74.1		
ESTAT:LFST_R_LFSD2POP(1.0)	17/04/26 11:00:00	A	ED3_4	M	Y55-64	THS_PER	FRJ2	2015	102.8		
ESTAT:LFST_R_LFSD2POP(1.0)	17/04/26 11:00:00	A	ED3_4	M	Y55-64	THS_PER	FRK1	2015	45.6		
ESTAT:LFST_R_LFSD2POP(1.0)	17/04/26 11:00:00	A	ED3_4	M	Y55-64	THS_PER	FRK2	2015	170.0		
ESTAT:LFST_R_LFSD2POP(1.0)	17/04/26 11:00:00	A	ED3_4	M	Y55-64	THS_PER	FRL0	2015	131.8		
ESTAT:LFST_R_LFSD2POP(1.0)	17/04/26 11:00:00	A	ED3_4	M	Y55-64	THS_PER	FRM0	2015	10.6	u	
ESTAT:LFST_R_LFSD2POP(1.0)	17/04/26 11:00:00	A	ED3_4	M	Y_GE15	THS_PER	FR10	2015	1537.7		
ESTAT:LFST_R_LFSD2POP(1.0)	17/04/26 11:00:00	A	ED3_4	M	Y_GE15	THS_PER	FRB0	2015	461.0		
ESTAT:LFST_R_LFSD2POP(1.0)	17/04/26 11:00:00	A	ED3_4	M	Y_GE15	THS_PER	FRC1	2015	312.4		
ESTAT:LFST_R_LFSD2POP(1.0)	17/04/26 11:00:00	A	ED3_4	M	Y_GE15	THS_PER	FRC2	2015	230.0		
ESTAT:LFST_R_LFSD2POP(1.0)	17/04/26 11:00:00	A	ED3_4	M	Y_GE15	THS_PER	FRD1	2015	271.8		
ESTAT:LFST_R_LFSD2POP(1.0)	17/04/26 11:00:00	A	ED3_4	M	Y_GE15	THS_PER	FRD2	2015	329.5		
ESTAT:LFST_R_LFSD2POP(1.0)	17/04/26 11:00:00	A	ED3_4	M	Y_GE15	THS_PER	FRE1	2015	708.7		
ESTAT:LFST_R_LFSD2POP(1.0)	17/04/26 11:00:00	A	ED3_4	M	Y_GE15	THS_PER	FRE2	2015	342.6		
ESTAT:LFST_R_LFSD2POP(1.0)	17/04/26 11:00:00	A	ED3_4	M	Y_GE15	THS_PER	FRF1	2015	367.9		
ESTAT:LFST_R_LFSD2POP(1.0)	17/04/26 11:00:00	A	ED3_4	M	Y_GE15	THS_PER	FRF2	2015	244.7		
ESTAT:LFST_R_LFSD2POP(1.0)	17/04/26 11:00:00	A	ED3_4	M	Y_GE15	THS_PER	FRF3	2015	431.0		
ESTAT:LFST_R_LFSD2POP(1.0)	17/04/26 11:00:00	A	ED3_4	M	Y_GE15	THS_PER	FRG0	2015	658.8		
ESTAT:LFST_R_LFSD2POP(1.0)	17/04/26 11:00:00	A	ED3_4	M	Y_GE15	THS_PER	FRH0	2015	630.2		
ESTAT:LFST_R_LFSD2POP(1.0)	17/04/26 11:00:00	A	ED3_4	M	Y_GE15	THS_PER	FRI1	2015	608.1		
ESTAT:LFST_R_LFSD2POP(1.0)	17/04/26 11:00:00	A	ED3_4	M	Y_GE15	THS_PER	FRI2	2015	136.3		
ESTAT:LFST_R_LFSD2POP(1.0)	17/04/26 11:00:00	A	ED3_4	M	Y_GE15	THS_PER	FRI3	2015	343.5		
ESTAT:LFST_R_LFSD2POP(1.0)	17/04/26 11:00:00	A	ED3_4	M	Y_GE15	THS_PER	FRJ1	2015	435.6		
ESTAT:LFST_R_LFSD2POP(1.0)	17/04/26 11:00:00	A	ED3_4	M	Y_GE15	THS_PER	FRJ2	2015	512.4		
ESTAT:LFST_R_LFSD2POP(1.0)	17/04/26 11:00:00	A	ED3_4	M	Y_GE15	THS_PER	FRK1	2015	261.7		
ESTAT:LFST_R_LFSD2POP(1.0)	17/04/26 11:00:00	A	ED3_4	M	Y_GE15	THS_PER	FRK2	2015	1093.8		
ESTAT:LFST_R_LFSD2POP(1.0)	17/04/26 11:00:00	A	ED3_4	M	Y_GE15	THS_PER	FRL0	2015	787.8		
ESTAT:LFST_R_LFSD2POP(1.0)	17/04/26 11:00:00	A	ED3_4	M	Y_GE15	THS_PER	FRM0	2015	57.8	u	
ESTAT:LFST_R_LFSD2POP(1.0)	17/04/26 11:00:00	A	ED3_4	M	Y_GE25	THS_PER	FR10	2015	1234.2		
ESTAT:LFST_R_LFSD2POP(1.0)	17/04/26 11:00:00	A	ED3_4	M	Y_GE25	THS_PER	FRB0	2015	391.4		
ESTAT:LFST_R_LFSD2POP(1.0)	17/04/26 11:00:00	A	ED3_4	M	Y_GE25	THS_PER	FRC1	2015	262.2		
ESTAT:LFST_R_LFSD2POP(1.0)	17/04/26 11:00:00	A	ED3_4	M	Y_GE25	THS_PER	FRC2	2015	198.5		
ESTAT:LFST_R_LFSD2POP(1.0)	17/04/26 11:00:00	A	ED3_4	M	Y_GE25	THS_PER	FRD1	2015	235.9		
ESTAT:LFST_R_LFSD2POP(1.0)	17/04/26 11:00:00	A	ED3_4	M	Y_GE25	THS_PER	FRD2	2015	278.0		
ESTAT:LFST_R_LFSD2POP(1.0)	17/04/26 11:00:00	A	ED3_4	M	Y_GE25	THS_PER	FRE1	2015	594.4		
ESTAT:LFST_R_LFSD2POP(1.0)	17/04/26 11:00:00	A	ED3_4	M	Y_GE25	THS_PER	FRE2	2015	289.0		
ESTAT:LFST_R_LFSD2POP(1.0)	17/04/26 11:00:00	A	ED3_4	M	Y_GE25	THS_PER	FRF1	2015	321.7		
ESTAT:LFST_R_LFSD2POP(1.0)	17/04/26 11:00:00	A	ED3_4	M	Y_GE25	THS_PER	FRF2	2015	209.4		
ESTAT:LFST_R_LFSD2POP(1.0)	17/04/26 11:00:00	A	ED3_4	M	Y_GE25	THS_PER	FRF3	2015	368.8		
ESTAT:LFST_R_LFSD2POP(1.0)	17/04/26 11:00:00	A	ED3_4	M	Y_GE25	THS_PER	FRG0	2015	569.1		
ESTAT:LFST_R_LFSD2POP(1.0)	17/04/26 11:00:00	A	ED3_4	M	Y_GE25	THS_PER	FRH0	2015	553.6		
ESTAT:LFST_R_LFSD2POP(1.0)	17/04/26 11:00:00	A	ED3_4	M	Y_GE25	THS_PER	FRI1	2015	523.6		
ESTAT:LFST_R_LFSD2POP(1.0)	17/04/26 11:00:00	A	ED3_4	M	Y_GE25	THS_PER	FRI2	2015	120.4		
ESTAT:LFST_R_LFSD2POP(1.0)	17/04/26 11:00:00	A	ED3_4	M	Y_GE25	THS_PER	FRI3	2015	300.6		
ESTAT:LFST_R_LFSD2POP(1.0)	17/04/26 11:00:00	A	ED3_4	M	Y_GE25	THS_PER	FRJ1	2015	370.3		
ESTAT:LFST_R_LFSD2POP(1.0)	17/04/26 11:00:00	A	ED3_4	M	Y_GE25	THS_PER	FRJ2	2015	437.1		
ESTAT:LFST_R_LFSD2POP(1.0)	17/04/26 11:00:00	A	ED3_4	M	Y_GE25	THS_PER	FRK1	2015	230.2		
ESTAT:LFST_R_LFSD2POP(1.0)	17/04/26 11:00:00	A	ED3_4	M	Y_GE25	THS_PER	FRK2	2015	926.4		
ESTAT:LFST_R_LFSD2POP(1.0)	17/04/26 11:00:00	A	ED3_4	M	Y_GE25	THS_PER	FRL0	2015	674.1		
ESTAT:LFST_R_LFSD2POP(1.0)	17/04/26 11:00:00	A	ED3_4	M	Y_GE25	THS_PER	FRM0	2015	52.2	u	
ESTAT:LFST_R_LFSD2POP(1.0)	17/04/26 11:00:00	A	ED3_4	M	Y_GE65	THS_PER	FR10	2015	189.0		
ESTAT:LFST_R_LFSD2POP(1.0)	17/04/26 11:00:00	A	ED3_4	M	Y_GE65	THS_PER	FRB0	2015	83.8		
ESTAT:LFST_R_LFSD2POP(1.0)	17/04/26 11:00:00	A	ED3_4	M	Y_GE65	THS_PER	FRC1	2015	52.9		
ESTAT:LFST_R_LFSD2POP(1.0)	17/04/26 11:00:00	A	ED3_4	M	Y_GE65	THS_PER	FRC2	2015	38.9		
ESTAT:LFST_R_LFSD2POP(1.0)	17/04/26 11:00:00	A	ED3_4	M	Y_GE65	THS_PER	FRD1	2015	44.4		
ESTAT:LFST_R_LFSD2POP(1.0)	17/04/26 11:00:00	A	ED3_4	M	Y_GE65	THS_PER	FRD2	2015	44.8		
ESTAT:LFST_R_LFSD2POP(1.0)	17/04/26 11:00:00	A	ED3_4	M	Y_GE65	THS_PER	FRE1	2015	90.8		
ESTAT:LFST_R_LFSD2POP(1.0)	17/04/26 11:00:00	A	ED3_4	M	Y_GE65	THS_PER	FRE2	2015	49.8		
ESTAT:LFST_R_LFSD2POP(1.0)	17/04/26 11:00:00	A	ED3_4	M	Y_GE65	THS_PER	FRF1	2015	69.4		
ESTAT:LFST_R_LFSD2POP(1.0)	17/04/26 11:00:00	A	ED3_4	M	Y_GE65	THS_PER	FRF2	2015	36.5		
ESTAT:LFST_R_LFSD2POP(1.0)	17/04/26 11:00:00	A	ED3_4	M	Y_GE65	THS_PER	FRF3	2015	67.9		
ESTAT:LFST_R_LFSD2POP(1.0)	17/04/26 11:00:00	A	ED3_4	M	Y_GE65	THS_PER	FRG0	2015	99.7		
ESTAT:LFST_R_LFSD2POP(1.0)	17/04/26 11:00:00	A	ED3_4	M	Y_GE65	THS_PER	FRH0	2015	99.2		
ESTAT:LFST_R_LFSD2POP(1.0)	17/04/26 11:00:00	A	ED3_4	M	Y_GE65	THS_PER	FRI1	2015	102.9		
ESTAT:LFST_R_LFSD2POP(1.0)	17/04/26 11:00:00	A	ED3_4	M	Y_GE65	THS_PER	FRI2	2015	26.7		
ESTAT:LFST_R_LFSD2POP(1.0)	17/04/26 11:00:00	A	ED3_4	M	Y_GE65	THS_PER	FRI3	2015	62.4		
ESTAT:LFST_R_LFSD2POP(1.0)	17/04/26 11:00:00	A	ED3_4	M	Y_GE65	THS_PER	FRJ1	2015	87.0		
ESTAT:LFST_R_LFSD2POP(1.0)	17/04/26 11:00:00	A	ED3_4	M	Y_GE65	THS_PER	FRJ2	2015	77.8		
ESTAT:LFST_R_LFSD2POP(1.0)	17/04/26 11:00:00	A	ED3_4	M	Y_GE65	THS_PER	FRK1	2015	44.2		
ESTAT:LFST_R_LFSD2POP(1.0)	17/04/26 11:00:00	A	ED3_4	M	Y_GE65	THS_PER	FRK2	2015	176.1		
ESTAT:LFST_R_LFSD2POP(1.0)	17/04/26 11:00:00	A	ED3_4	M	Y_GE65	THS_PER	FRL0	2015	153.5		
ESTAT:LFST_R_LFSD2POP(1.0)	17/04/26 11:00:00	A	ED3_4	M	Y_GE65	THS_PER	FRM0	2015	15.3	u	
ESTAT:LFST_R_LFSD2POP(1.0)	17/04/26 11:00:00	A	ED3_4	T	Y15-24	THS_PER	FR10	2015	630.7		
ESTAT:LFST_R_LFSD2POP(1.0)	17/04/26 11:00:00	A	ED3_4	T	Y15-24	THS_PER	FRB0	2015	130.0		
ESTAT:LFST_R_LFSD2POP(1.0)	17/04/26 11:00:00	A	ED3_4	T	Y15-24	THS_PER	FRC1	2015	91.8		
ESTAT:LFST_R_LFSD2POP(1.0)	17/04/26 11:00:00	A	ED3_4	T	Y15-24	THS_PER	FRC2	2015	58.3		
ESTAT:LFST_R_LFSD2POP(1.0)	17/04/26 11:00:00	A	ED3_4	T	Y15-24	THS_PER	FRD1	2015	68.4		
ESTAT:LFST_R_LFSD2POP(1.0)	17/04/26 11:00:00	A	ED3_4	T	Y15-24	THS_PER	FRD2	2015	101.2		
ESTAT:LFST_R_LFSD2POP(1.0)	17/04/26 11:00:00	A	ED3_4	T	Y15-24	THS_PER	FRE1	2015	219.2		
ESTAT:LFST_R_LFSD2POP(1.0)	17/04/26 11:00:00	A	ED3_4	T	Y15-24	THS_PER	FRE2	2015	105.2		
ESTAT:LFST_R_LFSD2POP(1.0)	17/04/26 11:00:00	A	ED3_4	T	Y15-24	THS_PER	FRF1	2015	97.2		
ESTAT:LFST_R_LFSD2POP(1.0)	17/04/26 11:00:00	A	ED3_4	T	Y15-24	THS_PER	FRF2	2015	69.7		
ESTAT:LFST_R_LFSD2POP(1.0)	17/04/26 11:00:00	A	ED3_4	T	Y15-24	THS_PER	FRF3	2015	123.8		
ESTAT:LFST_R_LFSD2POP(1.0)	17/04/26 11:00:00	A	ED3_4	T	Y15-24	THS_PER	FRG0	2015	174.1		
ESTAT:LFST_R_LFSD2POP(1.0)	17/04/26 11:00:00	A	ED3_4	T	Y15-24	THS_PER	FRH0	2015	152.4		
ESTAT:LFST_R_LFSD2POP(1.0)	17/04/26 11:00:00	A	ED3_4	T	Y15-24	THS_PER	FRI1	2015	163.8		
ESTAT:LFST_R_LFSD2POP(1.0)	17/04/26 11:00:00	A	ED3_4	T	Y15-24	THS_PER	FRI2	2015	31.5		
ESTAT:LFST_R_LFSD2POP(1.0)	17/04/26 11:00:00	A	ED3_4	T	Y15-24	THS_PER	FRI3	2015	93.0		
ESTAT:LFST_R_LFSD2POP(1.0)	17/04/26 11:00:00	A	ED3_4	T	Y15-24	THS_PER	FRJ1	2015	126.1		
ESTAT:LFST_R_LFSD2POP(1.0)	17/04/26 11:00:00	A	ED3_4	T	Y15-24	THS_PER	FRJ2	2015	143.7		
ESTAT:LFST_R_LFSD2POP(1.0)	17/04/26 11:00:00	A	ED3_4	T	Y15-24	THS_PER	FRK1	2015	57.8		
ESTAT:LFST_R_LFSD2POP(1.0)	17/04/26 11:00:00	A	ED3_4	T	Y15-24	THS_PER	FRK2	2015	332.0		
ESTAT:LFST_R_LFSD2POP(1.0)	17/04/26 11:00:00	A	ED3_4	T	Y15-24	THS_PER	FRL0	2015	230.1		
ESTAT:LFST_R_LFSD2POP(1.0)	17/04/26 11:00:00	A	ED3_4	T	Y15-24	THS_PER	FRM0	2015	12.8	u	
ESTAT:LFST_R_LFSD2POP(1.0)	17/04/26 11:00:00	A	ED3_4	T	Y15-64	THS_PER	FR10	2015	2722.7		
ESTAT:LFST_R_LFSD2POP(1.0)	17/04/26 11:00:00	A	ED3_4	T	Y15-64	THS_PER	FRB0	2015	709.1		
ESTAT:LFST_R_LFSD2POP(1.0)	17/04/26 11:00:00	A	ED3_4	T	Y15-64	THS_PER	FRC1	2015	487.1		
ESTAT:LFST_R_LFSD2POP(1.0)	17/04/26 11:00:00	A	ED3_4	T	Y15-64	THS_PER	FRC2	2015	356.8		
ESTAT:LFST_R_LFSD2POP(1.0)	17/04/26 11:00:00	A	ED3_4	T	Y15-64	THS_PER	FRD1	2015	410.9		
ESTAT:LFST_R_LFSD2POP(1.0)	17/04/26 11:00:00	A	ED3_4	T	Y15-64	THS_PER	FRD2	2015	525.6		
ESTAT:LFST_R_LFSD2POP(1.0)	17/04/26 11:00:00	A	ED3_4	T	Y15-64	THS_PER	FRE1	2015	1161.2		
ESTAT:LFST_R_LFSD2POP(1.0)	17/04/26 11:00:00	A	ED3_4	T	Y15-64	THS_PER	FRE2	2015	549.6		
ESTAT:LFST_R_LFSD2POP(1.0)	17/04/26 11:00:00	A	ED3_4	T	Y15-64	THS_PER	FRF1	2015	571.3		
ESTAT:LFST_R_LFSD2POP(1.0)	17/04/26 11:00:00	A	ED3_4	T	Y15-64	THS_PER	FRF2	2015	391.9		
ESTAT:LFST_R_LFSD2POP(1.0)	17/04/26 11:00:00	A	ED3_4	T	Y15-64	THS_PER	FRF3	2015	688.5		
ESTAT:LFST_R_LFSD2POP(1.0)	17/04/26 11:00:00	A	ED3_4	T	Y15-64	THS_PER	FRG0	2015	1072.3		
ESTAT:LFST_R_LFSD2POP(1.0)	17/04/26 11:00:00	A	ED3_4	T	Y15-64	THS_PER	FRH0	2015	993.5		
ESTAT:LFST_R_LFSD2POP(1.0)	17/04/26 11:00:00	A	ED3_4	T	Y15-64	THS_PER	FRI1	2015	977.1		
ESTAT:LFST_R_LFSD2POP(1.0)	17/04/26 11:00:00	A	ED3_4	T	Y15-64	THS_PER	FRI2	2015	211.0		
ESTAT:LFST_R_LFSD2POP(1.0)	17/04/26 11:00:00	A	ED3_4	T	Y15-64	THS_PER	FRI3	2015	540.0		
ESTAT:LFST_R_LFSD2POP(1.0)	17/04/26 11:00:00	A	ED3_4	T	Y15-64	THS_PER	FRJ1	2015	689.1		
ESTAT:LFST_R_LFSD2POP(1.0)	17/04/26 11:00:00	A	ED3_4	T	Y15-64	THS_PER	FRJ2	2015	803.7		
ESTAT:LFST_R_LFSD2POP(1.0)	17/04/26 11:00:00	A	ED3_4	T	Y15-64	THS_PER	FRK1	2015	397.9		
ESTAT:LFST_R_LFSD2POP(1.0)	17/04/26 11:00:00	A	ED3_4	T	Y15-64	THS_PER	FRK2	2015	1770.4		
ESTAT:LFST_R_LFSD2POP(1.0)	17/04/26 11:00:00	A	ED3_4	T	Y15-64	THS_PER	FRL0	2015	1254.4		
ESTAT:LFST_R_LFSD2POP(1.0)	17/04/26 11:00:00	A	ED3_4	T	Y15-64	THS_PER	FRM0	2015	89.4	u	
ESTAT:LFST_R_LFSD2POP(1.0)	17/04/26 11:00:00	A	ED3_4	T	Y15-74	THS_PER	FR10	2015	2988.9		
ESTAT:LFST_R_LFSD2POP(1.0)	17/04/26 11:00:00	A	ED3_4	T	Y15-74	THS_PER	FRB0	2015	812.2		
ESTAT:LFST_R_LFSD2POP(1.0)	17/04/26 11:00:00	A	ED3_4	T	Y15-74	THS_PER	FRC1	2015	562.1		
ESTAT:LFST_R_LFSD2POP(1.0)	17/04/26 11:00:00	A	ED3_4	T	Y15-74	THS_PER	FRC2	2015	404.5		
ESTAT:LFST_R_LFSD2POP(1.0)	17/04/26 11:00:00	A	ED3_4	T	Y15-74	THS_PER	FRD1	2015	461.1		
ESTAT:LFST_R_LFSD2POP(1.0)	17/04/26 11:00:00	A	ED3_4	T	Y15-74	THS_PER	FRD2	2015	582.9		
ESTAT:LFST_R_LFSD2POP(1.0)	17/04/26 11:00:00	A	ED3_4	T	Y15-74	THS_PER	FRE1	2015	1279.0		
ESTAT:LFST_R_LFSD2POP(1.0)	17/04/26 11:00:00	A	ED3_4	T	Y15-74	THS_PER	FRE2	2015	602.6		
ESTAT:LFST_R_LFSD2POP(1.0)	17/04/26 11:00:00	A	ED3_4	T	Y15-74	THS_PER	FRF1	2015	643.9		
ESTAT:LFST_R_LFSD2POP(1.0)	17/04/26 11:00:00	A	ED3_4	T	Y15-74	THS_PER	FRF2	2015	433.8		
ESTAT:LFST_R_LFSD2POP(1.0)	17/04/26 11:00:00	A	ED3_4	T	Y15-74	THS_PER	FRF3	2015	766.5		
ESTAT:LFST_R_LFSD2POP(1.0)	17/04/26 11:00:00	A	ED3_4	T	Y15-74	THS_PER	FRG0	2015	1195.9		
ESTAT:LFST_R_LFSD2POP(1.0)	17/04/26 11:00:00	A	ED3_4	T	Y15-74	THS_PER	FRH0	2015	1113.8		
ESTAT:LFST_R_LFSD2POP(1.0)	17/04/26 11:00:00	A	ED3_4	T	Y15-74	THS_PER	FRI1	2015	1122.0		
ESTAT:LFST_R_LFSD2POP(1.0)	17/04/26 11:00:00	A	ED3_4	T	Y15-74	THS_PER	FRI2	2015	244.0		
ESTAT:LFST_R_LFSD2POP(1.0)	17/04/26 11:00:00	A	ED3_4	T	Y15-74	THS_PER	FRI3	2015	615.0		
ESTAT:LFST_R_LFSD2POP(1.0)	17/04/26 11:00:00	A	ED3_4	T	Y15-74	THS_PER	FRJ1	2015	802.9		
ESTAT:LFST_R_LFSD2POP(1.0)	17/04/26 11:00:00	A	ED3_4	T	Y15-74	THS_PER	FRJ2	2015	904.4		
ESTAT:LFST_R_LFSD2POP(1.0)	17/04/26 11:00:00	A	ED3_4	T	Y15-74	THS_PER	FRK1	2015	450.9		
ESTAT:LFST_R_LFSD2POP(1.0)	17/04/26 11:00:00	A	ED3_4	T	Y15-74	THS_PER	FRK2	2015	1998.3		
ESTAT:LFST_R_LFSD2POP(1.0)	17/04/26 11:00:00	A	ED3_4	T	Y15-74	THS_PER	FRL0	2015	1456.8		
ESTAT:LFST_R_LFSD2POP(1.0)	17/04/26 11:00:00	A	ED3_4	T	Y15-74	THS_PER	FRM0	2015	109.2	u	
ESTAT:LFST_R_LFSD2POP(1.0)	17/04/26 11:00:00	A	ED3_4	T	Y20-64	THS_PER	FR10	2015	2512.9		
ESTAT:LFST_R_LFSD2POP(1.0)	17/04/26 11:00:00	A	ED3_4	T	Y20-64	THS_PER	FRB0	2015	660.1		
ESTAT:LFST_R_LFSD2POP(1.0)	17/04/26 11:00:00	A	ED3_4	T	Y20-64	THS_PER	FRC1	2015	448.6		
ESTAT:LFST_R_LFSD2POP(1.0)	17/04/26 11:00:00	A	ED3_4	T	Y20-64	THS_PER	FRC2	2015	336.7		
ESTAT:LFST_R_LFSD2POP(1.0)	17/04/26 11:00:00	A	ED3_4	T	Y20-64	THS_PER	FRD1	2015	386.3		
ESTAT:LFST_R_LFSD2POP(1.0)	17/04/26 11:00:00	A	ED3_4	T	Y20-64	THS_PER	FRD2	2015	488.5		
ESTAT:LFST_R_LFSD2POP(1.0)	17/04/26 11:00:00	A	ED3_4	T	Y20-64	THS_PER	FRE1	2015	1081.4		
ESTAT:LFST_R_LFSD2POP(1.0)	17/04/26 11:00:00	A	ED3_4	T	Y20-64	THS_PER	FRE2	2015	517.4		
ESTAT:LFST_R_LFSD2POP(1.0)	17/04/26 11:00:00	A	ED3_4	T	Y20-64	THS_PER	FRF1	2015	527.5		
ESTAT:LFST_R_LFSD2POP(1.0)	17/04/26 11:00:00	A	ED3_4	T	Y20-64	THS_PER	FRF2	2015	371.3		
ESTAT:LFST_R_LFSD2POP(1.0)	17/04/26 11:00:00	A	ED3_4	T	Y20-64	THS_PER	FRF3	2015	639.3		
ESTAT:LFST_R_LFSD2POP(1.0)	17/04/26 11:00:00	A	ED3_4	T	Y20-64	THS_PER	FRG0	2015	1004.7		
ESTAT:LFST_R_LFSD2POP(1.0)	17/04/26 11:00:00	A	ED3_4	T	Y20-64	THS_PER	FRH0	2015	927.9		
ESTAT:LFST_R_LFSD2POP(1.0)	17/04/26 11:00:00	A	ED3_4	T	Y20-64	THS_PER	FRI1	2015	921.9		
ESTAT:LFST_R_LFSD2POP(1.0)	17/04/26 11:00:00	A	ED3_4	T	Y20-64	THS_PER	FRI2	2015	199.4		
ESTAT:LFST_R_LFSD2POP(1.0)	17/04/26 11:00:00	A	ED3_4	T	Y20-64	THS_PER	FRI3	2015	514.2		
ESTAT:LFST_R_LFSD2POP(1.0)	17/04/26 11:00:00	A	ED3_4	T	Y20-64	THS_PER	FRJ1	2015	645.9		
ESTAT:LFST_R_LFSD2POP(1.0)	17/04/26 11:00:00	A	ED3_4	T	Y20-64	THS_PER	FRJ2	2015	748.3		
ESTAT:LFST_R_LFSD2POP(1.0)	17/04/26 11:00:00	A	ED3_4	T	Y20-64	THS_PER	FRK1	2015	371.0		
ESTAT:LFST_R_LFSD2POP(1.0)	17/04/26 11:00:00	A	ED3_4	T	Y20-64	THS_PER	FRK2	2015	1653.6		
ESTAT:LFST_R_LFSD2POP(1.0)	17/04/26 11:00:00	A	ED3_4	T	Y20-64	THS_PER	FRL0	2015	1168.8		
ESTAT:LFST_R_LFSD2POP(1.0)	17/04/26 11:00:00	A	ED3_4	T	Y20-64	THS_PER	FRM0	2015	79.2	u	
ESTAT:LFST_R_LFSD2POP(1.0)	17/04/26 11:00:00	A	ED3_4	T	Y25-34	THS_PER	FR10	2015	529.2		
ESTAT:LFST_R_LFSD2POP(1.0)	17/04/26 11:00:00	A	ED3_4	T	Y25-34	THS_PER	FRB0	2015	111.3		
ESTAT:LFST_R_LFSD2POP(1.0)	17/04/26 11:00:00	A	ED3_4	T	Y25-34	THS_PER	FRC1	2015	86.0		
ESTAT:LFST_R_LFSD2POP(1.0)	17/04/26 11:00:00	A	ED3_4	T	Y25-34	THS_PER	FRC2	2015	66.0		
ESTAT:LFST_R_LFSD2POP(1.0)	17/04/26 11:00:00	A	ED3_4	T	Y25-34	THS_PER	FRD1	2015	76.2		
ESTAT:LFST_R_LFSD2POP(1.0)	17/04/26 11:00:00	A	ED3_4	T	Y25-34	THS_PER	FRD2	2015	100.9		
ESTAT:LFST_R_LFSD2POP(1.0)	17/04/26 11:00:00	A	ED3_4	T	Y25-34	THS_PER	FRE1	2015	256.6		
ESTAT:LFST_R_LFSD2POP(1.0)	17/04/26 11:00:00	A	ED3_4	T	Y25-34	THS_PER	FRE2	2015	113.0		
ESTAT:LFST_R_LFSD2POP(1.0)	17/04/26 11:00:00	A	ED3_4	T	Y25-34	THS_PER	FRF1	2015	99.7		
ESTAT:LFST_R_LFSD2POP(1.0)	17/04/26 11:00:00	A	ED3_4	T	Y25-34	THS_PER	FRF2	2015	94.3		
ESTAT:LFST_R_LFSD2POP(1.0)	17/04/26 11:00:00	A	ED3_4	T	Y25-34	THS_PER	FRF3	2015	126.1		
ESTAT:LFST_R_LFSD2POP(1.0)	17/04/26 11:00:00	A	ED3_4	T	Y25-34	THS_PER	FRG0	2015	197.9		
ESTAT:LFST_R_LFSD2POP(1.0)	17/04/26 11:00:00	A	ED3_4	T	Y25-34	THS_PER	FRH0	2015	176.3		
ESTAT:LFST_R_LFSD2POP(1.0)	17/04/26 11:00:00	A	ED3_4	T	Y25-34	THS_PER	FRI1	2015	159.6		
ESTAT:LFST_R_LFSD2POP(1.0)	17/04/26 11:00:00	A	ED3_4	T	Y25-34	THS_PER	FRI2	2015	35.9		
ESTAT:LFST_R_LFSD2POP(1.0)	17/04/26 11:00:00	A	ED3_4	T	Y25-34	THS_PER	FRI3	2015	106.7		
ESTAT:LFST_R_LFSD2POP(1.0)	17/04/26 11:00:00	A	ED3_4	T	Y25-34	THS_PER	FRJ1	2015	117.4		
ESTAT:LFST_R_LFSD2POP(1.0)	17/04/26 11:00:00	A	ED3_4	T	Y25-34	THS_PER	FRJ2	2015	131.7		
ESTAT:LFST_R_LFSD2POP(1.0)	17/04/26 11:00:00	A	ED3_4	T	Y25-34	THS_PER	FRK1	2015	52.0		
ESTAT:LFST_R_LFSD2POP(1.0)	17/04/26 11:00:00	A	ED3_4	T	Y25-34	THS_PER	FRK2	2015	331.3		
ESTAT:LFST_R_LFSD2POP(1.0)	17/04/26 11:00:00	A	ED3_4	T	Y25-34	THS_PER	FRL0	2015	229.8		
ESTAT:LFST_R_LFSD2POP(1.0)	17/04/26 11:00:00	A	ED3_4	T	Y25-34	THS_PER	FRM0	2015	9.5	u	
ESTAT:LFST_R_LFSD2POP(1.0)	17/04/26 11:00:00	A	ED3_4	T	Y25-64	THS_PER	FR10	2015	2092.0		
ESTAT:LFST_R_LFSD2POP(1.0)	17/04/26 11:00:00	A	ED3_4	T	Y25-64	THS_PER	FRB0	2015	579.1		
ESTAT:LFST_R_LFSD2POP(1.0)	17/04/26 11:00:00	A	ED3_4	T	Y25-64	THS_PER	FRC1	2015	395.2		
ESTAT:LFST_R_LFSD2POP(1.0)	17/04/26 11:00:00	A	ED3_4	T	Y25-64	THS_PER	FRC2	2015	298.4		
ESTAT:LFST_R_LFSD2POP(1.0)	17/04/26 11:00:00	A	ED3_4	T	Y25-64	THS_PER	FRD1	2015	342.5		
ESTAT:LFST_R_LFSD2POP(1.0)	17/04/26 11:00:00	A	ED3_4	T	Y25-64	THS_PER	FRD2	2015	424.5		
ESTAT:LFST_R_LFSD2POP(1.0)	17/04/26 11:00:00	A	ED3_4	T	Y25-64	THS_PER	FRE1	2015	942.0		
ESTAT:LFST_R_LFSD2POP(1.0)	17/04/26 11:00:00	A	ED3_4	T	Y25-64	THS_PER	FRE2	2015	444.4		
ESTAT:LFST_R_LFSD2POP(1.0)	17/04/26 11:00:00	A	ED3_4	T	Y25-64	THS_PER	FRF1	2015	474.0		
ESTAT:LFST_R_LFSD2POP(1.0)	17/04/26 11:00:00	A	ED3_4	T	Y25-64	THS_PER	FRF2	2015	322.1		
ESTAT:LFST_R_LFSD2POP(1.0)	17/04/26 11:00:00	A	ED3_4	T	Y25-64	THS_PER	FRF3	2015	564.7		
ESTAT:LFST_R_LFSD2POP(1.0)	17/04/26 11:00:00	A	ED3_4	T	Y25-64	THS_PER	FRG0	2015	898.2		
ESTAT:LFST_R_LFSD2POP(1.0)	17/04/26 11:00:00	A	ED3_4	T	Y25-64	THS_PER	FRH0	2015	841.1		
ESTAT:LFST_R_LFSD2POP(1.0)	17/04/26 11:00:00	A	ED3_4	T	Y25-64	THS_PER	FRI1	2015	813.3		
ESTAT:LFST_R_LFSD2POP(1.0)	17/04/26 11:00:00	A	ED3_4	T	Y25-64	THS_PER	FRI2	2015	179.4		
ESTAT:LFST_R_LFSD2POP(1.0)	17/04/26 11:00:00	A	ED3_4	T	Y25-64	THS_PER	FRI3	2015	447.0		
ESTAT:LFST_R_LFSD2POP(1.0)	17/04/26 11:00:00	A	ED3_4	T	Y25-64	THS_PER	FRJ1	2015	562.9		
ESTAT:LFST_R_LFSD2POP(1.0)	17/04/26 11:00:00	A	ED3_4	T	Y25-64	THS_PER	FRJ2	2015	660.0		
ESTAT:LFST_R_LFSD2POP(1.0)	17/04/26 11:00:00	A	ED3_4	T	Y25-64	THS_PER	FRK1	2015	340.1		
ESTAT:LFST_R_LFSD2POP(1.0)	17/04/26 11:00:00	A	ED3_4	T	Y25-64	THS_PER	FRK2	2015	1438.5		
ESTAT:LFST_R_LFSD2POP(1.0)	17/04/26 11:00:00	A	ED3_4	T	Y25-64	THS_PER	FRL0	2015	1024.3		
ESTAT:LFST_R_LFSD2POP(1.0)	17/04/26 11:00:00	A	ED3_4	T	Y25-64	THS_PER	FRM0	2015	76.6	u	
ESTAT:LFST_R_LFSD2POP(1.0)	17/04/26 11:00:00	A	ED3_4	T	Y35-44	THS_PER	FR10	2015	550.7		
ESTAT:LFST_R_LFSD2POP(1.0)	17/04/26 11:00:00	A	ED3_4	T	Y35-44	THS_PER	FRB0	2015	135.9		
ESTAT:LFST_R_LFSD2POP(1.0)	17/04/26 11:00:00	A	ED3_4	T	Y35-44	THS_PER	FRC1	2015	91.3		
ESTAT:LFST_R_LFSD2POP(1.0)	17/04/26 11:00:00	A	ED3_4	T	Y35-44	THS_PER	FRC2	2015	68.7		
ESTAT:LFST_R_LFSD2POP(1.0)	17/04/26 11:00:00	A	ED3_4	T	Y35-44	THS_PER	FRD1	2015	77.5		
ESTAT:LFST_R_LFSD2POP(1.0)	17/04/26 11:00:00	A	ED3_4	T	Y35-44	THS_PER	FRD2	2015	106.6		
ESTAT:LFST_R_LFSD2POP(1.0)	17/04/26 11:00:00	A	ED3_4	T	Y35-44	THS_PER	FRE1	2015	239.7		
ESTAT:LFST_R_LFSD2POP(1.0)	17/04/26 11:00:00	A	ED3_4	T	Y35-44	THS_PER	FRE2	2015	101.6		
ESTAT:LFST_R_LFSD2POP(1.0)	17/04/26 11:00:00	A	ED3_4	T	Y35-44	THS_PER	FRF1	2015	106.8		
ESTAT:LFST_R_LFSD2POP(1.0)	17/04/26 11:00:00	A	ED3_4	T	Y35-44	THS_PER	FRF2	2015	70.9		
ESTAT:LFST_R_LFSD2POP(1.0)	17/04/26 11:00:00	A	ED3_4	T	Y35-44	THS_PER	FRF3	2015	134.3		
ESTAT:LFST_R_LFSD2POP(1.0)	17/04/26 11:00:00	A	ED3_4	T	Y35-44	THS_PER	FRG0	2015	212.5		
ESTAT:LFST_R_LFSD2POP(1.0)	17/04/26 11:00:00	A	ED3_4	T	Y35-44	THS_PER	FRH0	2015	208.1		
ESTAT:LFST_R_LFSD2POP(1.0)	17/04/26 11:00:00	A	ED3_4	T	Y35-44	THS_PER	FRI1	2015	201.9		
ESTAT:LFST_R_LFSD2POP(1.0)	17/04/26 11:00:00	A	ED3_4	T	Y35-44	THS_PER	FRI2	2015	41.2		
ESTAT:LFST_R_LFSD2POP(1.0)	17/04/26 11:00:00	A	ED3_4	T	Y35-44	THS_PER	FRI3	2015	115.0		
ESTAT:LFST_R_LFSD2POP(1.0)	17/04/26 11:00:00	A	ED3_4	T	Y35-44	THS_PER	FRJ1	2015	129.5		
ESTAT:LFST_R_LFSD2POP(1.0)	17/04/26 11:00:00	A	ED3_4	T	Y35-44	THS_PER	FRJ2	2015	146.9		
ESTAT:LFST_R_LFSD2POP(1.0)	17/04/26 11:00:00	A	ED3_4	T	Y35-44	THS_PER	FRK1	2015	95.8		
ESTAT:LFST_R_LFSD2POP(1.0)	17/04/26 11:00:00	A	ED3_4	T	Y35-44	THS_PER	FRK2	2015	349.8		
ESTAT:LFST_R_LFSD2POP(1.0)	17/04/26 11:00:00	A	ED3_4	T	Y35-44	THS_PER	FRL0	2015	224.2		
ESTAT:LFST_R_LFSD2POP(1.0)	17/04/26 11:00:00	A	ED3_4	T	Y35-44	THS_PER	FRM0	2015	19.0	u	
ESTAT:LFST_R_LFSD2POP(1.0)	17/04/26 11:00:00	A	ED3_4	T	Y45-54	THS_PER	FR10	2015	573.4		
ESTAT:LFST_R_LFSD2POP(1.0)	17/04/26 11:00:00	A	ED3_4	T	Y45-54	THS_PER	FRB0	2015	166.4		
ESTAT:LFST_R_LFSD2POP(1.0)	17/04/26 11:00:00	A	ED3_4	T	Y45-54	THS_PER	FRC1	2015	113.3		
ESTAT:LFST_R_LFSD2POP(1.0)	17/04/26 11:00:00	A	ED3_4	T	Y45-54	THS_PER	FRC2	2015	87.7		
ESTAT:LFST_R_LFSD2POP(1.0)	17/04/26 11:00:00	A	ED3_4	T	Y45-54	THS_PER	FRD1	2015	104.6		
ESTAT:LFST_R_LFSD2POP(1.0)	17/04/26 11:00:00	A	ED3_4	T	Y45-54	THS_PER	FRD2	2015	117.6		
ESTAT:LFST_R_LFSD2POP(1.0)	17/04/26 11:00:00	A	ED3_4	T	Y45-54	THS_PER	FRE1	2015	239.6		
ESTAT:LFST_R_LFSD2POP(1.0)	17/04/26 11:00:00	A	ED3_4	T	Y45-54	THS_PER	FRE2	2015	134.5		
ESTAT:LFST_R_LFSD2POP(1.0)	17/04/26 11:00:00	A	ED3_4	T	Y45-54	THS_PER	FRF1	2015	141.3		
ESTAT:LFST_R_LFSD2POP(1.0)	17/04/26 11:00:00	A	ED3_4	T	Y45-54	THS_PER	FRF2	2015	91.1		
ESTAT:LFST_R_LFSD2POP(1.0)	17/04/26 11:00:00	A	ED3_4	T	Y45-54	THS_PER	FRF3	2015	161.7		
ESTAT:LFST_R_LFSD2POP(1.0)	17/04/26 11:00:00	A	ED3_4	T	Y45-54	THS_PER	FRG0	2015	259.2		
ESTAT:LFST_R_LFSD2POP(1.0)	17/04/26 11:00:00	A	ED3_4	T	Y45-54	THS_PER	FRH0	2015	249.6		
ESTAT:LFST_R_LFSD2POP(1.0)	17/04/26 11:00:00	A	ED3_4	T	Y45-54	THS_PER	FRI1	2015	255.6		
ESTAT:LFST_R_LFSD2POP(1.0)	17/04/26 11:00:00	A	ED3_4	T	Y45-54	THS_PER	FRI2	2015	54.0		
ESTAT:LFST_R_LFSD2POP(1.0)	17/04/26 11:00:00	A	ED3_4	T	Y45-54	THS_PER	FRI3	2015	121.9		
ESTAT:LFST_R_LFSD2POP(1.0)	17/04/26 11:00:00	A	ED3_4	T	Y45-54	THS_PER	FRJ1	2015	165.7		
ESTAT:LFST_R_LFSD2POP(1.0)	17/04/26 11:00:00	A	ED3_4	T	Y45-54	THS_PER	FRJ2	2015	198.4		
ESTAT:LFST_R_LFSD2POP(1.0)	17/04/26 11:00:00	A	ED3_4	T	Y45-54	THS_PER	FRK1	2015	106.5		
ESTAT:LFST_R_LFSD2POP(1.0)	17/04/26 11:00:00	A	ED3_4	T	Y45-54	THS_PER	FRK2	2015	417.4		
ESTAT:LFST_R_LFSD2POP(1.0)	17/04/26 11:00:00	A	ED3_4	T	Y45-54	THS_PER	FRL0	2015	313.2		
ESTAT:LFST_R_LFSD2POP(1.0)	17/04/26 11:00:00	A	ED3_4	T	Y45-54	THS_PER	FRM0	2015	22.3	u	
ESTAT:LFST_R_LFSD2POP(1.0)	17/04/26 11:00:00	A	ED3_4	T	Y55-64	THS_PER	FR10	2015	438.8		
ESTAT:LFST_R_LFSD2POP(1.0)	17/04/26 11:00:00	A	ED3_4	T	Y55-64	THS_PER	FRB0	2015	165.6		
ESTAT:LFST_R_LFSD2POP(1.0)	17/04/26 11:00:00	A	ED3_4	T	Y55-64	THS_PER	FRC1	2015	104.6		
ESTAT:LFST_R_LFSD2POP(1.0)	17/04/26 11:00:00	A	ED3_4	T	Y55-64	THS_PER	FRC2	2015	76.1		
ESTAT:LFST_R_LFSD2POP(1.0)	17/04/26 11:00:00	A	ED3_4	T	Y55-64	THS_PER	FRD1	2015	84.2		
ESTAT:LFST_R_LFSD2POP(1.0)	17/04/26 11:00:00	A	ED3_4	T	Y55-64	THS_PER	FRD2	2015	99.3		
ESTAT:LFST_R_LFSD2POP(1.0)	17/04/26 11:00:00	A	ED3_4	T	Y55-64	THS_PER	FRE1	2015	206.1		
ESTAT:LFST_R_LFSD2POP(1.0)	17/04/26 11:00:00	A	ED3_4	T	Y55-64	THS_PER	FRE2	2015	95.3		
ESTAT:LFST_R_LFSD2POP(1.0)	17/04/26 11:00:00	A	ED3_4	T	Y55-64	THS_PER	FRF1	2015	126.3		
ESTAT:LFST_R_LFSD2POP(1.0)	17/04/26 11:00:00	A	ED3_4	T	Y55-64	THS_PER	FRF2	2015	65.9		
ESTAT:LFST_R_LFSD2POP(1.0)	17/04/26 11:00:00	A	ED3_4	T	Y55-64	THS_PER	FRF3	2015	142.6		
ESTAT:LFST_R_LFSD2POP(1.0)	17/04/26 11:00:00	A	ED3_4	T	Y55-64	THS_PER	FRG0	2015	228.6		
ESTAT:LFST_R_LFSD2POP(1.0)	17/04/26 11:00:00	A	ED3_4	T	Y55-64	THS_PER	FRH0	2015	207.0		
ESTAT:LFST_R_LFSD2POP(1.0)	17/04/26 11:00:00	A	ED3_4	T	Y55-64	THS_PER	FRI1	2015	196.2		
ESTAT:LFST_R_LFSD2POP(1.0)	17/04/26 11:00:00	A	ED3_4	T	Y55-64	THS_PER	FRI2	2015	48.3		
ESTAT:LFST_R_LFSD2POP(1.0)	17/04/26 11:00:00	A	ED3_4	T	Y55-64	THS_PER	FRI3	2015	103.5		
ESTAT:LFST_R_LFSD2POP(1.0)	17/04/26 11:00:00	A	ED3_4	T	Y55-64	THS_PER	FRJ1	2015	150.4		
ESTAT:LFST_R_LFSD2POP(1.0)	17/04/26 11:00:00	A	ED3_4	T	Y55-64	THS_PER	FRJ2	2015	182.9		
ESTAT:LFST_R_LFSD2POP(1.0)	17/04/26 11:00:00	A	ED3_4	T	Y55-64	THS_PER	FRK1	2015	85.7		
ESTAT:LFST_R_LFSD2POP(1.0)	17/04/26 11:00:00	A	ED3_4	T	Y55-64	THS_PER	FRK2	2015	340.0		
ESTAT:LFST_R_LFSD2POP(1.0)	17/04/26 11:00:00	A	ED3_4	T	Y55-64	THS_PER	FRL0	2015	257.1		
ESTAT:LFST_R_LFSD2POP(1.0)	17/04/26 11:00:00	A	ED3_4	T	Y55-64	THS_PER	FRM0	2015	25.8	u	
ESTAT:LFST_R_LFSD2POP(1.0)	17/04/26 11:00:00	A	ED3_4	T	Y_GE15	THS_PER	FR10	2015	3161.7		
ESTAT:LFST_R_LFSD2POP(1.0)	17/04/26 11:00:00	A	ED3_4	T	Y_GE15	THS_PER	FRB0	2015	860.1		
ESTAT:LFST_R_LFSD2POP(1.0)	17/04/26 11:00:00	A	ED3_4	T	Y_GE15	THS_PER	FRC1	2015	600.1		
ESTAT:LFST_R_LFSD2POP(1.0)	17/04/26 11:00:00	A	ED3_4	T	Y_GE15	THS_PER	FRC2	2015	425.0		
ESTAT:LFST_R_LFSD2POP(1.0)	17/04/26 11:00:00	A	ED3_4	T	Y_GE15	THS_PER	FRD1	2015	488.3		
ESTAT:LFST_R_LFSD2POP(1.0)	17/04/26 11:00:00	A	ED3_4	T	Y_GE15	THS_PER	FRD2	2015	614.6		
ESTAT:LFST_R_LFSD2POP(1.0)	17/04/26 11:00:00	A	ED3_4	T	Y_GE15	THS_PER	FRE1	2015	1327.3		
ESTAT:LFST_R_LFSD2POP(1.0)	17/04/26 11:00:00	A	ED3_4	T	Y_GE15	THS_PER	FRE2	2015	626.5		
ESTAT:LFST_R_LFSD2POP(1.0)	17/04/26 11:00:00	A	ED3_4	T	Y_GE15	THS_PER	FRF1	2015	698.2		
ESTAT:LFST_R_LFSD2POP(1.0)	17/04/26 11:00:00	A	ED3_4	T	Y_GE15	THS_PER	FRF2	2015	456.1		
ESTAT:LFST_R_LFSD2POP(1.0)	17/04/26 11:00:00	A	ED3_4	T	Y_GE15	THS_PER	FRF3	2015	813.3		
ESTAT:LFST_R_LFSD2POP(1.0)	17/04/26 11:00:00	A	ED3_4	T	Y_GE15	THS_PER	FRG0	2015	1264.1		
ESTAT:LFST_R_LFSD2POP(1.0)	17/04/26 11:00:00	A	ED3_4	T	Y_GE15	THS_PER	FRH0	2015	1195.7		
ESTAT:LFST_R_LFSD2POP(1.0)	17/04/26 11:00:00	A	ED3_4	T	Y_GE15	THS_PER	FRI1	2015	1197.2		
ESTAT:LFST_R_LFSD2POP(1.0)	17/04/26 11:00:00	A	ED3_4	T	Y_GE15	THS_PER	FRI2	2015	260.7		
ESTAT:LFST_R_LFSD2POP(1.0)	17/04/26 11:00:00	A	ED3_4	T	Y_GE15	THS_PER	FRI3	2015	647.9		
ESTAT:LFST_R_LFSD2POP(1.0)	17/04/26 11:00:00	A	ED3_4	T	Y_GE15	THS_PER	FRJ1	2015	854.6		
ESTAT:LFST_R_LFSD2POP(1.0)	17/04/26 11:00:00	A	ED3_4	T	Y_GE15	THS_PER	FRJ2	2015	957.4		
ESTAT:LFST_R_LFSD2POP(1.0)	17/04/26 11:00:00	A	ED3_4	T	Y_GE15	THS_PER	FRK1	2015	477.4		
ESTAT:LFST_R_LFSD2POP(1.0)	17/04/26 11:00:00	A	ED3_4	T	Y_GE15	THS_PER	FRK2	2015	2126.4		
ESTAT:LFST_R_LFSD2POP(1.0)	17/04/26 11:00:00	A	ED3_4	T	Y_GE15	THS_PER	FRL0	2015	1572.0		
ESTAT:LFST_R_LFSD2POP(1.0)	17/04/26 11:00:00	A	ED3_4	T	Y_GE15	THS_PER	FRM0	2015	114.9	u	
ESTAT:LFST_R_LFSD2POP(1.0)	17/04/26 11:00:00	A	ED3_4	T	Y_GE25	THS_PER	FR10	2015	2531.0		
ESTAT:LFST_R_LFSD2POP(1.0)	17/04/26 11:00:00	A	ED3_4	T	Y_GE25	THS_PER	FRB0	2015	730.1		
ESTAT:LFST_R_LFSD2POP(1.0)	17/04/26 11:00:00	A	ED3_4	T	Y_GE25	THS_PER	FRC1	2015	508.3		
ESTAT:LFST_R_LFSD2POP(1.0)	17/04/26 11:00:00	A	ED3_4	T	Y_GE25	THS_PER	FRC2	2015	366.6		
ESTAT:LFST_R_LFSD2POP(1.0)	17/04/26 11:00:00	A	ED3_4	T	Y_GE25	THS_PER	FRD1	2015	419.9		
ESTAT:LFST_R_LFSD2POP(1.0)	17/04/26 11:00:00	A	ED3_4	T	Y_GE25	THS_PER	FRD2	2015	513.5		
ESTAT:LFST_R_LFSD2POP(1.0)	17/04/26 11:00:00	A	ED3_4	T	Y_GE25	THS_PER	FRE1	2015	1108.1		
ESTAT:LFST_R_LFSD2POP(1.0)	17/04/26 11:00:00	A	ED3_4	T	Y_GE25	THS_PER	FRE2	2015	521.3		
ESTAT:LFST_R_LFSD2POP(1.0)	17/04/26 11:00:00	A	ED3_4	T	Y_GE25	THS_PER	FRF1	2015	601.0		
ESTAT:LFST_R_LFSD2POP(1.0)	17/04/26 11:00:00	A	ED3_4	T	Y_GE25	THS_PER	FRF2	2015	386.4		
ESTAT:LFST_R_LFSD2POP(1.0)	17/04/26 11:00:00	A	ED3_4	T	Y_GE25	THS_PER	FRF3	2015	689.5		
ESTAT:LFST_R_LFSD2POP(1.0)	17/04/26 11:00:00	A	ED3_4	T	Y_GE25	THS_PER	FRG0	2015	1089.9		
ESTAT:LFST_R_LFSD2POP(1.0)	17/04/26 11:00:00	A	ED3_4	T	Y_GE25	THS_PER	FRH0	2015	1043.3		
ESTAT:LFST_R_LFSD2POP(1.0)	17/04/26 11:00:00	A	ED3_4	T	Y_GE25	THS_PER	FRI1	2015	1033.3		
ESTAT:LFST_R_LFSD2POP(1.0)	17/04/26 11:00:00	A	ED3_4	T	Y_GE25	THS_PER	FRI2	2015	229.2		
ESTAT:LFST_R_LFSD2POP(1.0)	17/04/26 11:00:00	A	ED3_4	T	Y_GE25	THS_PER	FRI3	2015	554.9		
ESTAT:LFST_R_LFSD2POP(1.0)	17/04/26 11:00:00	A	ED3_4	T	Y_GE25	THS_PER	FRJ1	2015	728.4		
ESTAT:LFST_R_LFSD2POP(1.0)	17/04/26 11:00:00	A	ED3_4	T	Y_GE25	THS_PER	FRJ2	2015	813.7		
ESTAT:LFST_R_LFSD2POP(1.0)	17/04/26 11:00:00	A	ED3_4	T	Y_GE25	THS_PER	FRK1	2015	419.6		
ESTAT:LFST_R_LFSD2POP(1.0)	17/04/26 11:00:00	A	ED3_4	T	Y_GE25	THS_PER	FRK2	2015	1794.5		
ESTAT:LFST_R_LFSD2POP(1.0)	17/04/26 11:00:00	A	ED3_4	T	Y_GE25	THS_PER	FRL0	2015	1341.9		
ESTAT:LFST_R_LFSD2POP(1.0)	17/04/26 11:00:00	A	ED3_4	T	Y_GE25	THS_PER	FRM0	2015	102.0	u	
ESTAT:LFST_R_LFSD2POP(1.0)	17/04/26 11:00:00	A	ED3_4	T	Y_GE65	THS_PER	FR10	2015	439.0		
ESTAT:LFST_R_LFSD2POP(1.0)	17/04/26 11:00:00	A	ED3_4	T	Y_GE65	THS_PER	FRB0	2015	151.0		
ESTAT:LFST_R_LFSD2POP(1.0)	17/04/26 11:00:00	A	ED3_4	T	Y_GE65	THS_PER	FRC1	2015	113.1		
ESTAT:LFST_R_LFSD2POP(1.0)	17/04/26 11:00:00	A	ED3_4	T	Y_GE65	THS_PER	FRC2	2015	68.2		
ESTAT:LFST_R_LFSD2POP(1.0)	17/04/26 11:00:00	A	ED3_4	T	Y_GE65	THS_PER	FRD1	2015	77.4		
ESTAT:LFST_R_LFSD2POP(1.0)	17/04/26 11:00:00	A	ED3_4	T	Y_GE65	THS_PER	FRD2	2015	89.0		
ESTAT:LFST_R_LFSD2POP(1.0)	17/04/26 11:00:00	A	ED3_4	T	Y_GE65	THS_PER	FRE1	2015	166.2		
ESTAT:LFST_R_LFSD2POP(1.0)	17/04/26 11:00:00	A	ED3_4	T	Y_GE65	THS_PER	FRE2	2015	76.9		
ESTAT:LFST_R_LFSD2POP(1.0)	17/04/26 11:00:00	A	ED3_4	T	Y_GE65	THS_PER	FRF1	2015	126.9		
ESTAT:LFST_R_LFSD2POP(1.0)	17/04/26 11:00:00	A	ED3_4	T	Y_GE65	THS_PER	FRF2	2015	64.2		
ESTAT:LFST_R_LFSD2POP(1.0)	17/04/26 11:00:00	A	ED3_4	T	Y_GE65	THS_PER	FRF3	2015	124.8		
ESTAT:LFST_R_LFSD2POP(1.0)	17/04/26 11:00:00	A	ED3_4	T	Y_GE65	THS_PER	FRG0	2015	191.8		
ESTAT:LFST_R_LFSD2POP(1.0)	17/04/26 11:00:00	A	ED3_4	T	Y_GE65	THS_PER	FRH0	2015	202.2		
ESTAT:LFST_R_LFSD2POP(1.0)	17/04/26 11:00:00	A	ED3_4	T	Y_GE65	THS_PER	FRI1	2015	220.0		
ESTAT:LFST_R_LFSD2POP(1.0)	17/04/26 11:00:00	A	ED3_4	T	Y_GE65	THS_PER	FRI2	2015	49.7		
ESTAT:LFST_R_LFSD2POP(1.0)	17/04/26 11:00:00	A	ED3_4	T	Y_GE65	THS_PER	FRI3	2015	107.9		
ESTAT:LFST_R_LFSD2POP(1.0)	17/04/26 11:00:00	A	ED3_4	T	Y_GE65	THS_PER	FRJ1	2015	165.5		
ESTAT:LFST_R_LFSD2POP(1.0)	17/04/26 11:00:00	A	ED3_4	T	Y_GE65	THS_PER	FRJ2	2015	153.7		
ESTAT:LFST_R_LFSD2POP(1.0)	17/04/26 11:00:00	A	ED3_4	T	Y_GE65	THS_PER	FRK1	2015	79.5		
ESTAT:LFST_R_LFSD2POP(1.0)	17/04/26 11:00:00	A	ED3_4	T	Y_GE65	THS_PER	FRK2	2015	356.0		
ESTAT:LFST_R_LFSD2POP(1.0)	17/04/26 11:00:00	A	ED3_4	T	Y_GE65	THS_PER	FRL0	2015	317.6		
ESTAT:LFST_R_LFSD2POP(1.0)	17/04/26 11:00:00	A	ED3_4	T	Y_GE65	THS_PER	FRM0	2015	25.4	u	
ESTAT:LFST_R_LFSD2POP(1.0)	17/04/26 11:00:00	A	ED5-8	F	Y15-24	THS_PER	FR10	2015	140.1		
ESTAT:LFST_R_LFSD2POP(1.0)	17/04/26 11:00:00	A	ED5-8	F	Y15-24	THS_PER	FRB0	2015	19.2		
ESTAT:LFST_R_LFSD2POP(1.0)	17/04/26 11:00:00	A	ED5-8	F	Y15-24	THS_PER	FRC1	2015	12.1		
ESTAT:LFST_R_LFSD2POP(1.0)	17/04/26 11:00:00	A	ED5-8	F	Y15-24	THS_PER	FRC2	2015	8.6	u	
ESTAT:LFST_R_LFSD2POP(1.0)	17/04/26 11:00:00	A	ED5-8	F	Y15-24	THS_PER	FRD1	2015	9.9	u	
ESTAT:LFST_R_LFSD2POP(1.0)	17/04/26 11:00:00	A	ED5-8	F	Y15-24	THS_PER	FRD2	2015	16.0		
ESTAT:LFST_R_LFSD2POP(1.0)	17/04/26 11:00:00	A	ED5-8	F	Y15-24	THS_PER	FRE1	2015	42.1		
ESTAT:LFST_R_LFSD2POP(1.0)	17/04/26 11:00:00	A	ED5-8	F	Y15-24	THS_PER	FRE2	2015	15.0		
ESTAT:LFST_R_LFSD2POP(1.0)	17/04/26 11:00:00	A	ED5-8	F	Y15-24	THS_PER	FRF1	2015	19.1		
ESTAT:LFST_R_LFSD2POP(1.0)	17/04/26 11:00:00	A	ED5-8	F	Y15-24	THS_PER	FRF2	2015	11.2		
ESTAT:LFST_R_LFSD2POP(1.0)	17/04/26 11:00:00	A	ED5-8	F	Y15-24	THS_PER	FRF3	2015	24.2		
ESTAT:LFST_R_LFSD2POP(1.0)	17/04/26 11:00:00	A	ED5-8	F	Y15-24	THS_PER	FRG0	2015	30.8		
ESTAT:LFST_R_LFSD2POP(1.0)	17/04/26 11:00:00	A	ED5-8	F	Y15-24	THS_PER	FRH0	2015	31.9		
ESTAT:LFST_R_LFSD2POP(1.0)	17/04/26 11:00:00	A	ED5-8	F	Y15-24	THS_PER	FRI1	2015	28.0		
ESTAT:LFST_R_LFSD2POP(1.0)	17/04/26 11:00:00	A	ED5-8	F	Y15-24	THS_PER	FRI2	2015	8.5	u	
ESTAT:LFST_R_LFSD2POP(1.0)	17/04/26 11:00:00	A	ED5-8	F	Y15-24	THS_PER	FRI3	2015	9.7	u	
ESTAT:LFST_R_LFSD2POP(1.0)	17/04/26 11:00:00	A	ED5-8	F	Y15-24	THS_PER	FRJ1	2015	19.9		
ESTAT:LFST_R_LFSD2POP(1.0)	17/04/26 11:00:00	A	ED5-8	F	Y15-24	THS_PER	FRJ2	2015	24.5		
ESTAT:LFST_R_LFSD2POP(1.0)	17/04/26 11:00:00	A	ED5-8	F	Y15-24	THS_PER	FRK1	2015	8.2	u	
ESTAT:LFST_R_LFSD2POP(1.0)	17/04/26 11:00:00	A	ED5-8	F	Y15-24	THS_PER	FRK2	2015	56.5		
ESTAT:LFST_R_LFSD2POP(1.0)	17/04/26 11:00:00	A	ED5-8	F	Y15-24	THS_PER	FRL0	2015	32.3		
ESTAT:LFST_R_LFSD2POP(1.0)	17/04/26 11:00:00	A	ED5-8	F	Y15-64	THS_PER	FR10	2015	1689.5		
ESTAT:LFST_R_LFSD2POP(1.0)	17/04/26 11:00:00	A	ED5-8	F	Y15-64	THS_PER	FRB0	2015	230.5		
ESTAT:LFST_R_LFSD2POP(1.0)	17/04/26 11:00:00	A	ED5-8	F	Y15-64	THS_PER	FRC1	2015	129.3		
ESTAT:LFST_R_LFSD2POP(1.0)	17/04/26 11:00:00	A	ED5-8	F	Y15-64	THS_PER	FRC2	2015	94.6		
ESTAT:LFST_R_LFSD2POP(1.0)	17/04/26 11:00:00	A	ED5-8	F	Y15-64	THS_PER	FRD1	2015	123.6		
ESTAT:LFST_R_LFSD2POP(1.0)	17/04/26 11:00:00	A	ED5-8	F	Y15-64	THS_PER	FRD2	2015	167.6		
ESTAT:LFST_R_LFSD2POP(1.0)	17/04/26 11:00:00	A	ED5-8	F	Y15-64	THS_PER	FRE1	2015	357.6		
ESTAT:LFST_R_LFSD2POP(1.0)	17/04/26 11:00:00	A	ED5-8	F	Y15-64	THS_PER	FRE2	2015	144.1		
ESTAT:LFST_R_LFSD2POP(1.0)	17/04/26 11:00:00	A	ED5-8	F	Y15-64	THS_PER	FRF1	2015	195.7		
ESTAT:LFST_R_LFSD2POP(1.0)	17/04/26 11:00:00	A	ED5-8	F	Y15-64	THS_PER	FRF2	2015	92.9		
ESTAT:LFST_R_LFSD2POP(1.0)	17/04/26 11:00:00	A	ED5-8	F	Y15-64	THS_PER	FRF3	2015	218.2		
ESTAT:LFST_R_LFSD2POP(1.0)	17/04/26 11:00:00	A	ED5-8	F	Y15-64	THS_PER	FRG0	2015	353.7		
ESTAT:LFST_R_LFSD2POP(1.0)	17/04/26 11:00:00	A	ED5-8	F	Y15-64	THS_PER	FRH0	2015	327.8		
ESTAT:LFST_R_LFSD2POP(1.0)	17/04/26 11:00:00	A	ED5-8	F	Y15-64	THS_PER	FRI1	2015	356.7		
ESTAT:LFST_R_LFSD2POP(1.0)	17/04/26 11:00:00	A	ED5-8	F	Y15-64	THS_PER	FRI2	2015	69.6		
ESTAT:LFST_R_LFSD2POP(1.0)	17/04/26 11:00:00	A	ED5-8	F	Y15-64	THS_PER	FRI3	2015	137.3		
ESTAT:LFST_R_LFSD2POP(1.0)	17/04/26 11:00:00	A	ED5-8	F	Y15-64	THS_PER	FRJ1	2015	260.0		
ESTAT:LFST_R_LFSD2POP(1.0)	17/04/26 11:00:00	A	ED5-8	F	Y15-64	THS_PER	FRJ2	2015	364.0		
ESTAT:LFST_R_LFSD2POP(1.0)	17/04/26 11:00:00	A	ED5-8	F	Y15-64	THS_PER	FRK1	2015	116.5		
ESTAT:LFST_R_LFSD2POP(1.0)	17/04/26 11:00:00	A	ED5-8	F	Y15-64	THS_PER	FRK2	2015	723.7		
ESTAT:LFST_R_LFSD2POP(1.0)	17/04/26 11:00:00	A	ED5-8	F	Y15-64	THS_PER	FRL0	2015	527.0		
ESTAT:LFST_R_LFSD2POP(1.0)	17/04/26 11:00:00	A	ED5-8	F	Y15-64	THS_PER	FRM0	2015	19.6	u	
ESTAT:LFST_R_LFSD2POP(1.0)	17/04/26 11:00:00	A	ED5-8	F	Y15-74	THS_PER	FR10	2015	1824.4		
ESTAT:LFST_R_LFSD2POP(1.0)	17/04/26 11:00:00	A	ED5-8	F	Y15-74	THS_PER	FRB0	2015	255.0		
ESTAT:LFST_R_LFSD2POP(1.0)	17/04/26 11:00:00	A	ED5-8	F	Y15-74	THS_PER	FRC1	2015	141.0		
ESTAT:LFST_R_LFSD2POP(1.0)	17/04/26 11:00:00	A	ED5-8	F	Y15-74	THS_PER	FRC2	2015	100.9		
ESTAT:LFST_R_LFSD2POP(1.0)	17/04/26 11:00:00	A	ED5-8	F	Y15-74	THS_PER	FRD1	2015	132.2		
ESTAT:LFST_R_LFSD2POP(1.0)	17/04/26 11:00:00	A	ED5-8	F	Y15-74	THS_PER	FRD2	2015	176.8		
ESTAT:LFST_R_LFSD2POP(1.0)	17/04/26 11:00:00	A	ED5-8	F	Y15-74	THS_PER	FRE1	2015	376.2		
ESTAT:LFST_R_LFSD2POP(1.0)	17/04/26 11:00:00	A	ED5-8	F	Y15-74	THS_PER	FRE2	2015	154.0		
ESTAT:LFST_R_LFSD2POP(1.0)	17/04/26 11:00:00	A	ED5-8	F	Y15-74	THS_PER	FRF1	2015	208.2		
ESTAT:LFST_R_LFSD2POP(1.0)	17/04/26 11:00:00	A	ED5-8	F	Y15-74	THS_PER	FRF2	2015	100.5		
ESTAT:LFST_R_LFSD2POP(1.0)	17/04/26 11:00:00	A	ED5-8	F	Y15-74	THS_PER	FRF3	2015	230.0		
ESTAT:LFST_R_LFSD2POP(1.0)	17/04/26 11:00:00	A	ED5-8	F	Y15-74	THS_PER	FRG0	2015	380.6		
ESTAT:LFST_R_LFSD2POP(1.0)	17/04/26 11:00:00	A	ED5-8	F	Y15-74	THS_PER	FRH0	2015	354.5		
ESTAT:LFST_R_LFSD2POP(1.0)	17/04/26 11:00:00	A	ED5-8	F	Y15-74	THS_PER	FRI1	2015	391.5		
ESTAT:LFST_R_LFSD2POP(1.0)	17/04/26 11:00:00	A	ED5-8	F	Y15-74	THS_PER	FRI2	2015	76.7		
ESTAT:LFST_R_LFSD2POP(1.0)	17/04/26 11:00:00	A	ED5-8	F	Y15-74	THS_PER	FRI3	2015	149.7		
ESTAT:LFST_R_LFSD2POP(1.0)	17/04/26 11:00:00	A	ED5-8	F	Y15-74	THS_PER	FRJ1	2015	285.9		
ESTAT:LFST_R_LFSD2POP(1.0)	17/04/26 11:00:00	A	ED5-8	F	Y15-74	THS_PER	FRJ2	2015	399.1		
ESTAT:LFST_R_LFSD2POP(1.0)	17/04/26 11:00:00	A	ED5-8	F	Y15-74	THS_PER	FRK1	2015	130.9		
ESTAT:LFST_R_LFSD2POP(1.0)	17/04/26 11:00:00	A	ED5-8	F	Y15-74	THS_PER	FRK2	2015	781.6		
ESTAT:LFST_R_LFSD2POP(1.0)	17/04/26 11:00:00	A	ED5-8	F	Y15-74	THS_PER	FRL0	2015	580.9		
ESTAT:LFST_R_LFSD2POP(1.0)	17/04/26 11:00:00	A	ED5-8	F	Y15-74	THS_PER	FRM0	2015	22.2	u	
ESTAT:LFST_R_LFSD2POP(1.0)	17/04/26 11:00:00	A	ED5-8	F	Y20-64	THS_PER	FR10	2015	1687.2		
ESTAT:LFST_R_LFSD2POP(1.0)	17/04/26 11:00:00	A	ED5-8	F	Y20-64	THS_PER	FRB0	2015	230.2		
ESTAT:LFST_R_LFSD2POP(1.0)	17/04/26 11:00:00	A	ED5-8	F	Y20-64	THS_PER	FRC1	2015	129.0		
ESTAT:LFST_R_LFSD2POP(1.0)	17/04/26 11:00:00	A	ED5-8	F	Y20-64	THS_PER	FRC2	2015	94.4		
ESTAT:LFST_R_LFSD2POP(1.0)	17/04/26 11:00:00	A	ED5-8	F	Y20-64	THS_PER	FRD1	2015	123.6		
ESTAT:LFST_R_LFSD2POP(1.0)	17/04/26 11:00:00	A	ED5-8	F	Y20-64	THS_PER	FRD2	2015	167.6		
ESTAT:LFST_R_LFSD2POP(1.0)	17/04/26 11:00:00	A	ED5-8	F	Y20-64	THS_PER	FRE1	2015	357.2		
ESTAT:LFST_R_LFSD2POP(1.0)	17/04/26 11:00:00	A	ED5-8	F	Y20-64	THS_PER	FRE2	2015	144.0		
ESTAT:LFST_R_LFSD2POP(1.0)	17/04/26 11:00:00	A	ED5-8	F	Y20-64	THS_PER	FRF1	2015	195.7		
ESTAT:LFST_R_LFSD2POP(1.0)	17/04/26 11:00:00	A	ED5-8	F	Y20-64	THS_PER	FRF2	2015	92.9		
ESTAT:LFST_R_LFSD2POP(1.0)	17/04/26 11:00:00	A	ED5-8	F	Y20-64	THS_PER	FRF3	2015	218.2		
ESTAT:LFST_R_LFSD2POP(1.0)	17/04/26 11:00:00	A	ED5-8	F	Y20-64	THS_PER	FRG0	2015	353.2		
ESTAT:LFST_R_LFSD2POP(1.0)	17/04/26 11:00:00	A	ED5-8	F	Y20-64	THS_PER	FRH0	2015	327.6		
ESTAT:LFST_R_LFSD2POP(1.0)	17/04/26 11:00:00	A	ED5-8	F	Y20-64	THS_PER	FRI1	2015	356.5		
ESTAT:LFST_R_LFSD2POP(1.0)	17/04/26 11:00:00	A	ED5-8	F	Y20-64	THS_PER	FRI2	2015	69.5		
ESTAT:LFST_R_LFSD2POP(1.0)	17/04/26 11:00:00	A	ED5-8	F	Y20-64	THS_PER	FRI3	2015	136.8		
ESTAT:LFST_R_LFSD2POP(1.0)	17/04/26 11:00:00	A	ED5-8	F	Y20-64	THS_PER	FRJ1	2015	259.8		
ESTAT:LFST_R_LFSD2POP(1.0)	17/04/26 11:00:00	A	ED5-8	F	Y20-64	THS_PER	FRJ2	2015	364.0		
ESTAT:LFST_R_LFSD2POP(1.0)	17/04/26 11:00:00	A	ED5-8	F	Y20-64	THS_PER	FRK1	2015	116.0		
ESTAT:LFST_R_LFSD2POP(1.0)	17/04/26 11:00:00	A	ED5-8	F	Y20-64	THS_PER	FRK2	2015	723.3		
ESTAT:LFST_R_LFSD2POP(1.0)	17/04/26 11:00:00	A	ED5-8	F	Y20-64	THS_PER	FRL0	2015	526.9		
ESTAT:LFST_R_LFSD2POP(1.0)	17/04/26 11:00:00	A	ED5-8	F	Y20-64	THS_PER	FRM0	2015	19.6	u	
ESTAT:LFST_R_LFSD2POP(1.0)	17/04/26 11:00:00	A	ED5-8	F	Y25-34	THS_PER	FR10	2015	544.5		
ESTAT:LFST_R_LFSD2POP(1.0)	17/04/26 11:00:00	A	ED5-8	F	Y25-34	THS_PER	FRB0	2015	59.1		
ESTAT:LFST_R_LFSD2POP(1.0)	17/04/26 11:00:00	A	ED5-8	F	Y25-34	THS_PER	FRC1	2015	25.6		
ESTAT:LFST_R_LFSD2POP(1.0)	17/04/26 11:00:00	A	ED5-8	F	Y25-34	THS_PER	FRC2	2015	29.8		
ESTAT:LFST_R_LFSD2POP(1.0)	17/04/26 11:00:00	A	ED5-8	F	Y25-34	THS_PER	FRD1	2015	28.5		
ESTAT:LFST_R_LFSD2POP(1.0)	17/04/26 11:00:00	A	ED5-8	F	Y25-34	THS_PER	FRD2	2015	55.1		
ESTAT:LFST_R_LFSD2POP(1.0)	17/04/26 11:00:00	A	ED5-8	F	Y25-34	THS_PER	FRE1	2015	106.6		
ESTAT:LFST_R_LFSD2POP(1.0)	17/04/26 11:00:00	A	ED5-8	F	Y25-34	THS_PER	FRE2	2015	37.5		
ESTAT:LFST_R_LFSD2POP(1.0)	17/04/26 11:00:00	A	ED5-8	F	Y25-34	THS_PER	FRF1	2015	55.4		
ESTAT:LFST_R_LFSD2POP(1.0)	17/04/26 11:00:00	A	ED5-8	F	Y25-34	THS_PER	FRF2	2015	27.8		
ESTAT:LFST_R_LFSD2POP(1.0)	17/04/26 11:00:00	A	ED5-8	F	Y25-34	THS_PER	FRF3	2015	60.6		
ESTAT:LFST_R_LFSD2POP(1.0)	17/04/26 11:00:00	A	ED5-8	F	Y25-34	THS_PER	FRG0	2015	106.2		
ESTAT:LFST_R_LFSD2POP(1.0)	17/04/26 11:00:00	A	ED5-8	F	Y25-34	THS_PER	FRH0	2015	76.4		
ESTAT:LFST_R_LFSD2POP(1.0)	17/04/26 11:00:00	A	ED5-8	F	Y25-34	THS_PER	FRI1	2015	96.6		
ESTAT:LFST_R_LFSD2POP(1.0)	17/04/26 11:00:00	A	ED5-8	F	Y25-34	THS_PER	FRI2	2015	20.8		
ESTAT:LFST_R_LFSD2POP(1.0)	17/04/26 11:00:00	A	ED5-8	F	Y25-34	THS_PER	FRI3	2015	44.7		
ESTAT:LFST_R_LFSD2POP(1.0)	17/04/26 11:00:00	A	ED5-8	F	Y25-34	THS_PER	FRJ1	2015	61.1		
ESTAT:LFST_R_LFSD2POP(1.0)	17/04/26 11:00:00	A	ED5-8	F	Y25-34	THS_PER	FRJ2	2015	97.9		
ESTAT:LFST_R_LFSD2POP(1.0)	17/04/26 11:00:00	A	ED5-8	F	Y25-34	THS_PER	FRK1	2015	32.7		
ESTAT:LFST_R_LFSD2POP(1.0)	17/04/26 11:00:00	A	ED5-8	F	Y25-34	THS_PER	FRK2	2015	217.6		
ESTAT:LFST_R_LFSD2POP(1.0)	17/04/26 11:00:00	A	ED5-8	F	Y25-34	THS_PER	FRL0	2015	148.6		
ESTAT:LFST_R_LFSD2POP(1.0)	17/04/26 11:00:00	A	ED5-8	F	Y25-34	THS_PER	FRM0	2015	4.1	u	
ESTAT:LFST_R_LFSD2POP(1.0)	17/04/26 11:00:00	A	ED5-8	F	Y25-64	THS_PER	FR10	2015	1549.4		
ESTAT:LFST_R_LFSD2POP(1.0)	17/04/26 11:00:00	A	ED5-8	F	Y25-64	THS_PER	FRB0	2015	211.3		
ESTAT:LFST_R_LFSD2POP(1.0)	17/04/26 11:00:00	A	ED5-8	F	Y25-64	THS_PER	FRC1	2015	117.2		
ESTAT:LFST_R_LFSD2POP(1.0)	17/04/26 11:00:00	A	ED5-8	F	Y25-64	THS_PER	FRC2	2015	86.0		
ESTAT:LFST_R_LFSD2POP(1.0)	17/04/26 11:00:00	A	ED5-8	F	Y25-64	THS_PER	FRD1	2015	113.7		
ESTAT:LFST_R_LFSD2POP(1.0)	17/04/26 11:00:00	A	ED5-8	F	Y25-64	THS_PER	FRD2	2015	151.6		
ESTAT:LFST_R_LFSD2POP(1.0)	17/04/26 11:00:00	A	ED5-8	F	Y25-64	THS_PER	FRE1	2015	315.5		
ESTAT:LFST_R_LFSD2POP(1.0)	17/04/26 11:00:00	A	ED5-8	F	Y25-64	THS_PER	FRE2	2015	129.1		
ESTAT:LFST_R_LFSD2POP(1.0)	17/04/26 11:00:00	A	ED5-8	F	Y25-64	THS_PER	FRF1	2015	176.5		
ESTAT:LFST_R_LFSD2POP(1.0)	17/04/26 11:00:00	A	ED5-8	F	Y25-64	THS_PER	FRF2	2015	81.7		
ESTAT:LFST_R_LFSD2POP(1.0)	17/04/26 11:00:00	A	ED5-8	F	Y25-64	THS_PER	FRF3	2015	194.0		
ESTAT:LFST_R_LFSD2POP(1.0)	17/04/26 11:00:00	A	ED5-8	F	Y25-64	THS_PER	FRG0	2015	322.9		
ESTAT:LFST_R_LFSD2POP(1.0)	17/04/26 11:00:00	A	ED5-8	F	Y25-64	THS_PER	FRH0	2015	295.9		
ESTAT:LFST_R_LFSD2POP(1.0)	17/04/26 11:00:00	A	ED5-8	F	Y25-64	THS_PER	FRI1	2015	328.7		
ESTAT:LFST_R_LFSD2POP(1.0)	17/04/26 11:00:00	A	ED5-8	F	Y25-64	THS_PER	FRI2	2015	61.1		
ESTAT:LFST_R_LFSD2POP(1.0)	17/04/26 11:00:00	A	ED5-8	F	Y25-64	THS_PER	FRI3	2015	127.7		
ESTAT:LFST_R_LFSD2POP(1.0)	17/04/26 11:00:00	A	ED5-8	F	Y25-64	THS_PER	FRJ1	2015	240.1		
ESTAT:LFST_R_LFSD2POP(1.0)	17/04/26 11:00:00	A	ED5-8	F	Y25-64	THS_PER	FRJ2	2015	339.5		
ESTAT:LFST_R_LFSD2POP(1.0)	17/04/26 11:00:00	A	ED5-8	F	Y25-64	THS_PER	FRK1	2015	108.3		
ESTAT:LFST_R_LFSD2POP(1.0)	17/04/26 11:00:00	A	ED5-8	F	Y25-64	THS_PER	FRK2	2015	667.2		
ESTAT:LFST_R_LFSD2POP(1.0)	17/04/26 11:00:00	A	ED5-8	F	Y25-64	THS_PER	FRL0	2015	494.6		
ESTAT:LFST_R_LFSD2POP(1.0)	17/04/26 11:00:00	A	ED5-8	F	Y25-64	THS_PER	FRM0	2015	19.6	u	
ESTAT:LFST_R_LFSD2POP(1.0)	17/04/26 11:00:00	A	ED5-8	F	Y35-44	THS_PER	FR10	2015	469.6		
ESTAT:LFST_R_LFSD2POP(1.0)	17/04/26 11:00:00	A	ED5-8	F	Y35-44	THS_PER	FRB0	2015	67.7		
ESTAT:LFST_R_LFSD2POP(1.0)	17/04/26 11:00:00	A	ED5-8	F	Y35-44	THS_PER	FRC1	2015	43.0		
ESTAT:LFST_R_LFSD2POP(1.0)	17/04/26 11:00:00	A	ED5-8	F	Y35-44	THS_PER	FRC2	2015	26.9		
ESTAT:LFST_R_LFSD2POP(1.0)	17/04/26 11:00:00	A	ED5-8	F	Y35-44	THS_PER	FRD1	2015	36.5		
ESTAT:LFST_R_LFSD2POP(1.0)	17/04/26 11:00:00	A	ED5-8	F	Y35-44	THS_PER	FRD2	2015	50.3		
ESTAT:LFST_R_LFSD2POP(1.0)	17/04/26 11:00:00	A	ED5-8	F	Y35-44	THS_PER	FRE1	2015	107.7		
ESTAT:LFST_R_LFSD2POP(1.0)	17/04/26 11:00:00	A	ED5-8	F	Y35-44	THS_PER	FRE2	2015	51.2		
ESTAT:LFST_R_LFSD2POP(1.0)	17/04/26 11:00:00	A	ED5-8	F	Y35-44	THS_PER	FRF1	2015	60.5		
ESTAT:LFST_R_LFSD2POP(1.0)	17/04/26 11:00:00	A	ED5-8	F	Y35-44	THS_PER	FRF2	2015	24.7		
ESTAT:LFST_R_LFSD2POP(1.0)	17/04/26 11:00:00	A	ED5-8	F	Y35-44	THS_PER	FRF3	2015	65.0		
ESTAT:LFST_R_LFSD2POP(1.0)	17/04/26 11:00:00	A	ED5-8	F	Y35-44	THS_PER	FRG0	2015	113.5		
ESTAT:LFST_R_LFSD2POP(1.0)	17/04/26 11:00:00	A	ED5-8	F	Y35-44	THS_PER	FRH0	2015	104.1		
ESTAT:LFST_R_LFSD2POP(1.0)	17/04/26 11:00:00	A	ED5-8	F	Y35-44	THS_PER	FRI1	2015	109.4		
ESTAT:LFST_R_LFSD2POP(1.0)	17/04/26 11:00:00	A	ED5-8	F	Y35-44	THS_PER	FRI2	2015	18.0		
ESTAT:LFST_R_LFSD2POP(1.0)	17/04/26 11:00:00	A	ED5-8	F	Y35-44	THS_PER	FRI3	2015	42.2		
ESTAT:LFST_R_LFSD2POP(1.0)	17/04/26 11:00:00	A	ED5-8	F	Y35-44	THS_PER	FRJ1	2015	75.6		
ESTAT:LFST_R_LFSD2POP(1.0)	17/04/26 11:00:00	A	ED5-8	F	Y35-44	THS_PER	FRJ2	2015	102.9		
ESTAT:LFST_R_LFSD2POP(1.0)	17/04/26 11:00:00	A	ED5-8	F	Y35-44	THS_PER	FRK1	2015	37.1		
ESTAT:LFST_R_LFSD2POP(1.0)	17/04/26 11:00:00	A	ED5-8	F	Y35-44	THS_PER	FRK2	2015	217.7		
ESTAT:LFST_R_LFSD2POP(1.0)	17/04/26 11:00:00	A	ED5-8	F	Y35-44	THS_PER	FRL0	2015	151.0		
ESTAT:LFST_R_LFSD2POP(1.0)	17/04/26 11:00:00	A	ED5-8	F	Y35-44	THS_PER	FRM0	2015	5.5	u	
ESTAT:LFST_R_LFSD2POP(1.0)	17/04/26 11:00:00	A	ED5-8	F	Y45-54	THS_PER	FR10	2015	306.6		
ESTAT:LFST_R_LFSD2POP(1.0)	17/04/26 11:00:00	A	ED5-8	F	Y45-54	THS_PER	FRB0	2015	51.4		
ESTAT:LFST_R_LFSD2POP(1.0)	17/04/26 11:00:00	A	ED5-8	F	Y45-54	THS_PER	FRC1	2015	28.0		
ESTAT:LFST_R_LFSD2POP(1.0)	17/04/26 11:00:00	A	ED5-8	F	Y45-54	THS_PER	FRC2	2015	18.5		
ESTAT:LFST_R_LFSD2POP(1.0)	17/04/26 11:00:00	A	ED5-8	F	Y45-54	THS_PER	FRD1	2015	31.1		
ESTAT:LFST_R_LFSD2POP(1.0)	17/04/26 11:00:00	A	ED5-8	F	Y45-54	THS_PER	FRD2	2015	26.6		
ESTAT:LFST_R_LFSD2POP(1.0)	17/04/26 11:00:00	A	ED5-8	F	Y45-54	THS_PER	FRE1	2015	63.3		
ESTAT:LFST_R_LFSD2POP(1.0)	17/04/26 11:00:00	A	ED5-8	F	Y45-54	THS_PER	FRE2	2015	25.7		
ESTAT:LFST_R_LFSD2POP(1.0)	17/04/26 11:00:00	A	ED5-8	F	Y45-54	THS_PER	FRF1	2015	41.7		
ESTAT:LFST_R_LFSD2POP(1.0)	17/04/26 11:00:00	A	ED5-8	F	Y45-54	THS_PER	FRF2	2015	17.0		
ESTAT:LFST_R_LFSD2POP(1.0)	17/04/26 11:00:00	A	ED5-8	F	Y45-54	THS_PER	FRF3	2015	37.9		
ESTAT:LFST_R_LFSD2POP(1.0)	17/04/26 11:00:00	A	ED5-8	F	Y45-54	THS_PER	FRG0	2015	64.0		
ESTAT:LFST_R_LFSD2POP(1.0)	17/04/26 11:00:00	A	ED5-8	F	Y45-54	THS_PER	FRH0	2015	66.5		
ESTAT:LFST_R_LFSD2POP(1.0)	17/04/26 11:00:00	A	ED5-8	F	Y45-54	THS_PER	FRI1	2015	70.3		
ESTAT:LFST_R_LFSD2POP(1.0)	17/04/26 11:00:00	A	ED5-8	F	Y45-54	THS_PER	FRI2	2015	11.8		
ESTAT:LFST_R_LFSD2POP(1.0)	17/04/26 11:00:00	A	ED5-8	F	Y45-54	THS_PER	FRI3	2015	19.2		
ESTAT:LFST_R_LFSD2POP(1.0)	17/04/26 11:00:00	A	ED5-8	F	Y45-54	THS_PER	FRJ1	2015	50.3		
ESTAT:LFST_R_LFSD2POP(1.0)	17/04/26 11:00:00	A	ED5-8	F	Y45-54	THS_PER	FRJ2	2015	76.9		
ESTAT:LFST_R_LFSD2POP(1.0)	17/04/26 11:00:00	A	ED5-8	F	Y45-54	THS_PER	FRK1	2015	22.5		
ESTAT:LFST_R_LFSD2POP(1.0)	17/04/26 11:00:00	A	ED5-8	F	Y45-54	THS_PER	FRK2	2015	134.4		
ESTAT:LFST_R_LFSD2POP(1.0)	17/04/26 11:00:00	A	ED5-8	F	Y45-54	THS_PER	FRL0	2015	112.5		
ESTAT:LFST_R_LFSD2POP(1.0)	17/04/26 11:00:00	A	ED5-8	F	Y45-54	THS_PER	FRM0	2015	3.5	u	
ESTAT:LFST_R_LFSD2POP(1.0)	17/04/26 11:00:00	A	ED5-8	F	Y55-64	THS_PER	FR10	2015	228.7		
ESTAT:LFST_R_LFSD2POP(1.0)	17/04/26 11:00:00	A	ED5-8	F	Y55-64	THS_PER	FRB0	2015	33.1		
ESTAT:LFST_R_LFSD2POP(1.0)	17/04/26 11:00:00	A	ED5-8	F	Y55-64	THS_PER	FRC1	2015	20.6		
ESTAT:LFST_R_LFSD2POP(1.0)	17/04/26 11:00:00	A	ED5-8	F	Y55-64	THS_PER	FRC2	2015	10.7		
ESTAT:LFST_R_LFSD2POP(1.0)	17/04/26 11:00:00	A	ED5-8	F	Y55-64	THS_PER	FRD1	2015	17.6		
ESTAT:LFST_R_LFSD2POP(1.0)	17/04/26 11:00:00	A	ED5-8	F	Y55-64	THS_PER	FRD2	2015	19.6		
ESTAT:LFST_R_LFSD2POP(1.0)	17/04/26 11:00:00	A	ED5-8	F	Y55-64	THS_PER	FRE1	2015	37.9		
ESTAT:LFST_R_LFSD2POP(1.0)	17/04/26 11:00:00	A	ED5-8	F	Y55-64	THS_PER	FRE2	2015	14.6		
ESTAT:LFST_R_LFSD2POP(1.0)	17/04/26 11:00:00	A	ED5-8	F	Y55-64	THS_PER	FRF1	2015	19.0		
ESTAT:LFST_R_LFSD2POP(1.0)	17/04/26 11:00:00	A	ED5-8	F	Y55-64	THS_PER	FRF2	2015	12.2		
ESTAT:LFST_R_LFSD2POP(1.0)	17/04/26 11:00:00	A	ED5-8	F	Y55-64	THS_PER	FRF3	2015	30.5		
ESTAT:LFST_R_LFSD2POP(1.0)	17/04/26 11:00:00	A	ED5-8	F	Y55-64	THS_PER	FRG0	2015	39.3		
ESTAT:LFST_R_LFSD2POP(1.0)	17/04/26 11:00:00	A	ED5-8	F	Y55-64	THS_PER	FRH0	2015	48.9		
ESTAT:LFST_R_LFSD2POP(1.0)	17/04/26 11:00:00	A	ED5-8	F	Y55-64	THS_PER	FRI1	2015	52.3		
ESTAT:LFST_R_LFSD2POP(1.0)	17/04/26 11:00:00	A	ED5-8	F	Y55-64	THS_PER	FRI2	2015	10.4		
ESTAT:LFST_R_LFSD2POP(1.0)	17/04/26 11:00:00	A	ED5-8	F	Y55-64	THS_PER	FRI3	2015	21.6		
ESTAT:LFST_R_LFSD2POP(1.0)	17/04/26 11:00:00	A	ED5-8	F	Y55-64	THS_PER	FRJ1	2015	53.1		
ESTAT:LFST_R_LFSD2POP(1.0)	17/04/26 11:00:00	A	ED5-8	F	Y55-64	THS_PER	FRJ2	2015	61.9		
ESTAT:LFST_R_LFSD2POP(1.0)	17/04/26 11:00:00	A	ED5-8	F	Y55-64	THS_PER	FRK1	2015	16.0		
ESTAT:LFST_R_LFSD2POP(1.0)	17/04/26 11:00:00	A	ED5-8	F	Y55-64	THS_PER	FRK2	2015	97.5		
ESTAT:LFST_R_LFSD2POP(1.0)	17/04/26 11:00:00	A	ED5-8	F	Y55-64	THS_PER	FRL0	2015	82.6		
ESTAT:LFST_R_LFSD2POP(1.0)	17/04/26 11:00:00	A	ED5-8	F	Y55-64	THS_PER	FRM0	2015	6.4	u	
ESTAT:LFST_R_LFSD2POP(1.0)	17/04/26 11:00:00	A	ED5-8	F	Y_GE15	THS_PER	FR10	2015	1875.6		
ESTAT:LFST_R_LFSD2POP(1.0)	17/04/26 11:00:00	A	ED5-8	F	Y_GE15	THS_PER	FRB0	2015	261.7		
ESTAT:LFST_R_LFSD2POP(1.0)	17/04/26 11:00:00	A	ED5-8	F	Y_GE15	THS_PER	FRC1	2015	148.5		
ESTAT:LFST_R_LFSD2POP(1.0)	17/04/26 11:00:00	A	ED5-8	F	Y_GE15	THS_PER	FRC2	2015	104.8		
ESTAT:LFST_R_LFSD2POP(1.0)	17/04/26 11:00:00	A	ED5-8	F	Y_GE15	THS_PER	FRD1	2015	135.2		
ESTAT:LFST_R_LFSD2POP(1.0)	17/04/26 11:00:00	A	ED5-8	F	Y_GE15	THS_PER	FRD2	2015	180.9		
ESTAT:LFST_R_LFSD2POP(1.0)	17/04/26 11:00:00	A	ED5-8	F	Y_GE15	THS_PER	FRE1	2015	381.7		
ESTAT:LFST_R_LFSD2POP(1.0)	17/04/26 11:00:00	A	ED5-8	F	Y_GE15	THS_PER	FRE2	2015	155.5		
ESTAT:LFST_R_LFSD2POP(1.0)	17/04/26 11:00:00	A	ED5-8	F	Y_GE15	THS_PER	FRF1	2015	216.2		
ESTAT:LFST_R_LFSD2POP(1.0)	17/04/26 11:00:00	A	ED5-8	F	Y_GE15	THS_PER	FRF2	2015	101.5		
ESTAT:LFST_R_LFSD2POP(1.0)	17/04/26 11:00:00	A	ED5-8	F	Y_GE15	THS_PER	FRF3	2015	239.6		
ESTAT:LFST_R_LFSD2POP(1.0)	17/04/26 11:00:00	A	ED5-8	F	Y_GE15	THS_PER	FRG0	2015	386.4		
ESTAT:LFST_R_LFSD2POP(1.0)	17/04/26 11:00:00	A	ED5-8	F	Y_GE15	THS_PER	FRH0	2015	365.1		
ESTAT:LFST_R_LFSD2POP(1.0)	17/04/26 11:00:00	A	ED5-8	F	Y_GE15	THS_PER	FRI1	2015	406.5		
ESTAT:LFST_R_LFSD2POP(1.0)	17/04/26 11:00:00	A	ED5-8	F	Y_GE15	THS_PER	FRI2	2015	79.1		
ESTAT:LFST_R_LFSD2POP(1.0)	17/04/26 11:00:00	A	ED5-8	F	Y_GE15	THS_PER	FRI3	2015	152.8		
ESTAT:LFST_R_LFSD2POP(1.0)	17/04/26 11:00:00	A	ED5-8	F	Y_GE15	THS_PER	FRJ1	2015	294.7		
ESTAT:LFST_R_LFSD2POP(1.0)	17/04/26 11:00:00	A	ED5-8	F	Y_GE15	THS_PER	FRJ2	2015	413.3		
ESTAT:LFST_R_LFSD2POP(1.0)	17/04/26 11:00:00	A	ED5-8	F	Y_GE15	THS_PER	FRK1	2015	136.1		
ESTAT:LFST_R_LFSD2POP(1.0)	17/04/26 11:00:00	A	ED5-8	F	Y_GE15	THS_PER	FRK2	2015	801.8		
ESTAT:LFST_R_LFSD2POP(1.0)	17/04/26 11:00:00	A	ED5-8	F	Y_GE15	THS_PER	FRL0	2015	609.9		
ESTAT:LFST_R_LFSD2POP(1.0)	17/04/26 11:00:00	A	ED5-8	F	Y_GE15	THS_PER	FRM0	2015	22.8	u	
ESTAT:LFST_R_LFSD2POP(1.0)	17/04/26 11:00:00	A	ED5-8	F	Y_GE25	THS_PER	FR10	2015	1735.5		
ESTAT:LFST_R_LFSD2POP(1.0)	17/04/26 11:00:00	A	ED5-8	F	Y_GE25	THS_PER	FRB0	2015	242.5		
ESTAT:LFST_R_LFSD2POP(1.0)	17/04/26 11:00:00	A	ED5-8	F	Y_GE25	THS_PER	FRC1	2015	136.4		
ESTAT:LFST_R_LFSD2POP(1.0)	17/04/26 11:00:00	A	ED5-8	F	Y_GE25	THS_PER	FRC2	2015	96.3		
ESTAT:LFST_R_LFSD2POP(1.0)	17/04/26 11:00:00	A	ED5-8	F	Y_GE25	THS_PER	FRD1	2015	125.2		
ESTAT:LFST_R_LFSD2POP(1.0)	17/04/26 11:00:00	A	ED5-8	F	Y_GE25	THS_PER	FRD2	2015	164.8		
ESTAT:LFST_R_LFSD2POP(1.0)	17/04/26 11:00:00	A	ED5-8	F	Y_GE25	THS_PER	FRE1	2015	339.7		
ESTAT:LFST_R_LFSD2POP(1.0)	17/04/26 11:00:00	A	ED5-8	F	Y_GE25	THS_PER	FRE2	2015	140.5		
ESTAT:LFST_R_LFSD2POP(1.0)	17/04/26 11:00:00	A	ED5-8	F	Y_GE25	THS_PER	FRF1	2015	197.1		
ESTAT:LFST_R_LFSD2POP(1.0)	17/04/26 11:00:00	A	ED5-8	F	Y_GE25	THS_PER	FRF2	2015	90.3		
ESTAT:LFST_R_LFSD2POP(1.0)	17/04/26 11:00:00	A	ED5-8	F	Y_GE25	THS_PER	FRF3	2015	215.4		
ESTAT:LFST_R_LFSD2POP(1.0)	17/04/26 11:00:00	A	ED5-8	F	Y_GE25	THS_PER	FRG0	2015	355.6		
ESTAT:LFST_R_LFSD2POP(1.0)	17/04/26 11:00:00	A	ED5-8	F	Y_GE25	THS_PER	FRH0	2015	333.2		
ESTAT:LFST_R_LFSD2POP(1.0)	17/04/26 11:00:00	A	ED5-8	F	Y_GE25	THS_PER	FRI1	2015	378.4		
ESTAT:LFST_R_LFSD2POP(1.0)	17/04/26 11:00:00	A	ED5-8	F	Y_GE25	THS_PER	FRI2	2015	70.6		
ESTAT:LFST_R_LFSD2POP(1.0)	17/04/26 11:00:00	A	ED5-8	F	Y_GE25	THS_PER	FRI3	2015	143.1		
ESTAT:LFST_R_LFSD2POP(1.0)	17/04/26 11:00:00	A	ED5-8	F	Y_GE25	THS_PER	FRJ1	2015	274.8		
ESTAT:LFST_R_LFSD2POP(1.0)	17/04/26 11:00:00	A	ED5-8	F	Y_GE25	THS_PER	FRJ2	2015	388.8		
ESTAT:LFST_R_LFSD2POP(1.0)	17/04/26 11:00:00	A	ED5-8	F	Y_GE25	THS_PER	FRK1	2015	127.9		
ESTAT:LFST_R_LFSD2POP(1.0)	17/04/26 11:00:00	A	ED5-8	F	Y_GE25	THS_PER	FRK2	2015	745.3		
ESTAT:LFST_R_LFSD2POP(1.0)	17/04/26 11:00:00	A	ED5-8	F	Y_GE25	THS_PER	FRL0	2015	577.6		
ESTAT:LFST_R_LFSD2POP(1.0)	17/04/26 11:00:00	A	ED5-8	F	Y_GE25	THS_PER	FRM0	2015	22.8	u	
ESTAT:LFST_R_LFSD2POP(1.0)	17/04/26 11:00:00	A	ED5-8	F	Y_GE65	THS_PER	FR10	2015	186.0		
ESTAT:LFST_R_LFSD2POP(1.0)	17/04/26 11:00:00	A	ED5-8	F	Y_GE65	THS_PER	FRB0	2015	31.3		
ESTAT:LFST_R_LFSD2POP(1.0)	17/04/26 11:00:00	A	ED5-8	F	Y_GE65	THS_PER	FRC1	2015	19.2		
ESTAT:LFST_R_LFSD2POP(1.0)	17/04/26 11:00:00	A	ED5-8	F	Y_GE65	THS_PER	FRC2	2015	10.3		
ESTAT:LFST_R_LFSD2POP(1.0)	17/04/26 11:00:00	A	ED5-8	F	Y_GE65	THS_PER	FRD1	2015	11.6		
ESTAT:LFST_R_LFSD2POP(1.0)	17/04/26 11:00:00	A	ED5-8	F	Y_GE65	THS_PER	FRD2	2015	13.3		
ESTAT:LFST_R_LFSD2POP(1.0)	17/04/26 11:00:00	A	ED5-8	F	Y_GE65	THS_PER	FRE1	2015	24.2		
ESTAT:LFST_R_LFSD2POP(1.0)	17/04/26 11:00:00	A	ED5-8	F	Y_GE65	THS_PER	FRE2	2015	11.4		
ESTAT:LFST_R_LFSD2POP(1.0)	17/04/26 11:00:00	A	ED5-8	F	Y_GE65	THS_PER	FRF1	2015	20.5		
ESTAT:LFST_R_LFSD2POP(1.0)	17/04/26 11:00:00	A	ED5-8	F	Y_GE65	THS_PER	FRF2	2015	8.6	u	
ESTAT:LFST_R_LFSD2POP(1.0)	17/04/26 11:00:00	A	ED5-8	F	Y_GE65	THS_PER	FRF3	2015	21.4		
ESTAT:LFST_R_LFSD2POP(1.0)	17/04/26 11:00:00	A	ED5-8	F	Y_GE65	THS_PER	FRG0	2015	32.7		
ESTAT:LFST_R_LFSD2POP(1.0)	17/04/26 11:00:00	A	ED5-8	F	Y_GE65	THS_PER	FRH0	2015	37.3		
ESTAT:LFST_R_LFSD2POP(1.0)	17/04/26 11:00:00	A	ED5-8	F	Y_GE65	THS_PER	FRI1	2015	49.8		
ESTAT:LFST_R_LFSD2POP(1.0)	17/04/26 11:00:00	A	ED5-8	F	Y_GE65	THS_PER	FRI2	2015	9.5	u	
ESTAT:LFST_R_LFSD2POP(1.0)	17/04/26 11:00:00	A	ED5-8	F	Y_GE65	THS_PER	FRI3	2015	15.4		
ESTAT:LFST_R_LFSD2POP(1.0)	17/04/26 11:00:00	A	ED5-8	F	Y_GE65	THS_PER	FRJ1	2015	34.7		
ESTAT:LFST_R_LFSD2POP(1.0)	17/04/26 11:00:00	A	ED5-8	F	Y_GE65	THS_PER	FRJ2	2015	49.3		
ESTAT:LFST_R_LFSD2POP(1.0)	17/04/26 11:00:00	A	ED5-8	F	Y_GE65	THS_PER	FRK1	2015	19.6		
ESTAT:LFST_R_LFSD2POP(1.0)	17/04/26 11:00:00	A	ED5-8	F	Y_GE65	THS_PER	FRK2	2015	78.1		
ESTAT:LFST_R_LFSD2POP(1.0)	17/04/26 11:00:00	A	ED5-8	F	Y_GE65	THS_PER	FRL0	2015	82.9		
ESTAT:LFST_R_LFSD2POP(1.0)	17/04/26 11:00:00	A	ED5-8	F	Y_GE65	THS_PER	FRM0	2015	3.2	u	
ESTAT:LFST_R_LFSD2POP(1.0)	17/04/26 11:00:00	A	ED5-8	M	Y15-24	THS_PER	FR10	2015	105.6		
ESTAT:LFST_R_LFSD2POP(1.0)	17/04/26 11:00:00	A	ED5-8	M	Y15-24	THS_PER	FRB0	2015	14.4		
ESTAT:LFST_R_LFSD2POP(1.0)	17/04/26 11:00:00	A	ED5-8	M	Y15-24	THS_PER	FRC1	2015	12.4		
ESTAT:LFST_R_LFSD2POP(1.0)	17/04/26 11:00:00	A	ED5-8	M	Y15-24	THS_PER	FRC2	2015	6.8	u	
ESTAT:LFST_R_LFSD2POP(1.0)	17/04/26 11:00:00	A	ED5-8	M	Y15-24	THS_PER	FRD1	2015	10.1		
ESTAT:LFST_R_LFSD2POP(1.0)	17/04/26 11:00:00	A	ED5-8	M	Y15-24	THS_PER	FRD2	2015	11.4		
ESTAT:LFST_R_LFSD2POP(1.0)	17/04/26 11:00:00	A	ED5-8	M	Y15-24	THS_PER	FRE1	2015	26.7		
ESTAT:LFST_R_LFSD2POP(1.0)	17/04/26 11:00:00	A	ED5-8	M	Y15-24	THS_PER	FRE2	2015	11.8		
ESTAT:LFST_R_LFSD2POP(1.0)	17/04/26 11:00:00	A	ED5-8	M	Y15-24	THS_PER	FRF1	2015	19.4		
ESTAT:LFST_R_LFSD2POP(1.0)	17/04/26 11:00:00	A	ED5-8	M	Y15-24	THS_PER	FRF2	2015	6.8	u	
ESTAT:LFST_R_LFSD2POP(1.0)	17/04/26 11:00:00	A	ED5-8	M	Y15-24	THS_PER	FRF3	2015	22.0		
ESTAT:LFST_R_LFSD2POP(1.0)	17/04/26 11:00:00	A	ED5-8	M	Y15-24	THS_PER	FRG0	2015	29.7		
ESTAT:LFST_R_LFSD2POP(1.0)	17/04/26 11:00:00	A	ED5-8	M	Y15-24	THS_PER	FRH0	2015	28.1		
ESTAT:LFST_R_LFSD2POP(1.0)	17/04/26 11:00:00	A	ED5-8	M	Y15-24	THS_PER	FRI1	2015	27.9		
ESTAT:LFST_R_LFSD2POP(1.0)	17/04/26 11:00:00	A	ED5-8	M	Y15-24	THS_PER	FRI2	2015	4.0	u	
ESTAT:LFST_R_LFSD2POP(1.0)	17/04/26 11:00:00	A	ED5-8	M	Y15-24	THS_PER	FRI3	2015	9.2	u	
ESTAT:LFST_R_LFSD2POP(1.0)	17/04/26 11:00:00	A	ED5-8	M	Y15-24	THS_PER	FRJ1	2015	14.6		
ESTAT:LFST_R_LFSD2POP(1.0)	17/04/26 11:00:00	A	ED5-8	M	Y15-24	THS_PER	FRJ2	2015	17.8		
ESTAT:LFST_R_LFSD2POP(1.0)	17/04/26 11:00:00	A	ED5-8	M	Y15-24	THS_PER	FRK1	2015	12.4		
ESTAT:LFST_R_LFSD2POP(1.0)	17/04/26 11:00:00	A	ED5-8	M	Y15-24	THS_PER	FRK2	2015	57.1		
ESTAT:LFST_R_LFSD2POP(1.0)	17/04/26 11:00:00	A	ED5-8	M	Y15-24	THS_PER	FRL0	2015	27.4		
ESTAT:LFST_R_LFSD2POP(1.0)	17/04/26 11:00:00	A	ED5-8	M	Y15-24	THS_PER	FRM0	2015	0.6	u	
ESTAT:LFST_R_LFSD2POP(1.0)	17/04/26 11:00:00	A	ED5-8	M	Y15-64	THS_PER	FR10	2015	1488.6		
ESTAT:LFST_R_LFSD2POP(1.0)	17/04/26 11:00:00	A	ED5-8	M	Y15-64	THS_PER	FRB0	2015	170.1		
ESTAT:LFST_R_LFSD2POP(1.0)	17/04/26 11:00:00	A	ED5-8	M	Y15-64	THS_PER	FRC1	2015	101.1		
ESTAT:LFST_R_LFSD2POP(1.0)	17/04/26 11:00:00	A	ED5-8	M	Y15-64	THS_PER	FRC2	2015	71.8		
ESTAT:LFST_R_LFSD2POP(1.0)	17/04/26 11:00:00	A	ED5-8	M	Y15-64	THS_PER	FRD1	2015	93.8		
ESTAT:LFST_R_LFSD2POP(1.0)	17/04/26 11:00:00	A	ED5-8	M	Y15-64	THS_PER	FRD2	2015	117.6		
ESTAT:LFST_R_LFSD2POP(1.0)	17/04/26 11:00:00	A	ED5-8	M	Y15-64	THS_PER	FRE1	2015	282.3		
ESTAT:LFST_R_LFSD2POP(1.0)	17/04/26 11:00:00	A	ED5-8	M	Y15-64	THS_PER	FRE2	2015	115.5		
ESTAT:LFST_R_LFSD2POP(1.0)	17/04/26 11:00:00	A	ED5-8	M	Y15-64	THS_PER	FRF1	2015	161.8		
ESTAT:LFST_R_LFSD2POP(1.0)	17/04/26 11:00:00	A	ED5-8	M	Y15-64	THS_PER	FRF2	2015	84.4		
ESTAT:LFST_R_LFSD2POP(1.0)	17/04/26 11:00:00	A	ED5-8	M	Y15-64	THS_PER	FRF3	2015	189.7		
ESTAT:LFST_R_LFSD2POP(1.0)	17/04/26 11:00:00	A	ED5-8	M	Y15-64	THS_PER	FRG0	2015	307.3		
ESTAT:LFST_R_LFSD2POP(1.0)	17/04/26 11:00:00	A	ED5-8	M	Y15-64	THS_PER	FRH0	2015	266.8		
ESTAT:LFST_R_LFSD2POP(1.0)	17/04/26 11:00:00	A	ED5-8	M	Y15-64	THS_PER	FRI1	2015	263.2		
ESTAT:LFST_R_LFSD2POP(1.0)	17/04/26 11:00:00	A	ED5-8	M	Y15-64	THS_PER	FRI2	2015	50.5		
ESTAT:LFST_R_LFSD2POP(1.0)	17/04/26 11:00:00	A	ED5-8	M	Y15-64	THS_PER	FRI3	2015	114.9		
ESTAT:LFST_R_LFSD2POP(1.0)	17/04/26 11:00:00	A	ED5-8	M	Y15-64	THS_PER	FRJ1	2015	202.3		
ESTAT:LFST_R_LFSD2POP(1.0)	17/04/26 11:00:00	A	ED5-8	M	Y15-64	THS_PER	FRJ2	2015	285.7		
ESTAT:LFST_R_LFSD2POP(1.0)	17/04/26 11:00:00	A	ED5-8	M	Y15-64	THS_PER	FRK1	2015	97.1		
ESTAT:LFST_R_LFSD2POP(1.0)	17/04/26 11:00:00	A	ED5-8	M	Y15-64	THS_PER	FRK2	2015	620.6		
ESTAT:LFST_R_LFSD2POP(1.0)	17/04/26 11:00:00	A	ED5-8	M	Y15-64	THS_PER	FRL0	2015	410.0		
ESTAT:LFST_R_LFSD2POP(1.0)	17/04/26 11:00:00	A	ED5-8	M	Y15-64	THS_PER	FRM0	2015	17.1	u	
ESTAT:LFST_R_LFSD2POP(1.0)	17/04/26 11:00:00	A	ED5-8	M	Y15-74	THS_PER	FR10	2015	1611.5		
ESTAT:LFST_R_LFSD2POP(1.0)	17/04/26 11:00:00	A	ED5-8	M	Y15-74	THS_PER	FRB0	2015	195.9		
ESTAT:LFST_R_LFSD2POP(1.0)	17/04/26 11:00:00	A	ED5-8	M	Y15-74	THS_PER	FRC1	2015	113.0		
ESTAT:LFST_R_LFSD2POP(1.0)	17/04/26 11:00:00	A	ED5-8	M	Y15-74	THS_PER	FRC2	2015	79.3		
ESTAT:LFST_R_LFSD2POP(1.0)	17/04/26 11:00:00	A	ED5-8	M	Y15-74	THS_PER	FRD1	2015	108.2		
ESTAT:LFST_R_LFSD2POP(1.0)	17/04/26 11:00:00	A	ED5-8	M	Y15-74	THS_PER	FRD2	2015	128.4		
ESTAT:LFST_R_LFSD2POP(1.0)	17/04/26 11:00:00	A	ED5-8	M	Y15-74	THS_PER	FRE1	2015	308.9		
ESTAT:LFST_R_LFSD2POP(1.0)	17/04/26 11:00:00	A	ED5-8	M	Y15-74	THS_PER	FRE2	2015	124.7		
ESTAT:LFST_R_LFSD2POP(1.0)	17/04/26 11:00:00	A	ED5-8	M	Y15-74	THS_PER	FRF1	2015	179.1		
ESTAT:LFST_R_LFSD2POP(1.0)	17/04/26 11:00:00	A	ED5-8	M	Y15-74	THS_PER	FRF2	2015	90.1		
ESTAT:LFST_R_LFSD2POP(1.0)	17/04/26 11:00:00	A	ED5-8	M	Y15-74	THS_PER	FRF3	2015	210.5		
ESTAT:LFST_R_LFSD2POP(1.0)	17/04/26 11:00:00	A	ED5-8	M	Y15-74	THS_PER	FRG0	2015	334.2		
ESTAT:LFST_R_LFSD2POP(1.0)	17/04/26 11:00:00	A	ED5-8	M	Y15-74	THS_PER	FRH0	2015	292.0		
ESTAT:LFST_R_LFSD2POP(1.0)	17/04/26 11:00:00	A	ED5-8	M	Y15-74	THS_PER	FRI1	2015	296.5		
ESTAT:LFST_R_LFSD2POP(1.0)	17/04/26 11:00:00	A	ED5-8	M	Y15-74	THS_PER	FRI2	2015	57.4		
ESTAT:LFST_R_LFSD2POP(1.0)	17/04/26 11:00:00	A	ED5-8	M	Y15-74	THS_PER	FRI3	2015	129.0		
ESTAT:LFST_R_LFSD2POP(1.0)	17/04/26 11:00:00	A	ED5-8	M	Y15-74	THS_PER	FRJ1	2015	241.1		
ESTAT:LFST_R_LFSD2POP(1.0)	17/04/26 11:00:00	A	ED5-8	M	Y15-74	THS_PER	FRJ2	2015	321.9		
ESTAT:LFST_R_LFSD2POP(1.0)	17/04/26 11:00:00	A	ED5-8	M	Y15-74	THS_PER	FRK1	2015	111.6		
ESTAT:LFST_R_LFSD2POP(1.0)	17/04/26 11:00:00	A	ED5-8	M	Y15-74	THS_PER	FRK2	2015	684.0		
ESTAT:LFST_R_LFSD2POP(1.0)	17/04/26 11:00:00	A	ED5-8	M	Y15-74	THS_PER	FRL0	2015	463.5		
ESTAT:LFST_R_LFSD2POP(1.0)	17/04/26 11:00:00	A	ED5-8	M	Y15-74	THS_PER	FRM0	2015	24.7	u	
ESTAT:LFST_R_LFSD2POP(1.0)	17/04/26 11:00:00	A	ED5-8	M	Y20-64	THS_PER	FR10	2015	1487.9		
ESTAT:LFST_R_LFSD2POP(1.0)	17/04/26 11:00:00	A	ED5-8	M	Y20-64	THS_PER	FRB0	2015	170.1		
ESTAT:LFST_R_LFSD2POP(1.0)	17/04/26 11:00:00	A	ED5-8	M	Y20-64	THS_PER	FRC1	2015	100.8		
ESTAT:LFST_R_LFSD2POP(1.0)	17/04/26 11:00:00	A	ED5-8	M	Y20-64	THS_PER	FRC2	2015	71.7		
ESTAT:LFST_R_LFSD2POP(1.0)	17/04/26 11:00:00	A	ED5-8	M	Y20-64	THS_PER	FRD1	2015	93.2		
ESTAT:LFST_R_LFSD2POP(1.0)	17/04/26 11:00:00	A	ED5-8	M	Y20-64	THS_PER	FRD2	2015	117.5		
ESTAT:LFST_R_LFSD2POP(1.0)	17/04/26 11:00:00	A	ED5-8	M	Y20-64	THS_PER	FRE1	2015	281.8		
ESTAT:LFST_R_LFSD2POP(1.0)	17/04/26 11:00:00	A	ED5-8	M	Y20-64	THS_PER	FRE2	2015	115.5		
ESTAT:LFST_R_LFSD2POP(1.0)	17/04/26 11:00:00	A	ED5-8	M	Y20-64	THS_PER	FRF1	2015	161.7		
ESTAT:LFST_R_LFSD2POP(1.0)	17/04/26 11:00:00	A	ED5-8	M	Y20-64	THS_PER	FRF2	2015	84.1		
ESTAT:LFST_R_LFSD2POP(1.0)	17/04/26 11:00:00	A	ED5-8	M	Y20-64	THS_PER	FRF3	2015	189.7		
ESTAT:LFST_R_LFSD2POP(1.0)	17/04/26 11:00:00	A	ED5-8	M	Y20-64	THS_PER	FRG0	2015	306.4		
ESTAT:LFST_R_LFSD2POP(1.0)	17/04/26 11:00:00	A	ED5-8	M	Y20-64	THS_PER	FRH0	2015	266.3		
ESTAT:LFST_R_LFSD2POP(1.0)	17/04/26 11:00:00	A	ED5-8	M	Y20-64	THS_PER	FRI1	2015	263.2		
ESTAT:LFST_R_LFSD2POP(1.0)	17/04/26 11:00:00	A	ED5-8	M	Y20-64	THS_PER	FRI2	2015	50.5		
ESTAT:LFST_R_LFSD2POP(1.0)	17/04/26 11:00:00	A	ED5-8	M	Y20-64	THS_PER	FRI3	2015	114.3		
ESTAT:LFST_R_LFSD2POP(1.0)	17/04/26 11:00:00	A	ED5-8	M	Y20-64	THS_PER	FRJ1	2015	201.7		
ESTAT:LFST_R_LFSD2POP(1.0)	17/04/26 11:00:00	A	ED5-8	M	Y20-64	THS_PER	FRJ2	2015	285.7		
ESTAT:LFST_R_LFSD2POP(1.0)	17/04/26 11:00:00	A	ED5-8	M	Y20-64	THS_PER	FRK1	2015	97.1		
ESTAT:LFST_R_LFSD2POP(1.0)	17/04/26 11:00:00	A	ED5-8	M	Y20-64	THS_PER	FRK2	2015	619.3		
ESTAT:LFST_R_LFSD2POP(1.0)	17/04/26 11:00:00	A	ED5-8	M	Y20-64	THS_PER	FRL0	2015	409.3		
ESTAT:LFST_R_LFSD2POP(1.0)	17/04/26 11:00:00	A	ED5-8	M	Y20-64	THS_PER	FRM0	2015	17.1	u	
ESTAT:LFST_R_LFSD2POP(1.0)	17/04/26 11:00:00	A	ED5-8	M	Y25-34	THS_PER	FR10	2015	448.9		
ESTAT:LFST_R_LFSD2POP(1.0)	17/04/26 11:00:00	A	ED5-8	M	Y25-34	THS_PER	FRB0	2015	41.1		
ESTAT:LFST_R_LFSD2POP(1.0)	17/04/26 11:00:00	A	ED5-8	M	Y25-34	THS_PER	FRC1	2015	20.0		
ESTAT:LFST_R_LFSD2POP(1.0)	17/04/26 11:00:00	A	ED5-8	M	Y25-34	THS_PER	FRC2	2015	17.3		
ESTAT:LFST_R_LFSD2POP(1.0)	17/04/26 11:00:00	A	ED5-8	M	Y25-34	THS_PER	FRD1	2015	23.9		
ESTAT:LFST_R_LFSD2POP(1.0)	17/04/26 11:00:00	A	ED5-8	M	Y25-34	THS_PER	FRD2	2015	39.5		
ESTAT:LFST_R_LFSD2POP(1.0)	17/04/26 11:00:00	A	ED5-8	M	Y25-34	THS_PER	FRE1	2015	87.2		
ESTAT:LFST_R_LFSD2POP(1.0)	17/04/26 11:00:00	A	ED5-8	M	Y25-34	THS_PER	FRE2	2015	31.5		
ESTAT:LFST_R_LFSD2POP(1.0)	17/04/26 11:00:00	A	ED5-8	M	Y25-34	THS_PER	FRF1	2015	36.9		
ESTAT:LFST_R_LFSD2POP(1.0)	17/04/26 11:00:00	A	ED5-8	M	Y25-34	THS_PER	FRF2	2015	30.3		
ESTAT:LFST_R_LFSD2POP(1.0)	17/04/26 11:00:00	A	ED5-8	M	Y25-34	THS_PER	FRF3	2015	50.4		
ESTAT:LFST_R_LFSD2POP(1.0)	17/04/26 11:00:00	A	ED5-8	M	Y25-34	THS_PER	FRG0	2015	88.9		
ESTAT:LFST_R_LFSD2POP(1.0)	17/04/26 11:00:00	A	ED5-8	M	Y25-34	THS_PER	FRH0	2015	66.6		
ESTAT:LFST_R_LFSD2POP(1.0)	17/04/26 11:00:00	A	ED5-8	M	Y25-34	THS_PER	FRI1	2015	68.5		
ESTAT:LFST_R_LFSD2POP(1.0)	17/04/26 11:00:00	A	ED5-8	M	Y25-34	THS_PER	FRI2	2015	15.2		
ESTAT:LFST_R_LFSD2POP(1.0)	17/04/26 11:00:00	A	ED5-8	M	Y25-34	THS_PER	FRI3	2015	30.5		
ESTAT:LFST_R_LFSD2POP(1.0)	17/04/26 11:00:00	A	ED5-8	M	Y25-34	THS_PER	FRJ1	2015	40.3		
ESTAT:LFST_R_LFSD2POP(1.0)	17/04/26 11:00:00	A	ED5-8	M	Y25-34	THS_PER	FRJ2	2015	80.6		
ESTAT:LFST_R_LFSD2POP(1.0)	17/04/26 11:00:00	A	ED5-8	M	Y25-34	THS_PER	FRK1	2015	24.0		
ESTAT:LFST_R_LFSD2POP(1.0)	17/04/26 11:00:00	A	ED5-8	M	Y25-34	THS_PER	FRK2	2015	174.3		
ESTAT:LFST_R_LFSD2POP(1.0)	17/04/26 11:00:00	A	ED5-8	M	Y25-34	THS_PER	FRL0	2015	111.1		
ESTAT:LFST_R_LFSD2POP(1.0)	17/04/26 11:00:00	A	ED5-8	M	Y25-34	THS_PER	FRM0	2015	2.2	u	
ESTAT:LFST_R_LFSD2POP(1.0)	17/04/26 11:00:00	A	ED5-8	M	Y25-64	THS_PER	FR10	2015	1383.0		
ESTAT:LFST_R_LFSD2POP(1.0)	17/04/26 11:00:00	A	ED5-8	M	Y25-64	THS_PER	FRB0	2015	155.7		
ESTAT:LFST_R_LFSD2POP(1.0)	17/04/26 11:00:00	A	ED5-8	M	Y25-64	THS_PER	FRC1	2015	88.8		
ESTAT:LFST_R_LFSD2POP(1.0)	17/04/26 11:00:00	A	ED5-8	M	Y25-64	THS_PER	FRC2	2015	65.0		
ESTAT:LFST_R_LFSD2POP(1.0)	17/04/26 11:00:00	A	ED5-8	M	Y25-64	THS_PER	FRD1	2015	83.7		
ESTAT:LFST_R_LFSD2POP(1.0)	17/04/26 11:00:00	A	ED5-8	M	Y25-64	THS_PER	FRD2	2015	106.2		
ESTAT:LFST_R_LFSD2POP(1.0)	17/04/26 11:00:00	A	ED5-8	M	Y25-64	THS_PER	FRE1	2015	255.6		
ESTAT:LFST_R_LFSD2POP(1.0)	17/04/26 11:00:00	A	ED5-8	M	Y25-64	THS_PER	FRE2	2015	103.6		
ESTAT:LFST_R_LFSD2POP(1.0)	17/04/26 11:00:00	A	ED5-8	M	Y25-64	THS_PER	FRF1	2015	142.4		
ESTAT:LFST_R_LFSD2POP(1.0)	17/04/26 11:00:00	A	ED5-8	M	Y25-64	THS_PER	FRF2	2015	77.6		
ESTAT:LFST_R_LFSD2POP(1.0)	17/04/26 11:00:00	A	ED5-8	M	Y25-64	THS_PER	FRF3	2015	167.7		
ESTAT:LFST_R_LFSD2POP(1.0)	17/04/26 11:00:00	A	ED5-8	M	Y25-64	THS_PER	FRG0	2015	277.7		
ESTAT:LFST_R_LFSD2POP(1.0)	17/04/26 11:00:00	A	ED5-8	M	Y25-64	THS_PER	FRH0	2015	238.7		
ESTAT:LFST_R_LFSD2POP(1.0)	17/04/26 11:00:00	A	ED5-8	M	Y25-64	THS_PER	FRI1	2015	235.3		
ESTAT:LFST_R_LFSD2POP(1.0)	17/04/26 11:00:00	A	ED5-8	M	Y25-64	THS_PER	FRI2	2015	46.5		
ESTAT:LFST_R_LFSD2POP(1.0)	17/04/26 11:00:00	A	ED5-8	M	Y25-64	THS_PER	FRI3	2015	105.7		
ESTAT:LFST_R_LFSD2POP(1.0)	17/04/26 11:00:00	A	ED5-8	M	Y25-64	THS_PER	FRJ1	2015	187.6		
ESTAT:LFST_R_LFSD2POP(1.0)	17/04/26 11:00:00	A	ED5-8	M	Y25-64	THS_PER	FRJ2	2015	267.9		
ESTAT:LFST_R_LFSD2POP(1.0)	17/04/26 11:00:00	A	ED5-8	M	Y25-64	THS_PER	FRK1	2015	84.7		
ESTAT:LFST_R_LFSD2POP(1.0)	17/04/26 11:00:00	A	ED5-8	M	Y25-64	THS_PER	FRK2	2015	563.5		
ESTAT:LFST_R_LFSD2POP(1.0)	17/04/26 11:00:00	A	ED5-8	M	Y25-64	THS_PER	FRL0	2015	382.6		
ESTAT:LFST_R_LFSD2POP(1.0)	17/04/26 11:00:00	A	ED5-8	M	Y25-64	THS_PER	FRM0	2015	16.6	u	
ESTAT:LFST_R_LFSD2POP(1.0)	17/04/26 11:00:00	A	ED5-8	M	Y35-44	THS_PER	FR10	2015	400.1		
ESTAT:LFST_R_LFSD2POP(1.0)	17/04/26 11:00:00	A	ED5-8	M	Y35-44	THS_PER	FRB0	2015	46.9		
ESTAT:LFST_R_LFSD2POP(1.0)	17/04/26 11:00:00	A	ED5-8	M	Y35-44	THS_PER	FRC1	2015	31.6		
ESTAT:LFST_R_LFSD2POP(1.0)	17/04/26 11:00:00	A	ED5-8	M	Y35-44	THS_PER	FRC2	2015	21.9		
ESTAT:LFST_R_LFSD2POP(1.0)	17/04/26 11:00:00	A	ED5-8	M	Y35-44	THS_PER	FRD1	2015	30.7		
ESTAT:LFST_R_LFSD2POP(1.0)	17/04/26 11:00:00	A	ED5-8	M	Y35-44	THS_PER	FRD2	2015	32.2		
ESTAT:LFST_R_LFSD2POP(1.0)	17/04/26 11:00:00	A	ED5-8	M	Y35-44	THS_PER	FRE1	2015	76.7		
ESTAT:LFST_R_LFSD2POP(1.0)	17/04/26 11:00:00	A	ED5-8	M	Y35-44	THS_PER	FRE2	2015	32.9		
ESTAT:LFST_R_LFSD2POP(1.0)	17/04/26 11:00:00	A	ED5-8	M	Y35-44	THS_PER	FRF1	2015	44.0		
ESTAT:LFST_R_LFSD2POP(1.0)	17/04/26 11:00:00	A	ED5-8	M	Y35-44	THS_PER	FRF2	2015	20.7		
ESTAT:LFST_R_LFSD2POP(1.0)	17/04/26 11:00:00	A	ED5-8	M	Y35-44	THS_PER	FRF3	2015	45.3		
ESTAT:LFST_R_LFSD2POP(1.0)	17/04/26 11:00:00	A	ED5-8	M	Y35-44	THS_PER	FRG0	2015	93.2		
ESTAT:LFST_R_LFSD2POP(1.0)	17/04/26 11:00:00	A	ED5-8	M	Y35-44	THS_PER	FRH0	2015	72.1		
ESTAT:LFST_R_LFSD2POP(1.0)	17/04/26 11:00:00	A	ED5-8	M	Y35-44	THS_PER	FRI1	2015	71.2		
ESTAT:LFST_R_LFSD2POP(1.0)	17/04/26 11:00:00	A	ED5-8	M	Y35-44	THS_PER	FRI2	2015	13.5		
ESTAT:LFST_R_LFSD2POP(1.0)	17/04/26 11:00:00	A	ED5-8	M	Y35-44	THS_PER	FRI3	2015	36.5		
ESTAT:LFST_R_LFSD2POP(1.0)	17/04/26 11:00:00	A	ED5-8	M	Y35-44	THS_PER	FRJ1	2015	69.2		
ESTAT:LFST_R_LFSD2POP(1.0)	17/04/26 11:00:00	A	ED5-8	M	Y35-44	THS_PER	FRJ2	2015	72.6		
ESTAT:LFST_R_LFSD2POP(1.0)	17/04/26 11:00:00	A	ED5-8	M	Y35-44	THS_PER	FRK1	2015	25.5		
ESTAT:LFST_R_LFSD2POP(1.0)	17/04/26 11:00:00	A	ED5-8	M	Y35-44	THS_PER	FRK2	2015	176.2		
ESTAT:LFST_R_LFSD2POP(1.0)	17/04/26 11:00:00	A	ED5-8	M	Y35-44	THS_PER	FRL0	2015	107.4		
ESTAT:LFST_R_LFSD2POP(1.0)	17/04/26 11:00:00	A	ED5-8	M	Y35-44	THS_PER	FRM0	2015	3.7	u	
ESTAT:LFST_R_LFSD2POP(1.0)	17/04/26 11:00:00	A	ED5-8	M	Y45-54	THS_PER	FR10	2015	302.3		
ESTAT:LFST_R_LFSD2POP(1.0)	17/04/26 11:00:00	A	ED5-8	M	Y45-54	THS_PER	FRB0	2015	36.4		
ESTAT:LFST_R_LFSD2POP(1.0)	17/04/26 11:00:00	A	ED5-8	M	Y45-54	THS_PER	FRC1	2015	22.0		
ESTAT:LFST_R_LFSD2POP(1.0)	17/04/26 11:00:00	A	ED5-8	M	Y45-54	THS_PER	FRC2	2015	14.0		
ESTAT:LFST_R_LFSD2POP(1.0)	17/04/26 11:00:00	A	ED5-8	M	Y45-54	THS_PER	FRD1	2015	19.3		
ESTAT:LFST_R_LFSD2POP(1.0)	17/04/26 11:00:00	A	ED5-8	M	Y45-54	THS_PER	FRD2	2015	18.8		
ESTAT:LFST_R_LFSD2POP(1.0)	17/04/26 11:00:00	A	ED5-8	M	Y45-54	THS_PER	FRE1	2015	49.9		
ESTAT:LFST_R_LFSD2POP(1.0)	17/04/26 11:00:00	A	ED5-8	M	Y45-54	THS_PER	FRE2	2015	18.6		
ESTAT:LFST_R_LFSD2POP(1.0)	17/04/26 11:00:00	A	ED5-8	M	Y45-54	THS_PER	FRF1	2015	36.2		
ESTAT:LFST_R_LFSD2POP(1.0)	17/04/26 11:00:00	A	ED5-8	M	Y45-54	THS_PER	FRF2	2015	16.1		
ESTAT:LFST_R_LFSD2POP(1.0)	17/04/26 11:00:00	A	ED5-8	M	Y45-54	THS_PER	FRF3	2015	43.5		
ESTAT:LFST_R_LFSD2POP(1.0)	17/04/26 11:00:00	A	ED5-8	M	Y45-54	THS_PER	FRG0	2015	55.9		
ESTAT:LFST_R_LFSD2POP(1.0)	17/04/26 11:00:00	A	ED5-8	M	Y45-54	THS_PER	FRH0	2015	52.9		
ESTAT:LFST_R_LFSD2POP(1.0)	17/04/26 11:00:00	A	ED5-8	M	Y45-54	THS_PER	FRI1	2015	59.2		
ESTAT:LFST_R_LFSD2POP(1.0)	17/04/26 11:00:00	A	ED5-8	M	Y45-54	THS_PER	FRI2	2015	9.0	u	
ESTAT:LFST_R_LFSD2POP(1.0)	17/04/26 11:00:00	A	ED5-8	M	Y45-54	THS_PER	FRI3	2015	21.1		
ESTAT:LFST_R_LFSD2POP(1.0)	17/04/26 11:00:00	A	ED5-8	M	Y45-54	THS_PER	FRJ1	2015	40.7		
ESTAT:LFST_R_LFSD2POP(1.0)	17/04/26 11:00:00	A	ED5-8	M	Y45-54	THS_PER	FRJ2	2015	67.5		
ESTAT:LFST_R_LFSD2POP(1.0)	17/04/26 11:00:00	A	ED5-8	M	Y45-54	THS_PER	FRK1	2015	23.4		
ESTAT:LFST_R_LFSD2POP(1.0)	17/04/26 11:00:00	A	ED5-8	M	Y45-54	THS_PER	FRK2	2015	121.4		
ESTAT:LFST_R_LFSD2POP(1.0)	17/04/26 11:00:00	A	ED5-8	M	Y45-54	THS_PER	FRL0	2015	95.9		
ESTAT:LFST_R_LFSD2POP(1.0)	17/04/26 11:00:00	A	ED5-8	M	Y45-54	THS_PER	FRM0	2015	6.2	u	
ESTAT:LFST_R_LFSD2POP(1.0)	17/04/26 11:00:00	A	ED5-8	M	Y55-64	THS_PER	FR10	2015	231.6		
ESTAT:LFST_R_LFSD2POP(1.0)	17/04/26 11:00:00	A	ED5-8	M	Y55-64	THS_PER	FRB0	2015	31.4		
ESTAT:LFST_R_LFSD2POP(1.0)	17/04/26 11:00:00	A	ED5-8	M	Y55-64	THS_PER	FRC1	2015	15.1		
ESTAT:LFST_R_LFSD2POP(1.0)	17/04/26 11:00:00	A	ED5-8	M	Y55-64	THS_PER	FRC2	2015	11.8		
ESTAT:LFST_R_LFSD2POP(1.0)	17/04/26 11:00:00	A	ED5-8	M	Y55-64	THS_PER	FRD1	2015	9.8	u	
ESTAT:LFST_R_LFSD2POP(1.0)	17/04/26 11:00:00	A	ED5-8	M	Y55-64	THS_PER	FRD2	2015	15.7		
ESTAT:LFST_R_LFSD2POP(1.0)	17/04/26 11:00:00	A	ED5-8	M	Y55-64	THS_PER	FRE1	2015	41.9		
ESTAT:LFST_R_LFSD2POP(1.0)	17/04/26 11:00:00	A	ED5-8	M	Y55-64	THS_PER	FRE2	2015	20.6		
ESTAT:LFST_R_LFSD2POP(1.0)	17/04/26 11:00:00	A	ED5-8	M	Y55-64	THS_PER	FRF1	2015	25.3		
ESTAT:LFST_R_LFSD2POP(1.0)	17/04/26 11:00:00	A	ED5-8	M	Y55-64	THS_PER	FRF2	2015	10.5		
ESTAT:LFST_R_LFSD2POP(1.0)	17/04/26 11:00:00	A	ED5-8	M	Y55-64	THS_PER	FRF3	2015	28.5		
ESTAT:LFST_R_LFSD2POP(1.0)	17/04/26 11:00:00	A	ED5-8	M	Y55-64	THS_PER	FRG0	2015	39.7		
ESTAT:LFST_R_LFSD2POP(1.0)	17/04/26 11:00:00	A	ED5-8	M	Y55-64	THS_PER	FRH0	2015	47.1		
ESTAT:LFST_R_LFSD2POP(1.0)	17/04/26 11:00:00	A	ED5-8	M	Y55-64	THS_PER	FRI1	2015	36.4		
ESTAT:LFST_R_LFSD2POP(1.0)	17/04/26 11:00:00	A	ED5-8	M	Y55-64	THS_PER	FRI2	2015	8.8	u	
ESTAT:LFST_R_LFSD2POP(1.0)	17/04/26 11:00:00	A	ED5-8	M	Y55-64	THS_PER	FRI3	2015	17.6		
ESTAT:LFST_R_LFSD2POP(1.0)	17/04/26 11:00:00	A	ED5-8	M	Y55-64	THS_PER	FRJ1	2015	37.5		
ESTAT:LFST_R_LFSD2POP(1.0)	17/04/26 11:00:00	A	ED5-8	M	Y55-64	THS_PER	FRJ2	2015	47.2		
ESTAT:LFST_R_LFSD2POP(1.0)	17/04/26 11:00:00	A	ED5-8	M	Y55-64	THS_PER	FRK1	2015	11.8		
ESTAT:LFST_R_LFSD2POP(1.0)	17/04/26 11:00:00	A	ED5-8	M	Y55-64	THS_PER	FRK2	2015	91.5		
ESTAT:LFST_R_LFSD2POP(1.0)	17/04/26 11:00:00	A	ED5-8	M	Y55-64	THS_PER	FRL0	2015	68.1		
ESTAT:LFST_R_LFSD2POP(1.0)	17/04/26 11:00:00	A	ED5-8	M	Y55-64	THS_PER	FRM0	2015	4.5	u	
ESTAT:LFST_R_LFSD2POP(1.0)	17/04/26 11:00:00	A	ED5-8	M	Y_GE15	THS_PER	FR10	2015	1680.7		
ESTAT:LFST_R_LFSD2POP(1.0)	17/04/26 11:00:00	A	ED5-8	M	Y_GE15	THS_PER	FRB0	2015	201.7		
ESTAT:LFST_R_LFSD2POP(1.0)	17/04/26 11:00:00	A	ED5-8	M	Y_GE15	THS_PER	FRC1	2015	117.8		
ESTAT:LFST_R_LFSD2POP(1.0)	17/04/26 11:00:00	A	ED5-8	M	Y_GE15	THS_PER	FRC2	2015	82.3		
ESTAT:LFST_R_LFSD2POP(1.0)	17/04/26 11:00:00	A	ED5-8	M	Y_GE15	THS_PER	FRD1	2015	112.3		
ESTAT:LFST_R_LFSD2POP(1.0)	17/04/26 11:00:00	A	ED5-8	M	Y_GE15	THS_PER	FRD2	2015	134.1		
ESTAT:LFST_R_LFSD2POP(1.0)	17/04/26 11:00:00	A	ED5-8	M	Y_GE15	THS_PER	FRE1	2015	313.3		
ESTAT:LFST_R_LFSD2POP(1.0)	17/04/26 11:00:00	A	ED5-8	M	Y_GE15	THS_PER	FRE2	2015	128.3		
ESTAT:LFST_R_LFSD2POP(1.0)	17/04/26 11:00:00	A	ED5-8	M	Y_GE15	THS_PER	FRF1	2015	186.3		
ESTAT:LFST_R_LFSD2POP(1.0)	17/04/26 11:00:00	A	ED5-8	M	Y_GE15	THS_PER	FRF2	2015	92.7		
ESTAT:LFST_R_LFSD2POP(1.0)	17/04/26 11:00:00	A	ED5-8	M	Y_GE15	THS_PER	FRF3	2015	216.3		
ESTAT:LFST_R_LFSD2POP(1.0)	17/04/26 11:00:00	A	ED5-8	M	Y_GE15	THS_PER	FRG0	2015	342.9		
ESTAT:LFST_R_LFSD2POP(1.0)	17/04/26 11:00:00	A	ED5-8	M	Y_GE15	THS_PER	FRH0	2015	303.0		
ESTAT:LFST_R_LFSD2POP(1.0)	17/04/26 11:00:00	A	ED5-8	M	Y_GE15	THS_PER	FRI1	2015	311.1		
ESTAT:LFST_R_LFSD2POP(1.0)	17/04/26 11:00:00	A	ED5-8	M	Y_GE15	THS_PER	FRI2	2015	61.6		
ESTAT:LFST_R_LFSD2POP(1.0)	17/04/26 11:00:00	A	ED5-8	M	Y_GE15	THS_PER	FRI3	2015	132.8		
ESTAT:LFST_R_LFSD2POP(1.0)	17/04/26 11:00:00	A	ED5-8	M	Y_GE15	THS_PER	FRJ1	2015	258.4		
ESTAT:LFST_R_LFSD2POP(1.0)	17/04/26 11:00:00	A	ED5-8	M	Y_GE15	THS_PER	FRJ2	2015	334.1		
ESTAT:LFST_R_LFSD2POP(1.0)	17/04/26 11:00:00	A	ED5-8	M	Y_GE15	THS_PER	FRK1	2015	116.9		
ESTAT:LFST_R_LFSD2POP(1.0)	17/04/26 11:00:00	A	ED5-8	M	Y_GE15	THS_PER	FRK2	2015	709.0		
ESTAT:LFST_R_LFSD2POP(1.0)	17/04/26 11:00:00	A	ED5-8	M	Y_GE15	THS_PER	FRL0	2015	494.4		
ESTAT:LFST_R_LFSD2POP(1.0)	17/04/26 11:00:00	A	ED5-8	M	Y_GE15	THS_PER	FRM0	2015	26.0	u	
ESTAT:LFST_R_LFSD2POP(1.0)	17/04/26 11:00:00	A	ED5-8	M	Y_GE25	THS_PER	FR10	2015	1575.2		
ESTAT:LFST_R_LFSD2POP(1.0)	17/04/26 11:00:00	A	ED5-8	M	Y_GE25	THS_PER	FRB0	2015	187.3		
ESTAT:LFST_R_LFSD2POP(1.0)	17/04/26 11:00:00	A	ED5-8	M	Y_GE25	THS_PER	FRC1	2015	105.5		
ESTAT:LFST_R_LFSD2POP(1.0)	17/04/26 11:00:00	A	ED5-8	M	Y_GE25	THS_PER	FRC2	2015	75.5		
ESTAT:LFST_R_LFSD2POP(1.0)	17/04/26 11:00:00	A	ED5-8	M	Y_GE25	THS_PER	FRD1	2015	102.2		
ESTAT:LFST_R_LFSD2POP(1.0)	17/04/26 11:00:00	A	ED5-8	M	Y_GE25	THS_PER	FRD2	2015	122.7		
ESTAT:LFST_R_LFSD2POP(1.0)	17/04/26 11:00:00	A	ED5-8	M	Y_GE25	THS_PER	FRE1	2015	286.6		
ESTAT:LFST_R_LFSD2POP(1.0)	17/04/26 11:00:00	A	ED5-8	M	Y_GE25	THS_PER	FRE2	2015	116.5		
ESTAT:LFST_R_LFSD2POP(1.0)	17/04/26 11:00:00	A	ED5-8	M	Y_GE25	THS_PER	FRF1	2015	166.9		
ESTAT:LFST_R_LFSD2POP(1.0)	17/04/26 11:00:00	A	ED5-8	M	Y_GE25	THS_PER	FRF2	2015	85.9		
ESTAT:LFST_R_LFSD2POP(1.0)	17/04/26 11:00:00	A	ED5-8	M	Y_GE25	THS_PER	FRF3	2015	194.4		
ESTAT:LFST_R_LFSD2POP(1.0)	17/04/26 11:00:00	A	ED5-8	M	Y_GE25	THS_PER	FRG0	2015	313.2		
ESTAT:LFST_R_LFSD2POP(1.0)	17/04/26 11:00:00	A	ED5-8	M	Y_GE25	THS_PER	FRH0	2015	275.0		
ESTAT:LFST_R_LFSD2POP(1.0)	17/04/26 11:00:00	A	ED5-8	M	Y_GE25	THS_PER	FRI1	2015	283.2		
ESTAT:LFST_R_LFSD2POP(1.0)	17/04/26 11:00:00	A	ED5-8	M	Y_GE25	THS_PER	FRI2	2015	57.6		
ESTAT:LFST_R_LFSD2POP(1.0)	17/04/26 11:00:00	A	ED5-8	M	Y_GE25	THS_PER	FRI3	2015	123.6		
ESTAT:LFST_R_LFSD2POP(1.0)	17/04/26 11:00:00	A	ED5-8	M	Y_GE25	THS_PER	FRJ1	2015	243.7		
ESTAT:LFST_R_LFSD2POP(1.0)	17/04/26 11:00:00	A	ED5-8	M	Y_GE25	THS_PER	FRJ2	2015	316.3		
ESTAT:LFST_R_LFSD2POP(1.0)	17/04/26 11:00:00	A	ED5-8	M	Y_GE25	THS_PER	FRK1	2015	104.5		
ESTAT:LFST_R_LFSD2POP(1.0)	17/04/26 11:00:00	A	ED5-8	M	Y_GE25	THS_PER	FRK2	2015	651.9		
ESTAT:LFST_R_LFSD2POP(1.0)	17/04/26 11:00:00	A	ED5-8	M	Y_GE25	THS_PER	FRL0	2015	467.0		
ESTAT:LFST_R_LFSD2POP(1.0)	17/04/26 11:00:00	A	ED5-8	M	Y_GE25	THS_PER	FRM0	2015	25.4	u	
ESTAT:LFST_R_LFSD2POP(1.0)	17/04/26 11:00:00	A	ED5-8	M	Y_GE65	THS_PER	FR10	2015	192.2		
ESTAT:LFST_R_LFSD2POP(1.0)	17/04/26 11:00:00	A	ED5-8	M	Y_GE65	THS_PER	FRB0	2015	31.6		
ESTAT:LFST_R_LFSD2POP(1.0)	17/04/26 11:00:00	A	ED5-8	M	Y_GE65	THS_PER	FRC1	2015	16.7		
ESTAT:LFST_R_LFSD2POP(1.0)	17/04/26 11:00:00	A	ED5-8	M	Y_GE65	THS_PER	FRC2	2015	10.5		
ESTAT:LFST_R_LFSD2POP(1.0)	17/04/26 11:00:00	A	ED5-8	M	Y_GE65	THS_PER	FRD1	2015	18.5		
ESTAT:LFST_R_LFSD2POP(1.0)	17/04/26 11:00:00	A	ED5-8	M	Y_GE65	THS_PER	FRD2	2015	16.6		
ESTAT:LFST_R_LFSD2POP(1.0)	17/04/26 11:00:00	A	ED5-8	M	Y_GE65	THS_PER	FRE1	2015	31.0		
ESTAT:LFST_R_LFSD2POP(1.0)	17/04/26 11:00:00	A	ED5-8	M	Y_GE65	THS_PER	FRE2	2015	12.8		
ESTAT:LFST_R_LFSD2POP(1.0)	17/04/26 11:00:00	A	ED5-8	M	Y_GE65	THS_PER	FRF1	2015	24.5		
ESTAT:LFST_R_LFSD2POP(1.0)	17/04/26 11:00:00	A	ED5-8	M	Y_GE65	THS_PER	FRF2	2015	8.3	u	
ESTAT:LFST_R_LFSD2POP(1.0)	17/04/26 11:00:00	A	ED5-8	M	Y_GE65	THS_PER	FRF3	2015	26.6		
ESTAT:LFST_R_LFSD2POP(1.0)	17/04/26 11:00:00	A	ED5-8	M	Y_GE65	THS_PER	FRG0	2015	35.6		
ESTAT:LFST_R_LFSD2POP(1.0)	17/04/26 11:00:00	A	ED5-8	M	Y_GE65	THS_PER	FRH0	2015	36.2		
ESTAT:LFST_R_LFSD2POP(1.0)	17/04/26 11:00:00	A	ED5-8	M	Y_GE65	THS_PER	FRI1	2015	47.9		
ESTAT:LFST_R_LFSD2POP(1.0)	17/04/26 11:00:00	A	ED5-8	M	Y_GE65	THS_PER	FRI2	2015	11.1		
ESTAT:LFST_R_LFSD2POP(1.0)	17/04/26 11:00:00	A	ED5-8	M	Y_GE65	THS_PER	FRI3	2015	17.9		
ESTAT:LFST_R_LFSD2POP(1.0)	17/04/26 11:00:00	A	ED5-8	M	Y_GE65	THS_PER	FRJ1	2015	56.1		
ESTAT:LFST_R_LFSD2POP(1.0)	17/04/26 11:00:00	A	ED5-8	M	Y_GE65	THS_PER	FRJ2	2015	48.4		
ESTAT:LFST_R_LFSD2POP(1.0)	17/04/26 11:00:00	A	ED5-8	M	Y_GE65	THS_PER	FRK1	2015	19.8		
ESTAT:LFST_R_LFSD2POP(1.0)	17/04/26 11:00:00	A	ED5-8	M	Y_GE65	THS_PER	FRK2	2015	88.4		
ESTAT:LFST_R_LFSD2POP(1.0)	17/04/26 11:00:00	A	ED5-8	M	Y_GE65	THS_PER	FRL0	2015	84.4		
ESTAT:LFST_R_LFSD2POP(1.0)	17/04/26 11:00:00	A	ED5-8	M	Y_GE65	THS_PER	FRM0	2015	8.9	u	
ESTAT:LFST_R_LFSD2POP(1.0)	17/04/26 11:00:00	A	ED5-8	T	Y15-24	THS_PER	FR10	2015	245.6		
ESTAT:LFST_R_LFSD2POP(1.0)	17/04/26 11:00:00	A	ED5-8	T	Y15-24	THS_PER	FRB0	2015	33.6		
ESTAT:LFST_R_LFSD2POP(1.0)	17/04/26 11:00:00	A	ED5-8	T	Y15-24	THS_PER	FRC1	2015	24.5		
ESTAT:LFST_R_LFSD2POP(1.0)	17/04/26 11:00:00	A	ED5-8	T	Y15-24	THS_PER	FRC2	2015	15.4		
ESTAT:LFST_R_LFSD2POP(1.0)	17/04/26 11:00:00	A	ED5-8	T	Y15-24	THS_PER	FRD1	2015	20.0		
ESTAT:LFST_R_LFSD2POP(1.0)	17/04/26 11:00:00	A	ED5-8	T	Y15-24	THS_PER	FRD2	2015	27.4		
ESTAT:LFST_R_LFSD2POP(1.0)	17/04/26 11:00:00	A	ED5-8	T	Y15-24	THS_PER	FRE1	2015	68.8		
ESTAT:LFST_R_LFSD2POP(1.0)	17/04/26 11:00:00	A	ED5-8	T	Y15-24	THS_PER	FRE2	2015	26.8		
ESTAT:LFST_R_LFSD2POP(1.0)	17/04/26 11:00:00	A	ED5-8	T	Y15-24	THS_PER	FRF1	2015	38.6		
ESTAT:LFST_R_LFSD2POP(1.0)	17/04/26 11:00:00	A	ED5-8	T	Y15-24	THS_PER	FRF2	2015	18.0		
ESTAT:LFST_R_LFSD2POP(1.0)	17/04/26 11:00:00	A	ED5-8	T	Y15-24	THS_PER	FRF3	2015	46.1		
ESTAT:LFST_R_LFSD2POP(1.0)	17/04/26 11:00:00	A	ED5-8	T	Y15-24	THS_PER	FRG0	2015	60.4		
ESTAT:LFST_R_LFSD2POP(1.0)	17/04/26 11:00:00	A	ED5-8	T	Y15-24	THS_PER	FRH0	2015	59.9		
ESTAT:LFST_R_LFSD2POP(1.0)	17/04/26 11:00:00	A	ED5-8	T	Y15-24	THS_PER	FRI1	2015	55.9		
ESTAT:LFST_R_LFSD2POP(1.0)	17/04/26 11:00:00	A	ED5-8	T	Y15-24	THS_PER	FRI2	2015	12.5		
ESTAT:LFST_R_LFSD2POP(1.0)	17/04/26 11:00:00	A	ED5-8	T	Y15-24	THS_PER	FRI3	2015	18.9		
ESTAT:LFST_R_LFSD2POP(1.0)	17/04/26 11:00:00	A	ED5-8	T	Y15-24	THS_PER	FRJ1	2015	34.6		
ESTAT:LFST_R_LFSD2POP(1.0)	17/04/26 11:00:00	A	ED5-8	T	Y15-24	THS_PER	FRJ2	2015	42.3		
ESTAT:LFST_R_LFSD2POP(1.0)	17/04/26 11:00:00	A	ED5-8	T	Y15-24	THS_PER	FRK1	2015	20.6		
ESTAT:LFST_R_LFSD2POP(1.0)	17/04/26 11:00:00	A	ED5-8	T	Y15-24	THS_PER	FRK2	2015	113.5		
ESTAT:LFST_R_LFSD2POP(1.0)	17/04/26 11:00:00	A	ED5-8	T	Y15-24	THS_PER	FRL0	2015	59.8		
ESTAT:LFST_R_LFSD2POP(1.0)	17/04/26 11:00:00	A	ED5-8	T	Y15-24	THS_PER	FRM0	2015	0.6	u	
ESTAT:LFST_R_LFSD2POP(1.0)	17/04/26 11:00:00	A	ED5-8	T	Y15-64	THS_PER	FR10	2015	3178.1		
ESTAT:LFST_R_LFSD2POP(1.0)	17/04/26 11:00:00	A	ED5-8	T	Y15-64	THS_PER	FRB0	2015	400.6		
ESTAT:LFST_R_LFSD2POP(1.0)	17/04/26 11:00:00	A	ED5-8	T	Y15-64	THS_PER	FRC1	2015	230.4		
ESTAT:LFST_R_LFSD2POP(1.0)	17/04/26 11:00:00	A	ED5-8	T	Y15-64	THS_PER	FRC2	2015	166.4		
ESTAT:LFST_R_LFSD2POP(1.0)	17/04/26 11:00:00	A	ED5-8	T	Y15-64	THS_PER	FRD1	2015	217.4		
ESTAT:LFST_R_LFSD2POP(1.0)	17/04/26 11:00:00	A	ED5-8	T	Y15-64	THS_PER	FRD2	2015	285.2		
ESTAT:LFST_R_LFSD2POP(1.0)	17/04/26 11:00:00	A	ED5-8	T	Y15-64	THS_PER	FRE1	2015	639.9		
ESTAT:LFST_R_LFSD2POP(1.0)	17/04/26 11:00:00	A	ED5-8	T	Y15-64	THS_PER	FRE2	2015	259.5		
ESTAT:LFST_R_LFSD2POP(1.0)	17/04/26 11:00:00	A	ED5-8	T	Y15-64	THS_PER	FRF1	2015	357.5		
ESTAT:LFST_R_LFSD2POP(1.0)	17/04/26 11:00:00	A	ED5-8	T	Y15-64	THS_PER	FRF2	2015	177.3		
ESTAT:LFST_R_LFSD2POP(1.0)	17/04/26 11:00:00	A	ED5-8	T	Y15-64	THS_PER	FRF3	2015	407.9		
ESTAT:LFST_R_LFSD2POP(1.0)	17/04/26 11:00:00	A	ED5-8	T	Y15-64	THS_PER	FRG0	2015	661.1		
ESTAT:LFST_R_LFSD2POP(1.0)	17/04/26 11:00:00	A	ED5-8	T	Y15-64	THS_PER	FRH0	2015	594.6		
ESTAT:LFST_R_LFSD2POP(1.0)	17/04/26 11:00:00	A	ED5-8	T	Y15-64	THS_PER	FRI1	2015	619.9		
ESTAT:LFST_R_LFSD2POP(1.0)	17/04/26 11:00:00	A	ED5-8	T	Y15-64	THS_PER	FRI2	2015	120.1		
ESTAT:LFST_R_LFSD2POP(1.0)	17/04/26 11:00:00	A	ED5-8	T	Y15-64	THS_PER	FRI3	2015	252.3		
ESTAT:LFST_R_LFSD2POP(1.0)	17/04/26 11:00:00	A	ED5-8	T	Y15-64	THS_PER	FRJ1	2015	462.2		
ESTAT:LFST_R_LFSD2POP(1.0)	17/04/26 11:00:00	A	ED5-8	T	Y15-64	THS_PER	FRJ2	2015	649.7		
ESTAT:LFST_R_LFSD2POP(1.0)	17/04/26 11:00:00	A	ED5-8	T	Y15-64	THS_PER	FRK1	2015	213.7		
ESTAT:LFST_R_LFSD2POP(1.0)	17/04/26 11:00:00	A	ED5-8	T	Y15-64	THS_PER	FRK2	2015	1344.2		
ESTAT:LFST_R_LFSD2POP(1.0)	17/04/26 11:00:00	A	ED5-8	T	Y15-64	THS_PER	FRL0	2015	937.0		
ESTAT:LFST_R_LFSD2POP(1.0)	17/04/26 11:00:00	A	ED5-8	T	Y15-64	THS_PER	FRM0	2015	36.7	u	
ESTAT:LFST_R_LFSD2POP(1.0)	17/04/26 11:00:00	A	ED5-8	T	Y15-74	THS_PER	FR10	2015	3435.9		
ESTAT:LFST_R_LFSD2POP(1.0)	17/04/26 11:00:00	A	ED5-8	T	Y15-74	THS_PER	FRB0	2015	451.0		
ESTAT:LFST_R_LFSD2POP(1.0)	17/04/26 11:00:00	A	ED5-8	T	Y15-74	THS_PER	FRC1	2015	254.0		
ESTAT:LFST_R_LFSD2POP(1.0)	17/04/26 11:00:00	A	ED5-8	T	Y15-74	THS_PER	FRC2	2015	180.2		
ESTAT:LFST_R_LFSD2POP(1.0)	17/04/26 11:00:00	A	ED5-8	T	Y15-74	THS_PER	FRD1	2015	240.5		
ESTAT:LFST_R_LFSD2POP(1.0)	17/04/26 11:00:00	A	ED5-8	T	Y15-74	THS_PER	FRD2	2015	305.2		
ESTAT:LFST_R_LFSD2POP(1.0)	17/04/26 11:00:00	A	ED5-8	T	Y15-74	THS_PER	FRE1	2015	685.2		
ESTAT:LFST_R_LFSD2POP(1.0)	17/04/26 11:00:00	A	ED5-8	T	Y15-74	THS_PER	FRE2	2015	278.7		
ESTAT:LFST_R_LFSD2POP(1.0)	17/04/26 11:00:00	A	ED5-8	T	Y15-74	THS_PER	FRF1	2015	387.4		
ESTAT:LFST_R_LFSD2POP(1.0)	17/04/26 11:00:00	A	ED5-8	T	Y15-74	THS_PER	FRF2	2015	190.6		
ESTAT:LFST_R_LFSD2POP(1.0)	17/04/26 11:00:00	A	ED5-8	T	Y15-74	THS_PER	FRF3	2015	440.5		
ESTAT:LFST_R_LFSD2POP(1.0)	17/04/26 11:00:00	A	ED5-8	T	Y15-74	THS_PER	FRG0	2015	714.9		
ESTAT:LFST_R_LFSD2POP(1.0)	17/04/26 11:00:00	A	ED5-8	T	Y15-74	THS_PER	FRH0	2015	646.4		
ESTAT:LFST_R_LFSD2POP(1.0)	17/04/26 11:00:00	A	ED5-8	T	Y15-74	THS_PER	FRI1	2015	688.0		
ESTAT:LFST_R_LFSD2POP(1.0)	17/04/26 11:00:00	A	ED5-8	T	Y15-74	THS_PER	FRI2	2015	134.2		
ESTAT:LFST_R_LFSD2POP(1.0)	17/04/26 11:00:00	A	ED5-8	T	Y15-74	THS_PER	FRI3	2015	278.7		
ESTAT:LFST_R_LFSD2POP(1.0)	17/04/26 11:00:00	A	ED5-8	T	Y15-74	THS_PER	FRJ1	2015	526.9		
ESTAT:LFST_R_LFSD2POP(1.0)	17/04/26 11:00:00	A	ED5-8	T	Y15-74	THS_PER	FRJ2	2015	721.0		
ESTAT:LFST_R_LFSD2POP(1.0)	17/04/26 11:00:00	A	ED5-8	T	Y15-74	THS_PER	FRK1	2015	242.5		
ESTAT:LFST_R_LFSD2POP(1.0)	17/04/26 11:00:00	A	ED5-8	T	Y15-74	THS_PER	FRK2	2015	1465.6		
ESTAT:LFST_R_LFSD2POP(1.0)	17/04/26 11:00:00	A	ED5-8	T	Y15-74	THS_PER	FRL0	2015	1044.4		
ESTAT:LFST_R_LFSD2POP(1.0)	17/04/26 11:00:00	A	ED5-8	T	Y15-74	THS_PER	FRM0	2015	46.9	u	
ESTAT:LFST_R_LFSD2POP(1.0)	17/04/26 11:00:00	A	ED5-8	T	Y20-64	THS_PER	FR10	2015	3175.1		
ESTAT:LFST_R_LFSD2POP(1.0)	17/04/26 11:00:00	A	ED5-8	T	Y20-64	THS_PER	FRB0	2015	400.3		
ESTAT:LFST_R_LFSD2POP(1.0)	17/04/26 11:00:00	A	ED5-8	T	Y20-64	THS_PER	FRC1	2015	229.8		
ESTAT:LFST_R_LFSD2POP(1.0)	17/04/26 11:00:00	A	ED5-8	T	Y20-64	THS_PER	FRC2	2015	166.2		
ESTAT:LFST_R_LFSD2POP(1.0)	17/04/26 11:00:00	A	ED5-8	T	Y20-64	THS_PER	FRD1	2015	216.8		
ESTAT:LFST_R_LFSD2POP(1.0)	17/04/26 11:00:00	A	ED5-8	T	Y20-64	THS_PER	FRD2	2015	285.1		
ESTAT:LFST_R_LFSD2POP(1.0)	17/04/26 11:00:00	A	ED5-8	T	Y20-64	THS_PER	FRE1	2015	639.0		
ESTAT:LFST_R_LFSD2POP(1.0)	17/04/26 11:00:00	A	ED5-8	T	Y20-64	THS_PER	FRE2	2015	259.4		
ESTAT:LFST_R_LFSD2POP(1.0)	17/04/26 11:00:00	A	ED5-8	T	Y20-64	THS_PER	FRF1	2015	357.4		
ESTAT:LFST_R_LFSD2POP(1.0)	17/04/26 11:00:00	A	ED5-8	T	Y20-64	THS_PER	FRF2	2015	177.0		
ESTAT:LFST_R_LFSD2POP(1.0)	17/04/26 11:00:00	A	ED5-8	T	Y20-64	THS_PER	FRF3	2015	407.9		
ESTAT:LFST_R_LFSD2POP(1.0)	17/04/26 11:00:00	A	ED5-8	T	Y20-64	THS_PER	FRG0	2015	659.6		
ESTAT:LFST_R_LFSD2POP(1.0)	17/04/26 11:00:00	A	ED5-8	T	Y20-64	THS_PER	FRH0	2015	593.9		
ESTAT:LFST_R_LFSD2POP(1.0)	17/04/26 11:00:00	A	ED5-8	T	Y20-64	THS_PER	FRI1	2015	619.7		
ESTAT:LFST_R_LFSD2POP(1.0)	17/04/26 11:00:00	A	ED5-8	T	Y20-64	THS_PER	FRI2	2015	120.0		
ESTAT:LFST_R_LFSD2POP(1.0)	17/04/26 11:00:00	A	ED5-8	T	Y20-64	THS_PER	FRI3	2015	251.1		
ESTAT:LFST_R_LFSD2POP(1.0)	17/04/26 11:00:00	A	ED5-8	T	Y20-64	THS_PER	FRJ1	2015	461.6		
ESTAT:LFST_R_LFSD2POP(1.0)	17/04/26 11:00:00	A	ED5-8	T	Y20-64	THS_PER	FRJ2	2015	649.7		
ESTAT:LFST_R_LFSD2POP(1.0)	17/04/26 11:00:00	A	ED5-8	T	Y20-64	THS_PER	FRK1	2015	213.1		
ESTAT:LFST_R_LFSD2POP(1.0)	17/04/26 11:00:00	A	ED5-8	T	Y20-64	THS_PER	FRK2	2015	1342.6		
ESTAT:LFST_R_LFSD2POP(1.0)	17/04/26 11:00:00	A	ED5-8	T	Y20-64	THS_PER	FRL0	2015	936.2		
ESTAT:LFST_R_LFSD2POP(1.0)	17/04/26 11:00:00	A	ED5-8	T	Y20-64	THS_PER	FRM0	2015	36.7	u	
ESTAT:LFST_R_LFSD2POP(1.0)	17/04/26 11:00:00	A	ED5-8	T	Y25-34	THS_PER	FR10	2015	993.4		
ESTAT:LFST_R_LFSD2POP(1.0)	17/04/26 11:00:00	A	ED5-8	T	Y25-34	THS_PER	FRB0	2015	100.2		
ESTAT:LFST_R_LFSD2POP(1.0)	17/04/26 11:00:00	A	ED5-8	T	Y25-34	THS_PER	FRC1	2015	45.7		
ESTAT:LFST_R_LFSD2POP(1.0)	17/04/26 11:00:00	A	ED5-8	T	Y25-34	THS_PER	FRC2	2015	47.1		
ESTAT:LFST_R_LFSD2POP(1.0)	17/04/26 11:00:00	A	ED5-8	T	Y25-34	THS_PER	FRD1	2015	52.4		
ESTAT:LFST_R_LFSD2POP(1.0)	17/04/26 11:00:00	A	ED5-8	T	Y25-34	THS_PER	FRD2	2015	94.6		
ESTAT:LFST_R_LFSD2POP(1.0)	17/04/26 11:00:00	A	ED5-8	T	Y25-34	THS_PER	FRE1	2015	193.7		
ESTAT:LFST_R_LFSD2POP(1.0)	17/04/26 11:00:00	A	ED5-8	T	Y25-34	THS_PER	FRE2	2015	69.1		
ESTAT:LFST_R_LFSD2POP(1.0)	17/04/26 11:00:00	A	ED5-8	T	Y25-34	THS_PER	FRF1	2015	92.3		
ESTAT:LFST_R_LFSD2POP(1.0)	17/04/26 11:00:00	A	ED5-8	T	Y25-34	THS_PER	FRF2	2015	58.1		
ESTAT:LFST_R_LFSD2POP(1.0)	17/04/26 11:00:00	A	ED5-8	T	Y25-34	THS_PER	FRF3	2015	110.9		
ESTAT:LFST_R_LFSD2POP(1.0)	17/04/26 11:00:00	A	ED5-8	T	Y25-34	THS_PER	FRG0	2015	195.0		
ESTAT:LFST_R_LFSD2POP(1.0)	17/04/26 11:00:00	A	ED5-8	T	Y25-34	THS_PER	FRH0	2015	143.0		
ESTAT:LFST_R_LFSD2POP(1.0)	17/04/26 11:00:00	A	ED5-8	T	Y25-34	THS_PER	FRI1	2015	165.1		
ESTAT:LFST_R_LFSD2POP(1.0)	17/04/26 11:00:00	A	ED5-8	T	Y25-34	THS_PER	FRI2	2015	36.1		
ESTAT:LFST_R_LFSD2POP(1.0)	17/04/26 11:00:00	A	ED5-8	T	Y25-34	THS_PER	FRI3	2015	75.2		
ESTAT:LFST_R_LFSD2POP(1.0)	17/04/26 11:00:00	A	ED5-8	T	Y25-34	THS_PER	FRJ1	2015	101.5		
ESTAT:LFST_R_LFSD2POP(1.0)	17/04/26 11:00:00	A	ED5-8	T	Y25-34	THS_PER	FRJ2	2015	178.5		
ESTAT:LFST_R_LFSD2POP(1.0)	17/04/26 11:00:00	A	ED5-8	T	Y25-34	THS_PER	FRK1	2015	56.8		
ESTAT:LFST_R_LFSD2POP(1.0)	17/04/26 11:00:00	A	ED5-8	T	Y25-34	THS_PER	FRK2	2015	392.0		
ESTAT:LFST_R_LFSD2POP(1.0)	17/04/26 11:00:00	A	ED5-8	T	Y25-34	THS_PER	FRL0	2015	259.7		
ESTAT:LFST_R_LFSD2POP(1.0)	17/04/26 11:00:00	A	ED5-8	T	Y25-34	THS_PER	FRM0	2015	6.3	u	
ESTAT:LFST_R_LFSD2POP(1.0)	17/04/26 11:00:00	A	ED5-8	T	Y25-64	THS_PER	FR10	2015	2932.4		
ESTAT:LFST_R_LFSD2POP(1.0)	17/04/26 11:00:00	A	ED5-8	T	Y25-64	THS_PER	FRB0	2015	367.0		
ESTAT:LFST_R_LFSD2POP(1.0)	17/04/26 11:00:00	A	ED5-8	T	Y25-64	THS_PER	FRC1	2015	206.0		
ESTAT:LFST_R_LFSD2POP(1.0)	17/04/26 11:00:00	A	ED5-8	T	Y25-64	THS_PER	FRC2	2015	151.0		
ESTAT:LFST_R_LFSD2POP(1.0)	17/04/26 11:00:00	A	ED5-8	T	Y25-64	THS_PER	FRD1	2015	197.4		
ESTAT:LFST_R_LFSD2POP(1.0)	17/04/26 11:00:00	A	ED5-8	T	Y25-64	THS_PER	FRD2	2015	257.7		
ESTAT:LFST_R_LFSD2POP(1.0)	17/04/26 11:00:00	A	ED5-8	T	Y25-64	THS_PER	FRE1	2015	571.1		
ESTAT:LFST_R_LFSD2POP(1.0)	17/04/26 11:00:00	A	ED5-8	T	Y25-64	THS_PER	FRE2	2015	232.7		
ESTAT:LFST_R_LFSD2POP(1.0)	17/04/26 11:00:00	A	ED5-8	T	Y25-64	THS_PER	FRF1	2015	319.0		
ESTAT:LFST_R_LFSD2POP(1.0)	17/04/26 11:00:00	A	ED5-8	T	Y25-64	THS_PER	FRF2	2015	159.3		
ESTAT:LFST_R_LFSD2POP(1.0)	17/04/26 11:00:00	A	ED5-8	T	Y25-64	THS_PER	FRF3	2015	361.7		
ESTAT:LFST_R_LFSD2POP(1.0)	17/04/26 11:00:00	A	ED5-8	T	Y25-64	THS_PER	FRG0	2015	600.6		
ESTAT:LFST_R_LFSD2POP(1.0)	17/04/26 11:00:00	A	ED5-8	T	Y25-64	THS_PER	FRH0	2015	534.6		
ESTAT:LFST_R_LFSD2POP(1.0)	17/04/26 11:00:00	A	ED5-8	T	Y25-64	THS_PER	FRI1	2015	563.9		
ESTAT:LFST_R_LFSD2POP(1.0)	17/04/26 11:00:00	A	ED5-8	T	Y25-64	THS_PER	FRI2	2015	107.6		
ESTAT:LFST_R_LFSD2POP(1.0)	17/04/26 11:00:00	A	ED5-8	T	Y25-64	THS_PER	FRI3	2015	233.4		
ESTAT:LFST_R_LFSD2POP(1.0)	17/04/26 11:00:00	A	ED5-8	T	Y25-64	THS_PER	FRJ1	2015	427.7		
ESTAT:LFST_R_LFSD2POP(1.0)	17/04/26 11:00:00	A	ED5-8	T	Y25-64	THS_PER	FRJ2	2015	607.4		
ESTAT:LFST_R_LFSD2POP(1.0)	17/04/26 11:00:00	A	ED5-8	T	Y25-64	THS_PER	FRK1	2015	193.0		
ESTAT:LFST_R_LFSD2POP(1.0)	17/04/26 11:00:00	A	ED5-8	T	Y25-64	THS_PER	FRK2	2015	1230.7		
ESTAT:LFST_R_LFSD2POP(1.0)	17/04/26 11:00:00	A	ED5-8	T	Y25-64	THS_PER	FRL0	2015	877.2		
ESTAT:LFST_R_LFSD2POP(1.0)	17/04/26 11:00:00	A	ED5-8	T	Y25-64	THS_PER	FRM0	2015	36.1	u	
ESTAT:LFST_R_LFSD2POP(1.0)	17/04/26 11:00:00	A	ED5-8	T	Y35-44	THS_PER	FR10	2015	869.8		
ESTAT:LFST_R_LFSD2POP(1.0)	17/04/26 11:00:00	A	ED5-8	T	Y35-44	THS_PER	FRB0	2015	114.6		
ESTAT:LFST_R_LFSD2POP(1.0)	17/04/26 11:00:00	A	ED5-8	T	Y35-44	THS_PER	FRC1	2015	74.6		
ESTAT:LFST_R_LFSD2POP(1.0)	17/04/26 11:00:00	A	ED5-8	T	Y35-44	THS_PER	FRC2	2015	48.8		
ESTAT:LFST_R_LFSD2POP(1.0)	17/04/26 11:00:00	A	ED5-8	T	Y35-44	THS_PER	FRD1	2015	67.2		
ESTAT:LFST_R_LFSD2POP(1.0)	17/04/26 11:00:00	A	ED5-8	T	Y35-44	THS_PER	FRD2	2015	82.5		
ESTAT:LFST_R_LFSD2POP(1.0)	17/04/26 11:00:00	A	ED5-8	T	Y35-44	THS_PER	FRE1	2015	184.4		
ESTAT:LFST_R_LFSD2POP(1.0)	17/04/26 11:00:00	A	ED5-8	T	Y35-44	THS_PER	FRE2	2015	84.1		
ESTAT:LFST_R_LFSD2POP(1.0)	17/04/26 11:00:00	A	ED5-8	T	Y35-44	THS_PER	FRF1	2015	104.4		
ESTAT:LFST_R_LFSD2POP(1.0)	17/04/26 11:00:00	A	ED5-8	T	Y35-44	THS_PER	FRF2	2015	45.4		
ESTAT:LFST_R_LFSD2POP(1.0)	17/04/26 11:00:00	A	ED5-8	T	Y35-44	THS_PER	FRF3	2015	110.4		
ESTAT:LFST_R_LFSD2POP(1.0)	17/04/26 11:00:00	A	ED5-8	T	Y35-44	THS_PER	FRG0	2015	206.7		
ESTAT:LFST_R_LFSD2POP(1.0)	17/04/26 11:00:00	A	ED5-8	T	Y35-44	THS_PER	FRH0	2015	176.3		
ESTAT:LFST_R_LFSD2POP(1.0)	17/04/26 11:00:00	A	ED5-8	T	Y35-44	THS_PER	FRI1	2015	180.6		
ESTAT:LFST_R_LFSD2POP(1.0)	17/04/26 11:00:00	A	ED5-8	T	Y35-44	THS_PER	FRI2	2015	31.6		
ESTAT:LFST_R_LFSD2POP(1.0)	17/04/26 11:00:00	A	ED5-8	T	Y35-44	THS_PER	FRI3	2015	78.7		
ESTAT:LFST_R_LFSD2POP(1.0)	17/04/26 11:00:00	A	ED5-8	T	Y35-44	THS_PER	FRJ1	2015	144.7		
ESTAT:LFST_R_LFSD2POP(1.0)	17/04/26 11:00:00	A	ED5-8	T	Y35-44	THS_PER	FRJ2	2015	175.4		
ESTAT:LFST_R_LFSD2POP(1.0)	17/04/26 11:00:00	A	ED5-8	T	Y35-44	THS_PER	FRK1	2015	62.7		
ESTAT:LFST_R_LFSD2POP(1.0)	17/04/26 11:00:00	A	ED5-8	T	Y35-44	THS_PER	FRK2	2015	393.9		
ESTAT:LFST_R_LFSD2POP(1.0)	17/04/26 11:00:00	A	ED5-8	T	Y35-44	THS_PER	FRL0	2015	258.4		
ESTAT:LFST_R_LFSD2POP(1.0)	17/04/26 11:00:00	A	ED5-8	T	Y35-44	THS_PER	FRM0	2015	9.2	u	
ESTAT:LFST_R_LFSD2POP(1.0)	17/04/26 11:00:00	A	ED5-8	T	Y45-54	THS_PER	FR10	2015	608.9		
ESTAT:LFST_R_LFSD2POP(1.0)	17/04/26 11:00:00	A	ED5-8	T	Y45-54	THS_PER	FRB0	2015	87.8		
ESTAT:LFST_R_LFSD2POP(1.0)	17/04/26 11:00:00	A	ED5-8	T	Y45-54	THS_PER	FRC1	2015	50.0		
ESTAT:LFST_R_LFSD2POP(1.0)	17/04/26 11:00:00	A	ED5-8	T	Y45-54	THS_PER	FRC2	2015	32.5		
ESTAT:LFST_R_LFSD2POP(1.0)	17/04/26 11:00:00	A	ED5-8	T	Y45-54	THS_PER	FRD1	2015	50.4		
ESTAT:LFST_R_LFSD2POP(1.0)	17/04/26 11:00:00	A	ED5-8	T	Y45-54	THS_PER	FRD2	2015	45.4		
ESTAT:LFST_R_LFSD2POP(1.0)	17/04/26 11:00:00	A	ED5-8	T	Y45-54	THS_PER	FRE1	2015	113.1		
ESTAT:LFST_R_LFSD2POP(1.0)	17/04/26 11:00:00	A	ED5-8	T	Y45-54	THS_PER	FRE2	2015	44.4		
ESTAT:LFST_R_LFSD2POP(1.0)	17/04/26 11:00:00	A	ED5-8	T	Y45-54	THS_PER	FRF1	2015	77.9		
ESTAT:LFST_R_LFSD2POP(1.0)	17/04/26 11:00:00	A	ED5-8	T	Y45-54	THS_PER	FRF2	2015	33.1		
ESTAT:LFST_R_LFSD2POP(1.0)	17/04/26 11:00:00	A	ED5-8	T	Y45-54	THS_PER	FRF3	2015	81.4		
ESTAT:LFST_R_LFSD2POP(1.0)	17/04/26 11:00:00	A	ED5-8	T	Y45-54	THS_PER	FRG0	2015	119.9		
ESTAT:LFST_R_LFSD2POP(1.0)	17/04/26 11:00:00	A	ED5-8	T	Y45-54	THS_PER	FRH0	2015	119.3		
ESTAT:LFST_R_LFSD2POP(1.0)	17/04/26 11:00:00	A	ED5-8	T	Y45-54	THS_PER	FRI1	2015	129.5		
ESTAT:LFST_R_LFSD2POP(1.0)	17/04/26 11:00:00	A	ED5-8	T	Y45-54	THS_PER	FRI2	2015	20.8		
ESTAT:LFST_R_LFSD2POP(1.0)	17/04/26 11:00:00	A	ED5-8	T	Y45-54	THS_PER	FRI3	2015	40.2		
ESTAT:LFST_R_LFSD2POP(1.0)	17/04/26 11:00:00	A	ED5-8	T	Y45-54	THS_PER	FRJ1	2015	91.0		
ESTAT:LFST_R_LFSD2POP(1.0)	17/04/26 11:00:00	A	ED5-8	T	Y45-54	THS_PER	FRJ2	2015	144.4		
ESTAT:LFST_R_LFSD2POP(1.0)	17/04/26 11:00:00	A	ED5-8	T	Y45-54	THS_PER	FRK1	2015	45.9		
ESTAT:LFST_R_LFSD2POP(1.0)	17/04/26 11:00:00	A	ED5-8	T	Y45-54	THS_PER	FRK2	2015	255.8		
ESTAT:LFST_R_LFSD2POP(1.0)	17/04/26 11:00:00	A	ED5-8	T	Y45-54	THS_PER	FRL0	2015	208.4		
ESTAT:LFST_R_LFSD2POP(1.0)	17/04/26 11:00:00	A	ED5-8	T	Y45-54	THS_PER	FRM0	2015	9.6	u	
ESTAT:LFST_R_LFSD2POP(1.0)	17/04/26 11:00:00	A	ED5-8	T	Y55-64	THS_PER	FR10	2015	460.4		
ESTAT:LFST_R_LFSD2POP(1.0)	17/04/26 11:00:00	A	ED5-8	T	Y55-64	THS_PER	FRB0	2015	64.4		
ESTAT:LFST_R_LFSD2POP(1.0)	17/04/26 11:00:00	A	ED5-8	T	Y55-64	THS_PER	FRC1	2015	35.7		
ESTAT:LFST_R_LFSD2POP(1.0)	17/04/26 11:00:00	A	ED5-8	T	Y55-64	THS_PER	FRC2	2015	22.5		
ESTAT:LFST_R_LFSD2POP(1.0)	17/04/26 11:00:00	A	ED5-8	T	Y55-64	THS_PER	FRD1	2015	27.4		
ESTAT:LFST_R_LFSD2POP(1.0)	17/04/26 11:00:00	A	ED5-8	T	Y55-64	THS_PER	FRD2	2015	35.3		
ESTAT:LFST_R_LFSD2POP(1.0)	17/04/26 11:00:00	A	ED5-8	T	Y55-64	THS_PER	FRE1	2015	79.8		
ESTAT:LFST_R_LFSD2POP(1.0)	17/04/26 11:00:00	A	ED5-8	T	Y55-64	THS_PER	FRE2	2015	35.2		
ESTAT:LFST_R_LFSD2POP(1.0)	17/04/26 11:00:00	A	ED5-8	T	Y55-64	THS_PER	FRF1	2015	44.3		
ESTAT:LFST_R_LFSD2POP(1.0)	17/04/26 11:00:00	A	ED5-8	T	Y55-64	THS_PER	FRF2	2015	22.7		
ESTAT:LFST_R_LFSD2POP(1.0)	17/04/26 11:00:00	A	ED5-8	T	Y55-64	THS_PER	FRF3	2015	59.0		
ESTAT:LFST_R_LFSD2POP(1.0)	17/04/26 11:00:00	A	ED5-8	T	Y55-64	THS_PER	FRG0	2015	79.0		
ESTAT:LFST_R_LFSD2POP(1.0)	17/04/26 11:00:00	A	ED5-8	T	Y55-64	THS_PER	FRH0	2015	96.0		
ESTAT:LFST_R_LFSD2POP(1.0)	17/04/26 11:00:00	A	ED5-8	T	Y55-64	THS_PER	FRI1	2015	88.8		
ESTAT:LFST_R_LFSD2POP(1.0)	17/04/26 11:00:00	A	ED5-8	T	Y55-64	THS_PER	FRI2	2015	19.1		
ESTAT:LFST_R_LFSD2POP(1.0)	17/04/26 11:00:00	A	ED5-8	T	Y55-64	THS_PER	FRI3	2015	39.3		
ESTAT:LFST_R_LFSD2POP(1.0)	17/04/26 11:00:00	A	ED5-8	T	Y55-64	THS_PER	FRJ1	2015	90.5		
ESTAT:LFST_R_LFSD2POP(1.0)	17/04/26 11:00:00	A	ED5-8	T	Y55-64	THS_PER	FRJ2	2015	109.0		
ESTAT:LFST_R_LFSD2POP(1.0)	17/04/26 11:00:00	A	ED5-8	T	Y55-64	THS_PER	FRK1	2015	27.7		
ESTAT:LFST_R_LFSD2POP(1.0)	17/04/26 11:00:00	A	ED5-8	T	Y55-64	THS_PER	FRK2	2015	189.0		
ESTAT:LFST_R_LFSD2POP(1.0)	17/04/26 11:00:00	A	ED5-8	T	Y55-64	THS_PER	FRL0	2015	150.7		
ESTAT:LFST_R_LFSD2POP(1.0)	17/04/26 11:00:00	A	ED5-8	T	Y55-64	THS_PER	FRM0	2015	11.0	u	
ESTAT:LFST_R_LFSD2POP(1.0)	17/04/26 11:00:00	A	ED5-8	T	Y_GE15	THS_PER	FR10	2015	3556.3		
ESTAT:LFST_R_LFSD2POP(1.0)	17/04/26 11:00:00	A	ED5-8	T	Y_GE15	THS_PER	FRB0	2015	463.4		
ESTAT:LFST_R_LFSD2POP(1.0)	17/04/26 11:00:00	A	ED5-8	T	Y_GE15	THS_PER	FRC1	2015	266.3		
ESTAT:LFST_R_LFSD2POP(1.0)	17/04/26 11:00:00	A	ED5-8	T	Y_GE15	THS_PER	FRC2	2015	187.1		
ESTAT:LFST_R_LFSD2POP(1.0)	17/04/26 11:00:00	A	ED5-8	T	Y_GE15	THS_PER	FRD1	2015	247.4		
ESTAT:LFST_R_LFSD2POP(1.0)	17/04/26 11:00:00	A	ED5-8	T	Y_GE15	THS_PER	FRD2	2015	315.0		
ESTAT:LFST_R_LFSD2POP(1.0)	17/04/26 11:00:00	A	ED5-8	T	Y_GE15	THS_PER	FRE1	2015	695.0		
ESTAT:LFST_R_LFSD2POP(1.0)	17/04/26 11:00:00	A	ED5-8	T	Y_GE15	THS_PER	FRE2	2015	283.7		
ESTAT:LFST_R_LFSD2POP(1.0)	17/04/26 11:00:00	A	ED5-8	T	Y_GE15	THS_PER	FRF1	2015	402.5		
ESTAT:LFST_R_LFSD2POP(1.0)	17/04/26 11:00:00	A	ED5-8	T	Y_GE15	THS_PER	FRF2	2015	194.2		
ESTAT:LFST_R_LFSD2POP(1.0)	17/04/26 11:00:00	A	ED5-8	T	Y_GE15	THS_PER	FRF3	2015	455.9		
ESTAT:LFST_R_LFSD2POP(1.0)	17/04/26 11:00:00	A	ED5-8	T	Y_GE15	THS_PER	FRG0	2015	729.3		
ESTAT:LFST_R_LFSD2POP(1.0)	17/04/26 11:00:00	A	ED5-8	T	Y_GE15	THS_PER	FRH0	2015	668.1		
ESTAT:LFST_R_LFSD2POP(1.0)	17/04/26 11:00:00	A	ED5-8	T	Y_GE15	THS_PER	FRI1	2015	717.6		
ESTAT:LFST_R_LFSD2POP(1.0)	17/04/26 11:00:00	A	ED5-8	T	Y_GE15	THS_PER	FRI2	2015	140.7		
ESTAT:LFST_R_LFSD2POP(1.0)	17/04/26 11:00:00	A	ED5-8	T	Y_GE15	THS_PER	FRI3	2015	285.6		
ESTAT:LFST_R_LFSD2POP(1.0)	17/04/26 11:00:00	A	ED5-8	T	Y_GE15	THS_PER	FRJ1	2015	553.0		
ESTAT:LFST_R_LFSD2POP(1.0)	17/04/26 11:00:00	A	ED5-8	T	Y_GE15	THS_PER	FRJ2	2015	747.4		
ESTAT:LFST_R_LFSD2POP(1.0)	17/04/26 11:00:00	A	ED5-8	T	Y_GE15	THS_PER	FRK1	2015	253.0		
ESTAT:LFST_R_LFSD2POP(1.0)	17/04/26 11:00:00	A	ED5-8	T	Y_GE15	THS_PER	FRK2	2015	1510.8		
ESTAT:LFST_R_LFSD2POP(1.0)	17/04/26 11:00:00	A	ED5-8	T	Y_GE15	THS_PER	FRL0	2015	1104.4		
ESTAT:LFST_R_LFSD2POP(1.0)	17/04/26 11:00:00	A	ED5-8	T	Y_GE15	THS_PER	FRM0	2015	48.8	u	
ESTAT:LFST_R_LFSD2POP(1.0)	17/04/26 11:00:00	A	ED5-8	T	Y_GE25	THS_PER	FR10	2015	3310.6		
ESTAT:LFST_R_LFSD2POP(1.0)	17/04/26 11:00:00	A	ED5-8	T	Y_GE25	THS_PER	FRB0	2015	429.8		
ESTAT:LFST_R_LFSD2POP(1.0)	17/04/26 11:00:00	A	ED5-8	T	Y_GE25	THS_PER	FRC1	2015	241.9		
ESTAT:LFST_R_LFSD2POP(1.0)	17/04/26 11:00:00	A	ED5-8	T	Y_GE25	THS_PER	FRC2	2015	171.7		
ESTAT:LFST_R_LFSD2POP(1.0)	17/04/26 11:00:00	A	ED5-8	T	Y_GE25	THS_PER	FRD1	2015	227.4		
ESTAT:LFST_R_LFSD2POP(1.0)	17/04/26 11:00:00	A	ED5-8	T	Y_GE25	THS_PER	FRD2	2015	287.6		
ESTAT:LFST_R_LFSD2POP(1.0)	17/04/26 11:00:00	A	ED5-8	T	Y_GE25	THS_PER	FRE1	2015	626.2		
ESTAT:LFST_R_LFSD2POP(1.0)	17/04/26 11:00:00	A	ED5-8	T	Y_GE25	THS_PER	FRE2	2015	256.9		
ESTAT:LFST_R_LFSD2POP(1.0)	17/04/26 11:00:00	A	ED5-8	T	Y_GE25	THS_PER	FRF1	2015	364.0		
ESTAT:LFST_R_LFSD2POP(1.0)	17/04/26 11:00:00	A	ED5-8	T	Y_GE25	THS_PER	FRF2	2015	176.2		
ESTAT:LFST_R_LFSD2POP(1.0)	17/04/26 11:00:00	A	ED5-8	T	Y_GE25	THS_PER	FRF3	2015	409.7		
ESTAT:LFST_R_LFSD2POP(1.0)	17/04/26 11:00:00	A	ED5-8	T	Y_GE25	THS_PER	FRG0	2015	668.8		
ESTAT:LFST_R_LFSD2POP(1.0)	17/04/26 11:00:00	A	ED5-8	T	Y_GE25	THS_PER	FRH0	2015	608.2		
ESTAT:LFST_R_LFSD2POP(1.0)	17/04/26 11:00:00	A	ED5-8	T	Y_GE25	THS_PER	FRI1	2015	661.6		
ESTAT:LFST_R_LFSD2POP(1.0)	17/04/26 11:00:00	A	ED5-8	T	Y_GE25	THS_PER	FRI2	2015	128.2		
ESTAT:LFST_R_LFSD2POP(1.0)	17/04/26 11:00:00	A	ED5-8	T	Y_GE25	THS_PER	FRI3	2015	266.7		
ESTAT:LFST_R_LFSD2POP(1.0)	17/04/26 11:00:00	A	ED5-8	T	Y_GE25	THS_PER	FRJ1	2015	518.5		
ESTAT:LFST_R_LFSD2POP(1.0)	17/04/26 11:00:00	A	ED5-8	T	Y_GE25	THS_PER	FRJ2	2015	705.1		
ESTAT:LFST_R_LFSD2POP(1.0)	17/04/26 11:00:00	A	ED5-8	T	Y_GE25	THS_PER	FRK1	2015	232.4		
ESTAT:LFST_R_LFSD2POP(1.0)	17/04/26 11:00:00	A	ED5-8	T	Y_GE25	THS_PER	FRK2	2015	1397.2		
ESTAT:LFST_R_LFSD2POP(1.0)	17/04/26 11:00:00	A	ED5-8	T	Y_GE25	THS_PER	FRL0	2015	1044.6		
ESTAT:LFST_R_LFSD2POP(1.0)	17/04/26 11:00:00	A	ED5-8	T	Y_GE25	THS_PER	FRM0	2015	48.2	u	
ESTAT:LFST_R_LFSD2POP(1.0)	17/04/26 11:00:00	A	ED5-8	T	Y_GE65	THS_PER	FR10	2015	378.2		
ESTAT:LFST_R_LFSD2POP(1.0)	17/04/26 11:00:00	A	ED5-8	T	Y_GE65	THS_PER	FRB0	2015	62.8		
ESTAT:LFST_R_LFSD2POP(1.0)	17/04/26 11:00:00	A	ED5-8	T	Y_GE65	THS_PER	FRC1	2015	35.9		
ESTAT:LFST_R_LFSD2POP(1.0)	17/04/26 11:00:00	A	ED5-8	T	Y_GE65	THS_PER	FRC2	2015	20.8		
ESTAT:LFST_R_LFSD2POP(1.0)	17/04/26 11:00:00	A	ED5-8	T	Y_GE65	THS_PER	FRD1	2015	30.0		
ESTAT:LFST_R_LFSD2POP(1.0)	17/04/26 11:00:00	A	ED5-8	T	Y_GE65	THS_PER	FRD2	2015	29.8		
ESTAT:LFST_R_LFSD2POP(1.0)	17/04/26 11:00:00	A	ED5-8	T	Y_GE65	THS_PER	FRE1	2015	55.2		
ESTAT:LFST_R_LFSD2POP(1.0)	17/04/26 11:00:00	A	ED5-8	T	Y_GE65	THS_PER	FRE2	2015	24.2		
ESTAT:LFST_R_LFSD2POP(1.0)	17/04/26 11:00:00	A	ED5-8	T	Y_GE65	THS_PER	FRF1	2015	45.0		
ESTAT:LFST_R_LFSD2POP(1.0)	17/04/26 11:00:00	A	ED5-8	T	Y_GE65	THS_PER	FRF2	2015	16.9		
ESTAT:LFST_R_LFSD2POP(1.0)	17/04/26 11:00:00	A	ED5-8	T	Y_GE65	THS_PER	FRF3	2015	48.0		
ESTAT:LFST_R_LFSD2POP(1.0)	17/04/26 11:00:00	A	ED5-8	T	Y_GE65	THS_PER	FRG0	2015	68.2		
ESTAT:LFST_R_LFSD2POP(1.0)	17/04/26 11:00:00	A	ED5-8	T	Y_GE65	THS_PER	FRH0	2015	73.5		
ESTAT:LFST_R_LFSD2POP(1.0)	17/04/26 11:00:00	A	ED5-8	T	Y_GE65	THS_PER	FRI1	2015	97.7		
ESTAT:LFST_R_LFSD2POP(1.0)	17/04/26 11:00:00	A	ED5-8	T	Y_GE65	THS_PER	FRI2	2015	20.6		
ESTAT:LFST_R_LFSD2POP(1.0)	17/04/26 11:00:00	A	ED5-8	T	Y_GE65	THS_PER	FRI3	2015	33.4		
ESTAT:LFST_R_LFSD2POP(1.0)	17/04/26 11:00:00	A	ED5-8	T	Y_GE65	THS_PER	FRJ1	2015	90.8		
ESTAT:LFST_R_LFSD2POP(1.0)	17/04/26 11:00:00	A	ED5-8	T	Y_GE65	THS_PER	FRJ2	2015	97.7		
ESTAT:LFST_R_LFSD2POP(1.0)	17/04/26 11:00:00	A	ED5-8	T	Y_GE65	THS_PER	FRK1	2015	39.4		
ESTAT:LFST_R_LFSD2POP(1.0)	17/04/26 11:00:00	A	ED5-8	T	Y_GE65	THS_PER	FRK2	2015	166.6		
ESTAT:LFST_R_LFSD2POP(1.0)	17/04/26 11:00:00	A	ED5-8	T	Y_GE65	THS_PER	FRL0	2015	167.4		
ESTAT:LFST_R_LFSD2POP(1.0)	17/04/26 11:00:00	A	ED5-8	T	Y_GE65	THS_PER	FRM0	2015	12.1	u	
ESTAT:LFST_R_LFSD2POP(1.0)	17/04/26 11:00:00	A	NRP	F	Y15-24	THS_PER	FR10	2015	7.9	u	
ESTAT:LFST_R_LFSD2POP(1.0)	17/04/26 11:00:00	A	NRP	F	Y15-24	THS_PER	FRB0	2015		u	
ESTAT:LFST_R_LFSD2POP(1.0)	17/04/26 11:00:00	A	NRP	F	Y15-24	THS_PER	FRC1	2015		u	
ESTAT:LFST_R_LFSD2POP(1.0)	17/04/26 11:00:00	A	NRP	F	Y15-24	THS_PER	FRC2	2015		u	
ESTAT:LFST_R_LFSD2POP(1.0)	17/04/26 11:00:00	A	NRP	F	Y15-24	THS_PER	FRD1	2015	0.7	u	
ESTAT:LFST_R_LFSD2POP(1.0)	17/04/26 11:00:00	A	NRP	F	Y15-24	THS_PER	FRD2	2015	0.9	u	
ESTAT:LFST_R_LFSD2POP(1.0)	17/04/26 11:00:00	A	NRP	F	Y15-24	THS_PER	FRE1	2015	0.6	u	
ESTAT:LFST_R_LFSD2POP(1.0)	17/04/26 11:00:00	A	NRP	F	Y15-24	THS_PER	FRF1	2015		u	
ESTAT:LFST_R_LFSD2POP(1.0)	17/04/26 11:00:00	A	NRP	F	Y15-24	THS_PER	FRF2	2015	0.6	u	
ESTAT:LFST_R_LFSD2POP(1.0)	17/04/26 11:00:00	A	NRP	F	Y15-24	THS_PER	FRF3	2015		u	
ESTAT:LFST_R_LFSD2POP(1.0)	17/04/26 11:00:00	A	NRP	F	Y15-24	THS_PER	FRG0	2015	1.1	u	
ESTAT:LFST_R_LFSD2POP(1.0)	17/04/26 11:00:00	A	NRP	F	Y15-24	THS_PER	FRH0	2015		u	
ESTAT:LFST_R_LFSD2POP(1.0)	17/04/26 11:00:00	A	NRP	F	Y15-24	THS_PER	FRI1	2015	0.8	u	
ESTAT:LFST_R_LFSD2POP(1.0)	17/04/26 11:00:00	A	NRP	F	Y15-24	THS_PER	FRI2	2015		u	
ESTAT:LFST_R_LFSD2POP(1.0)	17/04/26 11:00:00	A	NRP	F	Y15-24	THS_PER	FRJ1	2015		u	
ESTAT:LFST_R_LFSD2POP(1.0)	17/04/26 11:00:00	A	NRP	F	Y15-24	THS_PER	FRJ2	2015		u	
ESTAT:LFST_R_LFSD2POP(1.0)	17/04/26 11:00:00	A	NRP	F	Y15-24	THS_PER	FRK2	2015	2.8	u	
ESTAT:LFST_R_LFSD2POP(1.0)	17/04/26 11:00:00	A	NRP	F	Y15-24	THS_PER	FRL0	2015	1.2	u	
ESTAT:LFST_R_LFSD2POP(1.0)	17/04/26 11:00:00	A	NRP	F	Y15-64	THS_PER	FR10	2015	23.4		
ESTAT:LFST_R_LFSD2POP(1.0)	17/04/26 11:00:00	A	NRP	F	Y15-64	THS_PER	FRB0	2015	1.2	u	
ESTAT:LFST_R_LFSD2POP(1.0)	17/04/26 11:00:00	A	NRP	F	Y15-64	THS_PER	FRC1	2015	2.1	u	
ESTAT:LFST_R_LFSD2POP(1.0)	17/04/26 11:00:00	A	NRP	F	Y15-64	THS_PER	FRC2	2015	1.6	u	
ESTAT:LFST_R_LFSD2POP(1.0)	17/04/26 11:00:00	A	NRP	F	Y15-64	THS_PER	FRD1	2015	1.2	u	
ESTAT:LFST_R_LFSD2POP(1.0)	17/04/26 11:00:00	A	NRP	F	Y15-64	THS_PER	FRD2	2015	2.2	u	
ESTAT:LFST_R_LFSD2POP(1.0)	17/04/26 11:00:00	A	NRP	F	Y15-64	THS_PER	FRE1	2015	2.6	u	
ESTAT:LFST_R_LFSD2POP(1.0)	17/04/26 11:00:00	A	NRP	F	Y15-64	THS_PER	FRE2	2015		u	
ESTAT:LFST_R_LFSD2POP(1.0)	17/04/26 11:00:00	A	NRP	F	Y15-64	THS_PER	FRF1	2015	1.7	u	
ESTAT:LFST_R_LFSD2POP(1.0)	17/04/26 11:00:00	A	NRP	F	Y15-64	THS_PER	FRF2	2015	0.9	u	
ESTAT:LFST_R_LFSD2POP(1.0)	17/04/26 11:00:00	A	NRP	F	Y15-64	THS_PER	FRF3	2015	1.8	u	
ESTAT:LFST_R_LFSD2POP(1.0)	17/04/26 11:00:00	A	NRP	F	Y15-64	THS_PER	FRG0	2015	2.0	u	
ESTAT:LFST_R_LFSD2POP(1.0)	17/04/26 11:00:00	A	NRP	F	Y15-64	THS_PER	FRH0	2015	1.2	u	
ESTAT:LFST_R_LFSD2POP(1.0)	17/04/26 11:00:00	A	NRP	F	Y15-64	THS_PER	FRI1	2015	6.9	u	
ESTAT:LFST_R_LFSD2POP(1.0)	17/04/26 11:00:00	A	NRP	F	Y15-64	THS_PER	FRI2	2015		u	
ESTAT:LFST_R_LFSD2POP(1.0)	17/04/26 11:00:00	A	NRP	F	Y15-64	THS_PER	FRI3	2015		u	
ESTAT:LFST_R_LFSD2POP(1.0)	17/04/26 11:00:00	A	NRP	F	Y15-64	THS_PER	FRJ1	2015	1.5	u	
ESTAT:LFST_R_LFSD2POP(1.0)	17/04/26 11:00:00	A	NRP	F	Y15-64	THS_PER	FRJ2	2015	2.4	u	
ESTAT:LFST_R_LFSD2POP(1.0)	17/04/26 11:00:00	A	NRP	F	Y15-64	THS_PER	FRK1	2015	1.0	u	
ESTAT:LFST_R_LFSD2POP(1.0)	17/04/26 11:00:00	A	NRP	F	Y15-64	THS_PER	FRK2	2015	5.5	u	
ESTAT:LFST_R_LFSD2POP(1.0)	17/04/26 11:00:00	A	NRP	F	Y15-64	THS_PER	FRL0	2015	2.7	u	
ESTAT:LFST_R_LFSD2POP(1.0)	17/04/26 11:00:00	A	NRP	F	Y15-74	THS_PER	FR10	2015	24.8		
ESTAT:LFST_R_LFSD2POP(1.0)	17/04/26 11:00:00	A	NRP	F	Y15-74	THS_PER	FRB0	2015	1.2	u	
ESTAT:LFST_R_LFSD2POP(1.0)	17/04/26 11:00:00	A	NRP	F	Y15-74	THS_PER	FRC1	2015	2.1	u	
ESTAT:LFST_R_LFSD2POP(1.0)	17/04/26 11:00:00	A	NRP	F	Y15-74	THS_PER	FRC2	2015	1.6	u	
ESTAT:LFST_R_LFSD2POP(1.0)	17/04/26 11:00:00	A	NRP	F	Y15-74	THS_PER	FRD1	2015	1.2	u	
ESTAT:LFST_R_LFSD2POP(1.0)	17/04/26 11:00:00	A	NRP	F	Y15-74	THS_PER	FRD2	2015	2.3	u	
ESTAT:LFST_R_LFSD2POP(1.0)	17/04/26 11:00:00	A	NRP	F	Y15-74	THS_PER	FRE1	2015	2.6	u	
ESTAT:LFST_R_LFSD2POP(1.0)	17/04/26 11:00:00	A	NRP	F	Y15-74	THS_PER	FRE2	2015		u	
ESTAT:LFST_R_LFSD2POP(1.0)	17/04/26 11:00:00	A	NRP	F	Y15-74	THS_PER	FRF1	2015	1.8	u	
ESTAT:LFST_R_LFSD2POP(1.0)	17/04/26 11:00:00	A	NRP	F	Y15-74	THS_PER	FRF2	2015	0.9	u	
ESTAT:LFST_R_LFSD2POP(1.0)	17/04/26 11:00:00	A	NRP	F	Y15-74	THS_PER	FRF3	2015	2.0	u	
ESTAT:LFST_R_LFSD2POP(1.0)	17/04/26 11:00:00	A	NRP	F	Y15-74	THS_PER	FRG0	2015	2.0	u	
ESTAT:LFST_R_LFSD2POP(1.0)	17/04/26 11:00:00	A	NRP	F	Y15-74	THS_PER	FRH0	2015	1.4	u	
ESTAT:LFST_R_LFSD2POP(1.0)	17/04/26 11:00:00	A	NRP	F	Y15-74	THS_PER	FRI1	2015	6.9	u	
ESTAT:LFST_R_LFSD2POP(1.0)	17/04/26 11:00:00	A	NRP	F	Y15-74	THS_PER	FRI2	2015		u	
ESTAT:LFST_R_LFSD2POP(1.0)	17/04/26 11:00:00	A	NRP	F	Y15-74	THS_PER	FRI3	2015		u	
ESTAT:LFST_R_LFSD2POP(1.0)	17/04/26 11:00:00	A	NRP	F	Y15-74	THS_PER	FRJ1	2015	1.7	u	
ESTAT:LFST_R_LFSD2POP(1.0)	17/04/26 11:00:00	A	NRP	F	Y15-74	THS_PER	FRJ2	2015	2.4	u	
ESTAT:LFST_R_LFSD2POP(1.0)	17/04/26 11:00:00	A	NRP	F	Y15-74	THS_PER	FRK1	2015	1.0	u	
ESTAT:LFST_R_LFSD2POP(1.0)	17/04/26 11:00:00	A	NRP	F	Y15-74	THS_PER	FRK2	2015	5.5	u	
ESTAT:LFST_R_LFSD2POP(1.0)	17/04/26 11:00:00	A	NRP	F	Y15-74	THS_PER	FRL0	2015	2.7	u	
ESTAT:LFST_R_LFSD2POP(1.0)	17/04/26 11:00:00	A	NRP	F	Y20-64	THS_PER	FR10	2015	19.6		
ESTAT:LFST_R_LFSD2POP(1.0)	17/04/26 11:00:00	A	NRP	F	Y20-64	THS_PER	FRB0	2015	1.2	u	
ESTAT:LFST_R_LFSD2POP(1.0)	17/04/26 11:00:00	A	NRP	F	Y20-64	THS_PER	FRC1	2015	2.0	u	
ESTAT:LFST_R_LFSD2POP(1.0)	17/04/26 11:00:00	A	NRP	F	Y20-64	THS_PER	FRC2	2015	1.5	u	
ESTAT:LFST_R_LFSD2POP(1.0)	17/04/26 11:00:00	A	NRP	F	Y20-64	THS_PER	FRD1	2015	1.0	u	
ESTAT:LFST_R_LFSD2POP(1.0)	17/04/26 11:00:00	A	NRP	F	Y20-64	THS_PER	FRD2	2015	2.1	u	
ESTAT:LFST_R_LFSD2POP(1.0)	17/04/26 11:00:00	A	NRP	F	Y20-64	THS_PER	FRE1	2015	2.5	u	
ESTAT:LFST_R_LFSD2POP(1.0)	17/04/26 11:00:00	A	NRP	F	Y20-64	THS_PER	FRE2	2015		u	
ESTAT:LFST_R_LFSD2POP(1.0)	17/04/26 11:00:00	A	NRP	F	Y20-64	THS_PER	FRF1	2015	1.3	u	
ESTAT:LFST_R_LFSD2POP(1.0)	17/04/26 11:00:00	A	NRP	F	Y20-64	THS_PER	FRF2	2015	0.7	u	
ESTAT:LFST_R_LFSD2POP(1.0)	17/04/26 11:00:00	A	NRP	F	Y20-64	THS_PER	FRF3	2015	1.6	u	
ESTAT:LFST_R_LFSD2POP(1.0)	17/04/26 11:00:00	A	NRP	F	Y20-64	THS_PER	FRG0	2015	1.7	u	
ESTAT:LFST_R_LFSD2POP(1.0)	17/04/26 11:00:00	A	NRP	F	Y20-64	THS_PER	FRH0	2015	1.0	u	
ESTAT:LFST_R_LFSD2POP(1.0)	17/04/26 11:00:00	A	NRP	F	Y20-64	THS_PER	FRI1	2015	6.9	u	
ESTAT:LFST_R_LFSD2POP(1.0)	17/04/26 11:00:00	A	NRP	F	Y20-64	THS_PER	FRI2	2015		u	
ESTAT:LFST_R_LFSD2POP(1.0)	17/04/26 11:00:00	A	NRP	F	Y20-64	THS_PER	FRI3	2015		u	
ESTAT:LFST_R_LFSD2POP(1.0)	17/04/26 11:00:00	A	NRP	F	Y20-64	THS_PER	FRJ1	2015	1.5	u	
ESTAT:LFST_R_LFSD2POP(1.0)	17/04/26 11:00:00	A	NRP	F	Y20-64	THS_PER	FRJ2	2015	1.9	u	
ESTAT:LFST_R_LFSD2POP(1.0)	17/04/26 11:00:00	A	NRP	F	Y20-64	THS_PER	FRK1	2015	1.0	u	
ESTAT:LFST_R_LFSD2POP(1.0)	17/04/26 11:00:00	A	NRP	F	Y20-64	THS_PER	FRK2	2015	4.6	u	
ESTAT:LFST_R_LFSD2POP(1.0)	17/04/26 11:00:00	A	NRP	F	Y20-64	THS_PER	FRL0	2015	2.4	u	
ESTAT:LFST_R_LFSD2POP(1.0)	17/04/26 11:00:00	A	NRP	F	Y25-34	THS_PER	FR10	2015	4.5	u	
ESTAT:LFST_R_LFSD2POP(1.0)	17/04/26 11:00:00	A	NRP	F	Y25-34	THS_PER	FRC2	2015		u	
ESTAT:LFST_R_LFSD2POP(1.0)	17/04/26 11:00:00	A	NRP	F	Y25-34	THS_PER	FRF1	2015		u	
ESTAT:LFST_R_LFSD2POP(1.0)	17/04/26 11:00:00	A	NRP	F	Y25-34	THS_PER	FRF2	2015		u	
ESTAT:LFST_R_LFSD2POP(1.0)	17/04/26 11:00:00	A	NRP	F	Y25-34	THS_PER	FRF3	2015	0.8	u	
ESTAT:LFST_R_LFSD2POP(1.0)	17/04/26 11:00:00	A	NRP	F	Y25-34	THS_PER	FRG0	2015		u	
ESTAT:LFST_R_LFSD2POP(1.0)	17/04/26 11:00:00	A	NRP	F	Y25-34	THS_PER	FRH0	2015		u	
ESTAT:LFST_R_LFSD2POP(1.0)	17/04/26 11:00:00	A	NRP	F	Y25-34	THS_PER	FRI1	2015	0.9	u	
ESTAT:LFST_R_LFSD2POP(1.0)	17/04/26 11:00:00	A	NRP	F	Y25-34	THS_PER	FRJ1	2015		u	
ESTAT:LFST_R_LFSD2POP(1.0)	17/04/26 11:00:00	A	NRP	F	Y25-34	THS_PER	FRJ2	2015	0.6	u	
ESTAT:LFST_R_LFSD2POP(1.0)	17/04/26 11:00:00	A	NRP	F	Y25-34	THS_PER	FRK2	2015		u	
ESTAT:LFST_R_LFSD2POP(1.0)	17/04/26 11:00:00	A	NRP	F	Y25-34	THS_PER	FRL0	2015		u	
ESTAT:LFST_R_LFSD2POP(1.0)	17/04/26 11:00:00	A	NRP	F	Y25-64	THS_PER	FR10	2015	15.4		
ESTAT:LFST_R_LFSD2POP(1.0)	17/04/26 11:00:00	A	NRP	F	Y25-64	THS_PER	FRB0	2015	0.8	u	
ESTAT:LFST_R_LFSD2POP(1.0)	17/04/26 11:00:00	A	NRP	F	Y25-64	THS_PER	FRC1	2015	1.8	u	
ESTAT:LFST_R_LFSD2POP(1.0)	17/04/26 11:00:00	A	NRP	F	Y25-64	THS_PER	FRC2	2015	1.2	u	
ESTAT:LFST_R_LFSD2POP(1.0)	17/04/26 11:00:00	A	NRP	F	Y25-64	THS_PER	FRD1	2015		u	
ESTAT:LFST_R_LFSD2POP(1.0)	17/04/26 11:00:00	A	NRP	F	Y25-64	THS_PER	FRD2	2015	1.3	u	
ESTAT:LFST_R_LFSD2POP(1.0)	17/04/26 11:00:00	A	NRP	F	Y25-64	THS_PER	FRE1	2015	2.0	u	
ESTAT:LFST_R_LFSD2POP(1.0)	17/04/26 11:00:00	A	NRP	F	Y25-64	THS_PER	FRE2	2015		u	
ESTAT:LFST_R_LFSD2POP(1.0)	17/04/26 11:00:00	A	NRP	F	Y25-64	THS_PER	FRF1	2015		u	
ESTAT:LFST_R_LFSD2POP(1.0)	17/04/26 11:00:00	A	NRP	F	Y25-64	THS_PER	FRF2	2015		u	
ESTAT:LFST_R_LFSD2POP(1.0)	17/04/26 11:00:00	A	NRP	F	Y25-64	THS_PER	FRF3	2015	1.5	u	
ESTAT:LFST_R_LFSD2POP(1.0)	17/04/26 11:00:00	A	NRP	F	Y25-64	THS_PER	FRG0	2015	1.0	u	
ESTAT:LFST_R_LFSD2POP(1.0)	17/04/26 11:00:00	A	NRP	F	Y25-64	THS_PER	FRH0	2015	0.9	u	
ESTAT:LFST_R_LFSD2POP(1.0)	17/04/26 11:00:00	A	NRP	F	Y25-64	THS_PER	FRI1	2015	6.1	u	
ESTAT:LFST_R_LFSD2POP(1.0)	17/04/26 11:00:00	A	NRP	F	Y25-64	THS_PER	FRI2	2015		u	
ESTAT:LFST_R_LFSD2POP(1.0)	17/04/26 11:00:00	A	NRP	F	Y25-64	THS_PER	FRI3	2015		u	
ESTAT:LFST_R_LFSD2POP(1.0)	17/04/26 11:00:00	A	NRP	F	Y25-64	THS_PER	FRJ1	2015	1.0	u	
ESTAT:LFST_R_LFSD2POP(1.0)	17/04/26 11:00:00	A	NRP	F	Y25-64	THS_PER	FRJ2	2015	1.9	u	
ESTAT:LFST_R_LFSD2POP(1.0)	17/04/26 11:00:00	A	NRP	F	Y25-64	THS_PER	FRK1	2015	1.0	u	
ESTAT:LFST_R_LFSD2POP(1.0)	17/04/26 11:00:00	A	NRP	F	Y25-64	THS_PER	FRK2	2015	2.7	u	
ESTAT:LFST_R_LFSD2POP(1.0)	17/04/26 11:00:00	A	NRP	F	Y25-64	THS_PER	FRL0	2015	1.5	u	
ESTAT:LFST_R_LFSD2POP(1.0)	17/04/26 11:00:00	A	NRP	F	Y35-44	THS_PER	FR10	2015	2.5	u	
ESTAT:LFST_R_LFSD2POP(1.0)	17/04/26 11:00:00	A	NRP	F	Y35-44	THS_PER	FRB0	2015		u	
ESTAT:LFST_R_LFSD2POP(1.0)	17/04/26 11:00:00	A	NRP	F	Y35-44	THS_PER	FRC1	2015		u	
ESTAT:LFST_R_LFSD2POP(1.0)	17/04/26 11:00:00	A	NRP	F	Y35-44	THS_PER	FRC2	2015		u	
ESTAT:LFST_R_LFSD2POP(1.0)	17/04/26 11:00:00	A	NRP	F	Y35-44	THS_PER	FRD1	2015		u	
ESTAT:LFST_R_LFSD2POP(1.0)	17/04/26 11:00:00	A	NRP	F	Y35-44	THS_PER	FRD2	2015	0.7	u	
ESTAT:LFST_R_LFSD2POP(1.0)	17/04/26 11:00:00	A	NRP	F	Y35-44	THS_PER	FRE1	2015		u	
ESTAT:LFST_R_LFSD2POP(1.0)	17/04/26 11:00:00	A	NRP	F	Y35-44	THS_PER	FRF1	2015		u	
ESTAT:LFST_R_LFSD2POP(1.0)	17/04/26 11:00:00	A	NRP	F	Y35-44	THS_PER	FRF3	2015		u	
ESTAT:LFST_R_LFSD2POP(1.0)	17/04/26 11:00:00	A	NRP	F	Y35-44	THS_PER	FRH0	2015		u	
ESTAT:LFST_R_LFSD2POP(1.0)	17/04/26 11:00:00	A	NRP	F	Y35-44	THS_PER	FRI1	2015	4.5	u	
ESTAT:LFST_R_LFSD2POP(1.0)	17/04/26 11:00:00	A	NRP	F	Y35-44	THS_PER	FRI2	2015		u	
ESTAT:LFST_R_LFSD2POP(1.0)	17/04/26 11:00:00	A	NRP	F	Y35-44	THS_PER	FRI3	2015		u	
ESTAT:LFST_R_LFSD2POP(1.0)	17/04/26 11:00:00	A	NRP	F	Y35-44	THS_PER	FRJ1	2015	0.8	u	
ESTAT:LFST_R_LFSD2POP(1.0)	17/04/26 11:00:00	A	NRP	F	Y35-44	THS_PER	FRJ2	2015		u	
ESTAT:LFST_R_LFSD2POP(1.0)	17/04/26 11:00:00	A	NRP	F	Y35-44	THS_PER	FRK2	2015	0.7	u	
ESTAT:LFST_R_LFSD2POP(1.0)	17/04/26 11:00:00	A	NRP	F	Y35-44	THS_PER	FRL0	2015		u	
ESTAT:LFST_R_LFSD2POP(1.0)	17/04/26 11:00:00	A	NRP	F	Y45-54	THS_PER	FR10	2015	4.8	u	
ESTAT:LFST_R_LFSD2POP(1.0)	17/04/26 11:00:00	A	NRP	F	Y45-54	THS_PER	FRB0	2015		u	
ESTAT:LFST_R_LFSD2POP(1.0)	17/04/26 11:00:00	A	NRP	F	Y45-54	THS_PER	FRC1	2015	1.0	u	
ESTAT:LFST_R_LFSD2POP(1.0)	17/04/26 11:00:00	A	NRP	F	Y45-54	THS_PER	FRC2	2015	0.7	u	
ESTAT:LFST_R_LFSD2POP(1.0)	17/04/26 11:00:00	A	NRP	F	Y45-54	THS_PER	FRD1	2015		u	
ESTAT:LFST_R_LFSD2POP(1.0)	17/04/26 11:00:00	A	NRP	F	Y45-54	THS_PER	FRD2	2015	0.5	u	
ESTAT:LFST_R_LFSD2POP(1.0)	17/04/26 11:00:00	A	NRP	F	Y45-54	THS_PER	FRE1	2015	1.5	u	
ESTAT:LFST_R_LFSD2POP(1.0)	17/04/26 11:00:00	A	NRP	F	Y45-54	THS_PER	FRF3	2015		u	
ESTAT:LFST_R_LFSD2POP(1.0)	17/04/26 11:00:00	A	NRP	F	Y45-54	THS_PER	FRG0	2015		u	
ESTAT:LFST_R_LFSD2POP(1.0)	17/04/26 11:00:00	A	NRP	F	Y45-54	THS_PER	FRI1	2015		u	
ESTAT:LFST_R_LFSD2POP(1.0)	17/04/26 11:00:00	A	NRP	F	Y45-54	THS_PER	FRI2	2015		u	
ESTAT:LFST_R_LFSD2POP(1.0)	17/04/26 11:00:00	A	NRP	F	Y45-54	THS_PER	FRJ1	2015		u	
ESTAT:LFST_R_LFSD2POP(1.0)	17/04/26 11:00:00	A	NRP	F	Y45-54	THS_PER	FRJ2	2015	0.6	u	
ESTAT:LFST_R_LFSD2POP(1.0)	17/04/26 11:00:00	A	NRP	F	Y45-54	THS_PER	FRK1	2015		u	
ESTAT:LFST_R_LFSD2POP(1.0)	17/04/26 11:00:00	A	NRP	F	Y45-54	THS_PER	FRK2	2015	0.9	u	
ESTAT:LFST_R_LFSD2POP(1.0)	17/04/26 11:00:00	A	NRP	F	Y55-64	THS_PER	FR10	2015	3.6	u	
ESTAT:LFST_R_LFSD2POP(1.0)	17/04/26 11:00:00	A	NRP	F	Y55-64	THS_PER	FRB0	2015		u	
ESTAT:LFST_R_LFSD2POP(1.0)	17/04/26 11:00:00	A	NRP	F	Y55-64	THS_PER	FRC1	2015		u	
ESTAT:LFST_R_LFSD2POP(1.0)	17/04/26 11:00:00	A	NRP	F	Y55-64	THS_PER	FRC2	2015		u	
ESTAT:LFST_R_LFSD2POP(1.0)	17/04/26 11:00:00	A	NRP	F	Y55-64	THS_PER	FRD2	2015		u	
ESTAT:LFST_R_LFSD2POP(1.0)	17/04/26 11:00:00	A	NRP	F	Y55-64	THS_PER	FRE2	2015		u	
ESTAT:LFST_R_LFSD2POP(1.0)	17/04/26 11:00:00	A	NRP	F	Y55-64	THS_PER	FRG0	2015		u	
ESTAT:LFST_R_LFSD2POP(1.0)	17/04/26 11:00:00	A	NRP	F	Y55-64	THS_PER	FRH0	2015		u	
ESTAT:LFST_R_LFSD2POP(1.0)	17/04/26 11:00:00	A	NRP	F	Y55-64	THS_PER	FRI1	2015		u	
ESTAT:LFST_R_LFSD2POP(1.0)	17/04/26 11:00:00	A	NRP	F	Y55-64	THS_PER	FRJ2	2015	0.6	u	
ESTAT:LFST_R_LFSD2POP(1.0)	17/04/26 11:00:00	A	NRP	F	Y55-64	THS_PER	FRK1	2015		u	
ESTAT:LFST_R_LFSD2POP(1.0)	17/04/26 11:00:00	A	NRP	F	Y55-64	THS_PER	FRK2	2015	0.6	u	
ESTAT:LFST_R_LFSD2POP(1.0)	17/04/26 11:00:00	A	NRP	F	Y55-64	THS_PER	FRL0	2015	0.8	u	
ESTAT:LFST_R_LFSD2POP(1.0)	17/04/26 11:00:00	A	NRP	F	Y_GE15	THS_PER	FR10	2015	25.0		
ESTAT:LFST_R_LFSD2POP(1.0)	17/04/26 11:00:00	A	NRP	F	Y_GE15	THS_PER	FRB0	2015	1.3	u	
ESTAT:LFST_R_LFSD2POP(1.0)	17/04/26 11:00:00	A	NRP	F	Y_GE15	THS_PER	FRC1	2015	2.1	u	
ESTAT:LFST_R_LFSD2POP(1.0)	17/04/26 11:00:00	A	NRP	F	Y_GE15	THS_PER	FRC2	2015	1.6	u	
ESTAT:LFST_R_LFSD2POP(1.0)	17/04/26 11:00:00	A	NRP	F	Y_GE15	THS_PER	FRD1	2015	1.2	u	
ESTAT:LFST_R_LFSD2POP(1.0)	17/04/26 11:00:00	A	NRP	F	Y_GE15	THS_PER	FRD2	2015	2.3	u	
ESTAT:LFST_R_LFSD2POP(1.0)	17/04/26 11:00:00	A	NRP	F	Y_GE15	THS_PER	FRE1	2015	2.6	u	
ESTAT:LFST_R_LFSD2POP(1.0)	17/04/26 11:00:00	A	NRP	F	Y_GE15	THS_PER	FRE2	2015	0.7	u	
ESTAT:LFST_R_LFSD2POP(1.0)	17/04/26 11:00:00	A	NRP	F	Y_GE15	THS_PER	FRF1	2015	2.0	u	
ESTAT:LFST_R_LFSD2POP(1.0)	17/04/26 11:00:00	A	NRP	F	Y_GE15	THS_PER	FRF2	2015	0.9	u	
ESTAT:LFST_R_LFSD2POP(1.0)	17/04/26 11:00:00	A	NRP	F	Y_GE15	THS_PER	FRF3	2015	2.0	u	
ESTAT:LFST_R_LFSD2POP(1.0)	17/04/26 11:00:00	A	NRP	F	Y_GE15	THS_PER	FRG0	2015	2.0	u	
ESTAT:LFST_R_LFSD2POP(1.0)	17/04/26 11:00:00	A	NRP	F	Y_GE15	THS_PER	FRH0	2015	1.4	u	
ESTAT:LFST_R_LFSD2POP(1.0)	17/04/26 11:00:00	A	NRP	F	Y_GE15	THS_PER	FRI1	2015	6.9	u	
ESTAT:LFST_R_LFSD2POP(1.0)	17/04/26 11:00:00	A	NRP	F	Y_GE15	THS_PER	FRI2	2015		u	
ESTAT:LFST_R_LFSD2POP(1.0)	17/04/26 11:00:00	A	NRP	F	Y_GE15	THS_PER	FRI3	2015		u	
ESTAT:LFST_R_LFSD2POP(1.0)	17/04/26 11:00:00	A	NRP	F	Y_GE15	THS_PER	FRJ1	2015	1.7	u	
ESTAT:LFST_R_LFSD2POP(1.0)	17/04/26 11:00:00	A	NRP	F	Y_GE15	THS_PER	FRJ2	2015	2.4	u	
ESTAT:LFST_R_LFSD2POP(1.0)	17/04/26 11:00:00	A	NRP	F	Y_GE15	THS_PER	FRK1	2015	1.0	u	
ESTAT:LFST_R_LFSD2POP(1.0)	17/04/26 11:00:00	A	NRP	F	Y_GE15	THS_PER	FRK2	2015	5.5	u	
ESTAT:LFST_R_LFSD2POP(1.0)	17/04/26 11:00:00	A	NRP	F	Y_GE15	THS_PER	FRL0	2015	2.7	u	
ESTAT:LFST_R_LFSD2POP(1.0)	17/04/26 11:00:00	A	NRP	F	Y_GE25	THS_PER	FR10	2015	17.0		
ESTAT:LFST_R_LFSD2POP(1.0)	17/04/26 11:00:00	A	NRP	F	Y_GE25	THS_PER	FRB0	2015	0.9	u	
ESTAT:LFST_R_LFSD2POP(1.0)	17/04/26 11:00:00	A	NRP	F	Y_GE25	THS_PER	FRC1	2015	1.8	u	
ESTAT:LFST_R_LFSD2POP(1.0)	17/04/26 11:00:00	A	NRP	F	Y_GE25	THS_PER	FRC2	2015	1.2	u	
ESTAT:LFST_R_LFSD2POP(1.0)	17/04/26 11:00:00	A	NRP	F	Y_GE25	THS_PER	FRD1	2015	0.6	u	
ESTAT:LFST_R_LFSD2POP(1.0)	17/04/26 11:00:00	A	NRP	F	Y_GE25	THS_PER	FRD2	2015	1.4	u	
ESTAT:LFST_R_LFSD2POP(1.0)	17/04/26 11:00:00	A	NRP	F	Y_GE25	THS_PER	FRE1	2015	2.0	u	
ESTAT:LFST_R_LFSD2POP(1.0)	17/04/26 11:00:00	A	NRP	F	Y_GE25	THS_PER	FRE2	2015	0.7	u	
ESTAT:LFST_R_LFSD2POP(1.0)	17/04/26 11:00:00	A	NRP	F	Y_GE25	THS_PER	FRF1	2015	1.3	u	
ESTAT:LFST_R_LFSD2POP(1.0)	17/04/26 11:00:00	A	NRP	F	Y_GE25	THS_PER	FRF2	2015		u	
ESTAT:LFST_R_LFSD2POP(1.0)	17/04/26 11:00:00	A	NRP	F	Y_GE25	THS_PER	FRF3	2015	1.7	u	
ESTAT:LFST_R_LFSD2POP(1.0)	17/04/26 11:00:00	A	NRP	F	Y_GE25	THS_PER	FRG0	2015	1.0	u	
ESTAT:LFST_R_LFSD2POP(1.0)	17/04/26 11:00:00	A	NRP	F	Y_GE25	THS_PER	FRH0	2015	1.1	u	
ESTAT:LFST_R_LFSD2POP(1.0)	17/04/26 11:00:00	A	NRP	F	Y_GE25	THS_PER	FRI1	2015	6.1	u	
ESTAT:LFST_R_LFSD2POP(1.0)	17/04/26 11:00:00	A	NRP	F	Y_GE25	THS_PER	FRI2	2015		u	
ESTAT:LFST_R_LFSD2POP(1.0)	17/04/26 11:00:00	A	NRP	F	Y_GE25	THS_PER	FRI3	2015		u	
ESTAT:LFST_R_LFSD2POP(1.0)	17/04/26 11:00:00	A	NRP	F	Y_GE25	THS_PER	FRJ1	2015	1.3	u	
ESTAT:LFST_R_LFSD2POP(1.0)	17/04/26 11:00:00	A	NRP	F	Y_GE25	THS_PER	FRJ2	2015	1.9	u	
ESTAT:LFST_R_LFSD2POP(1.0)	17/04/26 11:00:00	A	NRP	F	Y_GE25	THS_PER	FRK1	2015	1.0	u	
ESTAT:LFST_R_LFSD2POP(1.0)	17/04/26 11:00:00	A	NRP	F	Y_GE25	THS_PER	FRK2	2015	2.7	u	
ESTAT:LFST_R_LFSD2POP(1.0)	17/04/26 11:00:00	A	NRP	F	Y_GE25	THS_PER	FRL0	2015	1.5	u	
ESTAT:LFST_R_LFSD2POP(1.0)	17/04/26 11:00:00	A	NRP	F	Y_GE65	THS_PER	FR10	2015	1.6	u	
ESTAT:LFST_R_LFSD2POP(1.0)	17/04/26 11:00:00	A	NRP	F	Y_GE65	THS_PER	FRB0	2015		u	
ESTAT:LFST_R_LFSD2POP(1.0)	17/04/26 11:00:00	A	NRP	F	Y_GE65	THS_PER	FRD1	2015		u	
ESTAT:LFST_R_LFSD2POP(1.0)	17/04/26 11:00:00	A	NRP	F	Y_GE65	THS_PER	FRD2	2015		u	
ESTAT:LFST_R_LFSD2POP(1.0)	17/04/26 11:00:00	A	NRP	F	Y_GE65	THS_PER	FRE2	2015		u	
ESTAT:LFST_R_LFSD2POP(1.0)	17/04/26 11:00:00	A	NRP	F	Y_GE65	THS_PER	FRF1	2015		u	
ESTAT:LFST_R_LFSD2POP(1.0)	17/04/26 11:00:00	A	NRP	F	Y_GE65	THS_PER	FRF3	2015		u	
ESTAT:LFST_R_LFSD2POP(1.0)	17/04/26 11:00:00	A	NRP	F	Y_GE65	THS_PER	FRH0	2015		u	
ESTAT:LFST_R_LFSD2POP(1.0)	17/04/26 11:00:00	A	NRP	F	Y_GE65	THS_PER	FRI2	2015		u	
ESTAT:LFST_R_LFSD2POP(1.0)	17/04/26 11:00:00	A	NRP	F	Y_GE65	THS_PER	FRJ1	2015		u	
ESTAT:LFST_R_LFSD2POP(1.0)	17/04/26 11:00:00	A	NRP	M	Y15-24	THS_PER	FR10	2015	11.7		
ESTAT:LFST_R_LFSD2POP(1.0)	17/04/26 11:00:00	A	NRP	M	Y15-24	THS_PER	FRB0	2015		u	
ESTAT:LFST_R_LFSD2POP(1.0)	17/04/26 11:00:00	A	NRP	M	Y15-24	THS_PER	FRC1	2015	0.5	u	
ESTAT:LFST_R_LFSD2POP(1.0)	17/04/26 11:00:00	A	NRP	M	Y15-24	THS_PER	FRC2	2015	0.6	u	
ESTAT:LFST_R_LFSD2POP(1.0)	17/04/26 11:00:00	A	NRP	M	Y15-24	THS_PER	FRD2	2015		u	
ESTAT:LFST_R_LFSD2POP(1.0)	17/04/26 11:00:00	A	NRP	M	Y15-24	THS_PER	FRE1	2015	0.9	u	
ESTAT:LFST_R_LFSD2POP(1.0)	17/04/26 11:00:00	A	NRP	M	Y15-24	THS_PER	FRE2	2015		u	
ESTAT:LFST_R_LFSD2POP(1.0)	17/04/26 11:00:00	A	NRP	M	Y15-24	THS_PER	FRF1	2015		u	
ESTAT:LFST_R_LFSD2POP(1.0)	17/04/26 11:00:00	A	NRP	M	Y15-24	THS_PER	FRF3	2015		u	
ESTAT:LFST_R_LFSD2POP(1.0)	17/04/26 11:00:00	A	NRP	M	Y15-24	THS_PER	FRG0	2015		u	
ESTAT:LFST_R_LFSD2POP(1.0)	17/04/26 11:00:00	A	NRP	M	Y15-24	THS_PER	FRH0	2015	1.1	u	
ESTAT:LFST_R_LFSD2POP(1.0)	17/04/26 11:00:00	A	NRP	M	Y15-24	THS_PER	FRI1	2015		u	
ESTAT:LFST_R_LFSD2POP(1.0)	17/04/26 11:00:00	A	NRP	M	Y15-24	THS_PER	FRI2	2015		u	
ESTAT:LFST_R_LFSD2POP(1.0)	17/04/26 11:00:00	A	NRP	M	Y15-24	THS_PER	FRJ2	2015	1.2	u	
ESTAT:LFST_R_LFSD2POP(1.0)	17/04/26 11:00:00	A	NRP	M	Y15-24	THS_PER	FRK1	2015		u	
ESTAT:LFST_R_LFSD2POP(1.0)	17/04/26 11:00:00	A	NRP	M	Y15-24	THS_PER	FRK2	2015	2.2	u	
ESTAT:LFST_R_LFSD2POP(1.0)	17/04/26 11:00:00	A	NRP	M	Y15-24	THS_PER	FRL0	2015		u	
ESTAT:LFST_R_LFSD2POP(1.0)	17/04/26 11:00:00	A	NRP	M	Y15-64	THS_PER	FR10	2015	29.6		
ESTAT:LFST_R_LFSD2POP(1.0)	17/04/26 11:00:00	A	NRP	M	Y15-64	THS_PER	FRB0	2015	2.2	u	
ESTAT:LFST_R_LFSD2POP(1.0)	17/04/26 11:00:00	A	NRP	M	Y15-64	THS_PER	FRC1	2015	2.1	u	
ESTAT:LFST_R_LFSD2POP(1.0)	17/04/26 11:00:00	A	NRP	M	Y15-64	THS_PER	FRC2	2015	2.0	u	
ESTAT:LFST_R_LFSD2POP(1.0)	17/04/26 11:00:00	A	NRP	M	Y15-64	THS_PER	FRD1	2015	0.6	u	
ESTAT:LFST_R_LFSD2POP(1.0)	17/04/26 11:00:00	A	NRP	M	Y15-64	THS_PER	FRD2	2015	1.0	u	
ESTAT:LFST_R_LFSD2POP(1.0)	17/04/26 11:00:00	A	NRP	M	Y15-64	THS_PER	FRE1	2015	1.7	u	
ESTAT:LFST_R_LFSD2POP(1.0)	17/04/26 11:00:00	A	NRP	M	Y15-64	THS_PER	FRE2	2015	1.6	u	
ESTAT:LFST_R_LFSD2POP(1.0)	17/04/26 11:00:00	A	NRP	M	Y15-64	THS_PER	FRF1	2015	0.8	u	
ESTAT:LFST_R_LFSD2POP(1.0)	17/04/26 11:00:00	A	NRP	M	Y15-64	THS_PER	FRF2	2015	0.6	u	
ESTAT:LFST_R_LFSD2POP(1.0)	17/04/26 11:00:00	A	NRP	M	Y15-64	THS_PER	FRF3	2015	2.8	u	
ESTAT:LFST_R_LFSD2POP(1.0)	17/04/26 11:00:00	A	NRP	M	Y15-64	THS_PER	FRG0	2015	1.3	u	
ESTAT:LFST_R_LFSD2POP(1.0)	17/04/26 11:00:00	A	NRP	M	Y15-64	THS_PER	FRH0	2015	2.8	u	
ESTAT:LFST_R_LFSD2POP(1.0)	17/04/26 11:00:00	A	NRP	M	Y15-64	THS_PER	FRI1	2015	3.4	u	
ESTAT:LFST_R_LFSD2POP(1.0)	17/04/26 11:00:00	A	NRP	M	Y15-64	THS_PER	FRI2	2015		u	
ESTAT:LFST_R_LFSD2POP(1.0)	17/04/26 11:00:00	A	NRP	M	Y15-64	THS_PER	FRJ1	2015		u	
ESTAT:LFST_R_LFSD2POP(1.0)	17/04/26 11:00:00	A	NRP	M	Y15-64	THS_PER	FRJ2	2015	4.6	u	
ESTAT:LFST_R_LFSD2POP(1.0)	17/04/26 11:00:00	A	NRP	M	Y15-64	THS_PER	FRK1	2015	1.3	u	
ESTAT:LFST_R_LFSD2POP(1.0)	17/04/26 11:00:00	A	NRP	M	Y15-64	THS_PER	FRK2	2015	4.9	u	
ESTAT:LFST_R_LFSD2POP(1.0)	17/04/26 11:00:00	A	NRP	M	Y15-64	THS_PER	FRL0	2015	3.7	u	
ESTAT:LFST_R_LFSD2POP(1.0)	17/04/26 11:00:00	A	NRP	M	Y15-74	THS_PER	FR10	2015	31.0		
ESTAT:LFST_R_LFSD2POP(1.0)	17/04/26 11:00:00	A	NRP	M	Y15-74	THS_PER	FRB0	2015	2.4	u	
ESTAT:LFST_R_LFSD2POP(1.0)	17/04/26 11:00:00	A	NRP	M	Y15-74	THS_PER	FRC1	2015	2.3	u	
ESTAT:LFST_R_LFSD2POP(1.0)	17/04/26 11:00:00	A	NRP	M	Y15-74	THS_PER	FRC2	2015	2.3	u	
ESTAT:LFST_R_LFSD2POP(1.0)	17/04/26 11:00:00	A	NRP	M	Y15-74	THS_PER	FRD1	2015	0.6	u	
ESTAT:LFST_R_LFSD2POP(1.0)	17/04/26 11:00:00	A	NRP	M	Y15-74	THS_PER	FRD2	2015	1.5	u	
ESTAT:LFST_R_LFSD2POP(1.0)	17/04/26 11:00:00	A	NRP	M	Y15-74	THS_PER	FRE1	2015	1.9	u	
ESTAT:LFST_R_LFSD2POP(1.0)	17/04/26 11:00:00	A	NRP	M	Y15-74	THS_PER	FRE2	2015	1.9	u	
ESTAT:LFST_R_LFSD2POP(1.0)	17/04/26 11:00:00	A	NRP	M	Y15-74	THS_PER	FRF1	2015	0.8	u	
ESTAT:LFST_R_LFSD2POP(1.0)	17/04/26 11:00:00	A	NRP	M	Y15-74	THS_PER	FRF2	2015	0.6	u	
ESTAT:LFST_R_LFSD2POP(1.0)	17/04/26 11:00:00	A	NRP	M	Y15-74	THS_PER	FRF3	2015	2.8	u	
ESTAT:LFST_R_LFSD2POP(1.0)	17/04/26 11:00:00	A	NRP	M	Y15-74	THS_PER	FRG0	2015	1.7	u	
ESTAT:LFST_R_LFSD2POP(1.0)	17/04/26 11:00:00	A	NRP	M	Y15-74	THS_PER	FRH0	2015	2.8	u	
ESTAT:LFST_R_LFSD2POP(1.0)	17/04/26 11:00:00	A	NRP	M	Y15-74	THS_PER	FRI1	2015	3.4	u	
ESTAT:LFST_R_LFSD2POP(1.0)	17/04/26 11:00:00	A	NRP	M	Y15-74	THS_PER	FRI2	2015		u	
ESTAT:LFST_R_LFSD2POP(1.0)	17/04/26 11:00:00	A	NRP	M	Y15-74	THS_PER	FRJ1	2015		u	
ESTAT:LFST_R_LFSD2POP(1.0)	17/04/26 11:00:00	A	NRP	M	Y15-74	THS_PER	FRJ2	2015	4.8	u	
ESTAT:LFST_R_LFSD2POP(1.0)	17/04/26 11:00:00	A	NRP	M	Y15-74	THS_PER	FRK1	2015	1.4	u	
ESTAT:LFST_R_LFSD2POP(1.0)	17/04/26 11:00:00	A	NRP	M	Y15-74	THS_PER	FRK2	2015	4.9	u	
ESTAT:LFST_R_LFSD2POP(1.0)	17/04/26 11:00:00	A	NRP	M	Y15-74	THS_PER	FRL0	2015	3.7	u	
ESTAT:LFST_R_LFSD2POP(1.0)	17/04/26 11:00:00	A	NRP	M	Y20-64	THS_PER	FR10	2015	25.0		
ESTAT:LFST_R_LFSD2POP(1.0)	17/04/26 11:00:00	A	NRP	M	Y20-64	THS_PER	FRB0	2015	2.2	u	
ESTAT:LFST_R_LFSD2POP(1.0)	17/04/26 11:00:00	A	NRP	M	Y20-64	THS_PER	FRC1	2015	1.9	u	
ESTAT:LFST_R_LFSD2POP(1.0)	17/04/26 11:00:00	A	NRP	M	Y20-64	THS_PER	FRC2	2015	2.0	u	
ESTAT:LFST_R_LFSD2POP(1.0)	17/04/26 11:00:00	A	NRP	M	Y20-64	THS_PER	FRD1	2015	0.6	u	
ESTAT:LFST_R_LFSD2POP(1.0)	17/04/26 11:00:00	A	NRP	M	Y20-64	THS_PER	FRD2	2015	1.0	u	
ESTAT:LFST_R_LFSD2POP(1.0)	17/04/26 11:00:00	A	NRP	M	Y20-64	THS_PER	FRE1	2015	1.4	u	
ESTAT:LFST_R_LFSD2POP(1.0)	17/04/26 11:00:00	A	NRP	M	Y20-64	THS_PER	FRE2	2015	1.5	u	
ESTAT:LFST_R_LFSD2POP(1.0)	17/04/26 11:00:00	A	NRP	M	Y20-64	THS_PER	FRF1	2015	0.7	u	
ESTAT:LFST_R_LFSD2POP(1.0)	17/04/26 11:00:00	A	NRP	M	Y20-64	THS_PER	FRF2	2015	0.6	u	
ESTAT:LFST_R_LFSD2POP(1.0)	17/04/26 11:00:00	A	NRP	M	Y20-64	THS_PER	FRF3	2015	2.8	u	
ESTAT:LFST_R_LFSD2POP(1.0)	17/04/26 11:00:00	A	NRP	M	Y20-64	THS_PER	FRG0	2015	1.3	u	
ESTAT:LFST_R_LFSD2POP(1.0)	17/04/26 11:00:00	A	NRP	M	Y20-64	THS_PER	FRH0	2015	2.8	u	
ESTAT:LFST_R_LFSD2POP(1.0)	17/04/26 11:00:00	A	NRP	M	Y20-64	THS_PER	FRI1	2015	3.4	u	
ESTAT:LFST_R_LFSD2POP(1.0)	17/04/26 11:00:00	A	NRP	M	Y20-64	THS_PER	FRI2	2015		u	
ESTAT:LFST_R_LFSD2POP(1.0)	17/04/26 11:00:00	A	NRP	M	Y20-64	THS_PER	FRJ1	2015		u	
ESTAT:LFST_R_LFSD2POP(1.0)	17/04/26 11:00:00	A	NRP	M	Y20-64	THS_PER	FRJ2	2015	4.4	u	
ESTAT:LFST_R_LFSD2POP(1.0)	17/04/26 11:00:00	A	NRP	M	Y20-64	THS_PER	FRK1	2015	1.3	u	
ESTAT:LFST_R_LFSD2POP(1.0)	17/04/26 11:00:00	A	NRP	M	Y20-64	THS_PER	FRK2	2015	4.7	u	
ESTAT:LFST_R_LFSD2POP(1.0)	17/04/26 11:00:00	A	NRP	M	Y20-64	THS_PER	FRL0	2015	3.7	u	
ESTAT:LFST_R_LFSD2POP(1.0)	17/04/26 11:00:00	A	NRP	M	Y25-34	THS_PER	FR10	2015	7.6	u	
ESTAT:LFST_R_LFSD2POP(1.0)	17/04/26 11:00:00	A	NRP	M	Y25-34	THS_PER	FRB0	2015	1.2	u	
ESTAT:LFST_R_LFSD2POP(1.0)	17/04/26 11:00:00	A	NRP	M	Y25-34	THS_PER	FRC1	2015		u	
ESTAT:LFST_R_LFSD2POP(1.0)	17/04/26 11:00:00	A	NRP	M	Y25-34	THS_PER	FRC2	2015	0.7	u	
ESTAT:LFST_R_LFSD2POP(1.0)	17/04/26 11:00:00	A	NRP	M	Y25-34	THS_PER	FRD1	2015		u	
ESTAT:LFST_R_LFSD2POP(1.0)	17/04/26 11:00:00	A	NRP	M	Y25-34	THS_PER	FRD2	2015		u	
ESTAT:LFST_R_LFSD2POP(1.0)	17/04/26 11:00:00	A	NRP	M	Y25-34	THS_PER	FRE1	2015		u	
ESTAT:LFST_R_LFSD2POP(1.0)	17/04/26 11:00:00	A	NRP	M	Y25-34	THS_PER	FRE2	2015		u	
ESTAT:LFST_R_LFSD2POP(1.0)	17/04/26 11:00:00	A	NRP	M	Y25-34	THS_PER	FRF1	2015		u	
ESTAT:LFST_R_LFSD2POP(1.0)	17/04/26 11:00:00	A	NRP	M	Y25-34	THS_PER	FRF2	2015		u	
ESTAT:LFST_R_LFSD2POP(1.0)	17/04/26 11:00:00	A	NRP	M	Y25-34	THS_PER	FRF3	2015	1.0	u	
ESTAT:LFST_R_LFSD2POP(1.0)	17/04/26 11:00:00	A	NRP	M	Y25-34	THS_PER	FRG0	2015	0.5	u	
ESTAT:LFST_R_LFSD2POP(1.0)	17/04/26 11:00:00	A	NRP	M	Y25-34	THS_PER	FRH0	2015	1.2	u	
ESTAT:LFST_R_LFSD2POP(1.0)	17/04/26 11:00:00	A	NRP	M	Y25-34	THS_PER	FRI1	2015	1.7	u	
ESTAT:LFST_R_LFSD2POP(1.0)	17/04/26 11:00:00	A	NRP	M	Y25-34	THS_PER	FRJ1	2015		u	
ESTAT:LFST_R_LFSD2POP(1.0)	17/04/26 11:00:00	A	NRP	M	Y25-34	THS_PER	FRJ2	2015	0.7	u	
ESTAT:LFST_R_LFSD2POP(1.0)	17/04/26 11:00:00	A	NRP	M	Y25-34	THS_PER	FRK1	2015		u	
ESTAT:LFST_R_LFSD2POP(1.0)	17/04/26 11:00:00	A	NRP	M	Y25-34	THS_PER	FRK2	2015	0.7	u	
ESTAT:LFST_R_LFSD2POP(1.0)	17/04/26 11:00:00	A	NRP	M	Y25-34	THS_PER	FRL0	2015	1.6	u	
ESTAT:LFST_R_LFSD2POP(1.0)	17/04/26 11:00:00	A	NRP	M	Y25-64	THS_PER	FR10	2015	17.8		
ESTAT:LFST_R_LFSD2POP(1.0)	17/04/26 11:00:00	A	NRP	M	Y25-64	THS_PER	FRB0	2015	1.8	u	
ESTAT:LFST_R_LFSD2POP(1.0)	17/04/26 11:00:00	A	NRP	M	Y25-64	THS_PER	FRC1	2015	1.5	u	
ESTAT:LFST_R_LFSD2POP(1.0)	17/04/26 11:00:00	A	NRP	M	Y25-64	THS_PER	FRC2	2015	1.4	u	
ESTAT:LFST_R_LFSD2POP(1.0)	17/04/26 11:00:00	A	NRP	M	Y25-64	THS_PER	FRD1	2015	0.6	u	
ESTAT:LFST_R_LFSD2POP(1.0)	17/04/26 11:00:00	A	NRP	M	Y25-64	THS_PER	FRD2	2015	0.8	u	
ESTAT:LFST_R_LFSD2POP(1.0)	17/04/26 11:00:00	A	NRP	M	Y25-64	THS_PER	FRE1	2015	0.8	u	
ESTAT:LFST_R_LFSD2POP(1.0)	17/04/26 11:00:00	A	NRP	M	Y25-64	THS_PER	FRE2	2015	1.4	u	
ESTAT:LFST_R_LFSD2POP(1.0)	17/04/26 11:00:00	A	NRP	M	Y25-64	THS_PER	FRF1	2015	0.7	u	
ESTAT:LFST_R_LFSD2POP(1.0)	17/04/26 11:00:00	A	NRP	M	Y25-64	THS_PER	FRF2	2015	0.6	u	
ESTAT:LFST_R_LFSD2POP(1.0)	17/04/26 11:00:00	A	NRP	M	Y25-64	THS_PER	FRF3	2015	2.4	u	
ESTAT:LFST_R_LFSD2POP(1.0)	17/04/26 11:00:00	A	NRP	M	Y25-64	THS_PER	FRG0	2015	1.1	u	
ESTAT:LFST_R_LFSD2POP(1.0)	17/04/26 11:00:00	A	NRP	M	Y25-64	THS_PER	FRH0	2015	1.7	u	
ESTAT:LFST_R_LFSD2POP(1.0)	17/04/26 11:00:00	A	NRP	M	Y25-64	THS_PER	FRI1	2015	2.9	u	
ESTAT:LFST_R_LFSD2POP(1.0)	17/04/26 11:00:00	A	NRP	M	Y25-64	THS_PER	FRI2	2015		u	
ESTAT:LFST_R_LFSD2POP(1.0)	17/04/26 11:00:00	A	NRP	M	Y25-64	THS_PER	FRJ1	2015		u	
ESTAT:LFST_R_LFSD2POP(1.0)	17/04/26 11:00:00	A	NRP	M	Y25-64	THS_PER	FRJ2	2015	3.4	u	
ESTAT:LFST_R_LFSD2POP(1.0)	17/04/26 11:00:00	A	NRP	M	Y25-64	THS_PER	FRK1	2015	1.1	u	
ESTAT:LFST_R_LFSD2POP(1.0)	17/04/26 11:00:00	A	NRP	M	Y25-64	THS_PER	FRK2	2015	2.7	u	
ESTAT:LFST_R_LFSD2POP(1.0)	17/04/26 11:00:00	A	NRP	M	Y25-64	THS_PER	FRL0	2015	3.3	u	
ESTAT:LFST_R_LFSD2POP(1.0)	17/04/26 11:00:00	A	NRP	M	Y35-44	THS_PER	FR10	2015	2.5	u	
ESTAT:LFST_R_LFSD2POP(1.0)	17/04/26 11:00:00	A	NRP	M	Y35-44	THS_PER	FRD1	2015		u	
ESTAT:LFST_R_LFSD2POP(1.0)	17/04/26 11:00:00	A	NRP	M	Y35-44	THS_PER	FRD2	2015		u	
ESTAT:LFST_R_LFSD2POP(1.0)	17/04/26 11:00:00	A	NRP	M	Y35-44	THS_PER	FRE2	2015		u	
ESTAT:LFST_R_LFSD2POP(1.0)	17/04/26 11:00:00	A	NRP	M	Y35-44	THS_PER	FRF1	2015		u	
ESTAT:LFST_R_LFSD2POP(1.0)	17/04/26 11:00:00	A	NRP	M	Y35-44	THS_PER	FRF2	2015		u	
ESTAT:LFST_R_LFSD2POP(1.0)	17/04/26 11:00:00	A	NRP	M	Y35-44	THS_PER	FRF3	2015		u	
ESTAT:LFST_R_LFSD2POP(1.0)	17/04/26 11:00:00	A	NRP	M	Y35-44	THS_PER	FRG0	2015		u	
ESTAT:LFST_R_LFSD2POP(1.0)	17/04/26 11:00:00	A	NRP	M	Y35-44	THS_PER	FRH0	2015		u	
ESTAT:LFST_R_LFSD2POP(1.0)	17/04/26 11:00:00	A	NRP	M	Y35-44	THS_PER	FRI1	2015		u	
ESTAT:LFST_R_LFSD2POP(1.0)	17/04/26 11:00:00	A	NRP	M	Y35-44	THS_PER	FRI2	2015		u	
ESTAT:LFST_R_LFSD2POP(1.0)	17/04/26 11:00:00	A	NRP	M	Y35-44	THS_PER	FRJ1	2015		u	
ESTAT:LFST_R_LFSD2POP(1.0)	17/04/26 11:00:00	A	NRP	M	Y35-44	THS_PER	FRJ2	2015	0.9	u	
ESTAT:LFST_R_LFSD2POP(1.0)	17/04/26 11:00:00	A	NRP	M	Y35-44	THS_PER	FRK2	2015	0.7	u	
ESTAT:LFST_R_LFSD2POP(1.0)	17/04/26 11:00:00	A	NRP	M	Y35-44	THS_PER	FRL0	2015		u	
ESTAT:LFST_R_LFSD2POP(1.0)	17/04/26 11:00:00	A	NRP	M	Y45-54	THS_PER	FR10	2015	3.6	u	
ESTAT:LFST_R_LFSD2POP(1.0)	17/04/26 11:00:00	A	NRP	M	Y45-54	THS_PER	FRC1	2015		u	
ESTAT:LFST_R_LFSD2POP(1.0)	17/04/26 11:00:00	A	NRP	M	Y45-54	THS_PER	FRC2	2015	0.7	u	
ESTAT:LFST_R_LFSD2POP(1.0)	17/04/26 11:00:00	A	NRP	M	Y45-54	THS_PER	FRD1	2015		u	
ESTAT:LFST_R_LFSD2POP(1.0)	17/04/26 11:00:00	A	NRP	M	Y45-54	THS_PER	FRD2	2015		u	
ESTAT:LFST_R_LFSD2POP(1.0)	17/04/26 11:00:00	A	NRP	M	Y45-54	THS_PER	FRE1	2015		u	
ESTAT:LFST_R_LFSD2POP(1.0)	17/04/26 11:00:00	A	NRP	M	Y45-54	THS_PER	FRE2	2015		u	
ESTAT:LFST_R_LFSD2POP(1.0)	17/04/26 11:00:00	A	NRP	M	Y45-54	THS_PER	FRF2	2015		u	
ESTAT:LFST_R_LFSD2POP(1.0)	17/04/26 11:00:00	A	NRP	M	Y45-54	THS_PER	FRF3	2015	1.2	u	
ESTAT:LFST_R_LFSD2POP(1.0)	17/04/26 11:00:00	A	NRP	M	Y45-54	THS_PER	FRG0	2015		u	
ESTAT:LFST_R_LFSD2POP(1.0)	17/04/26 11:00:00	A	NRP	M	Y45-54	THS_PER	FRH0	2015		u	
ESTAT:LFST_R_LFSD2POP(1.0)	17/04/26 11:00:00	A	NRP	M	Y45-54	THS_PER	FRI1	2015		u	
ESTAT:LFST_R_LFSD2POP(1.0)	17/04/26 11:00:00	A	NRP	M	Y45-54	THS_PER	FRI2	2015		u	
ESTAT:LFST_R_LFSD2POP(1.0)	17/04/26 11:00:00	A	NRP	M	Y45-54	THS_PER	FRJ2	2015	0.6	u	
ESTAT:LFST_R_LFSD2POP(1.0)	17/04/26 11:00:00	A	NRP	M	Y45-54	THS_PER	FRK1	2015		u	
ESTAT:LFST_R_LFSD2POP(1.0)	17/04/26 11:00:00	A	NRP	M	Y45-54	THS_PER	FRK2	2015	0.8	u	
ESTAT:LFST_R_LFSD2POP(1.0)	17/04/26 11:00:00	A	NRP	M	Y45-54	THS_PER	FRL0	2015	1.0	u	
ESTAT:LFST_R_LFSD2POP(1.0)	17/04/26 11:00:00	A	NRP	M	Y55-64	THS_PER	FR10	2015	4.1	u	
ESTAT:LFST_R_LFSD2POP(1.0)	17/04/26 11:00:00	A	NRP	M	Y55-64	THS_PER	FRB0	2015	0.6	u	
ESTAT:LFST_R_LFSD2POP(1.0)	17/04/26 11:00:00	A	NRP	M	Y55-64	THS_PER	FRC1	2015	1.1	u	
ESTAT:LFST_R_LFSD2POP(1.0)	17/04/26 11:00:00	A	NRP	M	Y55-64	THS_PER	FRC2	2015		u	
ESTAT:LFST_R_LFSD2POP(1.0)	17/04/26 11:00:00	A	NRP	M	Y55-64	THS_PER	FRE2	2015		u	
ESTAT:LFST_R_LFSD2POP(1.0)	17/04/26 11:00:00	A	NRP	M	Y55-64	THS_PER	FRF2	2015		u	
ESTAT:LFST_R_LFSD2POP(1.0)	17/04/26 11:00:00	A	NRP	M	Y55-64	THS_PER	FRF3	2015		u	
ESTAT:LFST_R_LFSD2POP(1.0)	17/04/26 11:00:00	A	NRP	M	Y55-64	THS_PER	FRG0	2015		u	
ESTAT:LFST_R_LFSD2POP(1.0)	17/04/26 11:00:00	A	NRP	M	Y55-64	THS_PER	FRI1	2015		u	
ESTAT:LFST_R_LFSD2POP(1.0)	17/04/26 11:00:00	A	NRP	M	Y55-64	THS_PER	FRJ2	2015	1.2	u	
ESTAT:LFST_R_LFSD2POP(1.0)	17/04/26 11:00:00	A	NRP	M	Y55-64	THS_PER	FRK1	2015		u	
ESTAT:LFST_R_LFSD2POP(1.0)	17/04/26 11:00:00	A	NRP	M	Y55-64	THS_PER	FRK2	2015	0.5	u	
ESTAT:LFST_R_LFSD2POP(1.0)	17/04/26 11:00:00	A	NRP	M	Y55-64	THS_PER	FRL0	2015		u	
ESTAT:LFST_R_LFSD2POP(1.0)	17/04/26 11:00:00	A	NRP	M	Y_GE15	THS_PER	FR10	2015	31.6		
ESTAT:LFST_R_LFSD2POP(1.0)	17/04/26 11:00:00	A	NRP	M	Y_GE15	THS_PER	FRB0	2015	2.4	u	
ESTAT:LFST_R_LFSD2POP(1.0)	17/04/26 11:00:00	A	NRP	M	Y_GE15	THS_PER	FRC1	2015	2.3	u	
ESTAT:LFST_R_LFSD2POP(1.0)	17/04/26 11:00:00	A	NRP	M	Y_GE15	THS_PER	FRC2	2015	2.3	u	
ESTAT:LFST_R_LFSD2POP(1.0)	17/04/26 11:00:00	A	NRP	M	Y_GE15	THS_PER	FRD1	2015	0.7	u	
ESTAT:LFST_R_LFSD2POP(1.0)	17/04/26 11:00:00	A	NRP	M	Y_GE15	THS_PER	FRD2	2015	1.5	u	
ESTAT:LFST_R_LFSD2POP(1.0)	17/04/26 11:00:00	A	NRP	M	Y_GE15	THS_PER	FRE1	2015	2.2	u	
ESTAT:LFST_R_LFSD2POP(1.0)	17/04/26 11:00:00	A	NRP	M	Y_GE15	THS_PER	FRE2	2015	1.9	u	
ESTAT:LFST_R_LFSD2POP(1.0)	17/04/26 11:00:00	A	NRP	M	Y_GE15	THS_PER	FRF1	2015	0.8	u	
ESTAT:LFST_R_LFSD2POP(1.0)	17/04/26 11:00:00	A	NRP	M	Y_GE15	THS_PER	FRF2	2015	0.6	u	
ESTAT:LFST_R_LFSD2POP(1.0)	17/04/26 11:00:00	A	NRP	M	Y_GE15	THS_PER	FRF3	2015	2.8	u	
ESTAT:LFST_R_LFSD2POP(1.0)	17/04/26 11:00:00	A	NRP	M	Y_GE15	THS_PER	FRG0	2015	1.7	u	
ESTAT:LFST_R_LFSD2POP(1.0)	17/04/26 11:00:00	A	NRP	M	Y_GE15	THS_PER	FRH0	2015	2.8	u	
ESTAT:LFST_R_LFSD2POP(1.0)	17/04/26 11:00:00	A	NRP	M	Y_GE15	THS_PER	FRI1	2015	3.4	u	
ESTAT:LFST_R_LFSD2POP(1.0)	17/04/26 11:00:00	A	NRP	M	Y_GE15	THS_PER	FRI2	2015		u	
ESTAT:LFST_R_LFSD2POP(1.0)	17/04/26 11:00:00	A	NRP	M	Y_GE15	THS_PER	FRJ1	2015		u	
ESTAT:LFST_R_LFSD2POP(1.0)	17/04/26 11:00:00	A	NRP	M	Y_GE15	THS_PER	FRJ2	2015	4.8	u	
ESTAT:LFST_R_LFSD2POP(1.0)	17/04/26 11:00:00	A	NRP	M	Y_GE15	THS_PER	FRK1	2015	1.4	u	
ESTAT:LFST_R_LFSD2POP(1.0)	17/04/26 11:00:00	A	NRP	M	Y_GE15	THS_PER	FRK2	2015	5.1	u	
ESTAT:LFST_R_LFSD2POP(1.0)	17/04/26 11:00:00	A	NRP	M	Y_GE15	THS_PER	FRL0	2015	3.7	u	
ESTAT:LFST_R_LFSD2POP(1.0)	17/04/26 11:00:00	A	NRP	M	Y_GE25	THS_PER	FR10	2015	19.8		
ESTAT:LFST_R_LFSD2POP(1.0)	17/04/26 11:00:00	A	NRP	M	Y_GE25	THS_PER	FRB0	2015	2.1	u	
ESTAT:LFST_R_LFSD2POP(1.0)	17/04/26 11:00:00	A	NRP	M	Y_GE25	THS_PER	FRC1	2015	1.7	u	
ESTAT:LFST_R_LFSD2POP(1.0)	17/04/26 11:00:00	A	NRP	M	Y_GE25	THS_PER	FRC2	2015	1.7	u	
ESTAT:LFST_R_LFSD2POP(1.0)	17/04/26 11:00:00	A	NRP	M	Y_GE25	THS_PER	FRD1	2015	0.7	u	
ESTAT:LFST_R_LFSD2POP(1.0)	17/04/26 11:00:00	A	NRP	M	Y_GE25	THS_PER	FRD2	2015	1.2	u	
ESTAT:LFST_R_LFSD2POP(1.0)	17/04/26 11:00:00	A	NRP	M	Y_GE25	THS_PER	FRE1	2015	1.3	u	
ESTAT:LFST_R_LFSD2POP(1.0)	17/04/26 11:00:00	A	NRP	M	Y_GE25	THS_PER	FRE2	2015	1.6	u	
ESTAT:LFST_R_LFSD2POP(1.0)	17/04/26 11:00:00	A	NRP	M	Y_GE25	THS_PER	FRF1	2015	0.8	u	
ESTAT:LFST_R_LFSD2POP(1.0)	17/04/26 11:00:00	A	NRP	M	Y_GE25	THS_PER	FRF2	2015	0.6	u	
ESTAT:LFST_R_LFSD2POP(1.0)	17/04/26 11:00:00	A	NRP	M	Y_GE25	THS_PER	FRF3	2015	2.4	u	
ESTAT:LFST_R_LFSD2POP(1.0)	17/04/26 11:00:00	A	NRP	M	Y_GE25	THS_PER	FRG0	2015	1.5	u	
ESTAT:LFST_R_LFSD2POP(1.0)	17/04/26 11:00:00	A	NRP	M	Y_GE25	THS_PER	FRH0	2015	1.7	u	
ESTAT:LFST_R_LFSD2POP(1.0)	17/04/26 11:00:00	A	NRP	M	Y_GE25	THS_PER	FRI1	2015	2.9	u	
ESTAT:LFST_R_LFSD2POP(1.0)	17/04/26 11:00:00	A	NRP	M	Y_GE25	THS_PER	FRI2	2015		u	
ESTAT:LFST_R_LFSD2POP(1.0)	17/04/26 11:00:00	A	NRP	M	Y_GE25	THS_PER	FRJ1	2015		u	
ESTAT:LFST_R_LFSD2POP(1.0)	17/04/26 11:00:00	A	NRP	M	Y_GE25	THS_PER	FRJ2	2015	3.6	u	
ESTAT:LFST_R_LFSD2POP(1.0)	17/04/26 11:00:00	A	NRP	M	Y_GE25	THS_PER	FRK1	2015	1.1	u	
ESTAT:LFST_R_LFSD2POP(1.0)	17/04/26 11:00:00	A	NRP	M	Y_GE25	THS_PER	FRK2	2015	2.9	u	
ESTAT:LFST_R_LFSD2POP(1.0)	17/04/26 11:00:00	A	NRP	M	Y_GE25	THS_PER	FRL0	2015	3.3	u	
ESTAT:LFST_R_LFSD2POP(1.0)	17/04/26 11:00:00	A	NRP	M	Y_GE65	THS_PER	FR10	2015	2.0	u	
ESTAT:LFST_R_LFSD2POP(1.0)	17/04/26 11:00:00	A	NRP	M	Y_GE65	THS_PER	FRB0	2015		u	
ESTAT:LFST_R_LFSD2POP(1.0)	17/04/26 11:00:00	A	NRP	M	Y_GE65	THS_PER	FRC1	2015		u	
ESTAT:LFST_R_LFSD2POP(1.0)	17/04/26 11:00:00	A	NRP	M	Y_GE65	THS_PER	FRC2	2015		u	
ESTAT:LFST_R_LFSD2POP(1.0)	17/04/26 11:00:00	A	NRP	M	Y_GE65	THS_PER	FRD1	2015		u	
ESTAT:LFST_R_LFSD2POP(1.0)	17/04/26 11:00:00	A	NRP	M	Y_GE65	THS_PER	FRD2	2015		u	
ESTAT:LFST_R_LFSD2POP(1.0)	17/04/26 11:00:00	A	NRP	M	Y_GE65	THS_PER	FRE1	2015		u	
ESTAT:LFST_R_LFSD2POP(1.0)	17/04/26 11:00:00	A	NRP	M	Y_GE65	THS_PER	FRE2	2015		u	
ESTAT:LFST_R_LFSD2POP(1.0)	17/04/26 11:00:00	A	NRP	M	Y_GE65	THS_PER	FRF1	2015		u	
ESTAT:LFST_R_LFSD2POP(1.0)	17/04/26 11:00:00	A	NRP	M	Y_GE65	THS_PER	FRG0	2015		u	
ESTAT:LFST_R_LFSD2POP(1.0)	17/04/26 11:00:00	A	NRP	M	Y_GE65	THS_PER	FRI2	2015		u	
ESTAT:LFST_R_LFSD2POP(1.0)	17/04/26 11:00:00	A	NRP	M	Y_GE65	THS_PER	FRJ2	2015		u	
ESTAT:LFST_R_LFSD2POP(1.0)	17/04/26 11:00:00	A	NRP	M	Y_GE65	THS_PER	FRK1	2015		u	
ESTAT:LFST_R_LFSD2POP(1.0)	17/04/26 11:00:00	A	NRP	M	Y_GE65	THS_PER	FRK2	2015		u	
ESTAT:LFST_R_LFSD2POP(1.0)	17/04/26 11:00:00	A	NRP	T	Y15-24	THS_PER	FR10	2015	19.7		
ESTAT:LFST_R_LFSD2POP(1.0)	17/04/26 11:00:00	A	NRP	T	Y15-24	THS_PER	FRB0	2015	0.8	u	
ESTAT:LFST_R_LFSD2POP(1.0)	17/04/26 11:00:00	A	NRP	T	Y15-24	THS_PER	FRC1	2015	0.9	u	
ESTAT:LFST_R_LFSD2POP(1.0)	17/04/26 11:00:00	A	NRP	T	Y15-24	THS_PER	FRC2	2015	1.0	u	
ESTAT:LFST_R_LFSD2POP(1.0)	17/04/26 11:00:00	A	NRP	T	Y15-24	THS_PER	FRD1	2015	0.7	u	
ESTAT:LFST_R_LFSD2POP(1.0)	17/04/26 11:00:00	A	NRP	T	Y15-24	THS_PER	FRD2	2015	1.1	u	
ESTAT:LFST_R_LFSD2POP(1.0)	17/04/26 11:00:00	A	NRP	T	Y15-24	THS_PER	FRE1	2015	1.5	u	
ESTAT:LFST_R_LFSD2POP(1.0)	17/04/26 11:00:00	A	NRP	T	Y15-24	THS_PER	FRE2	2015		u	
ESTAT:LFST_R_LFSD2POP(1.0)	17/04/26 11:00:00	A	NRP	T	Y15-24	THS_PER	FRF1	2015		u	
ESTAT:LFST_R_LFSD2POP(1.0)	17/04/26 11:00:00	A	NRP	T	Y15-24	THS_PER	FRF2	2015	0.6	u	
ESTAT:LFST_R_LFSD2POP(1.0)	17/04/26 11:00:00	A	NRP	T	Y15-24	THS_PER	FRF3	2015	0.8	u	
ESTAT:LFST_R_LFSD2POP(1.0)	17/04/26 11:00:00	A	NRP	T	Y15-24	THS_PER	FRG0	2015	1.3	u	
ESTAT:LFST_R_LFSD2POP(1.0)	17/04/26 11:00:00	A	NRP	T	Y15-24	THS_PER	FRH0	2015	1.4	u	
ESTAT:LFST_R_LFSD2POP(1.0)	17/04/26 11:00:00	A	NRP	T	Y15-24	THS_PER	FRI1	2015	1.3	u	
ESTAT:LFST_R_LFSD2POP(1.0)	17/04/26 11:00:00	A	NRP	T	Y15-24	THS_PER	FRI2	2015		u	
ESTAT:LFST_R_LFSD2POP(1.0)	17/04/26 11:00:00	A	NRP	T	Y15-24	THS_PER	FRJ1	2015		u	
ESTAT:LFST_R_LFSD2POP(1.0)	17/04/26 11:00:00	A	NRP	T	Y15-24	THS_PER	FRJ2	2015	1.6	u	
ESTAT:LFST_R_LFSD2POP(1.0)	17/04/26 11:00:00	A	NRP	T	Y15-24	THS_PER	FRK1	2015		u	
ESTAT:LFST_R_LFSD2POP(1.0)	17/04/26 11:00:00	A	NRP	T	Y15-24	THS_PER	FRK2	2015	5.0	u	
ESTAT:LFST_R_LFSD2POP(1.0)	17/04/26 11:00:00	A	NRP	T	Y15-24	THS_PER	FRL0	2015	1.6	u	
ESTAT:LFST_R_LFSD2POP(1.0)	17/04/26 11:00:00	A	NRP	T	Y15-64	THS_PER	FR10	2015	52.9		
ESTAT:LFST_R_LFSD2POP(1.0)	17/04/26 11:00:00	A	NRP	T	Y15-64	THS_PER	FRB0	2015	3.4	u	
ESTAT:LFST_R_LFSD2POP(1.0)	17/04/26 11:00:00	A	NRP	T	Y15-64	THS_PER	FRC1	2015	4.2	u	
ESTAT:LFST_R_LFSD2POP(1.0)	17/04/26 11:00:00	A	NRP	T	Y15-64	THS_PER	FRC2	2015	3.6	u	
ESTAT:LFST_R_LFSD2POP(1.0)	17/04/26 11:00:00	A	NRP	T	Y15-64	THS_PER	FRD1	2015	1.8	u	
ESTAT:LFST_R_LFSD2POP(1.0)	17/04/26 11:00:00	A	NRP	T	Y15-64	THS_PER	FRD2	2015	3.2	u	
ESTAT:LFST_R_LFSD2POP(1.0)	17/04/26 11:00:00	A	NRP	T	Y15-64	THS_PER	FRE1	2015	4.3	u	
ESTAT:LFST_R_LFSD2POP(1.0)	17/04/26 11:00:00	A	NRP	T	Y15-64	THS_PER	FRE2	2015	2.1	u	
ESTAT:LFST_R_LFSD2POP(1.0)	17/04/26 11:00:00	A	NRP	T	Y15-64	THS_PER	FRF1	2015	2.5	u	
ESTAT:LFST_R_LFSD2POP(1.0)	17/04/26 11:00:00	A	NRP	T	Y15-64	THS_PER	FRF2	2015	1.5	u	
ESTAT:LFST_R_LFSD2POP(1.0)	17/04/26 11:00:00	A	NRP	T	Y15-64	THS_PER	FRF3	2015	4.7	u	
ESTAT:LFST_R_LFSD2POP(1.0)	17/04/26 11:00:00	A	NRP	T	Y15-64	THS_PER	FRG0	2015	3.3	u	
ESTAT:LFST_R_LFSD2POP(1.0)	17/04/26 11:00:00	A	NRP	T	Y15-64	THS_PER	FRH0	2015	3.9	u	
ESTAT:LFST_R_LFSD2POP(1.0)	17/04/26 11:00:00	A	NRP	T	Y15-64	THS_PER	FRI1	2015	10.3		
ESTAT:LFST_R_LFSD2POP(1.0)	17/04/26 11:00:00	A	NRP	T	Y15-64	THS_PER	FRI2	2015	0.7	u	
ESTAT:LFST_R_LFSD2POP(1.0)	17/04/26 11:00:00	A	NRP	T	Y15-64	THS_PER	FRI3	2015		u	
ESTAT:LFST_R_LFSD2POP(1.0)	17/04/26 11:00:00	A	NRP	T	Y15-64	THS_PER	FRJ1	2015	1.8	u	
ESTAT:LFST_R_LFSD2POP(1.0)	17/04/26 11:00:00	A	NRP	T	Y15-64	THS_PER	FRJ2	2015	7.0	u	
ESTAT:LFST_R_LFSD2POP(1.0)	17/04/26 11:00:00	A	NRP	T	Y15-64	THS_PER	FRK1	2015	2.2	u	
ESTAT:LFST_R_LFSD2POP(1.0)	17/04/26 11:00:00	A	NRP	T	Y15-64	THS_PER	FRK2	2015	10.4		
ESTAT:LFST_R_LFSD2POP(1.0)	17/04/26 11:00:00	A	NRP	T	Y15-64	THS_PER	FRL0	2015	6.4	u	
ESTAT:LFST_R_LFSD2POP(1.0)	17/04/26 11:00:00	A	NRP	T	Y15-74	THS_PER	FR10	2015	55.8		
ESTAT:LFST_R_LFSD2POP(1.0)	17/04/26 11:00:00	A	NRP	T	Y15-74	THS_PER	FRB0	2015	3.7	u	
ESTAT:LFST_R_LFSD2POP(1.0)	17/04/26 11:00:00	A	NRP	T	Y15-74	THS_PER	FRC1	2015	4.4	u	
ESTAT:LFST_R_LFSD2POP(1.0)	17/04/26 11:00:00	A	NRP	T	Y15-74	THS_PER	FRC2	2015	3.9	u	
ESTAT:LFST_R_LFSD2POP(1.0)	17/04/26 11:00:00	A	NRP	T	Y15-74	THS_PER	FRD1	2015	1.8	u	
ESTAT:LFST_R_LFSD2POP(1.0)	17/04/26 11:00:00	A	NRP	T	Y15-74	THS_PER	FRD2	2015	3.8	u	
ESTAT:LFST_R_LFSD2POP(1.0)	17/04/26 11:00:00	A	NRP	T	Y15-74	THS_PER	FRE1	2015	4.5	u	
ESTAT:LFST_R_LFSD2POP(1.0)	17/04/26 11:00:00	A	NRP	T	Y15-74	THS_PER	FRE2	2015	2.4	u	
ESTAT:LFST_R_LFSD2POP(1.0)	17/04/26 11:00:00	A	NRP	T	Y15-74	THS_PER	FRF1	2015	2.6	u	
ESTAT:LFST_R_LFSD2POP(1.0)	17/04/26 11:00:00	A	NRP	T	Y15-74	THS_PER	FRF2	2015	1.5	u	
ESTAT:LFST_R_LFSD2POP(1.0)	17/04/26 11:00:00	A	NRP	T	Y15-74	THS_PER	FRF3	2015	4.9	u	
ESTAT:LFST_R_LFSD2POP(1.0)	17/04/26 11:00:00	A	NRP	T	Y15-74	THS_PER	FRG0	2015	3.8	u	
ESTAT:LFST_R_LFSD2POP(1.0)	17/04/26 11:00:00	A	NRP	T	Y15-74	THS_PER	FRH0	2015	4.2	u	
ESTAT:LFST_R_LFSD2POP(1.0)	17/04/26 11:00:00	A	NRP	T	Y15-74	THS_PER	FRI1	2015	10.3		
ESTAT:LFST_R_LFSD2POP(1.0)	17/04/26 11:00:00	A	NRP	T	Y15-74	THS_PER	FRI2	2015	0.7	u	
ESTAT:LFST_R_LFSD2POP(1.0)	17/04/26 11:00:00	A	NRP	T	Y15-74	THS_PER	FRI3	2015		u	
ESTAT:LFST_R_LFSD2POP(1.0)	17/04/26 11:00:00	A	NRP	T	Y15-74	THS_PER	FRJ1	2015	2.0	u	
ESTAT:LFST_R_LFSD2POP(1.0)	17/04/26 11:00:00	A	NRP	T	Y15-74	THS_PER	FRJ2	2015	7.2	u	
ESTAT:LFST_R_LFSD2POP(1.0)	17/04/26 11:00:00	A	NRP	T	Y15-74	THS_PER	FRK1	2015	2.3	u	
ESTAT:LFST_R_LFSD2POP(1.0)	17/04/26 11:00:00	A	NRP	T	Y15-74	THS_PER	FRK2	2015	10.4		
ESTAT:LFST_R_LFSD2POP(1.0)	17/04/26 11:00:00	A	NRP	T	Y15-74	THS_PER	FRL0	2015	6.4	u	
ESTAT:LFST_R_LFSD2POP(1.0)	17/04/26 11:00:00	A	NRP	T	Y20-64	THS_PER	FR10	2015	44.6		
ESTAT:LFST_R_LFSD2POP(1.0)	17/04/26 11:00:00	A	NRP	T	Y20-64	THS_PER	FRB0	2015	3.4	u	
ESTAT:LFST_R_LFSD2POP(1.0)	17/04/26 11:00:00	A	NRP	T	Y20-64	THS_PER	FRC1	2015	3.9	u	
ESTAT:LFST_R_LFSD2POP(1.0)	17/04/26 11:00:00	A	NRP	T	Y20-64	THS_PER	FRC2	2015	3.5	u	
ESTAT:LFST_R_LFSD2POP(1.0)	17/04/26 11:00:00	A	NRP	T	Y20-64	THS_PER	FRD1	2015	1.6	u	
ESTAT:LFST_R_LFSD2POP(1.0)	17/04/26 11:00:00	A	NRP	T	Y20-64	THS_PER	FRD2	2015	3.1	u	
ESTAT:LFST_R_LFSD2POP(1.0)	17/04/26 11:00:00	A	NRP	T	Y20-64	THS_PER	FRE1	2015	3.8	u	
ESTAT:LFST_R_LFSD2POP(1.0)	17/04/26 11:00:00	A	NRP	T	Y20-64	THS_PER	FRE2	2015	2.0	u	
ESTAT:LFST_R_LFSD2POP(1.0)	17/04/26 11:00:00	A	NRP	T	Y20-64	THS_PER	FRF1	2015	2.0	u	
ESTAT:LFST_R_LFSD2POP(1.0)	17/04/26 11:00:00	A	NRP	T	Y20-64	THS_PER	FRF2	2015	1.3	u	
ESTAT:LFST_R_LFSD2POP(1.0)	17/04/26 11:00:00	A	NRP	T	Y20-64	THS_PER	FRF3	2015	4.5	u	
ESTAT:LFST_R_LFSD2POP(1.0)	17/04/26 11:00:00	A	NRP	T	Y20-64	THS_PER	FRG0	2015	3.0	u	
ESTAT:LFST_R_LFSD2POP(1.0)	17/04/26 11:00:00	A	NRP	T	Y20-64	THS_PER	FRH0	2015	3.8	u	
ESTAT:LFST_R_LFSD2POP(1.0)	17/04/26 11:00:00	A	NRP	T	Y20-64	THS_PER	FRI1	2015	10.3		
ESTAT:LFST_R_LFSD2POP(1.0)	17/04/26 11:00:00	A	NRP	T	Y20-64	THS_PER	FRI2	2015	0.7	u	
ESTAT:LFST_R_LFSD2POP(1.0)	17/04/26 11:00:00	A	NRP	T	Y20-64	THS_PER	FRI3	2015		u	
ESTAT:LFST_R_LFSD2POP(1.0)	17/04/26 11:00:00	A	NRP	T	Y20-64	THS_PER	FRJ1	2015	1.8	u	
ESTAT:LFST_R_LFSD2POP(1.0)	17/04/26 11:00:00	A	NRP	T	Y20-64	THS_PER	FRJ2	2015	6.4	u	
ESTAT:LFST_R_LFSD2POP(1.0)	17/04/26 11:00:00	A	NRP	T	Y20-64	THS_PER	FRK1	2015	2.2	u	
ESTAT:LFST_R_LFSD2POP(1.0)	17/04/26 11:00:00	A	NRP	T	Y20-64	THS_PER	FRK2	2015	9.3	u	
ESTAT:LFST_R_LFSD2POP(1.0)	17/04/26 11:00:00	A	NRP	T	Y20-64	THS_PER	FRL0	2015	6.1	u	
ESTAT:LFST_R_LFSD2POP(1.0)	17/04/26 11:00:00	A	NRP	T	Y25-34	THS_PER	FR10	2015	12.1		
ESTAT:LFST_R_LFSD2POP(1.0)	17/04/26 11:00:00	A	NRP	T	Y25-34	THS_PER	FRB0	2015	1.2	u	
ESTAT:LFST_R_LFSD2POP(1.0)	17/04/26 11:00:00	A	NRP	T	Y25-34	THS_PER	FRC1	2015		u	
ESTAT:LFST_R_LFSD2POP(1.0)	17/04/26 11:00:00	A	NRP	T	Y25-34	THS_PER	FRC2	2015	0.8	u	
ESTAT:LFST_R_LFSD2POP(1.0)	17/04/26 11:00:00	A	NRP	T	Y25-34	THS_PER	FRD1	2015		u	
ESTAT:LFST_R_LFSD2POP(1.0)	17/04/26 11:00:00	A	NRP	T	Y25-34	THS_PER	FRD2	2015		u	
ESTAT:LFST_R_LFSD2POP(1.0)	17/04/26 11:00:00	A	NRP	T	Y25-34	THS_PER	FRE1	2015		u	
ESTAT:LFST_R_LFSD2POP(1.0)	17/04/26 11:00:00	A	NRP	T	Y25-34	THS_PER	FRE2	2015		u	
ESTAT:LFST_R_LFSD2POP(1.0)	17/04/26 11:00:00	A	NRP	T	Y25-34	THS_PER	FRF1	2015	1.4	u	
ESTAT:LFST_R_LFSD2POP(1.0)	17/04/26 11:00:00	A	NRP	T	Y25-34	THS_PER	FRF2	2015	0.5	u	
ESTAT:LFST_R_LFSD2POP(1.0)	17/04/26 11:00:00	A	NRP	T	Y25-34	THS_PER	FRF3	2015	1.8	u	
ESTAT:LFST_R_LFSD2POP(1.0)	17/04/26 11:00:00	A	NRP	T	Y25-34	THS_PER	FRG0	2015	0.6	u	
ESTAT:LFST_R_LFSD2POP(1.0)	17/04/26 11:00:00	A	NRP	T	Y25-34	THS_PER	FRH0	2015	1.6	u	
ESTAT:LFST_R_LFSD2POP(1.0)	17/04/26 11:00:00	A	NRP	T	Y25-34	THS_PER	FRI1	2015	2.6	u	
ESTAT:LFST_R_LFSD2POP(1.0)	17/04/26 11:00:00	A	NRP	T	Y25-34	THS_PER	FRJ1	2015		u	
ESTAT:LFST_R_LFSD2POP(1.0)	17/04/26 11:00:00	A	NRP	T	Y25-34	THS_PER	FRJ2	2015	1.3	u	
ESTAT:LFST_R_LFSD2POP(1.0)	17/04/26 11:00:00	A	NRP	T	Y25-34	THS_PER	FRK1	2015		u	
ESTAT:LFST_R_LFSD2POP(1.0)	17/04/26 11:00:00	A	NRP	T	Y25-34	THS_PER	FRK2	2015	1.2	u	
ESTAT:LFST_R_LFSD2POP(1.0)	17/04/26 11:00:00	A	NRP	T	Y25-34	THS_PER	FRL0	2015	1.9	u	
ESTAT:LFST_R_LFSD2POP(1.0)	17/04/26 11:00:00	A	NRP	T	Y25-64	THS_PER	FR10	2015	33.3		
ESTAT:LFST_R_LFSD2POP(1.0)	17/04/26 11:00:00	A	NRP	T	Y25-64	THS_PER	FRB0	2015	2.6	u	
ESTAT:LFST_R_LFSD2POP(1.0)	17/04/26 11:00:00	A	NRP	T	Y25-64	THS_PER	FRC1	2015	3.3	u	
ESTAT:LFST_R_LFSD2POP(1.0)	17/04/26 11:00:00	A	NRP	T	Y25-64	THS_PER	FRC2	2015	2.6	u	
ESTAT:LFST_R_LFSD2POP(1.0)	17/04/26 11:00:00	A	NRP	T	Y25-64	THS_PER	FRD1	2015	1.1	u	
ESTAT:LFST_R_LFSD2POP(1.0)	17/04/26 11:00:00	A	NRP	T	Y25-64	THS_PER	FRD2	2015	2.1	u	
ESTAT:LFST_R_LFSD2POP(1.0)	17/04/26 11:00:00	A	NRP	T	Y25-64	THS_PER	FRE1	2015	2.8	u	
ESTAT:LFST_R_LFSD2POP(1.0)	17/04/26 11:00:00	A	NRP	T	Y25-64	THS_PER	FRE2	2015	1.9	u	
ESTAT:LFST_R_LFSD2POP(1.0)	17/04/26 11:00:00	A	NRP	T	Y25-64	THS_PER	FRF1	2015	1.8	u	
ESTAT:LFST_R_LFSD2POP(1.0)	17/04/26 11:00:00	A	NRP	T	Y25-64	THS_PER	FRF2	2015	0.9	u	
ESTAT:LFST_R_LFSD2POP(1.0)	17/04/26 11:00:00	A	NRP	T	Y25-64	THS_PER	FRF3	2015	3.9	u	
ESTAT:LFST_R_LFSD2POP(1.0)	17/04/26 11:00:00	A	NRP	T	Y25-64	THS_PER	FRG0	2015	2.0	u	
ESTAT:LFST_R_LFSD2POP(1.0)	17/04/26 11:00:00	A	NRP	T	Y25-64	THS_PER	FRH0	2015	2.5	u	
ESTAT:LFST_R_LFSD2POP(1.0)	17/04/26 11:00:00	A	NRP	T	Y25-64	THS_PER	FRI1	2015	9.0	u	
ESTAT:LFST_R_LFSD2POP(1.0)	17/04/26 11:00:00	A	NRP	T	Y25-64	THS_PER	FRI2	2015		u	
ESTAT:LFST_R_LFSD2POP(1.0)	17/04/26 11:00:00	A	NRP	T	Y25-64	THS_PER	FRI3	2015		u	
ESTAT:LFST_R_LFSD2POP(1.0)	17/04/26 11:00:00	A	NRP	T	Y25-64	THS_PER	FRJ1	2015	1.3	u	
ESTAT:LFST_R_LFSD2POP(1.0)	17/04/26 11:00:00	A	NRP	T	Y25-64	THS_PER	FRJ2	2015	5.3	u	
ESTAT:LFST_R_LFSD2POP(1.0)	17/04/26 11:00:00	A	NRP	T	Y25-64	THS_PER	FRK1	2015	2.0	u	
ESTAT:LFST_R_LFSD2POP(1.0)	17/04/26 11:00:00	A	NRP	T	Y25-64	THS_PER	FRK2	2015	5.4	u	
ESTAT:LFST_R_LFSD2POP(1.0)	17/04/26 11:00:00	A	NRP	T	Y25-64	THS_PER	FRL0	2015	4.8	u	
ESTAT:LFST_R_LFSD2POP(1.0)	17/04/26 11:00:00	A	NRP	T	Y35-44	THS_PER	FR10	2015	5.1	u	
ESTAT:LFST_R_LFSD2POP(1.0)	17/04/26 11:00:00	A	NRP	T	Y35-44	THS_PER	FRB0	2015		u	
ESTAT:LFST_R_LFSD2POP(1.0)	17/04/26 11:00:00	A	NRP	T	Y35-44	THS_PER	FRC1	2015		u	
ESTAT:LFST_R_LFSD2POP(1.0)	17/04/26 11:00:00	A	NRP	T	Y35-44	THS_PER	FRC2	2015		u	
ESTAT:LFST_R_LFSD2POP(1.0)	17/04/26 11:00:00	A	NRP	T	Y35-44	THS_PER	FRD1	2015	0.9	u	
ESTAT:LFST_R_LFSD2POP(1.0)	17/04/26 11:00:00	A	NRP	T	Y35-44	THS_PER	FRD2	2015	1.0	u	
ESTAT:LFST_R_LFSD2POP(1.0)	17/04/26 11:00:00	A	NRP	T	Y35-44	THS_PER	FRE1	2015		u	
ESTAT:LFST_R_LFSD2POP(1.0)	17/04/26 11:00:00	A	NRP	T	Y35-44	THS_PER	FRE2	2015		u	
ESTAT:LFST_R_LFSD2POP(1.0)	17/04/26 11:00:00	A	NRP	T	Y35-44	THS_PER	FRF1	2015		u	
ESTAT:LFST_R_LFSD2POP(1.0)	17/04/26 11:00:00	A	NRP	T	Y35-44	THS_PER	FRF2	2015		u	
ESTAT:LFST_R_LFSD2POP(1.0)	17/04/26 11:00:00	A	NRP	T	Y35-44	THS_PER	FRF3	2015		u	
ESTAT:LFST_R_LFSD2POP(1.0)	17/04/26 11:00:00	A	NRP	T	Y35-44	THS_PER	FRG0	2015		u	
ESTAT:LFST_R_LFSD2POP(1.0)	17/04/26 11:00:00	A	NRP	T	Y35-44	THS_PER	FRH0	2015		u	
ESTAT:LFST_R_LFSD2POP(1.0)	17/04/26 11:00:00	A	NRP	T	Y35-44	THS_PER	FRI1	2015	4.9	u	
ESTAT:LFST_R_LFSD2POP(1.0)	17/04/26 11:00:00	A	NRP	T	Y35-44	THS_PER	FRI2	2015		u	
ESTAT:LFST_R_LFSD2POP(1.0)	17/04/26 11:00:00	A	NRP	T	Y35-44	THS_PER	FRI3	2015		u	
ESTAT:LFST_R_LFSD2POP(1.0)	17/04/26 11:00:00	A	NRP	T	Y35-44	THS_PER	FRJ1	2015	0.9	u	
ESTAT:LFST_R_LFSD2POP(1.0)	17/04/26 11:00:00	A	NRP	T	Y35-44	THS_PER	FRJ2	2015	1.0	u	
ESTAT:LFST_R_LFSD2POP(1.0)	17/04/26 11:00:00	A	NRP	T	Y35-44	THS_PER	FRK2	2015	1.4	u	
ESTAT:LFST_R_LFSD2POP(1.0)	17/04/26 11:00:00	A	NRP	T	Y35-44	THS_PER	FRL0	2015	0.7	u	
ESTAT:LFST_R_LFSD2POP(1.0)	17/04/26 11:00:00	A	NRP	T	Y45-54	THS_PER	FR10	2015	8.4	u	
ESTAT:LFST_R_LFSD2POP(1.0)	17/04/26 11:00:00	A	NRP	T	Y45-54	THS_PER	FRB0	2015		u	
ESTAT:LFST_R_LFSD2POP(1.0)	17/04/26 11:00:00	A	NRP	T	Y45-54	THS_PER	FRC1	2015	1.1	u	
ESTAT:LFST_R_LFSD2POP(1.0)	17/04/26 11:00:00	A	NRP	T	Y45-54	THS_PER	FRC2	2015	1.4	u	
ESTAT:LFST_R_LFSD2POP(1.0)	17/04/26 11:00:00	A	NRP	T	Y45-54	THS_PER	FRD1	2015		u	
ESTAT:LFST_R_LFSD2POP(1.0)	17/04/26 11:00:00	A	NRP	T	Y45-54	THS_PER	FRD2	2015	0.7	u	
ESTAT:LFST_R_LFSD2POP(1.0)	17/04/26 11:00:00	A	NRP	T	Y45-54	THS_PER	FRE1	2015	2.2	u	
ESTAT:LFST_R_LFSD2POP(1.0)	17/04/26 11:00:00	A	NRP	T	Y45-54	THS_PER	FRE2	2015		u	
ESTAT:LFST_R_LFSD2POP(1.0)	17/04/26 11:00:00	A	NRP	T	Y45-54	THS_PER	FRF2	2015		u	
ESTAT:LFST_R_LFSD2POP(1.0)	17/04/26 11:00:00	A	NRP	T	Y45-54	THS_PER	FRF3	2015	1.7	u	
ESTAT:LFST_R_LFSD2POP(1.0)	17/04/26 11:00:00	A	NRP	T	Y45-54	THS_PER	FRG0	2015	0.6	u	
ESTAT:LFST_R_LFSD2POP(1.0)	17/04/26 11:00:00	A	NRP	T	Y45-54	THS_PER	FRH0	2015		u	
ESTAT:LFST_R_LFSD2POP(1.0)	17/04/26 11:00:00	A	NRP	T	Y45-54	THS_PER	FRI1	2015		u	
ESTAT:LFST_R_LFSD2POP(1.0)	17/04/26 11:00:00	A	NRP	T	Y45-54	THS_PER	FRI2	2015		u	
ESTAT:LFST_R_LFSD2POP(1.0)	17/04/26 11:00:00	A	NRP	T	Y45-54	THS_PER	FRJ1	2015		u	
ESTAT:LFST_R_LFSD2POP(1.0)	17/04/26 11:00:00	A	NRP	T	Y45-54	THS_PER	FRJ2	2015	1.2	u	
ESTAT:LFST_R_LFSD2POP(1.0)	17/04/26 11:00:00	A	NRP	T	Y45-54	THS_PER	FRK1	2015	1.1	u	
ESTAT:LFST_R_LFSD2POP(1.0)	17/04/26 11:00:00	A	NRP	T	Y45-54	THS_PER	FRK2	2015	1.7	u	
ESTAT:LFST_R_LFSD2POP(1.0)	17/04/26 11:00:00	A	NRP	T	Y45-54	THS_PER	FRL0	2015	1.0	u	
ESTAT:LFST_R_LFSD2POP(1.0)	17/04/26 11:00:00	A	NRP	T	Y55-64	THS_PER	FR10	2015	7.7	u	
ESTAT:LFST_R_LFSD2POP(1.0)	17/04/26 11:00:00	A	NRP	T	Y55-64	THS_PER	FRB0	2015	0.9	u	
ESTAT:LFST_R_LFSD2POP(1.0)	17/04/26 11:00:00	A	NRP	T	Y55-64	THS_PER	FRC1	2015	1.5	u	
ESTAT:LFST_R_LFSD2POP(1.0)	17/04/26 11:00:00	A	NRP	T	Y55-64	THS_PER	FRC2	2015		u	
ESTAT:LFST_R_LFSD2POP(1.0)	17/04/26 11:00:00	A	NRP	T	Y55-64	THS_PER	FRD2	2015		u	
ESTAT:LFST_R_LFSD2POP(1.0)	17/04/26 11:00:00	A	NRP	T	Y55-64	THS_PER	FRE2	2015	1.4	u	
ESTAT:LFST_R_LFSD2POP(1.0)	17/04/26 11:00:00	A	NRP	T	Y55-64	THS_PER	FRF2	2015		u	
ESTAT:LFST_R_LFSD2POP(1.0)	17/04/26 11:00:00	A	NRP	T	Y55-64	THS_PER	FRF3	2015		u	
ESTAT:LFST_R_LFSD2POP(1.0)	17/04/26 11:00:00	A	NRP	T	Y55-64	THS_PER	FRG0	2015	0.6	u	
ESTAT:LFST_R_LFSD2POP(1.0)	17/04/26 11:00:00	A	NRP	T	Y55-64	THS_PER	FRH0	2015		u	
ESTAT:LFST_R_LFSD2POP(1.0)	17/04/26 11:00:00	A	NRP	T	Y55-64	THS_PER	FRI1	2015	1.1	u	
ESTAT:LFST_R_LFSD2POP(1.0)	17/04/26 11:00:00	A	NRP	T	Y55-64	THS_PER	FRJ2	2015	1.8	u	
ESTAT:LFST_R_LFSD2POP(1.0)	17/04/26 11:00:00	A	NRP	T	Y55-64	THS_PER	FRK1	2015		u	
ESTAT:LFST_R_LFSD2POP(1.0)	17/04/26 11:00:00	A	NRP	T	Y55-64	THS_PER	FRK2	2015	1.2	u	
ESTAT:LFST_R_LFSD2POP(1.0)	17/04/26 11:00:00	A	NRP	T	Y55-64	THS_PER	FRL0	2015	1.3	u	
ESTAT:LFST_R_LFSD2POP(1.0)	17/04/26 11:00:00	A	NRP	T	Y_GE15	THS_PER	FR10	2015	56.5		
ESTAT:LFST_R_LFSD2POP(1.0)	17/04/26 11:00:00	A	NRP	T	Y_GE15	THS_PER	FRB0	2015	3.8	u	
ESTAT:LFST_R_LFSD2POP(1.0)	17/04/26 11:00:00	A	NRP	T	Y_GE15	THS_PER	FRC1	2015	4.4	u	
ESTAT:LFST_R_LFSD2POP(1.0)	17/04/26 11:00:00	A	NRP	T	Y_GE15	THS_PER	FRC2	2015	3.9	u	
ESTAT:LFST_R_LFSD2POP(1.0)	17/04/26 11:00:00	A	NRP	T	Y_GE15	THS_PER	FRD1	2015	2.0	u	
ESTAT:LFST_R_LFSD2POP(1.0)	17/04/26 11:00:00	A	NRP	T	Y_GE15	THS_PER	FRD2	2015	3.8	u	
ESTAT:LFST_R_LFSD2POP(1.0)	17/04/26 11:00:00	A	NRP	T	Y_GE15	THS_PER	FRE1	2015	4.8	u	
ESTAT:LFST_R_LFSD2POP(1.0)	17/04/26 11:00:00	A	NRP	T	Y_GE15	THS_PER	FRE2	2015	2.6	u	
ESTAT:LFST_R_LFSD2POP(1.0)	17/04/26 11:00:00	A	NRP	T	Y_GE15	THS_PER	FRF1	2015	2.8	u	
ESTAT:LFST_R_LFSD2POP(1.0)	17/04/26 11:00:00	A	NRP	T	Y_GE15	THS_PER	FRF2	2015	1.5	u	
ESTAT:LFST_R_LFSD2POP(1.0)	17/04/26 11:00:00	A	NRP	T	Y_GE15	THS_PER	FRF3	2015	4.9	u	
ESTAT:LFST_R_LFSD2POP(1.0)	17/04/26 11:00:00	A	NRP	T	Y_GE15	THS_PER	FRG0	2015	3.8	u	
ESTAT:LFST_R_LFSD2POP(1.0)	17/04/26 11:00:00	A	NRP	T	Y_GE15	THS_PER	FRH0	2015	4.2	u	
ESTAT:LFST_R_LFSD2POP(1.0)	17/04/26 11:00:00	A	NRP	T	Y_GE15	THS_PER	FRI1	2015	10.3		
ESTAT:LFST_R_LFSD2POP(1.0)	17/04/26 11:00:00	A	NRP	T	Y_GE15	THS_PER	FRI2	2015	0.7	u	
ESTAT:LFST_R_LFSD2POP(1.0)	17/04/26 11:00:00	A	NRP	T	Y_GE15	THS_PER	FRI3	2015		u	
ESTAT:LFST_R_LFSD2POP(1.0)	17/04/26 11:00:00	A	NRP	T	Y_GE15	THS_PER	FRJ1	2015	2.0	u	
ESTAT:LFST_R_LFSD2POP(1.0)	17/04/26 11:00:00	A	NRP	T	Y_GE15	THS_PER	FRJ2	2015	7.2	u	
ESTAT:LFST_R_LFSD2POP(1.0)	17/04/26 11:00:00	A	NRP	T	Y_GE15	THS_PER	FRK1	2015	2.3	u	
ESTAT:LFST_R_LFSD2POP(1.0)	17/04/26 11:00:00	A	NRP	T	Y_GE15	THS_PER	FRK2	2015	10.6		
ESTAT:LFST_R_LFSD2POP(1.0)	17/04/26 11:00:00	A	NRP	T	Y_GE15	THS_PER	FRL0	2015	6.4	u	
ESTAT:LFST_R_LFSD2POP(1.0)	17/04/26 11:00:00	A	NRP	T	Y_GE25	THS_PER	FR10	2015	36.9		
ESTAT:LFST_R_LFSD2POP(1.0)	17/04/26 11:00:00	A	NRP	T	Y_GE25	THS_PER	FRB0	2015	3.0	u	
ESTAT:LFST_R_LFSD2POP(1.0)	17/04/26 11:00:00	A	NRP	T	Y_GE25	THS_PER	FRC1	2015	3.5	u	
ESTAT:LFST_R_LFSD2POP(1.0)	17/04/26 11:00:00	A	NRP	T	Y_GE25	THS_PER	FRC2	2015	2.9	u	
ESTAT:LFST_R_LFSD2POP(1.0)	17/04/26 11:00:00	A	NRP	T	Y_GE25	THS_PER	FRD1	2015	1.3	u	
ESTAT:LFST_R_LFSD2POP(1.0)	17/04/26 11:00:00	A	NRP	T	Y_GE25	THS_PER	FRD2	2015	2.6	u	
ESTAT:LFST_R_LFSD2POP(1.0)	17/04/26 11:00:00	A	NRP	T	Y_GE25	THS_PER	FRE1	2015	3.3	u	
ESTAT:LFST_R_LFSD2POP(1.0)	17/04/26 11:00:00	A	NRP	T	Y_GE25	THS_PER	FRE2	2015	2.4	u	
ESTAT:LFST_R_LFSD2POP(1.0)	17/04/26 11:00:00	A	NRP	T	Y_GE25	THS_PER	FRF1	2015	2.1	u	
ESTAT:LFST_R_LFSD2POP(1.0)	17/04/26 11:00:00	A	NRP	T	Y_GE25	THS_PER	FRF2	2015	0.9	u	
ESTAT:LFST_R_LFSD2POP(1.0)	17/04/26 11:00:00	A	NRP	T	Y_GE25	THS_PER	FRF3	2015	4.1	u	
ESTAT:LFST_R_LFSD2POP(1.0)	17/04/26 11:00:00	A	NRP	T	Y_GE25	THS_PER	FRG0	2015	2.5	u	
ESTAT:LFST_R_LFSD2POP(1.0)	17/04/26 11:00:00	A	NRP	T	Y_GE25	THS_PER	FRH0	2015	2.8	u	
ESTAT:LFST_R_LFSD2POP(1.0)	17/04/26 11:00:00	A	NRP	T	Y_GE25	THS_PER	FRI1	2015	9.0	u	
ESTAT:LFST_R_LFSD2POP(1.0)	17/04/26 11:00:00	A	NRP	T	Y_GE25	THS_PER	FRI2	2015		u	
ESTAT:LFST_R_LFSD2POP(1.0)	17/04/26 11:00:00	A	NRP	T	Y_GE25	THS_PER	FRI3	2015		u	
ESTAT:LFST_R_LFSD2POP(1.0)	17/04/26 11:00:00	A	NRP	T	Y_GE25	THS_PER	FRJ1	2015	1.5	u	
ESTAT:LFST_R_LFSD2POP(1.0)	17/04/26 11:00:00	A	NRP	T	Y_GE25	THS_PER	FRJ2	2015	5.5	u	
ESTAT:LFST_R_LFSD2POP(1.0)	17/04/26 11:00:00	A	NRP	T	Y_GE25	THS_PER	FRK1	2015	2.1	u	
ESTAT:LFST_R_LFSD2POP(1.0)	17/04/26 11:00:00	A	NRP	T	Y_GE25	THS_PER	FRK2	2015	5.6	u	
ESTAT:LFST_R_LFSD2POP(1.0)	17/04/26 11:00:00	A	NRP	T	Y_GE25	THS_PER	FRL0	2015	4.8	u	
ESTAT:LFST_R_LFSD2POP(1.0)	17/04/26 11:00:00	A	NRP	T	Y_GE65	THS_PER	FR10	2015	3.6	u	
ESTAT:LFST_R_LFSD2POP(1.0)	17/04/26 11:00:00	A	NRP	T	Y_GE65	THS_PER	FRB0	2015		u	
ESTAT:LFST_R_LFSD2POP(1.0)	17/04/26 11:00:00	A	NRP	T	Y_GE65	THS_PER	FRC1	2015		u	
ESTAT:LFST_R_LFSD2POP(1.0)	17/04/26 11:00:00	A	NRP	T	Y_GE65	THS_PER	FRC2	2015		u	
ESTAT:LFST_R_LFSD2POP(1.0)	17/04/26 11:00:00	A	NRP	T	Y_GE65	THS_PER	FRD1	2015		u	
ESTAT:LFST_R_LFSD2POP(1.0)	17/04/26 11:00:00	A	NRP	T	Y_GE65	THS_PER	FRD2	2015		u	
ESTAT:LFST_R_LFSD2POP(1.0)	17/04/26 11:00:00	A	NRP	T	Y_GE65	THS_PER	FRE1	2015		u	
ESTAT:LFST_R_LFSD2POP(1.0)	17/04/26 11:00:00	A	NRP	T	Y_GE65	THS_PER	FRE2	2015		u	
ESTAT:LFST_R_LFSD2POP(1.0)	17/04/26 11:00:00	A	NRP	T	Y_GE65	THS_PER	FRF1	2015		u	
ESTAT:LFST_R_LFSD2POP(1.0)	17/04/26 11:00:00	A	NRP	T	Y_GE65	THS_PER	FRF3	2015		u	
ESTAT:LFST_R_LFSD2POP(1.0)	17/04/26 11:00:00	A	NRP	T	Y_GE65	THS_PER	FRG0	2015		u	
ESTAT:LFST_R_LFSD2POP(1.0)	17/04/26 11:00:00	A	NRP	T	Y_GE65	THS_PER	FRH0	2015		u	
ESTAT:LFST_R_LFSD2POP(1.0)	17/04/26 11:00:00	A	NRP	T	Y_GE65	THS_PER	FRI2	2015		u	
ESTAT:LFST_R_LFSD2POP(1.0)	17/04/26 11:00:00	A	NRP	T	Y_GE65	THS_PER	FRJ1	2015		u	
ESTAT:LFST_R_LFSD2POP(1.0)	17/04/26 11:00:00	A	NRP	T	Y_GE65	THS_PER	FRJ2	2015		u	
ESTAT:LFST_R_LFSD2POP(1.0)	17/04/26 11:00:00	A	NRP	T	Y_GE65	THS_PER	FRK1	2015		u	
ESTAT:LFST_R_LFSD2POP(1.0)	17/04/26 11:00:00	A	NRP	T	Y_GE65	THS_PER	FRK2	2015		u	
ESTAT:LFST_R_LFSD2POP(1.0)	17/04/26 11:00:00	A	TOTAL	F	Y15-24	THS_PER	FR10	2015	754.3		
ESTAT:LFST_R_LFSD2POP(1.0)	17/04/26 11:00:00	A	TOTAL	F	Y15-24	THS_PER	FRB0	2015	133.8		
ESTAT:LFST_R_LFSD2POP(1.0)	17/04/26 11:00:00	A	TOTAL	F	Y15-24	THS_PER	FRC1	2015	95.0		
ESTAT:LFST_R_LFSD2POP(1.0)	17/04/26 11:00:00	A	TOTAL	F	Y15-24	THS_PER	FRC2	2015	64.7		
ESTAT:LFST_R_LFSD2POP(1.0)	17/04/26 11:00:00	A	TOTAL	F	Y15-24	THS_PER	FRD1	2015	83.9		
ESTAT:LFST_R_LFSD2POP(1.0)	17/04/26 11:00:00	A	TOTAL	F	Y15-24	THS_PER	FRD2	2015	112.7		
ESTAT:LFST_R_LFSD2POP(1.0)	17/04/26 11:00:00	A	TOTAL	F	Y15-24	THS_PER	FRE1	2015	246.6		
ESTAT:LFST_R_LFSD2POP(1.0)	17/04/26 11:00:00	A	TOTAL	F	Y15-24	THS_PER	FRE2	2015	115.0		
ESTAT:LFST_R_LFSD2POP(1.0)	17/04/26 11:00:00	A	TOTAL	F	Y15-24	THS_PER	FRF1	2015	113.5		
ESTAT:LFST_R_LFSD2POP(1.0)	17/04/26 11:00:00	A	TOTAL	F	Y15-24	THS_PER	FRF2	2015	78.3		
ESTAT:LFST_R_LFSD2POP(1.0)	17/04/26 11:00:00	A	TOTAL	F	Y15-24	THS_PER	FRF3	2015	141.2		
ESTAT:LFST_R_LFSD2POP(1.0)	17/04/26 11:00:00	A	TOTAL	F	Y15-24	THS_PER	FRG0	2015	191.7		
ESTAT:LFST_R_LFSD2POP(1.0)	17/04/26 11:00:00	A	TOTAL	F	Y15-24	THS_PER	FRH0	2015	171.4		
ESTAT:LFST_R_LFSD2POP(1.0)	17/04/26 11:00:00	A	TOTAL	F	Y15-24	THS_PER	FRI1	2015	176.5		
ESTAT:LFST_R_LFSD2POP(1.0)	17/04/26 11:00:00	A	TOTAL	F	Y15-24	THS_PER	FRI2	2015	36.8		
ESTAT:LFST_R_LFSD2POP(1.0)	17/04/26 11:00:00	A	TOTAL	F	Y15-24	THS_PER	FRI3	2015	86.0		
ESTAT:LFST_R_LFSD2POP(1.0)	17/04/26 11:00:00	A	TOTAL	F	Y15-24	THS_PER	FRJ1	2015	140.8		
ESTAT:LFST_R_LFSD2POP(1.0)	17/04/26 11:00:00	A	TOTAL	F	Y15-24	THS_PER	FRJ2	2015	157.3		
ESTAT:LFST_R_LFSD2POP(1.0)	17/04/26 11:00:00	A	TOTAL	F	Y15-24	THS_PER	FRK1	2015	65.5		
ESTAT:LFST_R_LFSD2POP(1.0)	17/04/26 11:00:00	A	TOTAL	F	Y15-24	THS_PER	FRK2	2015	376.5		
ESTAT:LFST_R_LFSD2POP(1.0)	17/04/26 11:00:00	A	TOTAL	F	Y15-24	THS_PER	FRL0	2015	253.5		
ESTAT:LFST_R_LFSD2POP(1.0)	17/04/26 11:00:00	A	TOTAL	F	Y15-24	THS_PER	FRM0	2015	16.0	u	
ESTAT:LFST_R_LFSD2POP(1.0)	17/04/26 11:00:00	A	TOTAL	F	Y15-64	THS_PER	FR10	2015	4058.2		
ESTAT:LFST_R_LFSD2POP(1.0)	17/04/26 11:00:00	A	TOTAL	F	Y15-64	THS_PER	FRB0	2015	780.9		
ESTAT:LFST_R_LFSD2POP(1.0)	17/04/26 11:00:00	A	TOTAL	F	Y15-64	THS_PER	FRC1	2015	504.8		
ESTAT:LFST_R_LFSD2POP(1.0)	17/04/26 11:00:00	A	TOTAL	F	Y15-64	THS_PER	FRC2	2015	369.4		
ESTAT:LFST_R_LFSD2POP(1.0)	17/04/26 11:00:00	A	TOTAL	F	Y15-64	THS_PER	FRD1	2015	451.6		
ESTAT:LFST_R_LFSD2POP(1.0)	17/04/26 11:00:00	A	TOTAL	F	Y15-64	THS_PER	FRD2	2015	590.2		
ESTAT:LFST_R_LFSD2POP(1.0)	17/04/26 11:00:00	A	TOTAL	F	Y15-64	THS_PER	FRE1	2015	1300.6		
ESTAT:LFST_R_LFSD2POP(1.0)	17/04/26 11:00:00	A	TOTAL	F	Y15-64	THS_PER	FRE2	2015	603.0		
ESTAT:LFST_R_LFSD2POP(1.0)	17/04/26 11:00:00	A	TOTAL	F	Y15-64	THS_PER	FRF1	2015	622.6		
ESTAT:LFST_R_LFSD2POP(1.0)	17/04/26 11:00:00	A	TOTAL	F	Y15-64	THS_PER	FRF2	2015	412.3		
ESTAT:LFST_R_LFSD2POP(1.0)	17/04/26 11:00:00	A	TOTAL	F	Y15-64	THS_PER	FRF3	2015	744.0		
ESTAT:LFST_R_LFSD2POP(1.0)	17/04/26 11:00:00	A	TOTAL	F	Y15-64	THS_PER	FRG0	2015	1133.2		
ESTAT:LFST_R_LFSD2POP(1.0)	17/04/26 11:00:00	A	TOTAL	F	Y15-64	THS_PER	FRH0	2015	993.3		
ESTAT:LFST_R_LFSD2POP(1.0)	17/04/26 11:00:00	A	TOTAL	F	Y15-64	THS_PER	FRI1	2015	1052.0		
ESTAT:LFST_R_LFSD2POP(1.0)	17/04/26 11:00:00	A	TOTAL	F	Y15-64	THS_PER	FRI2	2015	221.8		
ESTAT:LFST_R_LFSD2POP(1.0)	17/04/26 11:00:00	A	TOTAL	F	Y15-64	THS_PER	FRI3	2015	529.7		
ESTAT:LFST_R_LFSD2POP(1.0)	17/04/26 11:00:00	A	TOTAL	F	Y15-64	THS_PER	FRJ1	2015	852.0		
ESTAT:LFST_R_LFSD2POP(1.0)	17/04/26 11:00:00	A	TOTAL	F	Y15-64	THS_PER	FRJ2	2015	931.9		
ESTAT:LFST_R_LFSD2POP(1.0)	17/04/26 11:00:00	A	TOTAL	F	Y15-64	THS_PER	FRK1	2015	399.3		
ESTAT:LFST_R_LFSD2POP(1.0)	17/04/26 11:00:00	A	TOTAL	F	Y15-64	THS_PER	FRK2	2015	2054.8		
ESTAT:LFST_R_LFSD2POP(1.0)	17/04/26 11:00:00	A	TOTAL	F	Y15-64	THS_PER	FRL0	2015	1554.8		
ESTAT:LFST_R_LFSD2POP(1.0)	17/04/26 11:00:00	A	TOTAL	F	Y15-64	THS_PER	FRM0	2015	92.1	u	
ESTAT:LFST_R_LFSD2POP(1.0)	17/04/26 11:00:00	A	TOTAL	F	Y15-74	THS_PER	FR10	2015	4540.9		
ESTAT:LFST_R_LFSD2POP(1.0)	17/04/26 11:00:00	A	TOTAL	F	Y15-74	THS_PER	FRB0	2015	932.4		
ESTAT:LFST_R_LFSD2POP(1.0)	17/04/26 11:00:00	A	TOTAL	F	Y15-74	THS_PER	FRC1	2015	602.5		
ESTAT:LFST_R_LFSD2POP(1.0)	17/04/26 11:00:00	A	TOTAL	F	Y15-74	THS_PER	FRC2	2015	425.1		
ESTAT:LFST_R_LFSD2POP(1.0)	17/04/26 11:00:00	A	TOTAL	F	Y15-74	THS_PER	FRD1	2015	524.4		
ESTAT:LFST_R_LFSD2POP(1.0)	17/04/26 11:00:00	A	TOTAL	F	Y15-74	THS_PER	FRD2	2015	681.5		
ESTAT:LFST_R_LFSD2POP(1.0)	17/04/26 11:00:00	A	TOTAL	F	Y15-74	THS_PER	FRE1	2015	1484.9		
ESTAT:LFST_R_LFSD2POP(1.0)	17/04/26 11:00:00	A	TOTAL	F	Y15-74	THS_PER	FRE2	2015	692.6		
ESTAT:LFST_R_LFSD2POP(1.0)	17/04/26 11:00:00	A	TOTAL	F	Y15-74	THS_PER	FRF1	2015	705.8		
ESTAT:LFST_R_LFSD2POP(1.0)	17/04/26 11:00:00	A	TOTAL	F	Y15-74	THS_PER	FRF2	2015	477.1		
ESTAT:LFST_R_LFSD2POP(1.0)	17/04/26 11:00:00	A	TOTAL	F	Y15-74	THS_PER	FRF3	2015	853.8		
ESTAT:LFST_R_LFSD2POP(1.0)	17/04/26 11:00:00	A	TOTAL	F	Y15-74	THS_PER	FRG0	2015	1315.3		
ESTAT:LFST_R_LFSD2POP(1.0)	17/04/26 11:00:00	A	TOTAL	F	Y15-74	THS_PER	FRH0	2015	1160.6		
ESTAT:LFST_R_LFSD2POP(1.0)	17/04/26 11:00:00	A	TOTAL	F	Y15-74	THS_PER	FRI1	2015	1255.2		
ESTAT:LFST_R_LFSD2POP(1.0)	17/04/26 11:00:00	A	TOTAL	F	Y15-74	THS_PER	FRI2	2015	263.0		
ESTAT:LFST_R_LFSD2POP(1.0)	17/04/26 11:00:00	A	TOTAL	F	Y15-74	THS_PER	FRI3	2015	638.7		
ESTAT:LFST_R_LFSD2POP(1.0)	17/04/26 11:00:00	A	TOTAL	F	Y15-74	THS_PER	FRJ1	2015	1024.2		
ESTAT:LFST_R_LFSD2POP(1.0)	17/04/26 11:00:00	A	TOTAL	F	Y15-74	THS_PER	FRJ2	2015	1089.9		
ESTAT:LFST_R_LFSD2POP(1.0)	17/04/26 11:00:00	A	TOTAL	F	Y15-74	THS_PER	FRK1	2015	478.5		
ESTAT:LFST_R_LFSD2POP(1.0)	17/04/26 11:00:00	A	TOTAL	F	Y15-74	THS_PER	FRK2	2015	2368.3		
ESTAT:LFST_R_LFSD2POP(1.0)	17/04/26 11:00:00	A	TOTAL	F	Y15-74	THS_PER	FRL0	2015	1846.3		
ESTAT:LFST_R_LFSD2POP(1.0)	17/04/26 11:00:00	A	TOTAL	F	Y15-74	THS_PER	FRM0	2015	119.7	u	
ESTAT:LFST_R_LFSD2POP(1.0)	17/04/26 11:00:00	A	TOTAL	F	Y20-64	THS_PER	FR10	2015	3701.2		
ESTAT:LFST_R_LFSD2POP(1.0)	17/04/26 11:00:00	A	TOTAL	F	Y20-64	THS_PER	FRB0	2015	711.6		
ESTAT:LFST_R_LFSD2POP(1.0)	17/04/26 11:00:00	A	TOTAL	F	Y20-64	THS_PER	FRC1	2015	448.5		
ESTAT:LFST_R_LFSD2POP(1.0)	17/04/26 11:00:00	A	TOTAL	F	Y20-64	THS_PER	FRC2	2015	337.8		
ESTAT:LFST_R_LFSD2POP(1.0)	17/04/26 11:00:00	A	TOTAL	F	Y20-64	THS_PER	FRD1	2015	404.4		
ESTAT:LFST_R_LFSD2POP(1.0)	17/04/26 11:00:00	A	TOTAL	F	Y20-64	THS_PER	FRD2	2015	530.1		
ESTAT:LFST_R_LFSD2POP(1.0)	17/04/26 11:00:00	A	TOTAL	F	Y20-64	THS_PER	FRE1	2015	1180.6		
ESTAT:LFST_R_LFSD2POP(1.0)	17/04/26 11:00:00	A	TOTAL	F	Y20-64	THS_PER	FRE2	2015	549.4		
ESTAT:LFST_R_LFSD2POP(1.0)	17/04/26 11:00:00	A	TOTAL	F	Y20-64	THS_PER	FRF1	2015	562.3		
ESTAT:LFST_R_LFSD2POP(1.0)	17/04/26 11:00:00	A	TOTAL	F	Y20-64	THS_PER	FRF2	2015	379.1		
ESTAT:LFST_R_LFSD2POP(1.0)	17/04/26 11:00:00	A	TOTAL	F	Y20-64	THS_PER	FRF3	2015	672.6		
ESTAT:LFST_R_LFSD2POP(1.0)	17/04/26 11:00:00	A	TOTAL	F	Y20-64	THS_PER	FRG0	2015	1030.0		
ESTAT:LFST_R_LFSD2POP(1.0)	17/04/26 11:00:00	A	TOTAL	F	Y20-64	THS_PER	FRH0	2015	902.8		
ESTAT:LFST_R_LFSD2POP(1.0)	17/04/26 11:00:00	A	TOTAL	F	Y20-64	THS_PER	FRI1	2015	960.4		
ESTAT:LFST_R_LFSD2POP(1.0)	17/04/26 11:00:00	A	TOTAL	F	Y20-64	THS_PER	FRI2	2015	206.1		
ESTAT:LFST_R_LFSD2POP(1.0)	17/04/26 11:00:00	A	TOTAL	F	Y20-64	THS_PER	FRI3	2015	494.7		
ESTAT:LFST_R_LFSD2POP(1.0)	17/04/26 11:00:00	A	TOTAL	F	Y20-64	THS_PER	FRJ1	2015	780.3		
ESTAT:LFST_R_LFSD2POP(1.0)	17/04/26 11:00:00	A	TOTAL	F	Y20-64	THS_PER	FRJ2	2015	846.6		
ESTAT:LFST_R_LFSD2POP(1.0)	17/04/26 11:00:00	A	TOTAL	F	Y20-64	THS_PER	FRK1	2015	357.5		
ESTAT:LFST_R_LFSD2POP(1.0)	17/04/26 11:00:00	A	TOTAL	F	Y20-64	THS_PER	FRK2	2015	1857.5		
ESTAT:LFST_R_LFSD2POP(1.0)	17/04/26 11:00:00	A	TOTAL	F	Y20-64	THS_PER	FRL0	2015	1424.4		
ESTAT:LFST_R_LFSD2POP(1.0)	17/04/26 11:00:00	A	TOTAL	F	Y20-64	THS_PER	FRM0	2015	77.7	u	
ESTAT:LFST_R_LFSD2POP(1.0)	17/04/26 11:00:00	A	TOTAL	F	Y25-34	THS_PER	FR10	2015	914.6		
ESTAT:LFST_R_LFSD2POP(1.0)	17/04/26 11:00:00	A	TOTAL	F	Y25-34	THS_PER	FRB0	2015	135.7		
ESTAT:LFST_R_LFSD2POP(1.0)	17/04/26 11:00:00	A	TOTAL	F	Y25-34	THS_PER	FRC1	2015	79.6		
ESTAT:LFST_R_LFSD2POP(1.0)	17/04/26 11:00:00	A	TOTAL	F	Y25-34	THS_PER	FRC2	2015	71.3		
ESTAT:LFST_R_LFSD2POP(1.0)	17/04/26 11:00:00	A	TOTAL	F	Y25-34	THS_PER	FRD1	2015	75.6		
ESTAT:LFST_R_LFSD2POP(1.0)	17/04/26 11:00:00	A	TOTAL	F	Y25-34	THS_PER	FRD2	2015	117.5		
ESTAT:LFST_R_LFSD2POP(1.0)	17/04/26 11:00:00	A	TOTAL	F	Y25-34	THS_PER	FRE1	2015	265.2		
ESTAT:LFST_R_LFSD2POP(1.0)	17/04/26 11:00:00	A	TOTAL	F	Y25-34	THS_PER	FRE2	2015	108.4		
ESTAT:LFST_R_LFSD2POP(1.0)	17/04/26 11:00:00	A	TOTAL	F	Y25-34	THS_PER	FRF1	2015	121.3		
ESTAT:LFST_R_LFSD2POP(1.0)	17/04/26 11:00:00	A	TOTAL	F	Y25-34	THS_PER	FRF2	2015	86.0		
ESTAT:LFST_R_LFSD2POP(1.0)	17/04/26 11:00:00	A	TOTAL	F	Y25-34	THS_PER	FRF3	2015	134.5		
ESTAT:LFST_R_LFSD2POP(1.0)	17/04/26 11:00:00	A	TOTAL	F	Y25-34	THS_PER	FRG0	2015	229.1		
ESTAT:LFST_R_LFSD2POP(1.0)	17/04/26 11:00:00	A	TOTAL	F	Y25-34	THS_PER	FRH0	2015	173.3		
ESTAT:LFST_R_LFSD2POP(1.0)	17/04/26 11:00:00	A	TOTAL	F	Y25-34	THS_PER	FRI1	2015	191.8		
ESTAT:LFST_R_LFSD2POP(1.0)	17/04/26 11:00:00	A	TOTAL	F	Y25-34	THS_PER	FRI2	2015	39.6		
ESTAT:LFST_R_LFSD2POP(1.0)	17/04/26 11:00:00	A	TOTAL	F	Y25-34	THS_PER	FRI3	2015	104.3		
ESTAT:LFST_R_LFSD2POP(1.0)	17/04/26 11:00:00	A	TOTAL	F	Y25-34	THS_PER	FRJ1	2015	145.8		
ESTAT:LFST_R_LFSD2POP(1.0)	17/04/26 11:00:00	A	TOTAL	F	Y25-34	THS_PER	FRJ2	2015	172.2		
ESTAT:LFST_R_LFSD2POP(1.0)	17/04/26 11:00:00	A	TOTAL	F	Y25-34	THS_PER	FRK1	2015	61.7		
ESTAT:LFST_R_LFSD2POP(1.0)	17/04/26 11:00:00	A	TOTAL	F	Y25-34	THS_PER	FRK2	2015	404.9		
ESTAT:LFST_R_LFSD2POP(1.0)	17/04/26 11:00:00	A	TOTAL	F	Y25-34	THS_PER	FRL0	2015	299.7		
ESTAT:LFST_R_LFSD2POP(1.0)	17/04/26 11:00:00	A	TOTAL	F	Y25-34	THS_PER	FRM0	2015	8.2	u	
ESTAT:LFST_R_LFSD2POP(1.0)	17/04/26 11:00:00	A	TOTAL	F	Y25-64	THS_PER	FR10	2015	3303.9		
ESTAT:LFST_R_LFSD2POP(1.0)	17/04/26 11:00:00	A	TOTAL	F	Y25-64	THS_PER	FRB0	2015	647.0		
ESTAT:LFST_R_LFSD2POP(1.0)	17/04/26 11:00:00	A	TOTAL	F	Y25-64	THS_PER	FRC1	2015	409.7		
ESTAT:LFST_R_LFSD2POP(1.0)	17/04/26 11:00:00	A	TOTAL	F	Y25-64	THS_PER	FRC2	2015	304.7		
ESTAT:LFST_R_LFSD2POP(1.0)	17/04/26 11:00:00	A	TOTAL	F	Y25-64	THS_PER	FRD1	2015	367.8		
ESTAT:LFST_R_LFSD2POP(1.0)	17/04/26 11:00:00	A	TOTAL	F	Y25-64	THS_PER	FRD2	2015	477.5		
ESTAT:LFST_R_LFSD2POP(1.0)	17/04/26 11:00:00	A	TOTAL	F	Y25-64	THS_PER	FRE1	2015	1054.0		
ESTAT:LFST_R_LFSD2POP(1.0)	17/04/26 11:00:00	A	TOTAL	F	Y25-64	THS_PER	FRE2	2015	488.0		
ESTAT:LFST_R_LFSD2POP(1.0)	17/04/26 11:00:00	A	TOTAL	F	Y25-64	THS_PER	FRF1	2015	509.0		
ESTAT:LFST_R_LFSD2POP(1.0)	17/04/26 11:00:00	A	TOTAL	F	Y25-64	THS_PER	FRF2	2015	334.1		
ESTAT:LFST_R_LFSD2POP(1.0)	17/04/26 11:00:00	A	TOTAL	F	Y25-64	THS_PER	FRF3	2015	602.8		
ESTAT:LFST_R_LFSD2POP(1.0)	17/04/26 11:00:00	A	TOTAL	F	Y25-64	THS_PER	FRG0	2015	941.5		
ESTAT:LFST_R_LFSD2POP(1.0)	17/04/26 11:00:00	A	TOTAL	F	Y25-64	THS_PER	FRH0	2015	821.8		
ESTAT:LFST_R_LFSD2POP(1.0)	17/04/26 11:00:00	A	TOTAL	F	Y25-64	THS_PER	FRI1	2015	875.5		
ESTAT:LFST_R_LFSD2POP(1.0)	17/04/26 11:00:00	A	TOTAL	F	Y25-64	THS_PER	FRI2	2015	184.9		
ESTAT:LFST_R_LFSD2POP(1.0)	17/04/26 11:00:00	A	TOTAL	F	Y25-64	THS_PER	FRI3	2015	443.7		
ESTAT:LFST_R_LFSD2POP(1.0)	17/04/26 11:00:00	A	TOTAL	F	Y25-64	THS_PER	FRJ1	2015	711.2		
ESTAT:LFST_R_LFSD2POP(1.0)	17/04/26 11:00:00	A	TOTAL	F	Y25-64	THS_PER	FRJ2	2015	774.6		
ESTAT:LFST_R_LFSD2POP(1.0)	17/04/26 11:00:00	A	TOTAL	F	Y25-64	THS_PER	FRK1	2015	333.9		
ESTAT:LFST_R_LFSD2POP(1.0)	17/04/26 11:00:00	A	TOTAL	F	Y25-64	THS_PER	FRK2	2015	1678.3		
ESTAT:LFST_R_LFSD2POP(1.0)	17/04/26 11:00:00	A	TOTAL	F	Y25-64	THS_PER	FRL0	2015	1301.3		
ESTAT:LFST_R_LFSD2POP(1.0)	17/04/26 11:00:00	A	TOTAL	F	Y25-64	THS_PER	FRM0	2015	76.0	u	
ESTAT:LFST_R_LFSD2POP(1.0)	17/04/26 11:00:00	A	TOTAL	F	Y35-44	THS_PER	FR10	2015	865.9		
ESTAT:LFST_R_LFSD2POP(1.0)	17/04/26 11:00:00	A	TOTAL	F	Y35-44	THS_PER	FRB0	2015	151.1		
ESTAT:LFST_R_LFSD2POP(1.0)	17/04/26 11:00:00	A	TOTAL	F	Y35-44	THS_PER	FRC1	2015	97.4		
ESTAT:LFST_R_LFSD2POP(1.0)	17/04/26 11:00:00	A	TOTAL	F	Y35-44	THS_PER	FRC2	2015	67.4		
ESTAT:LFST_R_LFSD2POP(1.0)	17/04/26 11:00:00	A	TOTAL	F	Y35-44	THS_PER	FRD1	2015	89.4		
ESTAT:LFST_R_LFSD2POP(1.0)	17/04/26 11:00:00	A	TOTAL	F	Y35-44	THS_PER	FRD2	2015	117.7		
ESTAT:LFST_R_LFSD2POP(1.0)	17/04/26 11:00:00	A	TOTAL	F	Y35-44	THS_PER	FRE1	2015	259.8		
ESTAT:LFST_R_LFSD2POP(1.0)	17/04/26 11:00:00	A	TOTAL	F	Y35-44	THS_PER	FRE2	2015	119.8		
ESTAT:LFST_R_LFSD2POP(1.0)	17/04/26 11:00:00	A	TOTAL	F	Y35-44	THS_PER	FRF1	2015	126.5		
ESTAT:LFST_R_LFSD2POP(1.0)	17/04/26 11:00:00	A	TOTAL	F	Y35-44	THS_PER	FRF2	2015	69.3		
ESTAT:LFST_R_LFSD2POP(1.0)	17/04/26 11:00:00	A	TOTAL	F	Y35-44	THS_PER	FRF3	2015	151.9		
ESTAT:LFST_R_LFSD2POP(1.0)	17/04/26 11:00:00	A	TOTAL	F	Y35-44	THS_PER	FRG0	2015	232.0		
ESTAT:LFST_R_LFSD2POP(1.0)	17/04/26 11:00:00	A	TOTAL	F	Y35-44	THS_PER	FRH0	2015	213.3		
ESTAT:LFST_R_LFSD2POP(1.0)	17/04/26 11:00:00	A	TOTAL	F	Y35-44	THS_PER	FRI1	2015	231.6		
ESTAT:LFST_R_LFSD2POP(1.0)	17/04/26 11:00:00	A	TOTAL	F	Y35-44	THS_PER	FRI2	2015	43.5		
ESTAT:LFST_R_LFSD2POP(1.0)	17/04/26 11:00:00	A	TOTAL	F	Y35-44	THS_PER	FRI3	2015	112.8		
ESTAT:LFST_R_LFSD2POP(1.0)	17/04/26 11:00:00	A	TOTAL	F	Y35-44	THS_PER	FRJ1	2015	166.7		
ESTAT:LFST_R_LFSD2POP(1.0)	17/04/26 11:00:00	A	TOTAL	F	Y35-44	THS_PER	FRJ2	2015	187.8		
ESTAT:LFST_R_LFSD2POP(1.0)	17/04/26 11:00:00	A	TOTAL	F	Y35-44	THS_PER	FRK1	2015	92.1		
ESTAT:LFST_R_LFSD2POP(1.0)	17/04/26 11:00:00	A	TOTAL	F	Y35-44	THS_PER	FRK2	2015	443.2		
ESTAT:LFST_R_LFSD2POP(1.0)	17/04/26 11:00:00	A	TOTAL	F	Y35-44	THS_PER	FRL0	2015	309.0		
ESTAT:LFST_R_LFSD2POP(1.0)	17/04/26 11:00:00	A	TOTAL	F	Y35-44	THS_PER	FRM0	2015	16.0	u	
ESTAT:LFST_R_LFSD2POP(1.0)	17/04/26 11:00:00	A	TOTAL	F	Y45-54	THS_PER	FR10	2015	824.9		
ESTAT:LFST_R_LFSD2POP(1.0)	17/04/26 11:00:00	A	TOTAL	F	Y45-54	THS_PER	FRB0	2015	179.7		
ESTAT:LFST_R_LFSD2POP(1.0)	17/04/26 11:00:00	A	TOTAL	F	Y45-54	THS_PER	FRC1	2015	110.9		
ESTAT:LFST_R_LFSD2POP(1.0)	17/04/26 11:00:00	A	TOTAL	F	Y45-54	THS_PER	FRC2	2015	81.8		
ESTAT:LFST_R_LFSD2POP(1.0)	17/04/26 11:00:00	A	TOTAL	F	Y45-54	THS_PER	FRD1	2015	103.7		
ESTAT:LFST_R_LFSD2POP(1.0)	17/04/26 11:00:00	A	TOTAL	F	Y45-54	THS_PER	FRD2	2015	123.1		
ESTAT:LFST_R_LFSD2POP(1.0)	17/04/26 11:00:00	A	TOTAL	F	Y45-54	THS_PER	FRE1	2015	264.6		
ESTAT:LFST_R_LFSD2POP(1.0)	17/04/26 11:00:00	A	TOTAL	F	Y45-54	THS_PER	FRE2	2015	139.6		
ESTAT:LFST_R_LFSD2POP(1.0)	17/04/26 11:00:00	A	TOTAL	F	Y45-54	THS_PER	FRF1	2015	137.1		
ESTAT:LFST_R_LFSD2POP(1.0)	17/04/26 11:00:00	A	TOTAL	F	Y45-54	THS_PER	FRF2	2015	87.8		
ESTAT:LFST_R_LFSD2POP(1.0)	17/04/26 11:00:00	A	TOTAL	F	Y45-54	THS_PER	FRF3	2015	154.2		
ESTAT:LFST_R_LFSD2POP(1.0)	17/04/26 11:00:00	A	TOTAL	F	Y45-54	THS_PER	FRG0	2015	245.7		
ESTAT:LFST_R_LFSD2POP(1.0)	17/04/26 11:00:00	A	TOTAL	F	Y45-54	THS_PER	FRH0	2015	224.0		
ESTAT:LFST_R_LFSD2POP(1.0)	17/04/26 11:00:00	A	TOTAL	F	Y45-54	THS_PER	FRI1	2015	242.2		
ESTAT:LFST_R_LFSD2POP(1.0)	17/04/26 11:00:00	A	TOTAL	F	Y45-54	THS_PER	FRI2	2015	52.1		
ESTAT:LFST_R_LFSD2POP(1.0)	17/04/26 11:00:00	A	TOTAL	F	Y45-54	THS_PER	FRI3	2015	100.8		
ESTAT:LFST_R_LFSD2POP(1.0)	17/04/26 11:00:00	A	TOTAL	F	Y45-54	THS_PER	FRJ1	2015	188.2		
ESTAT:LFST_R_LFSD2POP(1.0)	17/04/26 11:00:00	A	TOTAL	F	Y45-54	THS_PER	FRJ2	2015	214.1		
ESTAT:LFST_R_LFSD2POP(1.0)	17/04/26 11:00:00	A	TOTAL	F	Y45-54	THS_PER	FRK1	2015	90.5		
ESTAT:LFST_R_LFSD2POP(1.0)	17/04/26 11:00:00	A	TOTAL	F	Y45-54	THS_PER	FRK2	2015	420.1		
ESTAT:LFST_R_LFSD2POP(1.0)	17/04/26 11:00:00	A	TOTAL	F	Y45-54	THS_PER	FRL0	2015	365.9		
ESTAT:LFST_R_LFSD2POP(1.0)	17/04/26 11:00:00	A	TOTAL	F	Y45-54	THS_PER	FRM0	2015	21.2	u	
ESTAT:LFST_R_LFSD2POP(1.0)	17/04/26 11:00:00	A	TOTAL	F	Y55-64	THS_PER	FR10	2015	698.5		
ESTAT:LFST_R_LFSD2POP(1.0)	17/04/26 11:00:00	A	TOTAL	F	Y55-64	THS_PER	FRB0	2015	180.5		
ESTAT:LFST_R_LFSD2POP(1.0)	17/04/26 11:00:00	A	TOTAL	F	Y55-64	THS_PER	FRC1	2015	121.8		
ESTAT:LFST_R_LFSD2POP(1.0)	17/04/26 11:00:00	A	TOTAL	F	Y55-64	THS_PER	FRC2	2015	84.3		
ESTAT:LFST_R_LFSD2POP(1.0)	17/04/26 11:00:00	A	TOTAL	F	Y55-64	THS_PER	FRD1	2015	99.1		
ESTAT:LFST_R_LFSD2POP(1.0)	17/04/26 11:00:00	A	TOTAL	F	Y55-64	THS_PER	FRD2	2015	119.2		
ESTAT:LFST_R_LFSD2POP(1.0)	17/04/26 11:00:00	A	TOTAL	F	Y55-64	THS_PER	FRE1	2015	264.4		
ESTAT:LFST_R_LFSD2POP(1.0)	17/04/26 11:00:00	A	TOTAL	F	Y55-64	THS_PER	FRE2	2015	120.2		
ESTAT:LFST_R_LFSD2POP(1.0)	17/04/26 11:00:00	A	TOTAL	F	Y55-64	THS_PER	FRF1	2015	124.1		
ESTAT:LFST_R_LFSD2POP(1.0)	17/04/26 11:00:00	A	TOTAL	F	Y55-64	THS_PER	FRF2	2015	90.9		
ESTAT:LFST_R_LFSD2POP(1.0)	17/04/26 11:00:00	A	TOTAL	F	Y55-64	THS_PER	FRF3	2015	162.2		
ESTAT:LFST_R_LFSD2POP(1.0)	17/04/26 11:00:00	A	TOTAL	F	Y55-64	THS_PER	FRG0	2015	234.7		
ESTAT:LFST_R_LFSD2POP(1.0)	17/04/26 11:00:00	A	TOTAL	F	Y55-64	THS_PER	FRH0	2015	211.3		
ESTAT:LFST_R_LFSD2POP(1.0)	17/04/26 11:00:00	A	TOTAL	F	Y55-64	THS_PER	FRI1	2015	209.9		
ESTAT:LFST_R_LFSD2POP(1.0)	17/04/26 11:00:00	A	TOTAL	F	Y55-64	THS_PER	FRI2	2015	49.8		
ESTAT:LFST_R_LFSD2POP(1.0)	17/04/26 11:00:00	A	TOTAL	F	Y55-64	THS_PER	FRI3	2015	125.8		
ESTAT:LFST_R_LFSD2POP(1.0)	17/04/26 11:00:00	A	TOTAL	F	Y55-64	THS_PER	FRJ1	2015	210.5		
ESTAT:LFST_R_LFSD2POP(1.0)	17/04/26 11:00:00	A	TOTAL	F	Y55-64	THS_PER	FRJ2	2015	200.6		
ESTAT:LFST_R_LFSD2POP(1.0)	17/04/26 11:00:00	A	TOTAL	F	Y55-64	THS_PER	FRK1	2015	89.6		
ESTAT:LFST_R_LFSD2POP(1.0)	17/04/26 11:00:00	A	TOTAL	F	Y55-64	THS_PER	FRK2	2015	410.1		
ESTAT:LFST_R_LFSD2POP(1.0)	17/04/26 11:00:00	A	TOTAL	F	Y55-64	THS_PER	FRL0	2015	326.6		
ESTAT:LFST_R_LFSD2POP(1.0)	17/04/26 11:00:00	A	TOTAL	F	Y55-64	THS_PER	FRM0	2015	30.5	u	
ESTAT:LFST_R_LFSD2POP(1.0)	17/04/26 11:00:00	A	TOTAL	F	Y_GE15	THS_PER	FR10	2015	4992.9		
ESTAT:LFST_R_LFSD2POP(1.0)	17/04/26 11:00:00	A	TOTAL	F	Y_GE15	THS_PER	FRB0	2015	1065.7		
ESTAT:LFST_R_LFSD2POP(1.0)	17/04/26 11:00:00	A	TOTAL	F	Y_GE15	THS_PER	FRC1	2015	705.4		
ESTAT:LFST_R_LFSD2POP(1.0)	17/04/26 11:00:00	A	TOTAL	F	Y_GE15	THS_PER	FRC2	2015	487.0		
ESTAT:LFST_R_LFSD2POP(1.0)	17/04/26 11:00:00	A	TOTAL	F	Y_GE15	THS_PER	FRD1	2015	606.0		
ESTAT:LFST_R_LFSD2POP(1.0)	17/04/26 11:00:00	A	TOTAL	F	Y_GE15	THS_PER	FRD2	2015	781.3		
ESTAT:LFST_R_LFSD2POP(1.0)	17/04/26 11:00:00	A	TOTAL	F	Y_GE15	THS_PER	FRE1	2015	1673.4		
ESTAT:LFST_R_LFSD2POP(1.0)	17/04/26 11:00:00	A	TOTAL	F	Y_GE15	THS_PER	FRE2	2015	777.5		
ESTAT:LFST_R_LFSD2POP(1.0)	17/04/26 11:00:00	A	TOTAL	F	Y_GE15	THS_PER	FRF1	2015	799.0		
ESTAT:LFST_R_LFSD2POP(1.0)	17/04/26 11:00:00	A	TOTAL	F	Y_GE15	THS_PER	FRF2	2015	552.2		
ESTAT:LFST_R_LFSD2POP(1.0)	17/04/26 11:00:00	A	TOTAL	F	Y_GE15	THS_PER	FRF3	2015	978.1		
ESTAT:LFST_R_LFSD2POP(1.0)	17/04/26 11:00:00	A	TOTAL	F	Y_GE15	THS_PER	FRG0	2015	1508.2		
ESTAT:LFST_R_LFSD2POP(1.0)	17/04/26 11:00:00	A	TOTAL	F	Y_GE15	THS_PER	FRH0	2015	1365.3		
ESTAT:LFST_R_LFSD2POP(1.0)	17/04/26 11:00:00	A	TOTAL	F	Y_GE15	THS_PER	FRI1	2015	1447.8		
ESTAT:LFST_R_LFSD2POP(1.0)	17/04/26 11:00:00	A	TOTAL	F	Y_GE15	THS_PER	FRI2	2015	314.8		
ESTAT:LFST_R_LFSD2POP(1.0)	17/04/26 11:00:00	A	TOTAL	F	Y_GE15	THS_PER	FRI3	2015	746.5		
ESTAT:LFST_R_LFSD2POP(1.0)	17/04/26 11:00:00	A	TOTAL	F	Y_GE15	THS_PER	FRJ1	2015	1159.0		
ESTAT:LFST_R_LFSD2POP(1.0)	17/04/26 11:00:00	A	TOTAL	F	Y_GE15	THS_PER	FRJ2	2015	1257.9		
ESTAT:LFST_R_LFSD2POP(1.0)	17/04/26 11:00:00	A	TOTAL	F	Y_GE15	THS_PER	FRK1	2015	562.3		
ESTAT:LFST_R_LFSD2POP(1.0)	17/04/26 11:00:00	A	TOTAL	F	Y_GE15	THS_PER	FRK2	2015	2680.1		
ESTAT:LFST_R_LFSD2POP(1.0)	17/04/26 11:00:00	A	TOTAL	F	Y_GE15	THS_PER	FRL0	2015	2142.7		
ESTAT:LFST_R_LFSD2POP(1.0)	17/04/26 11:00:00	A	TOTAL	F	Y_GE15	THS_PER	FRM0	2015	144.7	u	
ESTAT:LFST_R_LFSD2POP(1.0)	17/04/26 11:00:00	A	TOTAL	F	Y_GE25	THS_PER	FR10	2015	4238.6		
ESTAT:LFST_R_LFSD2POP(1.0)	17/04/26 11:00:00	A	TOTAL	F	Y_GE25	THS_PER	FRB0	2015	931.9		
ESTAT:LFST_R_LFSD2POP(1.0)	17/04/26 11:00:00	A	TOTAL	F	Y_GE25	THS_PER	FRC1	2015	610.4		
ESTAT:LFST_R_LFSD2POP(1.0)	17/04/26 11:00:00	A	TOTAL	F	Y_GE25	THS_PER	FRC2	2015	422.3		
ESTAT:LFST_R_LFSD2POP(1.0)	17/04/26 11:00:00	A	TOTAL	F	Y_GE25	THS_PER	FRD1	2015	522.1		
ESTAT:LFST_R_LFSD2POP(1.0)	17/04/26 11:00:00	A	TOTAL	F	Y_GE25	THS_PER	FRD2	2015	668.6		
ESTAT:LFST_R_LFSD2POP(1.0)	17/04/26 11:00:00	A	TOTAL	F	Y_GE25	THS_PER	FRE1	2015	1426.8		
ESTAT:LFST_R_LFSD2POP(1.0)	17/04/26 11:00:00	A	TOTAL	F	Y_GE25	THS_PER	FRE2	2015	662.5		
ESTAT:LFST_R_LFSD2POP(1.0)	17/04/26 11:00:00	A	TOTAL	F	Y_GE25	THS_PER	FRF1	2015	685.4		
ESTAT:LFST_R_LFSD2POP(1.0)	17/04/26 11:00:00	A	TOTAL	F	Y_GE25	THS_PER	FRF2	2015	474.0		
ESTAT:LFST_R_LFSD2POP(1.0)	17/04/26 11:00:00	A	TOTAL	F	Y_GE25	THS_PER	FRF3	2015	836.9		
ESTAT:LFST_R_LFSD2POP(1.0)	17/04/26 11:00:00	A	TOTAL	F	Y_GE25	THS_PER	FRG0	2015	1316.6		
ESTAT:LFST_R_LFSD2POP(1.0)	17/04/26 11:00:00	A	TOTAL	F	Y_GE25	THS_PER	FRH0	2015	1193.9		
ESTAT:LFST_R_LFSD2POP(1.0)	17/04/26 11:00:00	A	TOTAL	F	Y_GE25	THS_PER	FRI1	2015	1271.4		
ESTAT:LFST_R_LFSD2POP(1.0)	17/04/26 11:00:00	A	TOTAL	F	Y_GE25	THS_PER	FRI2	2015	278.0		
ESTAT:LFST_R_LFSD2POP(1.0)	17/04/26 11:00:00	A	TOTAL	F	Y_GE25	THS_PER	FRI3	2015	660.5		
ESTAT:LFST_R_LFSD2POP(1.0)	17/04/26 11:00:00	A	TOTAL	F	Y_GE25	THS_PER	FRJ1	2015	1018.3		
ESTAT:LFST_R_LFSD2POP(1.0)	17/04/26 11:00:00	A	TOTAL	F	Y_GE25	THS_PER	FRJ2	2015	1100.6		
ESTAT:LFST_R_LFSD2POP(1.0)	17/04/26 11:00:00	A	TOTAL	F	Y_GE25	THS_PER	FRK1	2015	496.8		
ESTAT:LFST_R_LFSD2POP(1.0)	17/04/26 11:00:00	A	TOTAL	F	Y_GE25	THS_PER	FRK2	2015	2303.6		
ESTAT:LFST_R_LFSD2POP(1.0)	17/04/26 11:00:00	A	TOTAL	F	Y_GE25	THS_PER	FRL0	2015	1889.2		
ESTAT:LFST_R_LFSD2POP(1.0)	17/04/26 11:00:00	A	TOTAL	F	Y_GE25	THS_PER	FRM0	2015	128.7	u	
ESTAT:LFST_R_LFSD2POP(1.0)	17/04/26 11:00:00	A	TOTAL	F	Y_GE65	THS_PER	FR10	2015	934.7		
ESTAT:LFST_R_LFSD2POP(1.0)	17/04/26 11:00:00	A	TOTAL	F	Y_GE65	THS_PER	FRB0	2015	284.9		
ESTAT:LFST_R_LFSD2POP(1.0)	17/04/26 11:00:00	A	TOTAL	F	Y_GE65	THS_PER	FRC1	2015	200.6		
ESTAT:LFST_R_LFSD2POP(1.0)	17/04/26 11:00:00	A	TOTAL	F	Y_GE65	THS_PER	FRC2	2015	117.6		
ESTAT:LFST_R_LFSD2POP(1.0)	17/04/26 11:00:00	A	TOTAL	F	Y_GE65	THS_PER	FRD1	2015	154.4		
ESTAT:LFST_R_LFSD2POP(1.0)	17/04/26 11:00:00	A	TOTAL	F	Y_GE65	THS_PER	FRD2	2015	191.1		
ESTAT:LFST_R_LFSD2POP(1.0)	17/04/26 11:00:00	A	TOTAL	F	Y_GE65	THS_PER	FRE1	2015	372.8		
ESTAT:LFST_R_LFSD2POP(1.0)	17/04/26 11:00:00	A	TOTAL	F	Y_GE65	THS_PER	FRE2	2015	174.5		
ESTAT:LFST_R_LFSD2POP(1.0)	17/04/26 11:00:00	A	TOTAL	F	Y_GE65	THS_PER	FRF1	2015	176.4		
ESTAT:LFST_R_LFSD2POP(1.0)	17/04/26 11:00:00	A	TOTAL	F	Y_GE65	THS_PER	FRF2	2015	139.9		
ESTAT:LFST_R_LFSD2POP(1.0)	17/04/26 11:00:00	A	TOTAL	F	Y_GE65	THS_PER	FRF3	2015	234.1		
ESTAT:LFST_R_LFSD2POP(1.0)	17/04/26 11:00:00	A	TOTAL	F	Y_GE65	THS_PER	FRG0	2015	375.1		
ESTAT:LFST_R_LFSD2POP(1.0)	17/04/26 11:00:00	A	TOTAL	F	Y_GE65	THS_PER	FRH0	2015	372.0		
ESTAT:LFST_R_LFSD2POP(1.0)	17/04/26 11:00:00	A	TOTAL	F	Y_GE65	THS_PER	FRI1	2015	395.9		
ESTAT:LFST_R_LFSD2POP(1.0)	17/04/26 11:00:00	A	TOTAL	F	Y_GE65	THS_PER	FRI2	2015	93.0		
ESTAT:LFST_R_LFSD2POP(1.0)	17/04/26 11:00:00	A	TOTAL	F	Y_GE65	THS_PER	FRI3	2015	216.8		
ESTAT:LFST_R_LFSD2POP(1.0)	17/04/26 11:00:00	A	TOTAL	F	Y_GE65	THS_PER	FRJ1	2015	307.1		
ESTAT:LFST_R_LFSD2POP(1.0)	17/04/26 11:00:00	A	TOTAL	F	Y_GE65	THS_PER	FRJ2	2015	326.0		
ESTAT:LFST_R_LFSD2POP(1.0)	17/04/26 11:00:00	A	TOTAL	F	Y_GE65	THS_PER	FRK1	2015	162.9		
ESTAT:LFST_R_LFSD2POP(1.0)	17/04/26 11:00:00	A	TOTAL	F	Y_GE65	THS_PER	FRK2	2015	625.3		
ESTAT:LFST_R_LFSD2POP(1.0)	17/04/26 11:00:00	A	TOTAL	F	Y_GE65	THS_PER	FRL0	2015	587.9		
ESTAT:LFST_R_LFSD2POP(1.0)	17/04/26 11:00:00	A	TOTAL	F	Y_GE65	THS_PER	FRM0	2015	52.7	u	
ESTAT:LFST_R_LFSD2POP(1.0)	17/04/26 11:00:00	A	TOTAL	M	Y15-24	THS_PER	FR10	2015	733.5		
ESTAT:LFST_R_LFSD2POP(1.0)	17/04/26 11:00:00	A	TOTAL	M	Y15-24	THS_PER	FRB0	2015	147.5		
ESTAT:LFST_R_LFSD2POP(1.0)	17/04/26 11:00:00	A	TOTAL	M	Y15-24	THS_PER	FRC1	2015	96.8		
ESTAT:LFST_R_LFSD2POP(1.0)	17/04/26 11:00:00	A	TOTAL	M	Y15-24	THS_PER	FRC2	2015	68.1		
ESTAT:LFST_R_LFSD2POP(1.0)	17/04/26 11:00:00	A	TOTAL	M	Y15-24	THS_PER	FRD1	2015	78.6		
ESTAT:LFST_R_LFSD2POP(1.0)	17/04/26 11:00:00	A	TOTAL	M	Y15-24	THS_PER	FRD2	2015	102.3		
ESTAT:LFST_R_LFSD2POP(1.0)	17/04/26 11:00:00	A	TOTAL	M	Y15-24	THS_PER	FRE1	2015	254.2		
ESTAT:LFST_R_LFSD2POP(1.0)	17/04/26 11:00:00	A	TOTAL	M	Y15-24	THS_PER	FRE2	2015	118.2		
ESTAT:LFST_R_LFSD2POP(1.0)	17/04/26 11:00:00	A	TOTAL	M	Y15-24	THS_PER	FRF1	2015	103.0		
ESTAT:LFST_R_LFSD2POP(1.0)	17/04/26 11:00:00	A	TOTAL	M	Y15-24	THS_PER	FRF2	2015	76.9		
ESTAT:LFST_R_LFSD2POP(1.0)	17/04/26 11:00:00	A	TOTAL	M	Y15-24	THS_PER	FRF3	2015	139.5		
ESTAT:LFST_R_LFSD2POP(1.0)	17/04/26 11:00:00	A	TOTAL	M	Y15-24	THS_PER	FRG0	2015	199.9		
ESTAT:LFST_R_LFSD2POP(1.0)	17/04/26 11:00:00	A	TOTAL	M	Y15-24	THS_PER	FRH0	2015	182.3		
ESTAT:LFST_R_LFSD2POP(1.0)	17/04/26 11:00:00	A	TOTAL	M	Y15-24	THS_PER	FRI1	2015	186.8		
ESTAT:LFST_R_LFSD2POP(1.0)	17/04/26 11:00:00	A	TOTAL	M	Y15-24	THS_PER	FRI2	2015	35.9		
ESTAT:LFST_R_LFSD2POP(1.0)	17/04/26 11:00:00	A	TOTAL	M	Y15-24	THS_PER	FRI3	2015	92.2		
ESTAT:LFST_R_LFSD2POP(1.0)	17/04/26 11:00:00	A	TOTAL	M	Y15-24	THS_PER	FRJ1	2015	146.6		
ESTAT:LFST_R_LFSD2POP(1.0)	17/04/26 11:00:00	A	TOTAL	M	Y15-24	THS_PER	FRJ2	2015	161.9		
ESTAT:LFST_R_LFSD2POP(1.0)	17/04/26 11:00:00	A	TOTAL	M	Y15-24	THS_PER	FRK1	2015	73.3		
ESTAT:LFST_R_LFSD2POP(1.0)	17/04/26 11:00:00	A	TOTAL	M	Y15-24	THS_PER	FRK2	2015	386.6		
ESTAT:LFST_R_LFSD2POP(1.0)	17/04/26 11:00:00	A	TOTAL	M	Y15-24	THS_PER	FRL0	2015	263.3		
ESTAT:LFST_R_LFSD2POP(1.0)	17/04/26 11:00:00	A	TOTAL	M	Y15-24	THS_PER	FRM0	2015	17.6	u	
ESTAT:LFST_R_LFSD2POP(1.0)	17/04/26 11:00:00	A	TOTAL	M	Y15-64	THS_PER	FR10	2015	3798.9		
ESTAT:LFST_R_LFSD2POP(1.0)	17/04/26 11:00:00	A	TOTAL	M	Y15-64	THS_PER	FRB0	2015	770.3		
ESTAT:LFST_R_LFSD2POP(1.0)	17/04/26 11:00:00	A	TOTAL	M	Y15-64	THS_PER	FRC1	2015	484.9		
ESTAT:LFST_R_LFSD2POP(1.0)	17/04/26 11:00:00	A	TOTAL	M	Y15-64	THS_PER	FRC2	2015	352.9		
ESTAT:LFST_R_LFSD2POP(1.0)	17/04/26 11:00:00	A	TOTAL	M	Y15-64	THS_PER	FRD1	2015	447.0		
ESTAT:LFST_R_LFSD2POP(1.0)	17/04/26 11:00:00	A	TOTAL	M	Y15-64	THS_PER	FRD2	2015	557.3		
ESTAT:LFST_R_LFSD2POP(1.0)	17/04/26 11:00:00	A	TOTAL	M	Y15-64	THS_PER	FRE1	2015	1258.2		
ESTAT:LFST_R_LFSD2POP(1.0)	17/04/26 11:00:00	A	TOTAL	M	Y15-64	THS_PER	FRE2	2015	595.9		
ESTAT:LFST_R_LFSD2POP(1.0)	17/04/26 11:00:00	A	TOTAL	M	Y15-64	THS_PER	FRF1	2015	580.6		
ESTAT:LFST_R_LFSD2POP(1.0)	17/04/26 11:00:00	A	TOTAL	M	Y15-64	THS_PER	FRF2	2015	417.7		
ESTAT:LFST_R_LFSD2POP(1.0)	17/04/26 11:00:00	A	TOTAL	M	Y15-64	THS_PER	FRF3	2015	728.2		
ESTAT:LFST_R_LFSD2POP(1.0)	17/04/26 11:00:00	A	TOTAL	M	Y15-64	THS_PER	FRG0	2015	1115.4		
ESTAT:LFST_R_LFSD2POP(1.0)	17/04/26 11:00:00	A	TOTAL	M	Y15-64	THS_PER	FRH0	2015	993.8		
ESTAT:LFST_R_LFSD2POP(1.0)	17/04/26 11:00:00	A	TOTAL	M	Y15-64	THS_PER	FRI1	2015	1003.4		
ESTAT:LFST_R_LFSD2POP(1.0)	17/04/26 11:00:00	A	TOTAL	M	Y15-64	THS_PER	FRI2	2015	208.8		
ESTAT:LFST_R_LFSD2POP(1.0)	17/04/26 11:00:00	A	TOTAL	M	Y15-64	THS_PER	FRI3	2015	525.1		
ESTAT:LFST_R_LFSD2POP(1.0)	17/04/26 11:00:00	A	TOTAL	M	Y15-64	THS_PER	FRJ1	2015	803.9		
ESTAT:LFST_R_LFSD2POP(1.0)	17/04/26 11:00:00	A	TOTAL	M	Y15-64	THS_PER	FRJ2	2015	916.8		
ESTAT:LFST_R_LFSD2POP(1.0)	17/04/26 11:00:00	A	TOTAL	M	Y15-64	THS_PER	FRK1	2015	411.6		
ESTAT:LFST_R_LFSD2POP(1.0)	17/04/26 11:00:00	A	TOTAL	M	Y15-64	THS_PER	FRK2	2015	1998.5		
ESTAT:LFST_R_LFSD2POP(1.0)	17/04/26 11:00:00	A	TOTAL	M	Y15-64	THS_PER	FRL0	2015	1454.3		
ESTAT:LFST_R_LFSD2POP(1.0)	17/04/26 11:00:00	A	TOTAL	M	Y15-64	THS_PER	FRM0	2015	96.3	u	
ESTAT:LFST_R_LFSD2POP(1.0)	17/04/26 11:00:00	A	TOTAL	M	Y15-74	THS_PER	FR10	2015	4210.9		
ESTAT:LFST_R_LFSD2POP(1.0)	17/04/26 11:00:00	A	TOTAL	M	Y15-74	THS_PER	FRB0	2015	900.9		
ESTAT:LFST_R_LFSD2POP(1.0)	17/04/26 11:00:00	A	TOTAL	M	Y15-74	THS_PER	FRC1	2015	559.3		
ESTAT:LFST_R_LFSD2POP(1.0)	17/04/26 11:00:00	A	TOTAL	M	Y15-74	THS_PER	FRC2	2015	412.1		
ESTAT:LFST_R_LFSD2POP(1.0)	17/04/26 11:00:00	A	TOTAL	M	Y15-74	THS_PER	FRD1	2015	518.9		
ESTAT:LFST_R_LFSD2POP(1.0)	17/04/26 11:00:00	A	TOTAL	M	Y15-74	THS_PER	FRD2	2015	635.3		
ESTAT:LFST_R_LFSD2POP(1.0)	17/04/26 11:00:00	A	TOTAL	M	Y15-74	THS_PER	FRE1	2015	1421.1		
ESTAT:LFST_R_LFSD2POP(1.0)	17/04/26 11:00:00	A	TOTAL	M	Y15-74	THS_PER	FRE2	2015	677.4		
ESTAT:LFST_R_LFSD2POP(1.0)	17/04/26 11:00:00	A	TOTAL	M	Y15-74	THS_PER	FRF1	2015	657.7		
ESTAT:LFST_R_LFSD2POP(1.0)	17/04/26 11:00:00	A	TOTAL	M	Y15-74	THS_PER	FRF2	2015	474.4		
ESTAT:LFST_R_LFSD2POP(1.0)	17/04/26 11:00:00	A	TOTAL	M	Y15-74	THS_PER	FRF3	2015	836.7		
ESTAT:LFST_R_LFSD2POP(1.0)	17/04/26 11:00:00	A	TOTAL	M	Y15-74	THS_PER	FRG0	2015	1273.6		
ESTAT:LFST_R_LFSD2POP(1.0)	17/04/26 11:00:00	A	TOTAL	M	Y15-74	THS_PER	FRH0	2015	1134.9		
ESTAT:LFST_R_LFSD2POP(1.0)	17/04/26 11:00:00	A	TOTAL	M	Y15-74	THS_PER	FRI1	2015	1171.3		
ESTAT:LFST_R_LFSD2POP(1.0)	17/04/26 11:00:00	A	TOTAL	M	Y15-74	THS_PER	FRI2	2015	244.1		
ESTAT:LFST_R_LFSD2POP(1.0)	17/04/26 11:00:00	A	TOTAL	M	Y15-74	THS_PER	FRI3	2015	620.9		
ESTAT:LFST_R_LFSD2POP(1.0)	17/04/26 11:00:00	A	TOTAL	M	Y15-74	THS_PER	FRJ1	2015	964.1		
ESTAT:LFST_R_LFSD2POP(1.0)	17/04/26 11:00:00	A	TOTAL	M	Y15-74	THS_PER	FRJ2	2015	1059.5		
ESTAT:LFST_R_LFSD2POP(1.0)	17/04/26 11:00:00	A	TOTAL	M	Y15-74	THS_PER	FRK1	2015	488.3		
ESTAT:LFST_R_LFSD2POP(1.0)	17/04/26 11:00:00	A	TOTAL	M	Y15-74	THS_PER	FRK2	2015	2274.1		
ESTAT:LFST_R_LFSD2POP(1.0)	17/04/26 11:00:00	A	TOTAL	M	Y15-74	THS_PER	FRL0	2015	1701.3		
ESTAT:LFST_R_LFSD2POP(1.0)	17/04/26 11:00:00	A	TOTAL	M	Y15-74	THS_PER	FRM0	2015	131.2	u	
ESTAT:LFST_R_LFSD2POP(1.0)	17/04/26 11:00:00	A	TOTAL	M	Y20-64	THS_PER	FR10	2015	3435.4		
ESTAT:LFST_R_LFSD2POP(1.0)	17/04/26 11:00:00	A	TOTAL	M	Y20-64	THS_PER	FRB0	2015	686.7		
ESTAT:LFST_R_LFSD2POP(1.0)	17/04/26 11:00:00	A	TOTAL	M	Y20-64	THS_PER	FRC1	2015	437.1		
ESTAT:LFST_R_LFSD2POP(1.0)	17/04/26 11:00:00	A	TOTAL	M	Y20-64	THS_PER	FRC2	2015	316.1		
ESTAT:LFST_R_LFSD2POP(1.0)	17/04/26 11:00:00	A	TOTAL	M	Y20-64	THS_PER	FRD1	2015	405.6		
ESTAT:LFST_R_LFSD2POP(1.0)	17/04/26 11:00:00	A	TOTAL	M	Y20-64	THS_PER	FRD2	2015	506.6		
ESTAT:LFST_R_LFSD2POP(1.0)	17/04/26 11:00:00	A	TOTAL	M	Y20-64	THS_PER	FRE1	2015	1123.9		
ESTAT:LFST_R_LFSD2POP(1.0)	17/04/26 11:00:00	A	TOTAL	M	Y20-64	THS_PER	FRE2	2015	534.4		
ESTAT:LFST_R_LFSD2POP(1.0)	17/04/26 11:00:00	A	TOTAL	M	Y20-64	THS_PER	FRF1	2015	528.6		
ESTAT:LFST_R_LFSD2POP(1.0)	17/04/26 11:00:00	A	TOTAL	M	Y20-64	THS_PER	FRF2	2015	380.0		
ESTAT:LFST_R_LFSD2POP(1.0)	17/04/26 11:00:00	A	TOTAL	M	Y20-64	THS_PER	FRF3	2015	658.4		
ESTAT:LFST_R_LFSD2POP(1.0)	17/04/26 11:00:00	A	TOTAL	M	Y20-64	THS_PER	FRG0	2015	1011.0		
ESTAT:LFST_R_LFSD2POP(1.0)	17/04/26 11:00:00	A	TOTAL	M	Y20-64	THS_PER	FRH0	2015	892.1		
ESTAT:LFST_R_LFSD2POP(1.0)	17/04/26 11:00:00	A	TOTAL	M	Y20-64	THS_PER	FRI1	2015	913.6		
ESTAT:LFST_R_LFSD2POP(1.0)	17/04/26 11:00:00	A	TOTAL	M	Y20-64	THS_PER	FRI2	2015	189.1		
ESTAT:LFST_R_LFSD2POP(1.0)	17/04/26 11:00:00	A	TOTAL	M	Y20-64	THS_PER	FRI3	2015	475.1		
ESTAT:LFST_R_LFSD2POP(1.0)	17/04/26 11:00:00	A	TOTAL	M	Y20-64	THS_PER	FRJ1	2015	726.5		
ESTAT:LFST_R_LFSD2POP(1.0)	17/04/26 11:00:00	A	TOTAL	M	Y20-64	THS_PER	FRJ2	2015	827.2		
ESTAT:LFST_R_LFSD2POP(1.0)	17/04/26 11:00:00	A	TOTAL	M	Y20-64	THS_PER	FRK1	2015	371.4		
ESTAT:LFST_R_LFSD2POP(1.0)	17/04/26 11:00:00	A	TOTAL	M	Y20-64	THS_PER	FRK2	2015	1806.9		
ESTAT:LFST_R_LFSD2POP(1.0)	17/04/26 11:00:00	A	TOTAL	M	Y20-64	THS_PER	FRL0	2015	1307.6		
ESTAT:LFST_R_LFSD2POP(1.0)	17/04/26 11:00:00	A	TOTAL	M	Y20-64	THS_PER	FRM0	2015	81.6	u	
ESTAT:LFST_R_LFSD2POP(1.0)	17/04/26 11:00:00	A	TOTAL	M	Y25-34	THS_PER	FR10	2015	834.2		
ESTAT:LFST_R_LFSD2POP(1.0)	17/04/26 11:00:00	A	TOTAL	M	Y25-34	THS_PER	FRB0	2015	123.6		
ESTAT:LFST_R_LFSD2POP(1.0)	17/04/26 11:00:00	A	TOTAL	M	Y25-34	THS_PER	FRC1	2015	71.7		
ESTAT:LFST_R_LFSD2POP(1.0)	17/04/26 11:00:00	A	TOTAL	M	Y25-34	THS_PER	FRC2	2015	61.2		
ESTAT:LFST_R_LFSD2POP(1.0)	17/04/26 11:00:00	A	TOTAL	M	Y25-34	THS_PER	FRD1	2015	76.7		
ESTAT:LFST_R_LFSD2POP(1.0)	17/04/26 11:00:00	A	TOTAL	M	Y25-34	THS_PER	FRD2	2015	113.3		
ESTAT:LFST_R_LFSD2POP(1.0)	17/04/26 11:00:00	A	TOTAL	M	Y25-34	THS_PER	FRE1	2015	261.6		
ESTAT:LFST_R_LFSD2POP(1.0)	17/04/26 11:00:00	A	TOTAL	M	Y25-34	THS_PER	FRE2	2015	113.4		
ESTAT:LFST_R_LFSD2POP(1.0)	17/04/26 11:00:00	A	TOTAL	M	Y25-34	THS_PER	FRF1	2015	104.4		
ESTAT:LFST_R_LFSD2POP(1.0)	17/04/26 11:00:00	A	TOTAL	M	Y25-34	THS_PER	FRF2	2015	91.9		
ESTAT:LFST_R_LFSD2POP(1.0)	17/04/26 11:00:00	A	TOTAL	M	Y25-34	THS_PER	FRF3	2015	141.5		
ESTAT:LFST_R_LFSD2POP(1.0)	17/04/26 11:00:00	A	TOTAL	M	Y25-34	THS_PER	FRG0	2015	212.5		
ESTAT:LFST_R_LFSD2POP(1.0)	17/04/26 11:00:00	A	TOTAL	M	Y25-34	THS_PER	FRH0	2015	174.6		
ESTAT:LFST_R_LFSD2POP(1.0)	17/04/26 11:00:00	A	TOTAL	M	Y25-34	THS_PER	FRI1	2015	178.8		
ESTAT:LFST_R_LFSD2POP(1.0)	17/04/26 11:00:00	A	TOTAL	M	Y25-34	THS_PER	FRI2	2015	39.8		
ESTAT:LFST_R_LFSD2POP(1.0)	17/04/26 11:00:00	A	TOTAL	M	Y25-34	THS_PER	FRI3	2015	97.0		
ESTAT:LFST_R_LFSD2POP(1.0)	17/04/26 11:00:00	A	TOTAL	M	Y25-34	THS_PER	FRJ1	2015	133.6		
ESTAT:LFST_R_LFSD2POP(1.0)	17/04/26 11:00:00	A	TOTAL	M	Y25-34	THS_PER	FRJ2	2015	171.1		
ESTAT:LFST_R_LFSD2POP(1.0)	17/04/26 11:00:00	A	TOTAL	M	Y25-34	THS_PER	FRK1	2015	62.1		
ESTAT:LFST_R_LFSD2POP(1.0)	17/04/26 11:00:00	A	TOTAL	M	Y25-34	THS_PER	FRK2	2015	406.9		
ESTAT:LFST_R_LFSD2POP(1.0)	17/04/26 11:00:00	A	TOTAL	M	Y25-34	THS_PER	FRL0	2015	280.4		
ESTAT:LFST_R_LFSD2POP(1.0)	17/04/26 11:00:00	A	TOTAL	M	Y25-34	THS_PER	FRM0	2015	8.9	u	
ESTAT:LFST_R_LFSD2POP(1.0)	17/04/26 11:00:00	A	TOTAL	M	Y25-64	THS_PER	FR10	2015	3065.4		
ESTAT:LFST_R_LFSD2POP(1.0)	17/04/26 11:00:00	A	TOTAL	M	Y25-64	THS_PER	FRB0	2015	622.8		
ESTAT:LFST_R_LFSD2POP(1.0)	17/04/26 11:00:00	A	TOTAL	M	Y25-64	THS_PER	FRC1	2015	388.1		
ESTAT:LFST_R_LFSD2POP(1.0)	17/04/26 11:00:00	A	TOTAL	M	Y25-64	THS_PER	FRC2	2015	284.9		
ESTAT:LFST_R_LFSD2POP(1.0)	17/04/26 11:00:00	A	TOTAL	M	Y25-64	THS_PER	FRD1	2015	368.4		
ESTAT:LFST_R_LFSD2POP(1.0)	17/04/26 11:00:00	A	TOTAL	M	Y25-64	THS_PER	FRD2	2015	455.0		
ESTAT:LFST_R_LFSD2POP(1.0)	17/04/26 11:00:00	A	TOTAL	M	Y25-64	THS_PER	FRE1	2015	1004.0		
ESTAT:LFST_R_LFSD2POP(1.0)	17/04/26 11:00:00	A	TOTAL	M	Y25-64	THS_PER	FRE2	2015	477.7		
ESTAT:LFST_R_LFSD2POP(1.0)	17/04/26 11:00:00	A	TOTAL	M	Y25-64	THS_PER	FRF1	2015	477.5		
ESTAT:LFST_R_LFSD2POP(1.0)	17/04/26 11:00:00	A	TOTAL	M	Y25-64	THS_PER	FRF2	2015	340.8		
ESTAT:LFST_R_LFSD2POP(1.0)	17/04/26 11:00:00	A	TOTAL	M	Y25-64	THS_PER	FRF3	2015	588.6		
ESTAT:LFST_R_LFSD2POP(1.0)	17/04/26 11:00:00	A	TOTAL	M	Y25-64	THS_PER	FRG0	2015	915.5		
ESTAT:LFST_R_LFSD2POP(1.0)	17/04/26 11:00:00	A	TOTAL	M	Y25-64	THS_PER	FRH0	2015	811.5		
ESTAT:LFST_R_LFSD2POP(1.0)	17/04/26 11:00:00	A	TOTAL	M	Y25-64	THS_PER	FRI1	2015	816.6		
ESTAT:LFST_R_LFSD2POP(1.0)	17/04/26 11:00:00	A	TOTAL	M	Y25-64	THS_PER	FRI2	2015	173.0		
ESTAT:LFST_R_LFSD2POP(1.0)	17/04/26 11:00:00	A	TOTAL	M	Y25-64	THS_PER	FRI3	2015	432.9		
ESTAT:LFST_R_LFSD2POP(1.0)	17/04/26 11:00:00	A	TOTAL	M	Y25-64	THS_PER	FRJ1	2015	657.3		
ESTAT:LFST_R_LFSD2POP(1.0)	17/04/26 11:00:00	A	TOTAL	M	Y25-64	THS_PER	FRJ2	2015	754.8		
ESTAT:LFST_R_LFSD2POP(1.0)	17/04/26 11:00:00	A	TOTAL	M	Y25-64	THS_PER	FRK1	2015	338.3		
ESTAT:LFST_R_LFSD2POP(1.0)	17/04/26 11:00:00	A	TOTAL	M	Y25-64	THS_PER	FRK2	2015	1611.9		
ESTAT:LFST_R_LFSD2POP(1.0)	17/04/26 11:00:00	A	TOTAL	M	Y25-64	THS_PER	FRL0	2015	1191.0		
ESTAT:LFST_R_LFSD2POP(1.0)	17/04/26 11:00:00	A	TOTAL	M	Y25-64	THS_PER	FRM0	2015	78.8	u	
ESTAT:LFST_R_LFSD2POP(1.0)	17/04/26 11:00:00	A	TOTAL	M	Y35-44	THS_PER	FR10	2015	838.3		
ESTAT:LFST_R_LFSD2POP(1.0)	17/04/26 11:00:00	A	TOTAL	M	Y35-44	THS_PER	FRB0	2015	155.1		
ESTAT:LFST_R_LFSD2POP(1.0)	17/04/26 11:00:00	A	TOTAL	M	Y35-44	THS_PER	FRC1	2015	100.0		
ESTAT:LFST_R_LFSD2POP(1.0)	17/04/26 11:00:00	A	TOTAL	M	Y35-44	THS_PER	FRC2	2015	75.7		
ESTAT:LFST_R_LFSD2POP(1.0)	17/04/26 11:00:00	A	TOTAL	M	Y35-44	THS_PER	FRD1	2015	86.4		
ESTAT:LFST_R_LFSD2POP(1.0)	17/04/26 11:00:00	A	TOTAL	M	Y35-44	THS_PER	FRD2	2015	116.1		
ESTAT:LFST_R_LFSD2POP(1.0)	17/04/26 11:00:00	A	TOTAL	M	Y35-44	THS_PER	FRE1	2015	258.9		
ESTAT:LFST_R_LFSD2POP(1.0)	17/04/26 11:00:00	A	TOTAL	M	Y35-44	THS_PER	FRE2	2015	115.1		
ESTAT:LFST_R_LFSD2POP(1.0)	17/04/26 11:00:00	A	TOTAL	M	Y35-44	THS_PER	FRF1	2015	119.9		
ESTAT:LFST_R_LFSD2POP(1.0)	17/04/26 11:00:00	A	TOTAL	M	Y35-44	THS_PER	FRF2	2015	78.1		
ESTAT:LFST_R_LFSD2POP(1.0)	17/04/26 11:00:00	A	TOTAL	M	Y35-44	THS_PER	FRF3	2015	134.1		
ESTAT:LFST_R_LFSD2POP(1.0)	17/04/26 11:00:00	A	TOTAL	M	Y35-44	THS_PER	FRG0	2015	240.7		
ESTAT:LFST_R_LFSD2POP(1.0)	17/04/26 11:00:00	A	TOTAL	M	Y35-44	THS_PER	FRH0	2015	206.7		
ESTAT:LFST_R_LFSD2POP(1.0)	17/04/26 11:00:00	A	TOTAL	M	Y35-44	THS_PER	FRI1	2015	211.1		
ESTAT:LFST_R_LFSD2POP(1.0)	17/04/26 11:00:00	A	TOTAL	M	Y35-44	THS_PER	FRI2	2015	40.2		
ESTAT:LFST_R_LFSD2POP(1.0)	17/04/26 11:00:00	A	TOTAL	M	Y35-44	THS_PER	FRI3	2015	122.3		
ESTAT:LFST_R_LFSD2POP(1.0)	17/04/26 11:00:00	A	TOTAL	M	Y35-44	THS_PER	FRJ1	2015	169.8		
ESTAT:LFST_R_LFSD2POP(1.0)	17/04/26 11:00:00	A	TOTAL	M	Y35-44	THS_PER	FRJ2	2015	175.7		
ESTAT:LFST_R_LFSD2POP(1.0)	17/04/26 11:00:00	A	TOTAL	M	Y35-44	THS_PER	FRK1	2015	91.0		
ESTAT:LFST_R_LFSD2POP(1.0)	17/04/26 11:00:00	A	TOTAL	M	Y35-44	THS_PER	FRK2	2015	415.1		
ESTAT:LFST_R_LFSD2POP(1.0)	17/04/26 11:00:00	A	TOTAL	M	Y35-44	THS_PER	FRL0	2015	281.1		
ESTAT:LFST_R_LFSD2POP(1.0)	17/04/26 11:00:00	A	TOTAL	M	Y35-44	THS_PER	FRM0	2015	19.3	u	
ESTAT:LFST_R_LFSD2POP(1.0)	17/04/26 11:00:00	A	TOTAL	M	Y45-54	THS_PER	FR10	2015	772.6		
ESTAT:LFST_R_LFSD2POP(1.0)	17/04/26 11:00:00	A	TOTAL	M	Y45-54	THS_PER	FRB0	2015	164.6		
ESTAT:LFST_R_LFSD2POP(1.0)	17/04/26 11:00:00	A	TOTAL	M	Y45-54	THS_PER	FRC1	2015	105.6		
ESTAT:LFST_R_LFSD2POP(1.0)	17/04/26 11:00:00	A	TOTAL	M	Y45-54	THS_PER	FRC2	2015	74.8		
ESTAT:LFST_R_LFSD2POP(1.0)	17/04/26 11:00:00	A	TOTAL	M	Y45-54	THS_PER	FRD1	2015	108.4		
ESTAT:LFST_R_LFSD2POP(1.0)	17/04/26 11:00:00	A	TOTAL	M	Y45-54	THS_PER	FRD2	2015	115.4		
ESTAT:LFST_R_LFSD2POP(1.0)	17/04/26 11:00:00	A	TOTAL	M	Y45-54	THS_PER	FRE1	2015	240.0		
ESTAT:LFST_R_LFSD2POP(1.0)	17/04/26 11:00:00	A	TOTAL	M	Y45-54	THS_PER	FRE2	2015	129.0		
ESTAT:LFST_R_LFSD2POP(1.0)	17/04/26 11:00:00	A	TOTAL	M	Y45-54	THS_PER	FRF1	2015	138.0		
ESTAT:LFST_R_LFSD2POP(1.0)	17/04/26 11:00:00	A	TOTAL	M	Y45-54	THS_PER	FRF2	2015	89.5		
ESTAT:LFST_R_LFSD2POP(1.0)	17/04/26 11:00:00	A	TOTAL	M	Y45-54	THS_PER	FRF3	2015	169.6		
ESTAT:LFST_R_LFSD2POP(1.0)	17/04/26 11:00:00	A	TOTAL	M	Y45-54	THS_PER	FRG0	2015	241.2		
ESTAT:LFST_R_LFSD2POP(1.0)	17/04/26 11:00:00	A	TOTAL	M	Y45-54	THS_PER	FRH0	2015	223.8		
ESTAT:LFST_R_LFSD2POP(1.0)	17/04/26 11:00:00	A	TOTAL	M	Y45-54	THS_PER	FRI1	2015	232.0		
ESTAT:LFST_R_LFSD2POP(1.0)	17/04/26 11:00:00	A	TOTAL	M	Y45-54	THS_PER	FRI2	2015	46.1		
ESTAT:LFST_R_LFSD2POP(1.0)	17/04/26 11:00:00	A	TOTAL	M	Y45-54	THS_PER	FRI3	2015	108.8		
ESTAT:LFST_R_LFSD2POP(1.0)	17/04/26 11:00:00	A	TOTAL	M	Y45-54	THS_PER	FRJ1	2015	170.8		
ESTAT:LFST_R_LFSD2POP(1.0)	17/04/26 11:00:00	A	TOTAL	M	Y45-54	THS_PER	FRJ2	2015	209.0		
ESTAT:LFST_R_LFSD2POP(1.0)	17/04/26 11:00:00	A	TOTAL	M	Y45-54	THS_PER	FRK1	2015	98.3		
ESTAT:LFST_R_LFSD2POP(1.0)	17/04/26 11:00:00	A	TOTAL	M	Y45-54	THS_PER	FRK2	2015	430.9		
ESTAT:LFST_R_LFSD2POP(1.0)	17/04/26 11:00:00	A	TOTAL	M	Y45-54	THS_PER	FRL0	2015	321.6		
ESTAT:LFST_R_LFSD2POP(1.0)	17/04/26 11:00:00	A	TOTAL	M	Y45-54	THS_PER	FRM0	2015	15.9	u	
ESTAT:LFST_R_LFSD2POP(1.0)	17/04/26 11:00:00	A	TOTAL	M	Y55-64	THS_PER	FR10	2015	620.3		
ESTAT:LFST_R_LFSD2POP(1.0)	17/04/26 11:00:00	A	TOTAL	M	Y55-64	THS_PER	FRB0	2015	179.6		
ESTAT:LFST_R_LFSD2POP(1.0)	17/04/26 11:00:00	A	TOTAL	M	Y55-64	THS_PER	FRC1	2015	110.7		
ESTAT:LFST_R_LFSD2POP(1.0)	17/04/26 11:00:00	A	TOTAL	M	Y55-64	THS_PER	FRC2	2015	73.2		
ESTAT:LFST_R_LFSD2POP(1.0)	17/04/26 11:00:00	A	TOTAL	M	Y55-64	THS_PER	FRD1	2015	97.0		
ESTAT:LFST_R_LFSD2POP(1.0)	17/04/26 11:00:00	A	TOTAL	M	Y55-64	THS_PER	FRD2	2015	110.2		
ESTAT:LFST_R_LFSD2POP(1.0)	17/04/26 11:00:00	A	TOTAL	M	Y55-64	THS_PER	FRE1	2015	243.5		
ESTAT:LFST_R_LFSD2POP(1.0)	17/04/26 11:00:00	A	TOTAL	M	Y55-64	THS_PER	FRE2	2015	120.2		
ESTAT:LFST_R_LFSD2POP(1.0)	17/04/26 11:00:00	A	TOTAL	M	Y55-64	THS_PER	FRF1	2015	115.2		
ESTAT:LFST_R_LFSD2POP(1.0)	17/04/26 11:00:00	A	TOTAL	M	Y55-64	THS_PER	FRF2	2015	81.2		
ESTAT:LFST_R_LFSD2POP(1.0)	17/04/26 11:00:00	A	TOTAL	M	Y55-64	THS_PER	FRF3	2015	143.4		
ESTAT:LFST_R_LFSD2POP(1.0)	17/04/26 11:00:00	A	TOTAL	M	Y55-64	THS_PER	FRG0	2015	221.1		
ESTAT:LFST_R_LFSD2POP(1.0)	17/04/26 11:00:00	A	TOTAL	M	Y55-64	THS_PER	FRH0	2015	206.3		
ESTAT:LFST_R_LFSD2POP(1.0)	17/04/26 11:00:00	A	TOTAL	M	Y55-64	THS_PER	FRI1	2015	194.8		
ESTAT:LFST_R_LFSD2POP(1.0)	17/04/26 11:00:00	A	TOTAL	M	Y55-64	THS_PER	FRI2	2015	46.8		
ESTAT:LFST_R_LFSD2POP(1.0)	17/04/26 11:00:00	A	TOTAL	M	Y55-64	THS_PER	FRI3	2015	104.8		
ESTAT:LFST_R_LFSD2POP(1.0)	17/04/26 11:00:00	A	TOTAL	M	Y55-64	THS_PER	FRJ1	2015	183.0		
ESTAT:LFST_R_LFSD2POP(1.0)	17/04/26 11:00:00	A	TOTAL	M	Y55-64	THS_PER	FRJ2	2015	199.1		
ESTAT:LFST_R_LFSD2POP(1.0)	17/04/26 11:00:00	A	TOTAL	M	Y55-64	THS_PER	FRK1	2015	86.9		
ESTAT:LFST_R_LFSD2POP(1.0)	17/04/26 11:00:00	A	TOTAL	M	Y55-64	THS_PER	FRK2	2015	359.0		
ESTAT:LFST_R_LFSD2POP(1.0)	17/04/26 11:00:00	A	TOTAL	M	Y55-64	THS_PER	FRL0	2015	307.8		
ESTAT:LFST_R_LFSD2POP(1.0)	17/04/26 11:00:00	A	TOTAL	M	Y55-64	THS_PER	FRM0	2015	34.7	u	
ESTAT:LFST_R_LFSD2POP(1.0)	17/04/26 11:00:00	A	TOTAL	M	Y_GE15	THS_PER	FR10	2015	4498.0		
ESTAT:LFST_R_LFSD2POP(1.0)	17/04/26 11:00:00	A	TOTAL	M	Y_GE15	THS_PER	FRB0	2015	995.4		
ESTAT:LFST_R_LFSD2POP(1.0)	17/04/26 11:00:00	A	TOTAL	M	Y_GE15	THS_PER	FRC1	2015	629.9		
ESTAT:LFST_R_LFSD2POP(1.0)	17/04/26 11:00:00	A	TOTAL	M	Y_GE15	THS_PER	FRC2	2015	449.8		
ESTAT:LFST_R_LFSD2POP(1.0)	17/04/26 11:00:00	A	TOTAL	M	Y_GE15	THS_PER	FRD1	2015	574.1		
ESTAT:LFST_R_LFSD2POP(1.0)	17/04/26 11:00:00	A	TOTAL	M	Y_GE15	THS_PER	FRD2	2015	685.5		
ESTAT:LFST_R_LFSD2POP(1.0)	17/04/26 11:00:00	A	TOTAL	M	Y_GE15	THS_PER	FRE1	2015	1515.4		
ESTAT:LFST_R_LFSD2POP(1.0)	17/04/26 11:00:00	A	TOTAL	M	Y_GE15	THS_PER	FRE2	2015	737.0		
ESTAT:LFST_R_LFSD2POP(1.0)	17/04/26 11:00:00	A	TOTAL	M	Y_GE15	THS_PER	FRF1	2015	718.5		
ESTAT:LFST_R_LFSD2POP(1.0)	17/04/26 11:00:00	A	TOTAL	M	Y_GE15	THS_PER	FRF2	2015	515.5		
ESTAT:LFST_R_LFSD2POP(1.0)	17/04/26 11:00:00	A	TOTAL	M	Y_GE15	THS_PER	FRF3	2015	912.9		
ESTAT:LFST_R_LFSD2POP(1.0)	17/04/26 11:00:00	A	TOTAL	M	Y_GE15	THS_PER	FRG0	2015	1404.6		
ESTAT:LFST_R_LFSD2POP(1.0)	17/04/26 11:00:00	A	TOTAL	M	Y_GE15	THS_PER	FRH0	2015	1262.5		
ESTAT:LFST_R_LFSD2POP(1.0)	17/04/26 11:00:00	A	TOTAL	M	Y_GE15	THS_PER	FRI1	2015	1293.7		
ESTAT:LFST_R_LFSD2POP(1.0)	17/04/26 11:00:00	A	TOTAL	M	Y_GE15	THS_PER	FRI2	2015	278.6		
ESTAT:LFST_R_LFSD2POP(1.0)	17/04/26 11:00:00	A	TOTAL	M	Y_GE15	THS_PER	FRI3	2015	701.6		
ESTAT:LFST_R_LFSD2POP(1.0)	17/04/26 11:00:00	A	TOTAL	M	Y_GE15	THS_PER	FRJ1	2015	1081.1		
ESTAT:LFST_R_LFSD2POP(1.0)	17/04/26 11:00:00	A	TOTAL	M	Y_GE15	THS_PER	FRJ2	2015	1177.1		
ESTAT:LFST_R_LFSD2POP(1.0)	17/04/26 11:00:00	A	TOTAL	M	Y_GE15	THS_PER	FRK1	2015	540.6		
ESTAT:LFST_R_LFSD2POP(1.0)	17/04/26 11:00:00	A	TOTAL	M	Y_GE15	THS_PER	FRK2	2015	2477.3		
ESTAT:LFST_R_LFSD2POP(1.0)	17/04/26 11:00:00	A	TOTAL	M	Y_GE15	THS_PER	FRL0	2015	1901.2		
ESTAT:LFST_R_LFSD2POP(1.0)	17/04/26 11:00:00	A	TOTAL	M	Y_GE15	THS_PER	FRM0	2015	149.9	u	
ESTAT:LFST_R_LFSD2POP(1.0)	17/04/26 11:00:00	A	TOTAL	M	Y_GE25	THS_PER	FR10	2015	3764.5		
ESTAT:LFST_R_LFSD2POP(1.0)	17/04/26 11:00:00	A	TOTAL	M	Y_GE25	THS_PER	FRB0	2015	847.9		
ESTAT:LFST_R_LFSD2POP(1.0)	17/04/26 11:00:00	A	TOTAL	M	Y_GE25	THS_PER	FRC1	2015	533.1		
ESTAT:LFST_R_LFSD2POP(1.0)	17/04/26 11:00:00	A	TOTAL	M	Y_GE25	THS_PER	FRC2	2015	381.8		
ESTAT:LFST_R_LFSD2POP(1.0)	17/04/26 11:00:00	A	TOTAL	M	Y_GE25	THS_PER	FRD1	2015	495.5		
ESTAT:LFST_R_LFSD2POP(1.0)	17/04/26 11:00:00	A	TOTAL	M	Y_GE25	THS_PER	FRD2	2015	583.2		
ESTAT:LFST_R_LFSD2POP(1.0)	17/04/26 11:00:00	A	TOTAL	M	Y_GE25	THS_PER	FRE1	2015	1261.2		
ESTAT:LFST_R_LFSD2POP(1.0)	17/04/26 11:00:00	A	TOTAL	M	Y_GE25	THS_PER	FRE2	2015	618.8		
ESTAT:LFST_R_LFSD2POP(1.0)	17/04/26 11:00:00	A	TOTAL	M	Y_GE25	THS_PER	FRF1	2015	615.4		
ESTAT:LFST_R_LFSD2POP(1.0)	17/04/26 11:00:00	A	TOTAL	M	Y_GE25	THS_PER	FRF2	2015	438.6		
ESTAT:LFST_R_LFSD2POP(1.0)	17/04/26 11:00:00	A	TOTAL	M	Y_GE25	THS_PER	FRF3	2015	773.4		
ESTAT:LFST_R_LFSD2POP(1.0)	17/04/26 11:00:00	A	TOTAL	M	Y_GE25	THS_PER	FRG0	2015	1204.7		
ESTAT:LFST_R_LFSD2POP(1.0)	17/04/26 11:00:00	A	TOTAL	M	Y_GE25	THS_PER	FRH0	2015	1080.2		
ESTAT:LFST_R_LFSD2POP(1.0)	17/04/26 11:00:00	A	TOTAL	M	Y_GE25	THS_PER	FRI1	2015	1106.9		
ESTAT:LFST_R_LFSD2POP(1.0)	17/04/26 11:00:00	A	TOTAL	M	Y_GE25	THS_PER	FRI2	2015	242.8		
ESTAT:LFST_R_LFSD2POP(1.0)	17/04/26 11:00:00	A	TOTAL	M	Y_GE25	THS_PER	FRI3	2015	609.4		
ESTAT:LFST_R_LFSD2POP(1.0)	17/04/26 11:00:00	A	TOTAL	M	Y_GE25	THS_PER	FRJ1	2015	934.5		
ESTAT:LFST_R_LFSD2POP(1.0)	17/04/26 11:00:00	A	TOTAL	M	Y_GE25	THS_PER	FRJ2	2015	1015.2		
ESTAT:LFST_R_LFSD2POP(1.0)	17/04/26 11:00:00	A	TOTAL	M	Y_GE25	THS_PER	FRK1	2015	467.3		
ESTAT:LFST_R_LFSD2POP(1.0)	17/04/26 11:00:00	A	TOTAL	M	Y_GE25	THS_PER	FRK2	2015	2090.7		
ESTAT:LFST_R_LFSD2POP(1.0)	17/04/26 11:00:00	A	TOTAL	M	Y_GE25	THS_PER	FRL0	2015	1637.8		
ESTAT:LFST_R_LFSD2POP(1.0)	17/04/26 11:00:00	A	TOTAL	M	Y_GE25	THS_PER	FRM0	2015	132.4	u	
ESTAT:LFST_R_LFSD2POP(1.0)	17/04/26 11:00:00	A	TOTAL	M	Y_GE65	THS_PER	FR10	2015	699.1		
ESTAT:LFST_R_LFSD2POP(1.0)	17/04/26 11:00:00	A	TOTAL	M	Y_GE65	THS_PER	FRB0	2015	225.1		
ESTAT:LFST_R_LFSD2POP(1.0)	17/04/26 11:00:00	A	TOTAL	M	Y_GE65	THS_PER	FRC1	2015	145.0		
ESTAT:LFST_R_LFSD2POP(1.0)	17/04/26 11:00:00	A	TOTAL	M	Y_GE65	THS_PER	FRC2	2015	96.9		
ESTAT:LFST_R_LFSD2POP(1.0)	17/04/26 11:00:00	A	TOTAL	M	Y_GE65	THS_PER	FRD1	2015	127.1		
ESTAT:LFST_R_LFSD2POP(1.0)	17/04/26 11:00:00	A	TOTAL	M	Y_GE65	THS_PER	FRD2	2015	128.2		
ESTAT:LFST_R_LFSD2POP(1.0)	17/04/26 11:00:00	A	TOTAL	M	Y_GE65	THS_PER	FRE1	2015	257.2		
ESTAT:LFST_R_LFSD2POP(1.0)	17/04/26 11:00:00	A	TOTAL	M	Y_GE65	THS_PER	FRE2	2015	141.1		
ESTAT:LFST_R_LFSD2POP(1.0)	17/04/26 11:00:00	A	TOTAL	M	Y_GE65	THS_PER	FRF1	2015	137.9		
ESTAT:LFST_R_LFSD2POP(1.0)	17/04/26 11:00:00	A	TOTAL	M	Y_GE65	THS_PER	FRF2	2015	97.8		
ESTAT:LFST_R_LFSD2POP(1.0)	17/04/26 11:00:00	A	TOTAL	M	Y_GE65	THS_PER	FRF3	2015	184.7		
ESTAT:LFST_R_LFSD2POP(1.0)	17/04/26 11:00:00	A	TOTAL	M	Y_GE65	THS_PER	FRG0	2015	289.2		
ESTAT:LFST_R_LFSD2POP(1.0)	17/04/26 11:00:00	A	TOTAL	M	Y_GE65	THS_PER	FRH0	2015	268.7		
ESTAT:LFST_R_LFSD2POP(1.0)	17/04/26 11:00:00	A	TOTAL	M	Y_GE65	THS_PER	FRI1	2015	290.2		
ESTAT:LFST_R_LFSD2POP(1.0)	17/04/26 11:00:00	A	TOTAL	M	Y_GE65	THS_PER	FRI2	2015	69.8		
ESTAT:LFST_R_LFSD2POP(1.0)	17/04/26 11:00:00	A	TOTAL	M	Y_GE65	THS_PER	FRI3	2015	176.5		
ESTAT:LFST_R_LFSD2POP(1.0)	17/04/26 11:00:00	A	TOTAL	M	Y_GE65	THS_PER	FRJ1	2015	277.2		
ESTAT:LFST_R_LFSD2POP(1.0)	17/04/26 11:00:00	A	TOTAL	M	Y_GE65	THS_PER	FRJ2	2015	260.3		
ESTAT:LFST_R_LFSD2POP(1.0)	17/04/26 11:00:00	A	TOTAL	M	Y_GE65	THS_PER	FRK1	2015	129.0		
ESTAT:LFST_R_LFSD2POP(1.0)	17/04/26 11:00:00	A	TOTAL	M	Y_GE65	THS_PER	FRK2	2015	478.8		
ESTAT:LFST_R_LFSD2POP(1.0)	17/04/26 11:00:00	A	TOTAL	M	Y_GE65	THS_PER	FRL0	2015	446.8		
ESTAT:LFST_R_LFSD2POP(1.0)	17/04/26 11:00:00	A	TOTAL	M	Y_GE65	THS_PER	FRM0	2015	53.6	u	
ESTAT:LFST_R_LFSD2POP(1.0)	17/04/26 11:00:00	A	TOTAL	T	Y15-24	THS_PER	FR10	2015	1487.8		
ESTAT:LFST_R_LFSD2POP(1.0)	17/04/26 11:00:00	A	TOTAL	T	Y15-24	THS_PER	FRB0	2015	281.4		
ESTAT:LFST_R_LFSD2POP(1.0)	17/04/26 11:00:00	A	TOTAL	T	Y15-24	THS_PER	FRC1	2015	191.9		
ESTAT:LFST_R_LFSD2POP(1.0)	17/04/26 11:00:00	A	TOTAL	T	Y15-24	THS_PER	FRC2	2015	132.8		
ESTAT:LFST_R_LFSD2POP(1.0)	17/04/26 11:00:00	A	TOTAL	T	Y15-24	THS_PER	FRD1	2015	162.4		
ESTAT:LFST_R_LFSD2POP(1.0)	17/04/26 11:00:00	A	TOTAL	T	Y15-24	THS_PER	FRD2	2015	215.0		
ESTAT:LFST_R_LFSD2POP(1.0)	17/04/26 11:00:00	A	TOTAL	T	Y15-24	THS_PER	FRE1	2015	500.8		
ESTAT:LFST_R_LFSD2POP(1.0)	17/04/26 11:00:00	A	TOTAL	T	Y15-24	THS_PER	FRE2	2015	233.2		
ESTAT:LFST_R_LFSD2POP(1.0)	17/04/26 11:00:00	A	TOTAL	T	Y15-24	THS_PER	FRF1	2015	216.6		
ESTAT:LFST_R_LFSD2POP(1.0)	17/04/26 11:00:00	A	TOTAL	T	Y15-24	THS_PER	FRF2	2015	155.2		
ESTAT:LFST_R_LFSD2POP(1.0)	17/04/26 11:00:00	A	TOTAL	T	Y15-24	THS_PER	FRF3	2015	280.8		
ESTAT:LFST_R_LFSD2POP(1.0)	17/04/26 11:00:00	A	TOTAL	T	Y15-24	THS_PER	FRG0	2015	391.6		
ESTAT:LFST_R_LFSD2POP(1.0)	17/04/26 11:00:00	A	TOTAL	T	Y15-24	THS_PER	FRH0	2015	353.7		
ESTAT:LFST_R_LFSD2POP(1.0)	17/04/26 11:00:00	A	TOTAL	T	Y15-24	THS_PER	FRI1	2015	363.3		
ESTAT:LFST_R_LFSD2POP(1.0)	17/04/26 11:00:00	A	TOTAL	T	Y15-24	THS_PER	FRI2	2015	72.7		
ESTAT:LFST_R_LFSD2POP(1.0)	17/04/26 11:00:00	A	TOTAL	T	Y15-24	THS_PER	FRI3	2015	178.2		
ESTAT:LFST_R_LFSD2POP(1.0)	17/04/26 11:00:00	A	TOTAL	T	Y15-24	THS_PER	FRJ1	2015	287.4		
ESTAT:LFST_R_LFSD2POP(1.0)	17/04/26 11:00:00	A	TOTAL	T	Y15-24	THS_PER	FRJ2	2015	319.3		
ESTAT:LFST_R_LFSD2POP(1.0)	17/04/26 11:00:00	A	TOTAL	T	Y15-24	THS_PER	FRK1	2015	138.8		
ESTAT:LFST_R_LFSD2POP(1.0)	17/04/26 11:00:00	A	TOTAL	T	Y15-24	THS_PER	FRK2	2015	763.1		
ESTAT:LFST_R_LFSD2POP(1.0)	17/04/26 11:00:00	A	TOTAL	T	Y15-24	THS_PER	FRL0	2015	516.8		
ESTAT:LFST_R_LFSD2POP(1.0)	17/04/26 11:00:00	A	TOTAL	T	Y15-24	THS_PER	FRM0	2015	33.6	u	
ESTAT:LFST_R_LFSD2POP(1.0)	17/04/26 11:00:00	A	TOTAL	T	Y15-64	THS_PER	FR10	2015	7857.1		
ESTAT:LFST_R_LFSD2POP(1.0)	17/04/26 11:00:00	A	TOTAL	T	Y15-64	THS_PER	FRB0	2015	1551.2		
ESTAT:LFST_R_LFSD2POP(1.0)	17/04/26 11:00:00	A	TOTAL	T	Y15-64	THS_PER	FRC1	2015	989.7		
ESTAT:LFST_R_LFSD2POP(1.0)	17/04/26 11:00:00	A	TOTAL	T	Y15-64	THS_PER	FRC2	2015	722.3		
ESTAT:LFST_R_LFSD2POP(1.0)	17/04/26 11:00:00	A	TOTAL	T	Y15-64	THS_PER	FRD1	2015	898.6		
ESTAT:LFST_R_LFSD2POP(1.0)	17/04/26 11:00:00	A	TOTAL	T	Y15-64	THS_PER	FRD2	2015	1147.5		
ESTAT:LFST_R_LFSD2POP(1.0)	17/04/26 11:00:00	A	TOTAL	T	Y15-64	THS_PER	FRE1	2015	2558.8		
ESTAT:LFST_R_LFSD2POP(1.0)	17/04/26 11:00:00	A	TOTAL	T	Y15-64	THS_PER	FRE2	2015	1198.9		
ESTAT:LFST_R_LFSD2POP(1.0)	17/04/26 11:00:00	A	TOTAL	T	Y15-64	THS_PER	FRF1	2015	1203.1		
ESTAT:LFST_R_LFSD2POP(1.0)	17/04/26 11:00:00	A	TOTAL	T	Y15-64	THS_PER	FRF2	2015	830.1		
ESTAT:LFST_R_LFSD2POP(1.0)	17/04/26 11:00:00	A	TOTAL	T	Y15-64	THS_PER	FRF3	2015	1472.1		
ESTAT:LFST_R_LFSD2POP(1.0)	17/04/26 11:00:00	A	TOTAL	T	Y15-64	THS_PER	FRG0	2015	2248.6		
ESTAT:LFST_R_LFSD2POP(1.0)	17/04/26 11:00:00	A	TOTAL	T	Y15-64	THS_PER	FRH0	2015	1987.1		
ESTAT:LFST_R_LFSD2POP(1.0)	17/04/26 11:00:00	A	TOTAL	T	Y15-64	THS_PER	FRI1	2015	2055.4		
ESTAT:LFST_R_LFSD2POP(1.0)	17/04/26 11:00:00	A	TOTAL	T	Y15-64	THS_PER	FRI2	2015	430.6		
ESTAT:LFST_R_LFSD2POP(1.0)	17/04/26 11:00:00	A	TOTAL	T	Y15-64	THS_PER	FRI3	2015	1054.8		
ESTAT:LFST_R_LFSD2POP(1.0)	17/04/26 11:00:00	A	TOTAL	T	Y15-64	THS_PER	FRJ1	2015	1655.8		
ESTAT:LFST_R_LFSD2POP(1.0)	17/04/26 11:00:00	A	TOTAL	T	Y15-64	THS_PER	FRJ2	2015	1848.7		
ESTAT:LFST_R_LFSD2POP(1.0)	17/04/26 11:00:00	A	TOTAL	T	Y15-64	THS_PER	FRK1	2015	810.9		
ESTAT:LFST_R_LFSD2POP(1.0)	17/04/26 11:00:00	A	TOTAL	T	Y15-64	THS_PER	FRK2	2015	4053.3		
ESTAT:LFST_R_LFSD2POP(1.0)	17/04/26 11:00:00	A	TOTAL	T	Y15-64	THS_PER	FRL0	2015	3009.1		
ESTAT:LFST_R_LFSD2POP(1.0)	17/04/26 11:00:00	A	TOTAL	T	Y15-64	THS_PER	FRM0	2015	188.4	u	
ESTAT:LFST_R_LFSD2POP(1.0)	17/04/26 11:00:00	A	TOTAL	T	Y15-74	THS_PER	FR10	2015	8751.8		
ESTAT:LFST_R_LFSD2POP(1.0)	17/04/26 11:00:00	A	TOTAL	T	Y15-74	THS_PER	FRB0	2015	1833.3		
ESTAT:LFST_R_LFSD2POP(1.0)	17/04/26 11:00:00	A	TOTAL	T	Y15-74	THS_PER	FRC1	2015	1161.8		
ESTAT:LFST_R_LFSD2POP(1.0)	17/04/26 11:00:00	A	TOTAL	T	Y15-74	THS_PER	FRC2	2015	837.2		
ESTAT:LFST_R_LFSD2POP(1.0)	17/04/26 11:00:00	A	TOTAL	T	Y15-74	THS_PER	FRD1	2015	1043.2		
ESTAT:LFST_R_LFSD2POP(1.0)	17/04/26 11:00:00	A	TOTAL	T	Y15-74	THS_PER	FRD2	2015	1316.8		
ESTAT:LFST_R_LFSD2POP(1.0)	17/04/26 11:00:00	A	TOTAL	T	Y15-74	THS_PER	FRE1	2015	2906.0		
ESTAT:LFST_R_LFSD2POP(1.0)	17/04/26 11:00:00	A	TOTAL	T	Y15-74	THS_PER	FRE2	2015	1370.0		
ESTAT:LFST_R_LFSD2POP(1.0)	17/04/26 11:00:00	A	TOTAL	T	Y15-74	THS_PER	FRF1	2015	1363.5		
ESTAT:LFST_R_LFSD2POP(1.0)	17/04/26 11:00:00	A	TOTAL	T	Y15-74	THS_PER	FRF2	2015	951.5		
ESTAT:LFST_R_LFSD2POP(1.0)	17/04/26 11:00:00	A	TOTAL	T	Y15-74	THS_PER	FRF3	2015	1690.5		
ESTAT:LFST_R_LFSD2POP(1.0)	17/04/26 11:00:00	A	TOTAL	T	Y15-74	THS_PER	FRG0	2015	2588.9		
ESTAT:LFST_R_LFSD2POP(1.0)	17/04/26 11:00:00	A	TOTAL	T	Y15-74	THS_PER	FRH0	2015	2295.6		
ESTAT:LFST_R_LFSD2POP(1.0)	17/04/26 11:00:00	A	TOTAL	T	Y15-74	THS_PER	FRI1	2015	2426.5		
ESTAT:LFST_R_LFSD2POP(1.0)	17/04/26 11:00:00	A	TOTAL	T	Y15-74	THS_PER	FRI2	2015	507.0		
ESTAT:LFST_R_LFSD2POP(1.0)	17/04/26 11:00:00	A	TOTAL	T	Y15-74	THS_PER	FRI3	2015	1259.6		
ESTAT:LFST_R_LFSD2POP(1.0)	17/04/26 11:00:00	A	TOTAL	T	Y15-74	THS_PER	FRJ1	2015	1988.2		
ESTAT:LFST_R_LFSD2POP(1.0)	17/04/26 11:00:00	A	TOTAL	T	Y15-74	THS_PER	FRJ2	2015	2149.4		
ESTAT:LFST_R_LFSD2POP(1.0)	17/04/26 11:00:00	A	TOTAL	T	Y15-74	THS_PER	FRK1	2015	966.8		
ESTAT:LFST_R_LFSD2POP(1.0)	17/04/26 11:00:00	A	TOTAL	T	Y15-74	THS_PER	FRK2	2015	4642.4		
ESTAT:LFST_R_LFSD2POP(1.0)	17/04/26 11:00:00	A	TOTAL	T	Y15-74	THS_PER	FRL0	2015	3547.6		
ESTAT:LFST_R_LFSD2POP(1.0)	17/04/26 11:00:00	A	TOTAL	T	Y15-74	THS_PER	FRM0	2015	250.9	u	
ESTAT:LFST_R_LFSD2POP(1.0)	17/04/26 11:00:00	A	TOTAL	T	Y20-64	THS_PER	FR10	2015	7136.6		
ESTAT:LFST_R_LFSD2POP(1.0)	17/04/26 11:00:00	A	TOTAL	T	Y20-64	THS_PER	FRB0	2015	1398.3		
ESTAT:LFST_R_LFSD2POP(1.0)	17/04/26 11:00:00	A	TOTAL	T	Y20-64	THS_PER	FRC1	2015	885.6		
ESTAT:LFST_R_LFSD2POP(1.0)	17/04/26 11:00:00	A	TOTAL	T	Y20-64	THS_PER	FRC2	2015	653.9		
ESTAT:LFST_R_LFSD2POP(1.0)	17/04/26 11:00:00	A	TOTAL	T	Y20-64	THS_PER	FRD1	2015	810.0		
ESTAT:LFST_R_LFSD2POP(1.0)	17/04/26 11:00:00	A	TOTAL	T	Y20-64	THS_PER	FRD2	2015	1036.7		
ESTAT:LFST_R_LFSD2POP(1.0)	17/04/26 11:00:00	A	TOTAL	T	Y20-64	THS_PER	FRE1	2015	2304.5		
ESTAT:LFST_R_LFSD2POP(1.0)	17/04/26 11:00:00	A	TOTAL	T	Y20-64	THS_PER	FRE2	2015	1083.8		
ESTAT:LFST_R_LFSD2POP(1.0)	17/04/26 11:00:00	A	TOTAL	T	Y20-64	THS_PER	FRF1	2015	1090.9		
ESTAT:LFST_R_LFSD2POP(1.0)	17/04/26 11:00:00	A	TOTAL	T	Y20-64	THS_PER	FRF2	2015	759.1		
ESTAT:LFST_R_LFSD2POP(1.0)	17/04/26 11:00:00	A	TOTAL	T	Y20-64	THS_PER	FRF3	2015	1331.0		
ESTAT:LFST_R_LFSD2POP(1.0)	17/04/26 11:00:00	A	TOTAL	T	Y20-64	THS_PER	FRG0	2015	2041.0		
ESTAT:LFST_R_LFSD2POP(1.0)	17/04/26 11:00:00	A	TOTAL	T	Y20-64	THS_PER	FRH0	2015	1794.9		
ESTAT:LFST_R_LFSD2POP(1.0)	17/04/26 11:00:00	A	TOTAL	T	Y20-64	THS_PER	FRI1	2015	1874.0		
ESTAT:LFST_R_LFSD2POP(1.0)	17/04/26 11:00:00	A	TOTAL	T	Y20-64	THS_PER	FRI2	2015	395.2		
ESTAT:LFST_R_LFSD2POP(1.0)	17/04/26 11:00:00	A	TOTAL	T	Y20-64	THS_PER	FRI3	2015	969.8		
ESTAT:LFST_R_LFSD2POP(1.0)	17/04/26 11:00:00	A	TOTAL	T	Y20-64	THS_PER	FRJ1	2015	1506.8		
ESTAT:LFST_R_LFSD2POP(1.0)	17/04/26 11:00:00	A	TOTAL	T	Y20-64	THS_PER	FRJ2	2015	1673.8		
ESTAT:LFST_R_LFSD2POP(1.0)	17/04/26 11:00:00	A	TOTAL	T	Y20-64	THS_PER	FRK1	2015	728.8		
ESTAT:LFST_R_LFSD2POP(1.0)	17/04/26 11:00:00	A	TOTAL	T	Y20-64	THS_PER	FRK2	2015	3664.4		
ESTAT:LFST_R_LFSD2POP(1.0)	17/04/26 11:00:00	A	TOTAL	T	Y20-64	THS_PER	FRL0	2015	2731.9		
ESTAT:LFST_R_LFSD2POP(1.0)	17/04/26 11:00:00	A	TOTAL	T	Y20-64	THS_PER	FRM0	2015	159.3	u	
ESTAT:LFST_R_LFSD2POP(1.0)	17/04/26 11:00:00	A	TOTAL	T	Y25-34	THS_PER	FR10	2015	1748.8		
ESTAT:LFST_R_LFSD2POP(1.0)	17/04/26 11:00:00	A	TOTAL	T	Y25-34	THS_PER	FRB0	2015	259.3		
ESTAT:LFST_R_LFSD2POP(1.0)	17/04/26 11:00:00	A	TOTAL	T	Y25-34	THS_PER	FRC1	2015	151.3		
ESTAT:LFST_R_LFSD2POP(1.0)	17/04/26 11:00:00	A	TOTAL	T	Y25-34	THS_PER	FRC2	2015	132.5		
ESTAT:LFST_R_LFSD2POP(1.0)	17/04/26 11:00:00	A	TOTAL	T	Y25-34	THS_PER	FRD1	2015	152.2		
ESTAT:LFST_R_LFSD2POP(1.0)	17/04/26 11:00:00	A	TOTAL	T	Y25-34	THS_PER	FRD2	2015	230.8		
ESTAT:LFST_R_LFSD2POP(1.0)	17/04/26 11:00:00	A	TOTAL	T	Y25-34	THS_PER	FRE1	2015	526.8		
ESTAT:LFST_R_LFSD2POP(1.0)	17/04/26 11:00:00	A	TOTAL	T	Y25-34	THS_PER	FRE2	2015	221.8		
ESTAT:LFST_R_LFSD2POP(1.0)	17/04/26 11:00:00	A	TOTAL	T	Y25-34	THS_PER	FRF1	2015	225.8		
ESTAT:LFST_R_LFSD2POP(1.0)	17/04/26 11:00:00	A	TOTAL	T	Y25-34	THS_PER	FRF2	2015	177.9		
ESTAT:LFST_R_LFSD2POP(1.0)	17/04/26 11:00:00	A	TOTAL	T	Y25-34	THS_PER	FRF3	2015	276.0		
ESTAT:LFST_R_LFSD2POP(1.0)	17/04/26 11:00:00	A	TOTAL	T	Y25-34	THS_PER	FRG0	2015	441.6		
ESTAT:LFST_R_LFSD2POP(1.0)	17/04/26 11:00:00	A	TOTAL	T	Y25-34	THS_PER	FRH0	2015	347.9		
ESTAT:LFST_R_LFSD2POP(1.0)	17/04/26 11:00:00	A	TOTAL	T	Y25-34	THS_PER	FRI1	2015	370.6		
ESTAT:LFST_R_LFSD2POP(1.0)	17/04/26 11:00:00	A	TOTAL	T	Y25-34	THS_PER	FRI2	2015	79.5		
ESTAT:LFST_R_LFSD2POP(1.0)	17/04/26 11:00:00	A	TOTAL	T	Y25-34	THS_PER	FRI3	2015	201.3		
ESTAT:LFST_R_LFSD2POP(1.0)	17/04/26 11:00:00	A	TOTAL	T	Y25-34	THS_PER	FRJ1	2015	279.5		
ESTAT:LFST_R_LFSD2POP(1.0)	17/04/26 11:00:00	A	TOTAL	T	Y25-34	THS_PER	FRJ2	2015	343.2		
ESTAT:LFST_R_LFSD2POP(1.0)	17/04/26 11:00:00	A	TOTAL	T	Y25-34	THS_PER	FRK1	2015	123.9		
ESTAT:LFST_R_LFSD2POP(1.0)	17/04/26 11:00:00	A	TOTAL	T	Y25-34	THS_PER	FRK2	2015	811.8		
ESTAT:LFST_R_LFSD2POP(1.0)	17/04/26 11:00:00	A	TOTAL	T	Y25-34	THS_PER	FRL0	2015	580.2		
ESTAT:LFST_R_LFSD2POP(1.0)	17/04/26 11:00:00	A	TOTAL	T	Y25-34	THS_PER	FRM0	2015	17.2	u	
ESTAT:LFST_R_LFSD2POP(1.0)	17/04/26 11:00:00	A	TOTAL	T	Y25-64	THS_PER	FR10	2015	6369.3		
ESTAT:LFST_R_LFSD2POP(1.0)	17/04/26 11:00:00	A	TOTAL	T	Y25-64	THS_PER	FRB0	2015	1269.8		
ESTAT:LFST_R_LFSD2POP(1.0)	17/04/26 11:00:00	A	TOTAL	T	Y25-64	THS_PER	FRC1	2015	797.8		
ESTAT:LFST_R_LFSD2POP(1.0)	17/04/26 11:00:00	A	TOTAL	T	Y25-64	THS_PER	FRC2	2015	589.5		
ESTAT:LFST_R_LFSD2POP(1.0)	17/04/26 11:00:00	A	TOTAL	T	Y25-64	THS_PER	FRD1	2015	736.2		
ESTAT:LFST_R_LFSD2POP(1.0)	17/04/26 11:00:00	A	TOTAL	T	Y25-64	THS_PER	FRD2	2015	932.5		
ESTAT:LFST_R_LFSD2POP(1.0)	17/04/26 11:00:00	A	TOTAL	T	Y25-64	THS_PER	FRE1	2015	2058.0		
ESTAT:LFST_R_LFSD2POP(1.0)	17/04/26 11:00:00	A	TOTAL	T	Y25-64	THS_PER	FRE2	2015	965.7		
ESTAT:LFST_R_LFSD2POP(1.0)	17/04/26 11:00:00	A	TOTAL	T	Y25-64	THS_PER	FRF1	2015	986.6		
ESTAT:LFST_R_LFSD2POP(1.0)	17/04/26 11:00:00	A	TOTAL	T	Y25-64	THS_PER	FRF2	2015	674.9		
ESTAT:LFST_R_LFSD2POP(1.0)	17/04/26 11:00:00	A	TOTAL	T	Y25-64	THS_PER	FRF3	2015	1191.4		
ESTAT:LFST_R_LFSD2POP(1.0)	17/04/26 11:00:00	A	TOTAL	T	Y25-64	THS_PER	FRG0	2015	1857.0		
ESTAT:LFST_R_LFSD2POP(1.0)	17/04/26 11:00:00	A	TOTAL	T	Y25-64	THS_PER	FRH0	2015	1633.3		
ESTAT:LFST_R_LFSD2POP(1.0)	17/04/26 11:00:00	A	TOTAL	T	Y25-64	THS_PER	FRI1	2015	1692.1		
ESTAT:LFST_R_LFSD2POP(1.0)	17/04/26 11:00:00	A	TOTAL	T	Y25-64	THS_PER	FRI2	2015	357.9		
ESTAT:LFST_R_LFSD2POP(1.0)	17/04/26 11:00:00	A	TOTAL	T	Y25-64	THS_PER	FRI3	2015	876.6		
ESTAT:LFST_R_LFSD2POP(1.0)	17/04/26 11:00:00	A	TOTAL	T	Y25-64	THS_PER	FRJ1	2015	1368.5		
ESTAT:LFST_R_LFSD2POP(1.0)	17/04/26 11:00:00	A	TOTAL	T	Y25-64	THS_PER	FRJ2	2015	1529.5		
ESTAT:LFST_R_LFSD2POP(1.0)	17/04/26 11:00:00	A	TOTAL	T	Y25-64	THS_PER	FRK1	2015	672.1		
ESTAT:LFST_R_LFSD2POP(1.0)	17/04/26 11:00:00	A	TOTAL	T	Y25-64	THS_PER	FRK2	2015	3290.2		
ESTAT:LFST_R_LFSD2POP(1.0)	17/04/26 11:00:00	A	TOTAL	T	Y25-64	THS_PER	FRL0	2015	2492.3		
ESTAT:LFST_R_LFSD2POP(1.0)	17/04/26 11:00:00	A	TOTAL	T	Y25-64	THS_PER	FRM0	2015	154.8	u	
ESTAT:LFST_R_LFSD2POP(1.0)	17/04/26 11:00:00	A	TOTAL	T	Y35-44	THS_PER	FR10	2015	1704.3		
ESTAT:LFST_R_LFSD2POP(1.0)	17/04/26 11:00:00	A	TOTAL	T	Y35-44	THS_PER	FRB0	2015	306.2		
ESTAT:LFST_R_LFSD2POP(1.0)	17/04/26 11:00:00	A	TOTAL	T	Y35-44	THS_PER	FRC1	2015	197.5		
ESTAT:LFST_R_LFSD2POP(1.0)	17/04/26 11:00:00	A	TOTAL	T	Y35-44	THS_PER	FRC2	2015	143.1		
ESTAT:LFST_R_LFSD2POP(1.0)	17/04/26 11:00:00	A	TOTAL	T	Y35-44	THS_PER	FRD1	2015	175.8		
ESTAT:LFST_R_LFSD2POP(1.0)	17/04/26 11:00:00	A	TOTAL	T	Y35-44	THS_PER	FRD2	2015	233.8		
ESTAT:LFST_R_LFSD2POP(1.0)	17/04/26 11:00:00	A	TOTAL	T	Y35-44	THS_PER	FRE1	2015	518.7		
ESTAT:LFST_R_LFSD2POP(1.0)	17/04/26 11:00:00	A	TOTAL	T	Y35-44	THS_PER	FRE2	2015	234.9		
ESTAT:LFST_R_LFSD2POP(1.0)	17/04/26 11:00:00	A	TOTAL	T	Y35-44	THS_PER	FRF1	2015	246.4		
ESTAT:LFST_R_LFSD2POP(1.0)	17/04/26 11:00:00	A	TOTAL	T	Y35-44	THS_PER	FRF2	2015	147.5		
ESTAT:LFST_R_LFSD2POP(1.0)	17/04/26 11:00:00	A	TOTAL	T	Y35-44	THS_PER	FRF3	2015	286.1		
ESTAT:LFST_R_LFSD2POP(1.0)	17/04/26 11:00:00	A	TOTAL	T	Y35-44	THS_PER	FRG0	2015	472.7		
ESTAT:LFST_R_LFSD2POP(1.0)	17/04/26 11:00:00	A	TOTAL	T	Y35-44	THS_PER	FRH0	2015	420.0		
ESTAT:LFST_R_LFSD2POP(1.0)	17/04/26 11:00:00	A	TOTAL	T	Y35-44	THS_PER	FRI1	2015	442.7		
ESTAT:LFST_R_LFSD2POP(1.0)	17/04/26 11:00:00	A	TOTAL	T	Y35-44	THS_PER	FRI2	2015	83.7		
ESTAT:LFST_R_LFSD2POP(1.0)	17/04/26 11:00:00	A	TOTAL	T	Y35-44	THS_PER	FRI3	2015	235.1		
ESTAT:LFST_R_LFSD2POP(1.0)	17/04/26 11:00:00	A	TOTAL	T	Y35-44	THS_PER	FRJ1	2015	336.5		
ESTAT:LFST_R_LFSD2POP(1.0)	17/04/26 11:00:00	A	TOTAL	T	Y35-44	THS_PER	FRJ2	2015	363.5		
ESTAT:LFST_R_LFSD2POP(1.0)	17/04/26 11:00:00	A	TOTAL	T	Y35-44	THS_PER	FRK1	2015	183.0		
ESTAT:LFST_R_LFSD2POP(1.0)	17/04/26 11:00:00	A	TOTAL	T	Y35-44	THS_PER	FRK2	2015	858.3		
ESTAT:LFST_R_LFSD2POP(1.0)	17/04/26 11:00:00	A	TOTAL	T	Y35-44	THS_PER	FRL0	2015	590.1		
ESTAT:LFST_R_LFSD2POP(1.0)	17/04/26 11:00:00	A	TOTAL	T	Y35-44	THS_PER	FRM0	2015	35.3	u	
ESTAT:LFST_R_LFSD2POP(1.0)	17/04/26 11:00:00	A	TOTAL	T	Y45-54	THS_PER	FR10	2015	1597.4		
ESTAT:LFST_R_LFSD2POP(1.0)	17/04/26 11:00:00	A	TOTAL	T	Y45-54	THS_PER	FRB0	2015	344.3		
ESTAT:LFST_R_LFSD2POP(1.0)	17/04/26 11:00:00	A	TOTAL	T	Y45-54	THS_PER	FRC1	2015	216.5		
ESTAT:LFST_R_LFSD2POP(1.0)	17/04/26 11:00:00	A	TOTAL	T	Y45-54	THS_PER	FRC2	2015	156.6		
ESTAT:LFST_R_LFSD2POP(1.0)	17/04/26 11:00:00	A	TOTAL	T	Y45-54	THS_PER	FRD1	2015	212.1		
ESTAT:LFST_R_LFSD2POP(1.0)	17/04/26 11:00:00	A	TOTAL	T	Y45-54	THS_PER	FRD2	2015	238.4		
ESTAT:LFST_R_LFSD2POP(1.0)	17/04/26 11:00:00	A	TOTAL	T	Y45-54	THS_PER	FRE1	2015	504.6		
ESTAT:LFST_R_LFSD2POP(1.0)	17/04/26 11:00:00	A	TOTAL	T	Y45-54	THS_PER	FRE2	2015	268.6		
ESTAT:LFST_R_LFSD2POP(1.0)	17/04/26 11:00:00	A	TOTAL	T	Y45-54	THS_PER	FRF1	2015	275.2		
ESTAT:LFST_R_LFSD2POP(1.0)	17/04/26 11:00:00	A	TOTAL	T	Y45-54	THS_PER	FRF2	2015	177.4		
ESTAT:LFST_R_LFSD2POP(1.0)	17/04/26 11:00:00	A	TOTAL	T	Y45-54	THS_PER	FRF3	2015	323.7		
ESTAT:LFST_R_LFSD2POP(1.0)	17/04/26 11:00:00	A	TOTAL	T	Y45-54	THS_PER	FRG0	2015	486.9		
ESTAT:LFST_R_LFSD2POP(1.0)	17/04/26 11:00:00	A	TOTAL	T	Y45-54	THS_PER	FRH0	2015	447.8		
ESTAT:LFST_R_LFSD2POP(1.0)	17/04/26 11:00:00	A	TOTAL	T	Y45-54	THS_PER	FRI1	2015	474.1		
ESTAT:LFST_R_LFSD2POP(1.0)	17/04/26 11:00:00	A	TOTAL	T	Y45-54	THS_PER	FRI2	2015	98.2		
ESTAT:LFST_R_LFSD2POP(1.0)	17/04/26 11:00:00	A	TOTAL	T	Y45-54	THS_PER	FRI3	2015	209.7		
ESTAT:LFST_R_LFSD2POP(1.0)	17/04/26 11:00:00	A	TOTAL	T	Y45-54	THS_PER	FRJ1	2015	359.0		
ESTAT:LFST_R_LFSD2POP(1.0)	17/04/26 11:00:00	A	TOTAL	T	Y45-54	THS_PER	FRJ2	2015	423.1		
ESTAT:LFST_R_LFSD2POP(1.0)	17/04/26 11:00:00	A	TOTAL	T	Y45-54	THS_PER	FRK1	2015	188.8		
ESTAT:LFST_R_LFSD2POP(1.0)	17/04/26 11:00:00	A	TOTAL	T	Y45-54	THS_PER	FRK2	2015	851.0		
ESTAT:LFST_R_LFSD2POP(1.0)	17/04/26 11:00:00	A	TOTAL	T	Y45-54	THS_PER	FRL0	2015	687.5		
ESTAT:LFST_R_LFSD2POP(1.0)	17/04/26 11:00:00	A	TOTAL	T	Y45-54	THS_PER	FRM0	2015	37.1	u	
ESTAT:LFST_R_LFSD2POP(1.0)	17/04/26 11:00:00	A	TOTAL	T	Y55-64	THS_PER	FR10	2015	1318.8		
ESTAT:LFST_R_LFSD2POP(1.0)	17/04/26 11:00:00	A	TOTAL	T	Y55-64	THS_PER	FRB0	2015	360.1		
ESTAT:LFST_R_LFSD2POP(1.0)	17/04/26 11:00:00	A	TOTAL	T	Y55-64	THS_PER	FRC1	2015	232.5		
ESTAT:LFST_R_LFSD2POP(1.0)	17/04/26 11:00:00	A	TOTAL	T	Y55-64	THS_PER	FRC2	2015	157.4		
ESTAT:LFST_R_LFSD2POP(1.0)	17/04/26 11:00:00	A	TOTAL	T	Y55-64	THS_PER	FRD1	2015	196.1		
ESTAT:LFST_R_LFSD2POP(1.0)	17/04/26 11:00:00	A	TOTAL	T	Y55-64	THS_PER	FRD2	2015	229.5		
ESTAT:LFST_R_LFSD2POP(1.0)	17/04/26 11:00:00	A	TOTAL	T	Y55-64	THS_PER	FRE1	2015	507.9		
ESTAT:LFST_R_LFSD2POP(1.0)	17/04/26 11:00:00	A	TOTAL	T	Y55-64	THS_PER	FRE2	2015	240.4		
ESTAT:LFST_R_LFSD2POP(1.0)	17/04/26 11:00:00	A	TOTAL	T	Y55-64	THS_PER	FRF1	2015	239.2		
ESTAT:LFST_R_LFSD2POP(1.0)	17/04/26 11:00:00	A	TOTAL	T	Y55-64	THS_PER	FRF2	2015	172.2		
ESTAT:LFST_R_LFSD2POP(1.0)	17/04/26 11:00:00	A	TOTAL	T	Y55-64	THS_PER	FRF3	2015	305.6		
ESTAT:LFST_R_LFSD2POP(1.0)	17/04/26 11:00:00	A	TOTAL	T	Y55-64	THS_PER	FRG0	2015	455.8		
ESTAT:LFST_R_LFSD2POP(1.0)	17/04/26 11:00:00	A	TOTAL	T	Y55-64	THS_PER	FRH0	2015	417.6		
ESTAT:LFST_R_LFSD2POP(1.0)	17/04/26 11:00:00	A	TOTAL	T	Y55-64	THS_PER	FRI1	2015	404.7		
ESTAT:LFST_R_LFSD2POP(1.0)	17/04/26 11:00:00	A	TOTAL	T	Y55-64	THS_PER	FRI2	2015	96.5		
ESTAT:LFST_R_LFSD2POP(1.0)	17/04/26 11:00:00	A	TOTAL	T	Y55-64	THS_PER	FRI3	2015	230.6		
ESTAT:LFST_R_LFSD2POP(1.0)	17/04/26 11:00:00	A	TOTAL	T	Y55-64	THS_PER	FRJ1	2015	393.5		
ESTAT:LFST_R_LFSD2POP(1.0)	17/04/26 11:00:00	A	TOTAL	T	Y55-64	THS_PER	FRJ2	2015	399.7		
ESTAT:LFST_R_LFSD2POP(1.0)	17/04/26 11:00:00	A	TOTAL	T	Y55-64	THS_PER	FRK1	2015	176.4		
ESTAT:LFST_R_LFSD2POP(1.0)	17/04/26 11:00:00	A	TOTAL	T	Y55-64	THS_PER	FRK2	2015	769.1		
ESTAT:LFST_R_LFSD2POP(1.0)	17/04/26 11:00:00	A	TOTAL	T	Y55-64	THS_PER	FRL0	2015	634.4		
ESTAT:LFST_R_LFSD2POP(1.0)	17/04/26 11:00:00	A	TOTAL	T	Y55-64	THS_PER	FRM0	2015	65.2	u	
ESTAT:LFST_R_LFSD2POP(1.0)	17/04/26 11:00:00	A	TOTAL	T	Y_GE15	THS_PER	FR10	2015	9490.9		
ESTAT:LFST_R_LFSD2POP(1.0)	17/04/26 11:00:00	A	TOTAL	T	Y_GE15	THS_PER	FRB0	2015	2061.2		
ESTAT:LFST_R_LFSD2POP(1.0)	17/04/26 11:00:00	A	TOTAL	T	Y_GE15	THS_PER	FRC1	2015	1335.3		
ESTAT:LFST_R_LFSD2POP(1.0)	17/04/26 11:00:00	A	TOTAL	T	Y_GE15	THS_PER	FRC2	2015	936.8		
ESTAT:LFST_R_LFSD2POP(1.0)	17/04/26 11:00:00	A	TOTAL	T	Y_GE15	THS_PER	FRD1	2015	1180.1		
ESTAT:LFST_R_LFSD2POP(1.0)	17/04/26 11:00:00	A	TOTAL	T	Y_GE15	THS_PER	FRD2	2015	1466.8		
ESTAT:LFST_R_LFSD2POP(1.0)	17/04/26 11:00:00	A	TOTAL	T	Y_GE15	THS_PER	FRE1	2015	3188.9		
ESTAT:LFST_R_LFSD2POP(1.0)	17/04/26 11:00:00	A	TOTAL	T	Y_GE15	THS_PER	FRE2	2015	1514.5		
ESTAT:LFST_R_LFSD2POP(1.0)	17/04/26 11:00:00	A	TOTAL	T	Y_GE15	THS_PER	FRF1	2015	1517.4		
ESTAT:LFST_R_LFSD2POP(1.0)	17/04/26 11:00:00	A	TOTAL	T	Y_GE15	THS_PER	FRF2	2015	1067.7		
ESTAT:LFST_R_LFSD2POP(1.0)	17/04/26 11:00:00	A	TOTAL	T	Y_GE15	THS_PER	FRF3	2015	1891.0		
ESTAT:LFST_R_LFSD2POP(1.0)	17/04/26 11:00:00	A	TOTAL	T	Y_GE15	THS_PER	FRG0	2015	2912.9		
ESTAT:LFST_R_LFSD2POP(1.0)	17/04/26 11:00:00	A	TOTAL	T	Y_GE15	THS_PER	FRH0	2015	2627.8		
ESTAT:LFST_R_LFSD2POP(1.0)	17/04/26 11:00:00	A	TOTAL	T	Y_GE15	THS_PER	FRI1	2015	2741.5		
ESTAT:LFST_R_LFSD2POP(1.0)	17/04/26 11:00:00	A	TOTAL	T	Y_GE15	THS_PER	FRI2	2015	593.4		
ESTAT:LFST_R_LFSD2POP(1.0)	17/04/26 11:00:00	A	TOTAL	T	Y_GE15	THS_PER	FRI3	2015	1448.1		
ESTAT:LFST_R_LFSD2POP(1.0)	17/04/26 11:00:00	A	TOTAL	T	Y_GE15	THS_PER	FRJ1	2015	2240.1		
ESTAT:LFST_R_LFSD2POP(1.0)	17/04/26 11:00:00	A	TOTAL	T	Y_GE15	THS_PER	FRJ2	2015	2435.0		
ESTAT:LFST_R_LFSD2POP(1.0)	17/04/26 11:00:00	A	TOTAL	T	Y_GE15	THS_PER	FRK1	2015	1102.9		
ESTAT:LFST_R_LFSD2POP(1.0)	17/04/26 11:00:00	A	TOTAL	T	Y_GE15	THS_PER	FRK2	2015	5157.4		
ESTAT:LFST_R_LFSD2POP(1.0)	17/04/26 11:00:00	A	TOTAL	T	Y_GE15	THS_PER	FRL0	2015	4043.8		
ESTAT:LFST_R_LFSD2POP(1.0)	17/04/26 11:00:00	A	TOTAL	T	Y_GE15	THS_PER	FRM0	2015	294.7	u	
ESTAT:LFST_R_LFSD2POP(1.0)	17/04/26 11:00:00	A	TOTAL	T	Y_GE25	THS_PER	FR10	2015	8003.1		
ESTAT:LFST_R_LFSD2POP(1.0)	17/04/26 11:00:00	A	TOTAL	T	Y_GE25	THS_PER	FRB0	2015	1779.8		
ESTAT:LFST_R_LFSD2POP(1.0)	17/04/26 11:00:00	A	TOTAL	T	Y_GE25	THS_PER	FRC1	2015	1143.4		
ESTAT:LFST_R_LFSD2POP(1.0)	17/04/26 11:00:00	A	TOTAL	T	Y_GE25	THS_PER	FRC2	2015	804.0		
ESTAT:LFST_R_LFSD2POP(1.0)	17/04/26 11:00:00	A	TOTAL	T	Y_GE25	THS_PER	FRD1	2015	1017.7		
ESTAT:LFST_R_LFSD2POP(1.0)	17/04/26 11:00:00	A	TOTAL	T	Y_GE25	THS_PER	FRD2	2015	1251.8		
ESTAT:LFST_R_LFSD2POP(1.0)	17/04/26 11:00:00	A	TOTAL	T	Y_GE25	THS_PER	FRE1	2015	2688.1		
ESTAT:LFST_R_LFSD2POP(1.0)	17/04/26 11:00:00	A	TOTAL	T	Y_GE25	THS_PER	FRE2	2015	1281.3		
ESTAT:LFST_R_LFSD2POP(1.0)	17/04/26 11:00:00	A	TOTAL	T	Y_GE25	THS_PER	FRF1	2015	1300.8		
ESTAT:LFST_R_LFSD2POP(1.0)	17/04/26 11:00:00	A	TOTAL	T	Y_GE25	THS_PER	FRF2	2015	912.6		
ESTAT:LFST_R_LFSD2POP(1.0)	17/04/26 11:00:00	A	TOTAL	T	Y_GE25	THS_PER	FRF3	2015	1610.3		
ESTAT:LFST_R_LFSD2POP(1.0)	17/04/26 11:00:00	A	TOTAL	T	Y_GE25	THS_PER	FRG0	2015	2521.3		
ESTAT:LFST_R_LFSD2POP(1.0)	17/04/26 11:00:00	A	TOTAL	T	Y_GE25	THS_PER	FRH0	2015	2274.0		
ESTAT:LFST_R_LFSD2POP(1.0)	17/04/26 11:00:00	A	TOTAL	T	Y_GE25	THS_PER	FRI1	2015	2378.3		
ESTAT:LFST_R_LFSD2POP(1.0)	17/04/26 11:00:00	A	TOTAL	T	Y_GE25	THS_PER	FRI2	2015	520.7		
ESTAT:LFST_R_LFSD2POP(1.0)	17/04/26 11:00:00	A	TOTAL	T	Y_GE25	THS_PER	FRI3	2015	1269.8		
ESTAT:LFST_R_LFSD2POP(1.0)	17/04/26 11:00:00	A	TOTAL	T	Y_GE25	THS_PER	FRJ1	2015	1952.8		
ESTAT:LFST_R_LFSD2POP(1.0)	17/04/26 11:00:00	A	TOTAL	T	Y_GE25	THS_PER	FRJ2	2015	2115.8		
ESTAT:LFST_R_LFSD2POP(1.0)	17/04/26 11:00:00	A	TOTAL	T	Y_GE25	THS_PER	FRK1	2015	964.1		
ESTAT:LFST_R_LFSD2POP(1.0)	17/04/26 11:00:00	A	TOTAL	T	Y_GE25	THS_PER	FRK2	2015	4394.3		
ESTAT:LFST_R_LFSD2POP(1.0)	17/04/26 11:00:00	A	TOTAL	T	Y_GE25	THS_PER	FRL0	2015	3527.0		
ESTAT:LFST_R_LFSD2POP(1.0)	17/04/26 11:00:00	A	TOTAL	T	Y_GE25	THS_PER	FRM0	2015	261.1	u	
ESTAT:LFST_R_LFSD2POP(1.0)	17/04/26 11:00:00	A	TOTAL	T	Y_GE65	THS_PER	FR10	2015	1633.8		
ESTAT:LFST_R_LFSD2POP(1.0)	17/04/26 11:00:00	A	TOTAL	T	Y_GE65	THS_PER	FRB0	2015	510.0		
ESTAT:LFST_R_LFSD2POP(1.0)	17/04/26 11:00:00	A	TOTAL	T	Y_GE65	THS_PER	FRC1	2015	345.6		
ESTAT:LFST_R_LFSD2POP(1.0)	17/04/26 11:00:00	A	TOTAL	T	Y_GE65	THS_PER	FRC2	2015	214.5		
ESTAT:LFST_R_LFSD2POP(1.0)	17/04/26 11:00:00	A	TOTAL	T	Y_GE65	THS_PER	FRD1	2015	281.5		
ESTAT:LFST_R_LFSD2POP(1.0)	17/04/26 11:00:00	A	TOTAL	T	Y_GE65	THS_PER	FRD2	2015	319.3		
ESTAT:LFST_R_LFSD2POP(1.0)	17/04/26 11:00:00	A	TOTAL	T	Y_GE65	THS_PER	FRE1	2015	630.1		
ESTAT:LFST_R_LFSD2POP(1.0)	17/04/26 11:00:00	A	TOTAL	T	Y_GE65	THS_PER	FRE2	2015	315.6		
ESTAT:LFST_R_LFSD2POP(1.0)	17/04/26 11:00:00	A	TOTAL	T	Y_GE65	THS_PER	FRF1	2015	314.3		
ESTAT:LFST_R_LFSD2POP(1.0)	17/04/26 11:00:00	A	TOTAL	T	Y_GE65	THS_PER	FRF2	2015	237.7		
ESTAT:LFST_R_LFSD2POP(1.0)	17/04/26 11:00:00	A	TOTAL	T	Y_GE65	THS_PER	FRF3	2015	418.9		
ESTAT:LFST_R_LFSD2POP(1.0)	17/04/26 11:00:00	A	TOTAL	T	Y_GE65	THS_PER	FRG0	2015	664.3		
ESTAT:LFST_R_LFSD2POP(1.0)	17/04/26 11:00:00	A	TOTAL	T	Y_GE65	THS_PER	FRH0	2015	640.7		
ESTAT:LFST_R_LFSD2POP(1.0)	17/04/26 11:00:00	A	TOTAL	T	Y_GE65	THS_PER	FRI1	2015	686.1		
ESTAT:LFST_R_LFSD2POP(1.0)	17/04/26 11:00:00	A	TOTAL	T	Y_GE65	THS_PER	FRI2	2015	162.8		
ESTAT:LFST_R_LFSD2POP(1.0)	17/04/26 11:00:00	A	TOTAL	T	Y_GE65	THS_PER	FRI3	2015	393.2		
ESTAT:LFST_R_LFSD2POP(1.0)	17/04/26 11:00:00	A	TOTAL	T	Y_GE65	THS_PER	FRJ1	2015	584.3		
ESTAT:LFST_R_LFSD2POP(1.0)	17/04/26 11:00:00	A	TOTAL	T	Y_GE65	THS_PER	FRJ2	2015	586.3		
ESTAT:LFST_R_LFSD2POP(1.0)	17/04/26 11:00:00	A	TOTAL	T	Y_GE65	THS_PER	FRK1	2015	292.0		
ESTAT:LFST_R_LFSD2POP(1.0)	17/04/26 11:00:00	A	TOTAL	T	Y_GE65	THS_PER	FRK2	2015	1104.1		
ESTAT:LFST_R_LFSD2POP(1.0)	17/04/26 11:00:00	A	TOTAL	T	Y_GE65	THS_PER	FRL0	2015	1034.7		
ESTAT:LFST_R_LFSD2POP(1.0)	17/04/26 11:00:00	A	TOTAL	T	Y_GE65	THS_PER	FRM0	2015	106.3	u	
ESTAT:LFST_R_LFSD2POP(1.0)	17/04/26 11:00:00	A	UNK	F	Y_GE15	THS_PER	FR10	2015	55.5		
ESTAT:LFST_R_LFSD2POP(1.0)	17/04/26 11:00:00	A	UNK	F	Y_GE15	THS_PER	FRB0	2015	11.9		
ESTAT:LFST_R_LFSD2POP(1.0)	17/04/26 11:00:00	A	UNK	F	Y_GE15	THS_PER	FRC1	2015	7.2	u	
ESTAT:LFST_R_LFSD2POP(1.0)	17/04/26 11:00:00	A	UNK	F	Y_GE15	THS_PER	FRC2	2015	4.5	u	
ESTAT:LFST_R_LFSD2POP(1.0)	17/04/26 11:00:00	A	UNK	F	Y_GE15	THS_PER	FRD1	2015	6.6	u	
ESTAT:LFST_R_LFSD2POP(1.0)	17/04/26 11:00:00	A	UNK	F	Y_GE15	THS_PER	FRD2	2015	9.7	u	
ESTAT:LFST_R_LFSD2POP(1.0)	17/04/26 11:00:00	A	UNK	F	Y_GE15	THS_PER	FRE1	2015	17.2		
ESTAT:LFST_R_LFSD2POP(1.0)	17/04/26 11:00:00	A	UNK	F	Y_GE15	THS_PER	FRE2	2015	10.3		
ESTAT:LFST_R_LFSD2POP(1.0)	17/04/26 11:00:00	A	UNK	F	Y_GE15	THS_PER	FRF1	2015	7.2	u	
ESTAT:LFST_R_LFSD2POP(1.0)	17/04/26 11:00:00	A	UNK	F	Y_GE15	THS_PER	FRF2	2015	10.7		
ESTAT:LFST_R_LFSD2POP(1.0)	17/04/26 11:00:00	A	UNK	F	Y_GE15	THS_PER	FRF3	2015	7.2	u	
ESTAT:LFST_R_LFSD2POP(1.0)	17/04/26 11:00:00	A	UNK	F	Y_GE15	THS_PER	FRG0	2015	17.0		
ESTAT:LFST_R_LFSD2POP(1.0)	17/04/26 11:00:00	A	UNK	F	Y_GE15	THS_PER	FRH0	2015	17.7		
ESTAT:LFST_R_LFSD2POP(1.0)	17/04/26 11:00:00	A	UNK	F	Y_GE15	THS_PER	FRI1	2015	21.3		
ESTAT:LFST_R_LFSD2POP(1.0)	17/04/26 11:00:00	A	UNK	F	Y_GE15	THS_PER	FRI2	2015	6.8	u	
ESTAT:LFST_R_LFSD2POP(1.0)	17/04/26 11:00:00	A	UNK	F	Y_GE15	THS_PER	FRI3	2015	11.0		
ESTAT:LFST_R_LFSD2POP(1.0)	17/04/26 11:00:00	A	UNK	F	Y_GE15	THS_PER	FRJ1	2015	13.3		
ESTAT:LFST_R_LFSD2POP(1.0)	17/04/26 11:00:00	A	UNK	F	Y_GE15	THS_PER	FRJ2	2015	20.3		
ESTAT:LFST_R_LFSD2POP(1.0)	17/04/26 11:00:00	A	UNK	F	Y_GE15	THS_PER	FRK1	2015	7.0	u	
ESTAT:LFST_R_LFSD2POP(1.0)	17/04/26 11:00:00	A	UNK	F	Y_GE15	THS_PER	FRK2	2015	29.1		
ESTAT:LFST_R_LFSD2POP(1.0)	17/04/26 11:00:00	A	UNK	F	Y_GE15	THS_PER	FRL0	2015	35.0		
ESTAT:LFST_R_LFSD2POP(1.0)	17/04/26 11:00:00	A	UNK	F	Y_GE15	THS_PER	FRM0	2015	3.0	u	
ESTAT:LFST_R_LFSD2POP(1.0)	17/04/26 11:00:00	A	UNK	F	Y_GE25	THS_PER	FR10	2015	55.5		
ESTAT:LFST_R_LFSD2POP(1.0)	17/04/26 11:00:00	A	UNK	F	Y_GE25	THS_PER	FRB0	2015	11.9		
ESTAT:LFST_R_LFSD2POP(1.0)	17/04/26 11:00:00	A	UNK	F	Y_GE25	THS_PER	FRC1	2015	7.2	u	
ESTAT:LFST_R_LFSD2POP(1.0)	17/04/26 11:00:00	A	UNK	F	Y_GE25	THS_PER	FRC2	2015	4.5	u	
ESTAT:LFST_R_LFSD2POP(1.0)	17/04/26 11:00:00	A	UNK	F	Y_GE25	THS_PER	FRD1	2015	6.6	u	
ESTAT:LFST_R_LFSD2POP(1.0)	17/04/26 11:00:00	A	UNK	F	Y_GE25	THS_PER	FRD2	2015	9.7	u	
ESTAT:LFST_R_LFSD2POP(1.0)	17/04/26 11:00:00	A	UNK	F	Y_GE25	THS_PER	FRE1	2015	17.2		
ESTAT:LFST_R_LFSD2POP(1.0)	17/04/26 11:00:00	A	UNK	F	Y_GE25	THS_PER	FRE2	2015	10.3		
ESTAT:LFST_R_LFSD2POP(1.0)	17/04/26 11:00:00	A	UNK	F	Y_GE25	THS_PER	FRF1	2015	7.2	u	
ESTAT:LFST_R_LFSD2POP(1.0)	17/04/26 11:00:00	A	UNK	F	Y_GE25	THS_PER	FRF2	2015	10.7		
ESTAT:LFST_R_LFSD2POP(1.0)	17/04/26 11:00:00	A	UNK	F	Y_GE25	THS_PER	FRF3	2015	7.2	u	
ESTAT:LFST_R_LFSD2POP(1.0)	17/04/26 11:00:00	A	UNK	F	Y_GE25	THS_PER	FRG0	2015	17.0		
ESTAT:LFST_R_LFSD2POP(1.0)	17/04/26 11:00:00	A	UNK	F	Y_GE25	THS_PER	FRH0	2015	17.7		
ESTAT:LFST_R_LFSD2POP(1.0)	17/04/26 11:00:00	A	UNK	F	Y_GE25	THS_PER	FRI1	2015	21.3		
ESTAT:LFST_R_LFSD2POP(1.0)	17/04/26 11:00:00	A	UNK	F	Y_GE25	THS_PER	FRI2	2015	6.8	u	
ESTAT:LFST_R_LFSD2POP(1.0)	17/04/26 11:00:00	A	UNK	F	Y_GE25	THS_PER	FRI3	2015	11.0		
ESTAT:LFST_R_LFSD2POP(1.0)	17/04/26 11:00:00	A	UNK	F	Y_GE25	THS_PER	FRJ1	2015	13.3		
ESTAT:LFST_R_LFSD2POP(1.0)	17/04/26 11:00:00	A	UNK	F	Y_GE25	THS_PER	FRJ2	2015	20.3		
ESTAT:LFST_R_LFSD2POP(1.0)	17/04/26 11:00:00	A	UNK	F	Y_GE25	THS_PER	FRK1	2015	7.0	u	
ESTAT:LFST_R_LFSD2POP(1.0)	17/04/26 11:00:00	A	UNK	F	Y_GE25	THS_PER	FRK2	2015	29.1		
ESTAT:LFST_R_LFSD2POP(1.0)	17/04/26 11:00:00	A	UNK	F	Y_GE25	THS_PER	FRL0	2015	35.0		
ESTAT:LFST_R_LFSD2POP(1.0)	17/04/26 11:00:00	A	UNK	F	Y_GE25	THS_PER	FRM0	2015	3.0	u	
ESTAT:LFST_R_LFSD2POP(1.0)	17/04/26 11:00:00	A	UNK	F	Y_GE65	THS_PER	FR10	2015	55.5		
ESTAT:LFST_R_LFSD2POP(1.0)	17/04/26 11:00:00	A	UNK	F	Y_GE65	THS_PER	FRB0	2015	11.9		
ESTAT:LFST_R_LFSD2POP(1.0)	17/04/26 11:00:00	A	UNK	F	Y_GE65	THS_PER	FRC1	2015	7.2	u	
ESTAT:LFST_R_LFSD2POP(1.0)	17/04/26 11:00:00	A	UNK	F	Y_GE65	THS_PER	FRC2	2015	4.5	u	
ESTAT:LFST_R_LFSD2POP(1.0)	17/04/26 11:00:00	A	UNK	F	Y_GE65	THS_PER	FRD1	2015	6.6	u	
ESTAT:LFST_R_LFSD2POP(1.0)	17/04/26 11:00:00	A	UNK	F	Y_GE65	THS_PER	FRD2	2015	9.7	u	
ESTAT:LFST_R_LFSD2POP(1.0)	17/04/26 11:00:00	A	UNK	F	Y_GE65	THS_PER	FRE1	2015	17.2		
ESTAT:LFST_R_LFSD2POP(1.0)	17/04/26 11:00:00	A	UNK	F	Y_GE65	THS_PER	FRE2	2015	10.3		
ESTAT:LFST_R_LFSD2POP(1.0)	17/04/26 11:00:00	A	UNK	F	Y_GE65	THS_PER	FRF1	2015	7.2	u	
ESTAT:LFST_R_LFSD2POP(1.0)	17/04/26 11:00:00	A	UNK	F	Y_GE65	THS_PER	FRF2	2015	10.7		
ESTAT:LFST_R_LFSD2POP(1.0)	17/04/26 11:00:00	A	UNK	F	Y_GE65	THS_PER	FRF3	2015	7.2	u	
ESTAT:LFST_R_LFSD2POP(1.0)	17/04/26 11:00:00	A	UNK	F	Y_GE65	THS_PER	FRG0	2015	17.0		
ESTAT:LFST_R_LFSD2POP(1.0)	17/04/26 11:00:00	A	UNK	F	Y_GE65	THS_PER	FRH0	2015	17.7		
ESTAT:LFST_R_LFSD2POP(1.0)	17/04/26 11:00:00	A	UNK	F	Y_GE65	THS_PER	FRI1	2015	21.3		
ESTAT:LFST_R_LFSD2POP(1.0)	17/04/26 11:00:00	A	UNK	F	Y_GE65	THS_PER	FRI2	2015	6.8	u	
ESTAT:LFST_R_LFSD2POP(1.0)	17/04/26 11:00:00	A	UNK	F	Y_GE65	THS_PER	FRI3	2015	11.0		
ESTAT:LFST_R_LFSD2POP(1.0)	17/04/26 11:00:00	A	UNK	F	Y_GE65	THS_PER	FRJ1	2015	13.3		
ESTAT:LFST_R_LFSD2POP(1.0)	17/04/26 11:00:00	A	UNK	F	Y_GE65	THS_PER	FRJ2	2015	20.3		
ESTAT:LFST_R_LFSD2POP(1.0)	17/04/26 11:00:00	A	UNK	F	Y_GE65	THS_PER	FRK1	2015	7.0	u	
ESTAT:LFST_R_LFSD2POP(1.0)	17/04/26 11:00:00	A	UNK	F	Y_GE65	THS_PER	FRK2	2015	29.1		
ESTAT:LFST_R_LFSD2POP(1.0)	17/04/26 11:00:00	A	UNK	F	Y_GE65	THS_PER	FRL0	2015	35.0		
ESTAT:LFST_R_LFSD2POP(1.0)	17/04/26 11:00:00	A	UNK	F	Y_GE65	THS_PER	FRM0	2015	3.0	u	
ESTAT:LFST_R_LFSD2POP(1.0)	17/04/26 11:00:00	A	UNK	M	Y_GE15	THS_PER	FR10	2015	18.9		
ESTAT:LFST_R_LFSD2POP(1.0)	17/04/26 11:00:00	A	UNK	M	Y_GE15	THS_PER	FRB0	2015	9.6	u	
ESTAT:LFST_R_LFSD2POP(1.0)	17/04/26 11:00:00	A	UNK	M	Y_GE15	THS_PER	FRC1	2015	6.3	u	
ESTAT:LFST_R_LFSD2POP(1.0)	17/04/26 11:00:00	A	UNK	M	Y_GE15	THS_PER	FRC2	2015	3.9	u	
ESTAT:LFST_R_LFSD2POP(1.0)	17/04/26 11:00:00	A	UNK	M	Y_GE15	THS_PER	FRD1	2015	3.0	u	
ESTAT:LFST_R_LFSD2POP(1.0)	17/04/26 11:00:00	A	UNK	M	Y_GE15	THS_PER	FRD2	2015	2.6	u	
ESTAT:LFST_R_LFSD2POP(1.0)	17/04/26 11:00:00	A	UNK	M	Y_GE15	THS_PER	FRE1	2015	3.5	u	
ESTAT:LFST_R_LFSD2POP(1.0)	17/04/26 11:00:00	A	UNK	M	Y_GE15	THS_PER	FRE2	2015	3.1	u	
ESTAT:LFST_R_LFSD2POP(1.0)	17/04/26 11:00:00	A	UNK	M	Y_GE15	THS_PER	FRF1	2015	3.8	u	
ESTAT:LFST_R_LFSD2POP(1.0)	17/04/26 11:00:00	A	UNK	M	Y_GE15	THS_PER	FRF2	2015	1.4	u	
ESTAT:LFST_R_LFSD2POP(1.0)	17/04/26 11:00:00	A	UNK	M	Y_GE15	THS_PER	FRF3	2015	6.0	u	
ESTAT:LFST_R_LFSD2POP(1.0)	17/04/26 11:00:00	A	UNK	M	Y_GE15	THS_PER	FRG0	2015	6.5	u	
ESTAT:LFST_R_LFSD2POP(1.0)	17/04/26 11:00:00	A	UNK	M	Y_GE15	THS_PER	FRH0	2015	4.7	u	
ESTAT:LFST_R_LFSD2POP(1.0)	17/04/26 11:00:00	A	UNK	M	Y_GE15	THS_PER	FRI1	2015	6.5	u	
ESTAT:LFST_R_LFSD2POP(1.0)	17/04/26 11:00:00	A	UNK	M	Y_GE15	THS_PER	FRI2	2015	3.2	u	
ESTAT:LFST_R_LFSD2POP(1.0)	17/04/26 11:00:00	A	UNK	M	Y_GE15	THS_PER	FRI3	2015	4.6	u	
ESTAT:LFST_R_LFSD2POP(1.0)	17/04/26 11:00:00	A	UNK	M	Y_GE15	THS_PER	FRJ1	2015	7.6	u	
ESTAT:LFST_R_LFSD2POP(1.0)	17/04/26 11:00:00	A	UNK	M	Y_GE15	THS_PER	FRJ2	2015	7.5	u	
ESTAT:LFST_R_LFSD2POP(1.0)	17/04/26 11:00:00	A	UNK	M	Y_GE15	THS_PER	FRK1	2015	3.9	u	
ESTAT:LFST_R_LFSD2POP(1.0)	17/04/26 11:00:00	A	UNK	M	Y_GE15	THS_PER	FRK2	2015	15.8		
ESTAT:LFST_R_LFSD2POP(1.0)	17/04/26 11:00:00	A	UNK	M	Y_GE15	THS_PER	FRL0	2015	15.0		
ESTAT:LFST_R_LFSD2POP(1.0)	17/04/26 11:00:00	A	UNK	M	Y_GE15	THS_PER	FRM0	2015	2.2	u	
ESTAT:LFST_R_LFSD2POP(1.0)	17/04/26 11:00:00	A	UNK	M	Y_GE25	THS_PER	FR10	2015	18.9		
ESTAT:LFST_R_LFSD2POP(1.0)	17/04/26 11:00:00	A	UNK	M	Y_GE25	THS_PER	FRB0	2015	9.6	u	
ESTAT:LFST_R_LFSD2POP(1.0)	17/04/26 11:00:00	A	UNK	M	Y_GE25	THS_PER	FRC1	2015	6.3	u	
ESTAT:LFST_R_LFSD2POP(1.0)	17/04/26 11:00:00	A	UNK	M	Y_GE25	THS_PER	FRC2	2015	3.9	u	
ESTAT:LFST_R_LFSD2POP(1.0)	17/04/26 11:00:00	A	UNK	M	Y_GE25	THS_PER	FRD1	2015	3.0	u	
ESTAT:LFST_R_LFSD2POP(1.0)	17/04/26 11:00:00	A	UNK	M	Y_GE25	THS_PER	FRD2	2015	2.6	u	
ESTAT:LFST_R_LFSD2POP(1.0)	17/04/26 11:00:00	A	UNK	M	Y_GE25	THS_PER	FRE1	2015	3.5	u	
ESTAT:LFST_R_LFSD2POP(1.0)	17/04/26 11:00:00	A	UNK	M	Y_GE25	THS_PER	FRE2	2015	3.1	u	
ESTAT:LFST_R_LFSD2POP(1.0)	17/04/26 11:00:00	A	UNK	M	Y_GE25	THS_PER	FRF1	2015	3.8	u	
ESTAT:LFST_R_LFSD2POP(1.0)	17/04/26 11:00:00	A	UNK	M	Y_GE25	THS_PER	FRF2	2015	1.4	u	
ESTAT:LFST_R_LFSD2POP(1.0)	17/04/26 11:00:00	A	UNK	M	Y_GE25	THS_PER	FRF3	2015	6.0	u	
ESTAT:LFST_R_LFSD2POP(1.0)	17/04/26 11:00:00	A	UNK	M	Y_GE25	THS_PER	FRG0	2015	6.5	u	
ESTAT:LFST_R_LFSD2POP(1.0)	17/04/26 11:00:00	A	UNK	M	Y_GE25	THS_PER	FRH0	2015	4.7	u	
ESTAT:LFST_R_LFSD2POP(1.0)	17/04/26 11:00:00	A	UNK	M	Y_GE25	THS_PER	FRI1	2015	6.5	u	
ESTAT:LFST_R_LFSD2POP(1.0)	17/04/26 11:00:00	A	UNK	M	Y_GE25	THS_PER	FRI2	2015	3.2	u	
ESTAT:LFST_R_LFSD2POP(1.0)	17/04/26 11:00:00	A	UNK	M	Y_GE25	THS_PER	FRI3	2015	4.6	u	
ESTAT:LFST_R_LFSD2POP(1.0)	17/04/26 11:00:00	A	UNK	M	Y_GE25	THS_PER	FRJ1	2015	7.6	u	
ESTAT:LFST_R_LFSD2POP(1.0)	17/04/26 11:00:00	A	UNK	M	Y_GE25	THS_PER	FRJ2	2015	7.5	u	
ESTAT:LFST_R_LFSD2POP(1.0)	17/04/26 11:00:00	A	UNK	M	Y_GE25	THS_PER	FRK1	2015	3.9	u	
ESTAT:LFST_R_LFSD2POP(1.0)	17/04/26 11:00:00	A	UNK	M	Y_GE25	THS_PER	FRK2	2015	15.8		
ESTAT:LFST_R_LFSD2POP(1.0)	17/04/26 11:00:00	A	UNK	M	Y_GE25	THS_PER	FRL0	2015	15.0		
ESTAT:LFST_R_LFSD2POP(1.0)	17/04/26 11:00:00	A	UNK	M	Y_GE25	THS_PER	FRM0	2015	2.2	u	
ESTAT:LFST_R_LFSD2POP(1.0)	17/04/26 11:00:00	A	UNK	M	Y_GE65	THS_PER	FR10	2015	18.9		
ESTAT:LFST_R_LFSD2POP(1.0)	17/04/26 11:00:00	A	UNK	M	Y_GE65	THS_PER	FRB0	2015	9.6	u	
ESTAT:LFST_R_LFSD2POP(1.0)	17/04/26 11:00:00	A	UNK	M	Y_GE65	THS_PER	FRC1	2015	6.3	u	
ESTAT:LFST_R_LFSD2POP(1.0)	17/04/26 11:00:00	A	UNK	M	Y_GE65	THS_PER	FRC2	2015	3.9	u	
ESTAT:LFST_R_LFSD2POP(1.0)	17/04/26 11:00:00	A	UNK	M	Y_GE65	THS_PER	FRD1	2015	3.0	u	
ESTAT:LFST_R_LFSD2POP(1.0)	17/04/26 11:00:00	A	UNK	M	Y_GE65	THS_PER	FRD2	2015	2.6	u	
ESTAT:LFST_R_LFSD2POP(1.0)	17/04/26 11:00:00	A	UNK	M	Y_GE65	THS_PER	FRE1	2015	3.5	u	
ESTAT:LFST_R_LFSD2POP(1.0)	17/04/26 11:00:00	A	UNK	M	Y_GE65	THS_PER	FRE2	2015	3.1	u	
ESTAT:LFST_R_LFSD2POP(1.0)	17/04/26 11:00:00	A	UNK	M	Y_GE65	THS_PER	FRF1	2015	3.8	u	
ESTAT:LFST_R_LFSD2POP(1.0)	17/04/26 11:00:00	A	UNK	M	Y_GE65	THS_PER	FRF2	2015	1.4	u	
ESTAT:LFST_R_LFSD2POP(1.0)	17/04/26 11:00:00	A	UNK	M	Y_GE65	THS_PER	FRF3	2015	6.0	u	
ESTAT:LFST_R_LFSD2POP(1.0)	17/04/26 11:00:00	A	UNK	M	Y_GE65	THS_PER	FRG0	2015	6.5	u	
ESTAT:LFST_R_LFSD2POP(1.0)	17/04/26 11:00:00	A	UNK	M	Y_GE65	THS_PER	FRH0	2015	4.7	u	
ESTAT:LFST_R_LFSD2POP(1.0)	17/04/26 11:00:00	A	UNK	M	Y_GE65	THS_PER	FRI1	2015	6.5	u	
ESTAT:LFST_R_LFSD2POP(1.0)	17/04/26 11:00:00	A	UNK	M	Y_GE65	THS_PER	FRI2	2015	3.2	u	
ESTAT:LFST_R_LFSD2POP(1.0)	17/04/26 11:00:00	A	UNK	M	Y_GE65	THS_PER	FRI3	2015	4.6	u	
ESTAT:LFST_R_LFSD2POP(1.0)	17/04/26 11:00:00	A	UNK	M	Y_GE65	THS_PER	FRJ1	2015	7.6	u	
ESTAT:LFST_R_LFSD2POP(1.0)	17/04/26 11:00:00	A	UNK	M	Y_GE65	THS_PER	FRJ2	2015	7.5	u	
ESTAT:LFST_R_LFSD2POP(1.0)	17/04/26 11:00:00	A	UNK	M	Y_GE65	THS_PER	FRK1	2015	3.9	u	
ESTAT:LFST_R_LFSD2POP(1.0)	17/04/26 11:00:00	A	UNK	M	Y_GE65	THS_PER	FRK2	2015	15.8		
ESTAT:LFST_R_LFSD2POP(1.0)	17/04/26 11:00:00	A	UNK	M	Y_GE65	THS_PER	FRL0	2015	15.0		
ESTAT:LFST_R_LFSD2POP(1.0)	17/04/26 11:00:00	A	UNK	M	Y_GE65	THS_PER	FRM0	2015	2.2	u	
ESTAT:LFST_R_LFSD2POP(1.0)	17/04/26 11:00:00	A	UNK	T	Y_GE15	THS_PER	FR10	2015	74.4		
ESTAT:LFST_R_LFSD2POP(1.0)	17/04/26 11:00:00	A	UNK	T	Y_GE15	THS_PER	FRB0	2015	21.5		
ESTAT:LFST_R_LFSD2POP(1.0)	17/04/26 11:00:00	A	UNK	T	Y_GE15	THS_PER	FRC1	2015	13.4		
ESTAT:LFST_R_LFSD2POP(1.0)	17/04/26 11:00:00	A	UNK	T	Y_GE15	THS_PER	FRC2	2015	8.5	u	
ESTAT:LFST_R_LFSD2POP(1.0)	17/04/26 11:00:00	A	UNK	T	Y_GE15	THS_PER	FRD1	2015	9.7	u	
ESTAT:LFST_R_LFSD2POP(1.0)	17/04/26 11:00:00	A	UNK	T	Y_GE15	THS_PER	FRD2	2015	12.3		
ESTAT:LFST_R_LFSD2POP(1.0)	17/04/26 11:00:00	A	UNK	T	Y_GE15	THS_PER	FRE1	2015	20.7		
ESTAT:LFST_R_LFSD2POP(1.0)	17/04/26 11:00:00	A	UNK	T	Y_GE15	THS_PER	FRE2	2015	13.4		
ESTAT:LFST_R_LFSD2POP(1.0)	17/04/26 11:00:00	A	UNK	T	Y_GE15	THS_PER	FRF1	2015	11.0		
ESTAT:LFST_R_LFSD2POP(1.0)	17/04/26 11:00:00	A	UNK	T	Y_GE15	THS_PER	FRF2	2015	12.1		
ESTAT:LFST_R_LFSD2POP(1.0)	17/04/26 11:00:00	A	UNK	T	Y_GE15	THS_PER	FRF3	2015	13.2		
ESTAT:LFST_R_LFSD2POP(1.0)	17/04/26 11:00:00	A	UNK	T	Y_GE15	THS_PER	FRG0	2015	23.5		
ESTAT:LFST_R_LFSD2POP(1.0)	17/04/26 11:00:00	A	UNK	T	Y_GE15	THS_PER	FRH0	2015	22.3		
ESTAT:LFST_R_LFSD2POP(1.0)	17/04/26 11:00:00	A	UNK	T	Y_GE15	THS_PER	FRI1	2015	27.7		
ESTAT:LFST_R_LFSD2POP(1.0)	17/04/26 11:00:00	A	UNK	T	Y_GE15	THS_PER	FRI2	2015	10.1		
ESTAT:LFST_R_LFSD2POP(1.0)	17/04/26 11:00:00	A	UNK	T	Y_GE15	THS_PER	FRI3	2015	15.6		
ESTAT:LFST_R_LFSD2POP(1.0)	17/04/26 11:00:00	A	UNK	T	Y_GE15	THS_PER	FRJ1	2015	20.8		
ESTAT:LFST_R_LFSD2POP(1.0)	17/04/26 11:00:00	A	UNK	T	Y_GE15	THS_PER	FRJ2	2015	27.8		
ESTAT:LFST_R_LFSD2POP(1.0)	17/04/26 11:00:00	A	UNK	T	Y_GE15	THS_PER	FRK1	2015	10.9		
ESTAT:LFST_R_LFSD2POP(1.0)	17/04/26 11:00:00	A	UNK	T	Y_GE15	THS_PER	FRK2	2015	44.9		
ESTAT:LFST_R_LFSD2POP(1.0)	17/04/26 11:00:00	A	UNK	T	Y_GE15	THS_PER	FRL0	2015	50.0		
ESTAT:LFST_R_LFSD2POP(1.0)	17/04/26 11:00:00	A	UNK	T	Y_GE15	THS_PER	FRM0	2015	5.2	u	
ESTAT:LFST_R_LFSD2POP(1.0)	17/04/26 11:00:00	A	UNK	T	Y_GE25	THS_PER	FR10	2015	74.4		
ESTAT:LFST_R_LFSD2POP(1.0)	17/04/26 11:00:00	A	UNK	T	Y_GE25	THS_PER	FRB0	2015	21.5		
ESTAT:LFST_R_LFSD2POP(1.0)	17/04/26 11:00:00	A	UNK	T	Y_GE25	THS_PER	FRC1	2015	13.4		
ESTAT:LFST_R_LFSD2POP(1.0)	17/04/26 11:00:00	A	UNK	T	Y_GE25	THS_PER	FRC2	2015	8.5	u	
ESTAT:LFST_R_LFSD2POP(1.0)	17/04/26 11:00:00	A	UNK	T	Y_GE25	THS_PER	FRD1	2015	9.7	u	
ESTAT:LFST_R_LFSD2POP(1.0)	17/04/26 11:00:00	A	UNK	T	Y_GE25	THS_PER	FRD2	2015	12.3		
ESTAT:LFST_R_LFSD2POP(1.0)	17/04/26 11:00:00	A	UNK	T	Y_GE25	THS_PER	FRE1	2015	20.7		
ESTAT:LFST_R_LFSD2POP(1.0)	17/04/26 11:00:00	A	UNK	T	Y_GE25	THS_PER	FRE2	2015	13.4		
ESTAT:LFST_R_LFSD2POP(1.0)	17/04/26 11:00:00	A	UNK	T	Y_GE25	THS_PER	FRF1	2015	11.0		
ESTAT:LFST_R_LFSD2POP(1.0)	17/04/26 11:00:00	A	UNK	T	Y_GE25	THS_PER	FRF2	2015	12.1		
ESTAT:LFST_R_LFSD2POP(1.0)	17/04/26 11:00:00	A	UNK	T	Y_GE25	THS_PER	FRF3	2015	13.2		
ESTAT:LFST_R_LFSD2POP(1.0)	17/04/26 11:00:00	A	UNK	T	Y_GE25	THS_PER	FRG0	2015	23.5		
ESTAT:LFST_R_LFSD2POP(1.0)	17/04/26 11:00:00	A	UNK	T	Y_GE25	THS_PER	FRH0	2015	22.3		
ESTAT:LFST_R_LFSD2POP(1.0)	17/04/26 11:00:00	A	UNK	T	Y_GE25	THS_PER	FRI1	2015	27.7		
ESTAT:LFST_R_LFSD2POP(1.0)	17/04/26 11:00:00	A	UNK	T	Y_GE25	THS_PER	FRI2	2015	10.1		
ESTAT:LFST_R_LFSD2POP(1.0)	17/04/26 11:00:00	A	UNK	T	Y_GE25	THS_PER	FRI3	2015	15.6		
ESTAT:LFST_R_LFSD2POP(1.0)	17/04/26 11:00:00	A	UNK	T	Y_GE25	THS_PER	FRJ1	2015	20.8		
ESTAT:LFST_R_LFSD2POP(1.0)	17/04/26 11:00:00	A	UNK	T	Y_GE25	THS_PER	FRJ2	2015	27.8		
ESTAT:LFST_R_LFSD2POP(1.0)	17/04/26 11:00:00	A	UNK	T	Y_GE25	THS_PER	FRK1	2015	10.9		
ESTAT:LFST_R_LFSD2POP(1.0)	17/04/26 11:00:00	A	UNK	T	Y_GE25	THS_PER	FRK2	2015	44.9		
ESTAT:LFST_R_LFSD2POP(1.0)	17/04/26 11:00:00	A	UNK	T	Y_GE25	THS_PER	FRL0	2015	50.0		
ESTAT:LFST_R_LFSD2POP(1.0)	17/04/26 11:00:00	A	UNK	T	Y_GE25	THS_PER	FRM0	2015	5.2	u	
ESTAT:LFST_R_LFSD2POP(1.0)	17/04/26 11:00:00	A	UNK	T	Y_GE65	THS_PER	FR10	2015	74.4		
ESTAT:LFST_R_LFSD2POP(1.0)	17/04/26 11:00:00	A	UNK	T	Y_GE65	THS_PER	FRB0	2015	21.5		
ESTAT:LFST_R_LFSD2POP(1.0)	17/04/26 11:00:00	A	UNK	T	Y_GE65	THS_PER	FRC1	2015	13.4		
ESTAT:LFST_R_LFSD2POP(1.0)	17/04/26 11:00:00	A	UNK	T	Y_GE65	THS_PER	FRC2	2015	8.5	u	
ESTAT:LFST_R_LFSD2POP(1.0)	17/04/26 11:00:00	A	UNK	T	Y_GE65	THS_PER	FRD1	2015	9.7	u	
ESTAT:LFST_R_LFSD2POP(1.0)	17/04/26 11:00:00	A	UNK	T	Y_GE65	THS_PER	FRD2	2015	12.3		
ESTAT:LFST_R_LFSD2POP(1.0)	17/04/26 11:00:00	A	UNK	T	Y_GE65	THS_PER	FRE1	2015	20.7		
ESTAT:LFST_R_LFSD2POP(1.0)	17/04/26 11:00:00	A	UNK	T	Y_GE65	THS_PER	FRE2	2015	13.4		
ESTAT:LFST_R_LFSD2POP(1.0)	17/04/26 11:00:00	A	UNK	T	Y_GE65	THS_PER	FRF1	2015	11.0		
ESTAT:LFST_R_LFSD2POP(1.0)	17/04/26 11:00:00	A	UNK	T	Y_GE65	THS_PER	FRF2	2015	12.1		
ESTAT:LFST_R_LFSD2POP(1.0)	17/04/26 11:00:00	A	UNK	T	Y_GE65	THS_PER	FRF3	2015	13.2		
ESTAT:LFST_R_LFSD2POP(1.0)	17/04/26 11:00:00	A	UNK	T	Y_GE65	THS_PER	FRG0	2015	23.5		
ESTAT:LFST_R_LFSD2POP(1.0)	17/04/26 11:00:00	A	UNK	T	Y_GE65	THS_PER	FRH0	2015	22.3		
ESTAT:LFST_R_LFSD2POP(1.0)	17/04/26 11:00:00	A	UNK	T	Y_GE65	THS_PER	FRI1	2015	27.7		
ESTAT:LFST_R_LFSD2POP(1.0)	17/04/26 11:00:00	A	UNK	T	Y_GE65	THS_PER	FRI2	2015	10.1		
ESTAT:LFST_R_LFSD2POP(1.0)	17/04/26 11:00:00	A	UNK	T	Y_GE65	THS_PER	FRI3	2015	15.6		
ESTAT:LFST_R_LFSD2POP(1.0)	17/04/26 11:00:00	A	UNK	T	Y_GE65	THS_PER	FRJ1	2015	20.8		
ESTAT:LFST_R_LFSD2POP(1.0)	17/04/26 11:00:00	A	UNK	T	Y_GE65	THS_PER	FRJ2	2015	27.8		
ESTAT:LFST_R_LFSD2POP(1.0)	17/04/26 11:00:00	A	UNK	T	Y_GE65	THS_PER	FRK1	2015	10.9		
ESTAT:LFST_R_LFSD2POP(1.0)	17/04/26 11:00:00	A	UNK	T	Y_GE65	THS_PER	FRK2	2015	44.9		
ESTAT:LFST_R_LFSD2POP(1.0)	17/04/26 11:00:00	A	UNK	T	Y_GE65	THS_PER	FRL0	2015	50.0		
ESTAT:LFST_R_LFSD2POP(1.0)	17/04/26 11:00:00	A	UNK	T	Y_GE65	THS_PER	FRM0	2015	5.2	u	
