DATAFLOW	LAST UPDATE	freq	isced11	sex	age	unit	geo	TIME_PERIOD	OBS_VALUE	OBS_FLAG	CONF_STATUS
ESTAT:LFST_R_LFSD2POP(1.0)	17/04/26 11:00:00	A	ED0-2	F	Y15-24	THS_PER	FR10	2014	266.1		
ESTAT:LFST_R_LFSD2POP(1.0)	17/04/26 11:00:00	A	ED0-2	F	Y15-24	THS_PER	FRB0	2014	48.7		
ESTAT:LFST_R_LFSD2POP(1.0)	17/04/26 11:00:00	A	ED0-2	F	Y15-24	THS_PER	FRC1	2014	40.8		
ESTAT:LFST_R_LFSD2POP(1.0)	17/04/26 11:00:00	A	ED0-2	F	Y15-24	THS_PER	FRC2	2014	24.7		
ESTAT:LFST_R_LFSD2POP(1.0)	17/04/26 11:00:00	A	ED0-2	F	Y15-24	THS_PER	FRD1	2014	39.8		
ESTAT:LFST_R_LFSD2POP(1.0)	17/04/26 11:00:00	A	ED0-2	F	Y15-24	THS_PER	FRD2	2014	45.4		
ESTAT:LFST_R_LFSD2POP(1.0)	17/04/26 11:00:00	A	ED0-2	F	Y15-24	THS_PER	FRE1	2014	93.8		
ESTAT:LFST_R_LFSD2POP(1.0)	17/04/26 11:00:00	A	ED0-2	F	Y15-24	THS_PER	FRE2	2014	52.3		
ESTAT:LFST_R_LFSD2POP(1.0)	17/04/26 11:00:00	A	ED0-2	F	Y15-24	THS_PER	FRF1	2014	43.6		
ESTAT:LFST_R_LFSD2POP(1.0)	17/04/26 11:00:00	A	ED0-2	F	Y15-24	THS_PER	FRF2	2014	31.0		
ESTAT:LFST_R_LFSD2POP(1.0)	17/04/26 11:00:00	A	ED0-2	F	Y15-24	THS_PER	FRF3	2014	47.8		
ESTAT:LFST_R_LFSD2POP(1.0)	17/04/26 11:00:00	A	ED0-2	F	Y15-24	THS_PER	FRG0	2014	75.0		
ESTAT:LFST_R_LFSD2POP(1.0)	17/04/26 11:00:00	A	ED0-2	F	Y15-24	THS_PER	FRH0	2014	63.9		
ESTAT:LFST_R_LFSD2POP(1.0)	17/04/26 11:00:00	A	ED0-2	F	Y15-24	THS_PER	FRI1	2014	70.4		
ESTAT:LFST_R_LFSD2POP(1.0)	17/04/26 11:00:00	A	ED0-2	F	Y15-24	THS_PER	FRI2	2014	13.5		
ESTAT:LFST_R_LFSD2POP(1.0)	17/04/26 11:00:00	A	ED0-2	F	Y15-24	THS_PER	FRI3	2014	30.4		
ESTAT:LFST_R_LFSD2POP(1.0)	17/04/26 11:00:00	A	ED0-2	F	Y15-24	THS_PER	FRJ1	2014	59.6		
ESTAT:LFST_R_LFSD2POP(1.0)	17/04/26 11:00:00	A	ED0-2	F	Y15-24	THS_PER	FRJ2	2014	56.7		
ESTAT:LFST_R_LFSD2POP(1.0)	17/04/26 11:00:00	A	ED0-2	F	Y15-24	THS_PER	FRK1	2014	26.0		
ESTAT:LFST_R_LFSD2POP(1.0)	17/04/26 11:00:00	A	ED0-2	F	Y15-24	THS_PER	FRK2	2014	152.9		
ESTAT:LFST_R_LFSD2POP(1.0)	17/04/26 11:00:00	A	ED0-2	F	Y15-24	THS_PER	FRL0	2014	106.7		
ESTAT:LFST_R_LFSD2POP(1.0)	17/04/26 11:00:00	A	ED0-2	F	Y15-24	THS_PER	FRM0	2014	3.5	u	
ESTAT:LFST_R_LFSD2POP(1.0)	17/04/26 11:00:00	A	ED0-2	F	Y15-64	THS_PER	FR10	2014	1011.6		
ESTAT:LFST_R_LFSD2POP(1.0)	17/04/26 11:00:00	A	ED0-2	F	Y15-64	THS_PER	FRB0	2014	228.9		
ESTAT:LFST_R_LFSD2POP(1.0)	17/04/26 11:00:00	A	ED0-2	F	Y15-64	THS_PER	FRC1	2014	152.3		
ESTAT:LFST_R_LFSD2POP(1.0)	17/04/26 11:00:00	A	ED0-2	F	Y15-64	THS_PER	FRC2	2014	98.4		
ESTAT:LFST_R_LFSD2POP(1.0)	17/04/26 11:00:00	A	ED0-2	F	Y15-64	THS_PER	FRD1	2014	146.8		
ESTAT:LFST_R_LFSD2POP(1.0)	17/04/26 11:00:00	A	ED0-2	F	Y15-64	THS_PER	FRD2	2014	186.1		
ESTAT:LFST_R_LFSD2POP(1.0)	17/04/26 11:00:00	A	ED0-2	F	Y15-64	THS_PER	FRE1	2014	400.6		
ESTAT:LFST_R_LFSD2POP(1.0)	17/04/26 11:00:00	A	ED0-2	F	Y15-64	THS_PER	FRE2	2014	222.2		
ESTAT:LFST_R_LFSD2POP(1.0)	17/04/26 11:00:00	A	ED0-2	F	Y15-64	THS_PER	FRF1	2014	163.2		
ESTAT:LFST_R_LFSD2POP(1.0)	17/04/26 11:00:00	A	ED0-2	F	Y15-64	THS_PER	FRF2	2014	140.7		
ESTAT:LFST_R_LFSD2POP(1.0)	17/04/26 11:00:00	A	ED0-2	F	Y15-64	THS_PER	FRF3	2014	193.0		
ESTAT:LFST_R_LFSD2POP(1.0)	17/04/26 11:00:00	A	ED0-2	F	Y15-64	THS_PER	FRG0	2014	281.7		
ESTAT:LFST_R_LFSD2POP(1.0)	17/04/26 11:00:00	A	ED0-2	F	Y15-64	THS_PER	FRH0	2014	201.5		
ESTAT:LFST_R_LFSD2POP(1.0)	17/04/26 11:00:00	A	ED0-2	F	Y15-64	THS_PER	FRI1	2014	242.9		
ESTAT:LFST_R_LFSD2POP(1.0)	17/04/26 11:00:00	A	ED0-2	F	Y15-64	THS_PER	FRI2	2014	51.1		
ESTAT:LFST_R_LFSD2POP(1.0)	17/04/26 11:00:00	A	ED0-2	F	Y15-64	THS_PER	FRI3	2014	143.5		
ESTAT:LFST_R_LFSD2POP(1.0)	17/04/26 11:00:00	A	ED0-2	F	Y15-64	THS_PER	FRJ1	2014	243.7		
ESTAT:LFST_R_LFSD2POP(1.0)	17/04/26 11:00:00	A	ED0-2	F	Y15-64	THS_PER	FRJ2	2014	192.9		
ESTAT:LFST_R_LFSD2POP(1.0)	17/04/26 11:00:00	A	ED0-2	F	Y15-64	THS_PER	FRK1	2014	113.6		
ESTAT:LFST_R_LFSD2POP(1.0)	17/04/26 11:00:00	A	ED0-2	F	Y15-64	THS_PER	FRK2	2014	491.7		
ESTAT:LFST_R_LFSD2POP(1.0)	17/04/26 11:00:00	A	ED0-2	F	Y15-64	THS_PER	FRL0	2014	411.8		
ESTAT:LFST_R_LFSD2POP(1.0)	17/04/26 11:00:00	A	ED0-2	F	Y15-64	THS_PER	FRM0	2014	15.0	u	
ESTAT:LFST_R_LFSD2POP(1.0)	17/04/26 11:00:00	A	ED0-2	F	Y15-74	THS_PER	FR10	2014	1204.6		
ESTAT:LFST_R_LFSD2POP(1.0)	17/04/26 11:00:00	A	ED0-2	F	Y15-74	THS_PER	FRB0	2014	315.4		
ESTAT:LFST_R_LFSD2POP(1.0)	17/04/26 11:00:00	A	ED0-2	F	Y15-74	THS_PER	FRC1	2014	195.1		
ESTAT:LFST_R_LFSD2POP(1.0)	17/04/26 11:00:00	A	ED0-2	F	Y15-74	THS_PER	FRC2	2014	128.4		
ESTAT:LFST_R_LFSD2POP(1.0)	17/04/26 11:00:00	A	ED0-2	F	Y15-74	THS_PER	FRD1	2014	193.4		
ESTAT:LFST_R_LFSD2POP(1.0)	17/04/26 11:00:00	A	ED0-2	F	Y15-74	THS_PER	FRD2	2014	244.6		
ESTAT:LFST_R_LFSD2POP(1.0)	17/04/26 11:00:00	A	ED0-2	F	Y15-74	THS_PER	FRE1	2014	517.5		
ESTAT:LFST_R_LFSD2POP(1.0)	17/04/26 11:00:00	A	ED0-2	F	Y15-74	THS_PER	FRE2	2014	280.2		
ESTAT:LFST_R_LFSD2POP(1.0)	17/04/26 11:00:00	A	ED0-2	F	Y15-74	THS_PER	FRF1	2014	202.6		
ESTAT:LFST_R_LFSD2POP(1.0)	17/04/26 11:00:00	A	ED0-2	F	Y15-74	THS_PER	FRF2	2014	180.7		
ESTAT:LFST_R_LFSD2POP(1.0)	17/04/26 11:00:00	A	ED0-2	F	Y15-74	THS_PER	FRF3	2014	253.4		
ESTAT:LFST_R_LFSD2POP(1.0)	17/04/26 11:00:00	A	ED0-2	F	Y15-74	THS_PER	FRG0	2014	382.6		
ESTAT:LFST_R_LFSD2POP(1.0)	17/04/26 11:00:00	A	ED0-2	F	Y15-74	THS_PER	FRH0	2014	285.9		
ESTAT:LFST_R_LFSD2POP(1.0)	17/04/26 11:00:00	A	ED0-2	F	Y15-74	THS_PER	FRI1	2014	340.2		
ESTAT:LFST_R_LFSD2POP(1.0)	17/04/26 11:00:00	A	ED0-2	F	Y15-74	THS_PER	FRI2	2014	74.3		
ESTAT:LFST_R_LFSD2POP(1.0)	17/04/26 11:00:00	A	ED0-2	F	Y15-74	THS_PER	FRI3	2014	206.1		
ESTAT:LFST_R_LFSD2POP(1.0)	17/04/26 11:00:00	A	ED0-2	F	Y15-74	THS_PER	FRJ1	2014	324.0		
ESTAT:LFST_R_LFSD2POP(1.0)	17/04/26 11:00:00	A	ED0-2	F	Y15-74	THS_PER	FRJ2	2014	266.8		
ESTAT:LFST_R_LFSD2POP(1.0)	17/04/26 11:00:00	A	ED0-2	F	Y15-74	THS_PER	FRK1	2014	149.2		
ESTAT:LFST_R_LFSD2POP(1.0)	17/04/26 11:00:00	A	ED0-2	F	Y15-74	THS_PER	FRK2	2014	639.0		
ESTAT:LFST_R_LFSD2POP(1.0)	17/04/26 11:00:00	A	ED0-2	F	Y15-74	THS_PER	FRL0	2014	551.0		
ESTAT:LFST_R_LFSD2POP(1.0)	17/04/26 11:00:00	A	ED0-2	F	Y15-74	THS_PER	FRM0	2014	21.8	u	
ESTAT:LFST_R_LFSD2POP(1.0)	17/04/26 11:00:00	A	ED0-2	F	Y20-64	THS_PER	FR10	2014	781.5		
ESTAT:LFST_R_LFSD2POP(1.0)	17/04/26 11:00:00	A	ED0-2	F	Y20-64	THS_PER	FRB0	2014	185.6		
ESTAT:LFST_R_LFSD2POP(1.0)	17/04/26 11:00:00	A	ED0-2	F	Y20-64	THS_PER	FRC1	2014	116.9		
ESTAT:LFST_R_LFSD2POP(1.0)	17/04/26 11:00:00	A	ED0-2	F	Y20-64	THS_PER	FRC2	2014	76.3		
ESTAT:LFST_R_LFSD2POP(1.0)	17/04/26 11:00:00	A	ED0-2	F	Y20-64	THS_PER	FRD1	2014	113.2		
ESTAT:LFST_R_LFSD2POP(1.0)	17/04/26 11:00:00	A	ED0-2	F	Y20-64	THS_PER	FRD2	2014	145.6		
ESTAT:LFST_R_LFSD2POP(1.0)	17/04/26 11:00:00	A	ED0-2	F	Y20-64	THS_PER	FRE1	2014	322.8		
ESTAT:LFST_R_LFSD2POP(1.0)	17/04/26 11:00:00	A	ED0-2	F	Y20-64	THS_PER	FRE2	2014	179.3		
ESTAT:LFST_R_LFSD2POP(1.0)	17/04/26 11:00:00	A	ED0-2	F	Y20-64	THS_PER	FRF1	2014	127.1		
ESTAT:LFST_R_LFSD2POP(1.0)	17/04/26 11:00:00	A	ED0-2	F	Y20-64	THS_PER	FRF2	2014	115.3		
ESTAT:LFST_R_LFSD2POP(1.0)	17/04/26 11:00:00	A	ED0-2	F	Y20-64	THS_PER	FRF3	2014	154.4		
ESTAT:LFST_R_LFSD2POP(1.0)	17/04/26 11:00:00	A	ED0-2	F	Y20-64	THS_PER	FRG0	2014	212.6		
ESTAT:LFST_R_LFSD2POP(1.0)	17/04/26 11:00:00	A	ED0-2	F	Y20-64	THS_PER	FRH0	2014	140.8		
ESTAT:LFST_R_LFSD2POP(1.0)	17/04/26 11:00:00	A	ED0-2	F	Y20-64	THS_PER	FRI1	2014	179.3		
ESTAT:LFST_R_LFSD2POP(1.0)	17/04/26 11:00:00	A	ED0-2	F	Y20-64	THS_PER	FRI2	2014	39.7		
ESTAT:LFST_R_LFSD2POP(1.0)	17/04/26 11:00:00	A	ED0-2	F	Y20-64	THS_PER	FRI3	2014	116.5		
ESTAT:LFST_R_LFSD2POP(1.0)	17/04/26 11:00:00	A	ED0-2	F	Y20-64	THS_PER	FRJ1	2014	195.9		
ESTAT:LFST_R_LFSD2POP(1.0)	17/04/26 11:00:00	A	ED0-2	F	Y20-64	THS_PER	FRJ2	2014	139.9		
ESTAT:LFST_R_LFSD2POP(1.0)	17/04/26 11:00:00	A	ED0-2	F	Y20-64	THS_PER	FRK1	2014	88.9		
ESTAT:LFST_R_LFSD2POP(1.0)	17/04/26 11:00:00	A	ED0-2	F	Y20-64	THS_PER	FRK2	2014	354.3		
ESTAT:LFST_R_LFSD2POP(1.0)	17/04/26 11:00:00	A	ED0-2	F	Y20-64	THS_PER	FRL0	2014	322.2		
ESTAT:LFST_R_LFSD2POP(1.0)	17/04/26 11:00:00	A	ED0-2	F	Y20-64	THS_PER	FRM0	2014	11.7	u	
ESTAT:LFST_R_LFSD2POP(1.0)	17/04/26 11:00:00	A	ED0-2	F	Y25-34	THS_PER	FR10	2014	118.3		
ESTAT:LFST_R_LFSD2POP(1.0)	17/04/26 11:00:00	A	ED0-2	F	Y25-34	THS_PER	FRB0	2014	21.0		
ESTAT:LFST_R_LFSD2POP(1.0)	17/04/26 11:00:00	A	ED0-2	F	Y25-34	THS_PER	FRC1	2014	9.3	u	
ESTAT:LFST_R_LFSD2POP(1.0)	17/04/26 11:00:00	A	ED0-2	F	Y25-34	THS_PER	FRC2	2014	6.9	u	
ESTAT:LFST_R_LFSD2POP(1.0)	17/04/26 11:00:00	A	ED0-2	F	Y25-34	THS_PER	FRD1	2014	9.1	u	
ESTAT:LFST_R_LFSD2POP(1.0)	17/04/26 11:00:00	A	ED0-2	F	Y25-34	THS_PER	FRD2	2014	15.7		
ESTAT:LFST_R_LFSD2POP(1.0)	17/04/26 11:00:00	A	ED0-2	F	Y25-34	THS_PER	FRE1	2014	34.2		
ESTAT:LFST_R_LFSD2POP(1.0)	17/04/26 11:00:00	A	ED0-2	F	Y25-34	THS_PER	FRE2	2014	17.6		
ESTAT:LFST_R_LFSD2POP(1.0)	17/04/26 11:00:00	A	ED0-2	F	Y25-34	THS_PER	FRF1	2014	17.4		
ESTAT:LFST_R_LFSD2POP(1.0)	17/04/26 11:00:00	A	ED0-2	F	Y25-34	THS_PER	FRF2	2014	14.6		
ESTAT:LFST_R_LFSD2POP(1.0)	17/04/26 11:00:00	A	ED0-2	F	Y25-34	THS_PER	FRF3	2014	17.9		
ESTAT:LFST_R_LFSD2POP(1.0)	17/04/26 11:00:00	A	ED0-2	F	Y25-34	THS_PER	FRG0	2014	24.1		
ESTAT:LFST_R_LFSD2POP(1.0)	17/04/26 11:00:00	A	ED0-2	F	Y25-34	THS_PER	FRH0	2014	10.5		
ESTAT:LFST_R_LFSD2POP(1.0)	17/04/26 11:00:00	A	ED0-2	F	Y25-34	THS_PER	FRI1	2014	16.4		
ESTAT:LFST_R_LFSD2POP(1.0)	17/04/26 11:00:00	A	ED0-2	F	Y25-34	THS_PER	FRI2	2014	2.3	u	
ESTAT:LFST_R_LFSD2POP(1.0)	17/04/26 11:00:00	A	ED0-2	F	Y25-34	THS_PER	FRI3	2014	12.4		
ESTAT:LFST_R_LFSD2POP(1.0)	17/04/26 11:00:00	A	ED0-2	F	Y25-34	THS_PER	FRJ1	2014	28.8		
ESTAT:LFST_R_LFSD2POP(1.0)	17/04/26 11:00:00	A	ED0-2	F	Y25-34	THS_PER	FRJ2	2014	17.5		
ESTAT:LFST_R_LFSD2POP(1.0)	17/04/26 11:00:00	A	ED0-2	F	Y25-34	THS_PER	FRK1	2014	9.5	u	
ESTAT:LFST_R_LFSD2POP(1.0)	17/04/26 11:00:00	A	ED0-2	F	Y25-34	THS_PER	FRK2	2014	43.0		
ESTAT:LFST_R_LFSD2POP(1.0)	17/04/26 11:00:00	A	ED0-2	F	Y25-34	THS_PER	FRL0	2014	29.4		
ESTAT:LFST_R_LFSD2POP(1.0)	17/04/26 11:00:00	A	ED0-2	F	Y25-34	THS_PER	FRM0	2014	0.6	u	
ESTAT:LFST_R_LFSD2POP(1.0)	17/04/26 11:00:00	A	ED0-2	F	Y25-64	THS_PER	FR10	2014	745.5		
ESTAT:LFST_R_LFSD2POP(1.0)	17/04/26 11:00:00	A	ED0-2	F	Y25-64	THS_PER	FRB0	2014	180.2		
ESTAT:LFST_R_LFSD2POP(1.0)	17/04/26 11:00:00	A	ED0-2	F	Y25-64	THS_PER	FRC1	2014	111.5		
ESTAT:LFST_R_LFSD2POP(1.0)	17/04/26 11:00:00	A	ED0-2	F	Y25-64	THS_PER	FRC2	2014	73.7		
ESTAT:LFST_R_LFSD2POP(1.0)	17/04/26 11:00:00	A	ED0-2	F	Y25-64	THS_PER	FRD1	2014	106.9		
ESTAT:LFST_R_LFSD2POP(1.0)	17/04/26 11:00:00	A	ED0-2	F	Y25-64	THS_PER	FRD2	2014	140.7		
ESTAT:LFST_R_LFSD2POP(1.0)	17/04/26 11:00:00	A	ED0-2	F	Y25-64	THS_PER	FRE1	2014	306.8		
ESTAT:LFST_R_LFSD2POP(1.0)	17/04/26 11:00:00	A	ED0-2	F	Y25-64	THS_PER	FRE2	2014	169.9		
ESTAT:LFST_R_LFSD2POP(1.0)	17/04/26 11:00:00	A	ED0-2	F	Y25-64	THS_PER	FRF1	2014	119.6		
ESTAT:LFST_R_LFSD2POP(1.0)	17/04/26 11:00:00	A	ED0-2	F	Y25-64	THS_PER	FRF2	2014	109.7		
ESTAT:LFST_R_LFSD2POP(1.0)	17/04/26 11:00:00	A	ED0-2	F	Y25-64	THS_PER	FRF3	2014	145.1		
ESTAT:LFST_R_LFSD2POP(1.0)	17/04/26 11:00:00	A	ED0-2	F	Y25-64	THS_PER	FRG0	2014	206.8		
ESTAT:LFST_R_LFSD2POP(1.0)	17/04/26 11:00:00	A	ED0-2	F	Y25-64	THS_PER	FRH0	2014	137.6		
ESTAT:LFST_R_LFSD2POP(1.0)	17/04/26 11:00:00	A	ED0-2	F	Y25-64	THS_PER	FRI1	2014	172.6		
ESTAT:LFST_R_LFSD2POP(1.0)	17/04/26 11:00:00	A	ED0-2	F	Y25-64	THS_PER	FRI2	2014	37.7		
ESTAT:LFST_R_LFSD2POP(1.0)	17/04/26 11:00:00	A	ED0-2	F	Y25-64	THS_PER	FRI3	2014	113.2		
ESTAT:LFST_R_LFSD2POP(1.0)	17/04/26 11:00:00	A	ED0-2	F	Y25-64	THS_PER	FRJ1	2014	184.1		
ESTAT:LFST_R_LFSD2POP(1.0)	17/04/26 11:00:00	A	ED0-2	F	Y25-64	THS_PER	FRJ2	2014	136.2		
ESTAT:LFST_R_LFSD2POP(1.0)	17/04/26 11:00:00	A	ED0-2	F	Y25-64	THS_PER	FRK1	2014	87.6		
ESTAT:LFST_R_LFSD2POP(1.0)	17/04/26 11:00:00	A	ED0-2	F	Y25-64	THS_PER	FRK2	2014	338.8		
ESTAT:LFST_R_LFSD2POP(1.0)	17/04/26 11:00:00	A	ED0-2	F	Y25-64	THS_PER	FRL0	2014	305.1		
ESTAT:LFST_R_LFSD2POP(1.0)	17/04/26 11:00:00	A	ED0-2	F	Y25-64	THS_PER	FRM0	2014	11.5	u	
ESTAT:LFST_R_LFSD2POP(1.0)	17/04/26 11:00:00	A	ED0-2	F	Y35-44	THS_PER	FR10	2014	147.0		
ESTAT:LFST_R_LFSD2POP(1.0)	17/04/26 11:00:00	A	ED0-2	F	Y35-44	THS_PER	FRB0	2014	22.7		
ESTAT:LFST_R_LFSD2POP(1.0)	17/04/26 11:00:00	A	ED0-2	F	Y35-44	THS_PER	FRC1	2014	15.0		
ESTAT:LFST_R_LFSD2POP(1.0)	17/04/26 11:00:00	A	ED0-2	F	Y35-44	THS_PER	FRC2	2014	12.3		
ESTAT:LFST_R_LFSD2POP(1.0)	17/04/26 11:00:00	A	ED0-2	F	Y35-44	THS_PER	FRD1	2014	13.5		
ESTAT:LFST_R_LFSD2POP(1.0)	17/04/26 11:00:00	A	ED0-2	F	Y35-44	THS_PER	FRD2	2014	24.0		
ESTAT:LFST_R_LFSD2POP(1.0)	17/04/26 11:00:00	A	ED0-2	F	Y35-44	THS_PER	FRE1	2014	51.9		
ESTAT:LFST_R_LFSD2POP(1.0)	17/04/26 11:00:00	A	ED0-2	F	Y35-44	THS_PER	FRE2	2014	28.8		
ESTAT:LFST_R_LFSD2POP(1.0)	17/04/26 11:00:00	A	ED0-2	F	Y35-44	THS_PER	FRF1	2014	19.5		
ESTAT:LFST_R_LFSD2POP(1.0)	17/04/26 11:00:00	A	ED0-2	F	Y35-44	THS_PER	FRF2	2014	18.7		
ESTAT:LFST_R_LFSD2POP(1.0)	17/04/26 11:00:00	A	ED0-2	F	Y35-44	THS_PER	FRF3	2014	26.3		
ESTAT:LFST_R_LFSD2POP(1.0)	17/04/26 11:00:00	A	ED0-2	F	Y35-44	THS_PER	FRG0	2014	24.3		
ESTAT:LFST_R_LFSD2POP(1.0)	17/04/26 11:00:00	A	ED0-2	F	Y35-44	THS_PER	FRH0	2014	22.7		
ESTAT:LFST_R_LFSD2POP(1.0)	17/04/26 11:00:00	A	ED0-2	F	Y35-44	THS_PER	FRI1	2014	24.9		
ESTAT:LFST_R_LFSD2POP(1.0)	17/04/26 11:00:00	A	ED0-2	F	Y35-44	THS_PER	FRI2	2014	5.3	u	
ESTAT:LFST_R_LFSD2POP(1.0)	17/04/26 11:00:00	A	ED0-2	F	Y35-44	THS_PER	FRI3	2014	21.7		
ESTAT:LFST_R_LFSD2POP(1.0)	17/04/26 11:00:00	A	ED0-2	F	Y35-44	THS_PER	FRJ1	2014	25.5		
ESTAT:LFST_R_LFSD2POP(1.0)	17/04/26 11:00:00	A	ED0-2	F	Y35-44	THS_PER	FRJ2	2014	20.1		
ESTAT:LFST_R_LFSD2POP(1.0)	17/04/26 11:00:00	A	ED0-2	F	Y35-44	THS_PER	FRK1	2014	14.9		
ESTAT:LFST_R_LFSD2POP(1.0)	17/04/26 11:00:00	A	ED0-2	F	Y35-44	THS_PER	FRK2	2014	56.1		
ESTAT:LFST_R_LFSD2POP(1.0)	17/04/26 11:00:00	A	ED0-2	F	Y35-44	THS_PER	FRL0	2014	55.1		
ESTAT:LFST_R_LFSD2POP(1.0)	17/04/26 11:00:00	A	ED0-2	F	Y35-44	THS_PER	FRM0	2014	3.4	u	
ESTAT:LFST_R_LFSD2POP(1.0)	17/04/26 11:00:00	A	ED0-2	F	Y45-54	THS_PER	FR10	2014	215.1		
ESTAT:LFST_R_LFSD2POP(1.0)	17/04/26 11:00:00	A	ED0-2	F	Y45-54	THS_PER	FRB0	2014	52.6		
ESTAT:LFST_R_LFSD2POP(1.0)	17/04/26 11:00:00	A	ED0-2	F	Y45-54	THS_PER	FRC1	2014	30.0		
ESTAT:LFST_R_LFSD2POP(1.0)	17/04/26 11:00:00	A	ED0-2	F	Y45-54	THS_PER	FRC2	2014	21.0		
ESTAT:LFST_R_LFSD2POP(1.0)	17/04/26 11:00:00	A	ED0-2	F	Y45-54	THS_PER	FRD1	2014	28.2		
ESTAT:LFST_R_LFSD2POP(1.0)	17/04/26 11:00:00	A	ED0-2	F	Y45-54	THS_PER	FRD2	2014	43.6		
ESTAT:LFST_R_LFSD2POP(1.0)	17/04/26 11:00:00	A	ED0-2	F	Y45-54	THS_PER	FRE1	2014	83.2		
ESTAT:LFST_R_LFSD2POP(1.0)	17/04/26 11:00:00	A	ED0-2	F	Y45-54	THS_PER	FRE2	2014	62.1		
ESTAT:LFST_R_LFSD2POP(1.0)	17/04/26 11:00:00	A	ED0-2	F	Y45-54	THS_PER	FRF1	2014	34.5		
ESTAT:LFST_R_LFSD2POP(1.0)	17/04/26 11:00:00	A	ED0-2	F	Y45-54	THS_PER	FRF2	2014	31.5		
ESTAT:LFST_R_LFSD2POP(1.0)	17/04/26 11:00:00	A	ED0-2	F	Y45-54	THS_PER	FRF3	2014	42.1		
ESTAT:LFST_R_LFSD2POP(1.0)	17/04/26 11:00:00	A	ED0-2	F	Y45-54	THS_PER	FRG0	2014	57.7		
ESTAT:LFST_R_LFSD2POP(1.0)	17/04/26 11:00:00	A	ED0-2	F	Y45-54	THS_PER	FRH0	2014	39.4		
ESTAT:LFST_R_LFSD2POP(1.0)	17/04/26 11:00:00	A	ED0-2	F	Y45-54	THS_PER	FRI1	2014	54.4		
ESTAT:LFST_R_LFSD2POP(1.0)	17/04/26 11:00:00	A	ED0-2	F	Y45-54	THS_PER	FRI2	2014	10.5		
ESTAT:LFST_R_LFSD2POP(1.0)	17/04/26 11:00:00	A	ED0-2	F	Y45-54	THS_PER	FRI3	2014	27.5		
ESTAT:LFST_R_LFSD2POP(1.0)	17/04/26 11:00:00	A	ED0-2	F	Y45-54	THS_PER	FRJ1	2014	55.5		
ESTAT:LFST_R_LFSD2POP(1.0)	17/04/26 11:00:00	A	ED0-2	F	Y45-54	THS_PER	FRJ2	2014	38.4		
ESTAT:LFST_R_LFSD2POP(1.0)	17/04/26 11:00:00	A	ED0-2	F	Y45-54	THS_PER	FRK1	2014	23.3		
ESTAT:LFST_R_LFSD2POP(1.0)	17/04/26 11:00:00	A	ED0-2	F	Y45-54	THS_PER	FRK2	2014	93.6		
ESTAT:LFST_R_LFSD2POP(1.0)	17/04/26 11:00:00	A	ED0-2	F	Y45-54	THS_PER	FRL0	2014	99.6		
ESTAT:LFST_R_LFSD2POP(1.0)	17/04/26 11:00:00	A	ED0-2	F	Y45-54	THS_PER	FRM0	2014	2.9	u	
ESTAT:LFST_R_LFSD2POP(1.0)	17/04/26 11:00:00	A	ED0-2	F	Y55-64	THS_PER	FR10	2014	265.2		
ESTAT:LFST_R_LFSD2POP(1.0)	17/04/26 11:00:00	A	ED0-2	F	Y55-64	THS_PER	FRB0	2014	83.8		
ESTAT:LFST_R_LFSD2POP(1.0)	17/04/26 11:00:00	A	ED0-2	F	Y55-64	THS_PER	FRC1	2014	57.3		
ESTAT:LFST_R_LFSD2POP(1.0)	17/04/26 11:00:00	A	ED0-2	F	Y55-64	THS_PER	FRC2	2014	33.5		
ESTAT:LFST_R_LFSD2POP(1.0)	17/04/26 11:00:00	A	ED0-2	F	Y55-64	THS_PER	FRD1	2014	56.2		
ESTAT:LFST_R_LFSD2POP(1.0)	17/04/26 11:00:00	A	ED0-2	F	Y55-64	THS_PER	FRD2	2014	57.4		
ESTAT:LFST_R_LFSD2POP(1.0)	17/04/26 11:00:00	A	ED0-2	F	Y55-64	THS_PER	FRE1	2014	137.4		
ESTAT:LFST_R_LFSD2POP(1.0)	17/04/26 11:00:00	A	ED0-2	F	Y55-64	THS_PER	FRE2	2014	61.4		
ESTAT:LFST_R_LFSD2POP(1.0)	17/04/26 11:00:00	A	ED0-2	F	Y55-64	THS_PER	FRF1	2014	48.2		
ESTAT:LFST_R_LFSD2POP(1.0)	17/04/26 11:00:00	A	ED0-2	F	Y55-64	THS_PER	FRF2	2014	44.8		
ESTAT:LFST_R_LFSD2POP(1.0)	17/04/26 11:00:00	A	ED0-2	F	Y55-64	THS_PER	FRF3	2014	58.9		
ESTAT:LFST_R_LFSD2POP(1.0)	17/04/26 11:00:00	A	ED0-2	F	Y55-64	THS_PER	FRG0	2014	100.6		
ESTAT:LFST_R_LFSD2POP(1.0)	17/04/26 11:00:00	A	ED0-2	F	Y55-64	THS_PER	FRH0	2014	65.0		
ESTAT:LFST_R_LFSD2POP(1.0)	17/04/26 11:00:00	A	ED0-2	F	Y55-64	THS_PER	FRI1	2014	76.9		
ESTAT:LFST_R_LFSD2POP(1.0)	17/04/26 11:00:00	A	ED0-2	F	Y55-64	THS_PER	FRI2	2014	19.6		
ESTAT:LFST_R_LFSD2POP(1.0)	17/04/26 11:00:00	A	ED0-2	F	Y55-64	THS_PER	FRI3	2014	51.6		
ESTAT:LFST_R_LFSD2POP(1.0)	17/04/26 11:00:00	A	ED0-2	F	Y55-64	THS_PER	FRJ1	2014	74.3		
ESTAT:LFST_R_LFSD2POP(1.0)	17/04/26 11:00:00	A	ED0-2	F	Y55-64	THS_PER	FRJ2	2014	60.3		
ESTAT:LFST_R_LFSD2POP(1.0)	17/04/26 11:00:00	A	ED0-2	F	Y55-64	THS_PER	FRK1	2014	39.8		
ESTAT:LFST_R_LFSD2POP(1.0)	17/04/26 11:00:00	A	ED0-2	F	Y55-64	THS_PER	FRK2	2014	146.1		
ESTAT:LFST_R_LFSD2POP(1.0)	17/04/26 11:00:00	A	ED0-2	F	Y55-64	THS_PER	FRL0	2014	120.9		
ESTAT:LFST_R_LFSD2POP(1.0)	17/04/26 11:00:00	A	ED0-2	F	Y55-64	THS_PER	FRM0	2014	4.7	u	
ESTAT:LFST_R_LFSD2POP(1.0)	17/04/26 11:00:00	A	ED0-2	F	Y_GE15	THS_PER	FR10	2014	1441.5		
ESTAT:LFST_R_LFSD2POP(1.0)	17/04/26 11:00:00	A	ED0-2	F	Y_GE15	THS_PER	FRB0	2014	421.0		
ESTAT:LFST_R_LFSD2POP(1.0)	17/04/26 11:00:00	A	ED0-2	F	Y_GE15	THS_PER	FRC1	2014	262.6		
ESTAT:LFST_R_LFSD2POP(1.0)	17/04/26 11:00:00	A	ED0-2	F	Y_GE15	THS_PER	FRC2	2014	175.4		
ESTAT:LFST_R_LFSD2POP(1.0)	17/04/26 11:00:00	A	ED0-2	F	Y_GE15	THS_PER	FRD1	2014	261.7		
ESTAT:LFST_R_LFSD2POP(1.0)	17/04/26 11:00:00	A	ED0-2	F	Y_GE15	THS_PER	FRD2	2014	306.3		
ESTAT:LFST_R_LFSD2POP(1.0)	17/04/26 11:00:00	A	ED0-2	F	Y_GE15	THS_PER	FRE1	2014	657.4		
ESTAT:LFST_R_LFSD2POP(1.0)	17/04/26 11:00:00	A	ED0-2	F	Y_GE15	THS_PER	FRE2	2014	344.0		
ESTAT:LFST_R_LFSD2POP(1.0)	17/04/26 11:00:00	A	ED0-2	F	Y_GE15	THS_PER	FRF1	2014	248.5		
ESTAT:LFST_R_LFSD2POP(1.0)	17/04/26 11:00:00	A	ED0-2	F	Y_GE15	THS_PER	FRF2	2014	234.1		
ESTAT:LFST_R_LFSD2POP(1.0)	17/04/26 11:00:00	A	ED0-2	F	Y_GE15	THS_PER	FRF3	2014	332.5		
ESTAT:LFST_R_LFSD2POP(1.0)	17/04/26 11:00:00	A	ED0-2	F	Y_GE15	THS_PER	FRG0	2014	516.5		
ESTAT:LFST_R_LFSD2POP(1.0)	17/04/26 11:00:00	A	ED0-2	F	Y_GE15	THS_PER	FRH0	2014	424.4		
ESTAT:LFST_R_LFSD2POP(1.0)	17/04/26 11:00:00	A	ED0-2	F	Y_GE15	THS_PER	FRI1	2014	449.1		
ESTAT:LFST_R_LFSD2POP(1.0)	17/04/26 11:00:00	A	ED0-2	F	Y_GE15	THS_PER	FRI2	2014	114.7		
ESTAT:LFST_R_LFSD2POP(1.0)	17/04/26 11:00:00	A	ED0-2	F	Y_GE15	THS_PER	FRI3	2014	290.3		
ESTAT:LFST_R_LFSD2POP(1.0)	17/04/26 11:00:00	A	ED0-2	F	Y_GE15	THS_PER	FRJ1	2014	427.8		
ESTAT:LFST_R_LFSD2POP(1.0)	17/04/26 11:00:00	A	ED0-2	F	Y_GE15	THS_PER	FRJ2	2014	387.8		
ESTAT:LFST_R_LFSD2POP(1.0)	17/04/26 11:00:00	A	ED0-2	F	Y_GE15	THS_PER	FRK1	2014	208.5		
ESTAT:LFST_R_LFSD2POP(1.0)	17/04/26 11:00:00	A	ED0-2	F	Y_GE15	THS_PER	FRK2	2014	828.8		
ESTAT:LFST_R_LFSD2POP(1.0)	17/04/26 11:00:00	A	ED0-2	F	Y_GE15	THS_PER	FRL0	2014	725.0		
ESTAT:LFST_R_LFSD2POP(1.0)	17/04/26 11:00:00	A	ED0-2	F	Y_GE15	THS_PER	FRM0	2014	29.9	u	
ESTAT:LFST_R_LFSD2POP(1.0)	17/04/26 11:00:00	A	ED0-2	F	Y_GE25	THS_PER	FR10	2014	1175.4		
ESTAT:LFST_R_LFSD2POP(1.0)	17/04/26 11:00:00	A	ED0-2	F	Y_GE25	THS_PER	FRB0	2014	372.3		
ESTAT:LFST_R_LFSD2POP(1.0)	17/04/26 11:00:00	A	ED0-2	F	Y_GE25	THS_PER	FRC1	2014	221.7		
ESTAT:LFST_R_LFSD2POP(1.0)	17/04/26 11:00:00	A	ED0-2	F	Y_GE25	THS_PER	FRC2	2014	150.6		
ESTAT:LFST_R_LFSD2POP(1.0)	17/04/26 11:00:00	A	ED0-2	F	Y_GE25	THS_PER	FRD1	2014	221.9		
ESTAT:LFST_R_LFSD2POP(1.0)	17/04/26 11:00:00	A	ED0-2	F	Y_GE25	THS_PER	FRD2	2014	260.9		
ESTAT:LFST_R_LFSD2POP(1.0)	17/04/26 11:00:00	A	ED0-2	F	Y_GE25	THS_PER	FRE1	2014	563.5		
ESTAT:LFST_R_LFSD2POP(1.0)	17/04/26 11:00:00	A	ED0-2	F	Y_GE25	THS_PER	FRE2	2014	291.7		
ESTAT:LFST_R_LFSD2POP(1.0)	17/04/26 11:00:00	A	ED0-2	F	Y_GE25	THS_PER	FRF1	2014	204.9		
ESTAT:LFST_R_LFSD2POP(1.0)	17/04/26 11:00:00	A	ED0-2	F	Y_GE25	THS_PER	FRF2	2014	203.1		
ESTAT:LFST_R_LFSD2POP(1.0)	17/04/26 11:00:00	A	ED0-2	F	Y_GE25	THS_PER	FRF3	2014	284.7		
ESTAT:LFST_R_LFSD2POP(1.0)	17/04/26 11:00:00	A	ED0-2	F	Y_GE25	THS_PER	FRG0	2014	441.6		
ESTAT:LFST_R_LFSD2POP(1.0)	17/04/26 11:00:00	A	ED0-2	F	Y_GE25	THS_PER	FRH0	2014	360.6		
ESTAT:LFST_R_LFSD2POP(1.0)	17/04/26 11:00:00	A	ED0-2	F	Y_GE25	THS_PER	FRI1	2014	378.7		
ESTAT:LFST_R_LFSD2POP(1.0)	17/04/26 11:00:00	A	ED0-2	F	Y_GE25	THS_PER	FRI2	2014	101.3		
ESTAT:LFST_R_LFSD2POP(1.0)	17/04/26 11:00:00	A	ED0-2	F	Y_GE25	THS_PER	FRI3	2014	259.9		
ESTAT:LFST_R_LFSD2POP(1.0)	17/04/26 11:00:00	A	ED0-2	F	Y_GE25	THS_PER	FRJ1	2014	368.2		
ESTAT:LFST_R_LFSD2POP(1.0)	17/04/26 11:00:00	A	ED0-2	F	Y_GE25	THS_PER	FRJ2	2014	331.1		
ESTAT:LFST_R_LFSD2POP(1.0)	17/04/26 11:00:00	A	ED0-2	F	Y_GE25	THS_PER	FRK1	2014	182.5		
ESTAT:LFST_R_LFSD2POP(1.0)	17/04/26 11:00:00	A	ED0-2	F	Y_GE25	THS_PER	FRK2	2014	675.9		
ESTAT:LFST_R_LFSD2POP(1.0)	17/04/26 11:00:00	A	ED0-2	F	Y_GE25	THS_PER	FRL0	2014	618.3		
ESTAT:LFST_R_LFSD2POP(1.0)	17/04/26 11:00:00	A	ED0-2	F	Y_GE25	THS_PER	FRM0	2014	26.5	u	
ESTAT:LFST_R_LFSD2POP(1.0)	17/04/26 11:00:00	A	ED0-2	F	Y_GE65	THS_PER	FR10	2014	429.9		
ESTAT:LFST_R_LFSD2POP(1.0)	17/04/26 11:00:00	A	ED0-2	F	Y_GE65	THS_PER	FRB0	2014	192.1		
ESTAT:LFST_R_LFSD2POP(1.0)	17/04/26 11:00:00	A	ED0-2	F	Y_GE65	THS_PER	FRC1	2014	110.2		
ESTAT:LFST_R_LFSD2POP(1.0)	17/04/26 11:00:00	A	ED0-2	F	Y_GE65	THS_PER	FRC2	2014	77.0		
ESTAT:LFST_R_LFSD2POP(1.0)	17/04/26 11:00:00	A	ED0-2	F	Y_GE65	THS_PER	FRD1	2014	114.9		
ESTAT:LFST_R_LFSD2POP(1.0)	17/04/26 11:00:00	A	ED0-2	F	Y_GE65	THS_PER	FRD2	2014	120.2		
ESTAT:LFST_R_LFSD2POP(1.0)	17/04/26 11:00:00	A	ED0-2	F	Y_GE65	THS_PER	FRE1	2014	256.7		
ESTAT:LFST_R_LFSD2POP(1.0)	17/04/26 11:00:00	A	ED0-2	F	Y_GE65	THS_PER	FRE2	2014	121.8		
ESTAT:LFST_R_LFSD2POP(1.0)	17/04/26 11:00:00	A	ED0-2	F	Y_GE65	THS_PER	FRF1	2014	85.2		
ESTAT:LFST_R_LFSD2POP(1.0)	17/04/26 11:00:00	A	ED0-2	F	Y_GE65	THS_PER	FRF2	2014	93.5		
ESTAT:LFST_R_LFSD2POP(1.0)	17/04/26 11:00:00	A	ED0-2	F	Y_GE65	THS_PER	FRF3	2014	139.5		
ESTAT:LFST_R_LFSD2POP(1.0)	17/04/26 11:00:00	A	ED0-2	F	Y_GE65	THS_PER	FRG0	2014	234.8		
ESTAT:LFST_R_LFSD2POP(1.0)	17/04/26 11:00:00	A	ED0-2	F	Y_GE65	THS_PER	FRH0	2014	222.9		
ESTAT:LFST_R_LFSD2POP(1.0)	17/04/26 11:00:00	A	ED0-2	F	Y_GE65	THS_PER	FRI1	2014	206.2		
ESTAT:LFST_R_LFSD2POP(1.0)	17/04/26 11:00:00	A	ED0-2	F	Y_GE65	THS_PER	FRI2	2014	63.6		
ESTAT:LFST_R_LFSD2POP(1.0)	17/04/26 11:00:00	A	ED0-2	F	Y_GE65	THS_PER	FRI3	2014	146.7		
ESTAT:LFST_R_LFSD2POP(1.0)	17/04/26 11:00:00	A	ED0-2	F	Y_GE65	THS_PER	FRJ1	2014	184.1		
ESTAT:LFST_R_LFSD2POP(1.0)	17/04/26 11:00:00	A	ED0-2	F	Y_GE65	THS_PER	FRJ2	2014	194.9		
ESTAT:LFST_R_LFSD2POP(1.0)	17/04/26 11:00:00	A	ED0-2	F	Y_GE65	THS_PER	FRK1	2014	94.9		
ESTAT:LFST_R_LFSD2POP(1.0)	17/04/26 11:00:00	A	ED0-2	F	Y_GE65	THS_PER	FRK2	2014	337.1		
ESTAT:LFST_R_LFSD2POP(1.0)	17/04/26 11:00:00	A	ED0-2	F	Y_GE65	THS_PER	FRL0	2014	313.2		
ESTAT:LFST_R_LFSD2POP(1.0)	17/04/26 11:00:00	A	ED0-2	F	Y_GE65	THS_PER	FRM0	2014	14.9	u	
ESTAT:LFST_R_LFSD2POP(1.0)	17/04/26 11:00:00	A	ED0-2	M	Y15-24	THS_PER	FR10	2014	305.5		
ESTAT:LFST_R_LFSD2POP(1.0)	17/04/26 11:00:00	A	ED0-2	M	Y15-24	THS_PER	FRB0	2014	70.6		
ESTAT:LFST_R_LFSD2POP(1.0)	17/04/26 11:00:00	A	ED0-2	M	Y15-24	THS_PER	FRC1	2014	35.6		
ESTAT:LFST_R_LFSD2POP(1.0)	17/04/26 11:00:00	A	ED0-2	M	Y15-24	THS_PER	FRC2	2014	29.2		
ESTAT:LFST_R_LFSD2POP(1.0)	17/04/26 11:00:00	A	ED0-2	M	Y15-24	THS_PER	FRD1	2014	29.3		
ESTAT:LFST_R_LFSD2POP(1.0)	17/04/26 11:00:00	A	ED0-2	M	Y15-24	THS_PER	FRD2	2014	41.5		
ESTAT:LFST_R_LFSD2POP(1.0)	17/04/26 11:00:00	A	ED0-2	M	Y15-24	THS_PER	FRE1	2014	100.7		
ESTAT:LFST_R_LFSD2POP(1.0)	17/04/26 11:00:00	A	ED0-2	M	Y15-24	THS_PER	FRE2	2014	57.3		
ESTAT:LFST_R_LFSD2POP(1.0)	17/04/26 11:00:00	A	ED0-2	M	Y15-24	THS_PER	FRF1	2014	43.9		
ESTAT:LFST_R_LFSD2POP(1.0)	17/04/26 11:00:00	A	ED0-2	M	Y15-24	THS_PER	FRF2	2014	30.8		
ESTAT:LFST_R_LFSD2POP(1.0)	17/04/26 11:00:00	A	ED0-2	M	Y15-24	THS_PER	FRF3	2014	49.4		
ESTAT:LFST_R_LFSD2POP(1.0)	17/04/26 11:00:00	A	ED0-2	M	Y15-24	THS_PER	FRG0	2014	83.3		
ESTAT:LFST_R_LFSD2POP(1.0)	17/04/26 11:00:00	A	ED0-2	M	Y15-24	THS_PER	FRH0	2014	70.8		
ESTAT:LFST_R_LFSD2POP(1.0)	17/04/26 11:00:00	A	ED0-2	M	Y15-24	THS_PER	FRI1	2014	75.2		
ESTAT:LFST_R_LFSD2POP(1.0)	17/04/26 11:00:00	A	ED0-2	M	Y15-24	THS_PER	FRI2	2014	13.8		
ESTAT:LFST_R_LFSD2POP(1.0)	17/04/26 11:00:00	A	ED0-2	M	Y15-24	THS_PER	FRI3	2014	42.7		
ESTAT:LFST_R_LFSD2POP(1.0)	17/04/26 11:00:00	A	ED0-2	M	Y15-24	THS_PER	FRJ1	2014	60.9		
ESTAT:LFST_R_LFSD2POP(1.0)	17/04/26 11:00:00	A	ED0-2	M	Y15-24	THS_PER	FRJ2	2014	56.3		
ESTAT:LFST_R_LFSD2POP(1.0)	17/04/26 11:00:00	A	ED0-2	M	Y15-24	THS_PER	FRK1	2014	30.5		
ESTAT:LFST_R_LFSD2POP(1.0)	17/04/26 11:00:00	A	ED0-2	M	Y15-24	THS_PER	FRK2	2014	153.7		
ESTAT:LFST_R_LFSD2POP(1.0)	17/04/26 11:00:00	A	ED0-2	M	Y15-24	THS_PER	FRL0	2014	136.0		
ESTAT:LFST_R_LFSD2POP(1.0)	17/04/26 11:00:00	A	ED0-2	M	Y15-24	THS_PER	FRM0	2014	5.1	u	
ESTAT:LFST_R_LFSD2POP(1.0)	17/04/26 11:00:00	A	ED0-2	M	Y15-64	THS_PER	FR10	2014	949.1		
ESTAT:LFST_R_LFSD2POP(1.0)	17/04/26 11:00:00	A	ED0-2	M	Y15-64	THS_PER	FRB0	2014	232.5		
ESTAT:LFST_R_LFSD2POP(1.0)	17/04/26 11:00:00	A	ED0-2	M	Y15-64	THS_PER	FRC1	2014	122.3		
ESTAT:LFST_R_LFSD2POP(1.0)	17/04/26 11:00:00	A	ED0-2	M	Y15-64	THS_PER	FRC2	2014	91.2		
ESTAT:LFST_R_LFSD2POP(1.0)	17/04/26 11:00:00	A	ED0-2	M	Y15-64	THS_PER	FRD1	2014	115.3		
ESTAT:LFST_R_LFSD2POP(1.0)	17/04/26 11:00:00	A	ED0-2	M	Y15-64	THS_PER	FRD2	2014	157.2		
ESTAT:LFST_R_LFSD2POP(1.0)	17/04/26 11:00:00	A	ED0-2	M	Y15-64	THS_PER	FRE1	2014	341.2		
ESTAT:LFST_R_LFSD2POP(1.0)	17/04/26 11:00:00	A	ED0-2	M	Y15-64	THS_PER	FRE2	2014	210.3		
ESTAT:LFST_R_LFSD2POP(1.0)	17/04/26 11:00:00	A	ED0-2	M	Y15-64	THS_PER	FRF1	2014	131.2		
ESTAT:LFST_R_LFSD2POP(1.0)	17/04/26 11:00:00	A	ED0-2	M	Y15-64	THS_PER	FRF2	2014	122.5		
ESTAT:LFST_R_LFSD2POP(1.0)	17/04/26 11:00:00	A	ED0-2	M	Y15-64	THS_PER	FRF3	2014	169.1		
ESTAT:LFST_R_LFSD2POP(1.0)	17/04/26 11:00:00	A	ED0-2	M	Y15-64	THS_PER	FRG0	2014	260.7		
ESTAT:LFST_R_LFSD2POP(1.0)	17/04/26 11:00:00	A	ED0-2	M	Y15-64	THS_PER	FRH0	2014	199.7		
ESTAT:LFST_R_LFSD2POP(1.0)	17/04/26 11:00:00	A	ED0-2	M	Y15-64	THS_PER	FRI1	2014	224.7		
ESTAT:LFST_R_LFSD2POP(1.0)	17/04/26 11:00:00	A	ED0-2	M	Y15-64	THS_PER	FRI2	2014	49.0		
ESTAT:LFST_R_LFSD2POP(1.0)	17/04/26 11:00:00	A	ED0-2	M	Y15-64	THS_PER	FRI3	2014	131.3		
ESTAT:LFST_R_LFSD2POP(1.0)	17/04/26 11:00:00	A	ED0-2	M	Y15-64	THS_PER	FRJ1	2014	243.0		
ESTAT:LFST_R_LFSD2POP(1.0)	17/04/26 11:00:00	A	ED0-2	M	Y15-64	THS_PER	FRJ2	2014	183.2		
ESTAT:LFST_R_LFSD2POP(1.0)	17/04/26 11:00:00	A	ED0-2	M	Y15-64	THS_PER	FRK1	2014	102.8		
ESTAT:LFST_R_LFSD2POP(1.0)	17/04/26 11:00:00	A	ED0-2	M	Y15-64	THS_PER	FRK2	2014	460.6		
ESTAT:LFST_R_LFSD2POP(1.0)	17/04/26 11:00:00	A	ED0-2	M	Y15-64	THS_PER	FRL0	2014	432.2		
ESTAT:LFST_R_LFSD2POP(1.0)	17/04/26 11:00:00	A	ED0-2	M	Y15-64	THS_PER	FRM0	2014	21.7	u	
ESTAT:LFST_R_LFSD2POP(1.0)	17/04/26 11:00:00	A	ED0-2	M	Y15-74	THS_PER	FR10	2014	1104.8		
ESTAT:LFST_R_LFSD2POP(1.0)	17/04/26 11:00:00	A	ED0-2	M	Y15-74	THS_PER	FRB0	2014	280.8		
ESTAT:LFST_R_LFSD2POP(1.0)	17/04/26 11:00:00	A	ED0-2	M	Y15-74	THS_PER	FRC1	2014	151.8		
ESTAT:LFST_R_LFSD2POP(1.0)	17/04/26 11:00:00	A	ED0-2	M	Y15-74	THS_PER	FRC2	2014	110.5		
ESTAT:LFST_R_LFSD2POP(1.0)	17/04/26 11:00:00	A	ED0-2	M	Y15-74	THS_PER	FRD1	2014	141.6		
ESTAT:LFST_R_LFSD2POP(1.0)	17/04/26 11:00:00	A	ED0-2	M	Y15-74	THS_PER	FRD2	2014	195.5		
ESTAT:LFST_R_LFSD2POP(1.0)	17/04/26 11:00:00	A	ED0-2	M	Y15-74	THS_PER	FRE1	2014	408.7		
ESTAT:LFST_R_LFSD2POP(1.0)	17/04/26 11:00:00	A	ED0-2	M	Y15-74	THS_PER	FRE2	2014	251.8		
ESTAT:LFST_R_LFSD2POP(1.0)	17/04/26 11:00:00	A	ED0-2	M	Y15-74	THS_PER	FRF1	2014	149.3		
ESTAT:LFST_R_LFSD2POP(1.0)	17/04/26 11:00:00	A	ED0-2	M	Y15-74	THS_PER	FRF2	2014	148.0		
ESTAT:LFST_R_LFSD2POP(1.0)	17/04/26 11:00:00	A	ED0-2	M	Y15-74	THS_PER	FRF3	2014	206.3		
ESTAT:LFST_R_LFSD2POP(1.0)	17/04/26 11:00:00	A	ED0-2	M	Y15-74	THS_PER	FRG0	2014	321.7		
ESTAT:LFST_R_LFSD2POP(1.0)	17/04/26 11:00:00	A	ED0-2	M	Y15-74	THS_PER	FRH0	2014	244.1		
ESTAT:LFST_R_LFSD2POP(1.0)	17/04/26 11:00:00	A	ED0-2	M	Y15-74	THS_PER	FRI1	2014	282.1		
ESTAT:LFST_R_LFSD2POP(1.0)	17/04/26 11:00:00	A	ED0-2	M	Y15-74	THS_PER	FRI2	2014	62.8		
ESTAT:LFST_R_LFSD2POP(1.0)	17/04/26 11:00:00	A	ED0-2	M	Y15-74	THS_PER	FRI3	2014	169.7		
ESTAT:LFST_R_LFSD2POP(1.0)	17/04/26 11:00:00	A	ED0-2	M	Y15-74	THS_PER	FRJ1	2014	305.2		
ESTAT:LFST_R_LFSD2POP(1.0)	17/04/26 11:00:00	A	ED0-2	M	Y15-74	THS_PER	FRJ2	2014	240.4		
ESTAT:LFST_R_LFSD2POP(1.0)	17/04/26 11:00:00	A	ED0-2	M	Y15-74	THS_PER	FRK1	2014	130.1		
ESTAT:LFST_R_LFSD2POP(1.0)	17/04/26 11:00:00	A	ED0-2	M	Y15-74	THS_PER	FRK2	2014	560.8		
ESTAT:LFST_R_LFSD2POP(1.0)	17/04/26 11:00:00	A	ED0-2	M	Y15-74	THS_PER	FRL0	2014	535.3		
ESTAT:LFST_R_LFSD2POP(1.0)	17/04/26 11:00:00	A	ED0-2	M	Y15-74	THS_PER	FRM0	2014	27.7	u	
ESTAT:LFST_R_LFSD2POP(1.0)	17/04/26 11:00:00	A	ED0-2	M	Y20-64	THS_PER	FR10	2014	698.4		
ESTAT:LFST_R_LFSD2POP(1.0)	17/04/26 11:00:00	A	ED0-2	M	Y20-64	THS_PER	FRB0	2014	172.6		
ESTAT:LFST_R_LFSD2POP(1.0)	17/04/26 11:00:00	A	ED0-2	M	Y20-64	THS_PER	FRC1	2014	93.3		
ESTAT:LFST_R_LFSD2POP(1.0)	17/04/26 11:00:00	A	ED0-2	M	Y20-64	THS_PER	FRC2	2014	66.6		
ESTAT:LFST_R_LFSD2POP(1.0)	17/04/26 11:00:00	A	ED0-2	M	Y20-64	THS_PER	FRD1	2014	89.1		
ESTAT:LFST_R_LFSD2POP(1.0)	17/04/26 11:00:00	A	ED0-2	M	Y20-64	THS_PER	FRD2	2014	123.6		
ESTAT:LFST_R_LFSD2POP(1.0)	17/04/26 11:00:00	A	ED0-2	M	Y20-64	THS_PER	FRE1	2014	257.2		
ESTAT:LFST_R_LFSD2POP(1.0)	17/04/26 11:00:00	A	ED0-2	M	Y20-64	THS_PER	FRE2	2014	162.8		
ESTAT:LFST_R_LFSD2POP(1.0)	17/04/26 11:00:00	A	ED0-2	M	Y20-64	THS_PER	FRF1	2014	91.9		
ESTAT:LFST_R_LFSD2POP(1.0)	17/04/26 11:00:00	A	ED0-2	M	Y20-64	THS_PER	FRF2	2014	98.7		
ESTAT:LFST_R_LFSD2POP(1.0)	17/04/26 11:00:00	A	ED0-2	M	Y20-64	THS_PER	FRF3	2014	127.0		
ESTAT:LFST_R_LFSD2POP(1.0)	17/04/26 11:00:00	A	ED0-2	M	Y20-64	THS_PER	FRG0	2014	186.9		
ESTAT:LFST_R_LFSD2POP(1.0)	17/04/26 11:00:00	A	ED0-2	M	Y20-64	THS_PER	FRH0	2014	135.9		
ESTAT:LFST_R_LFSD2POP(1.0)	17/04/26 11:00:00	A	ED0-2	M	Y20-64	THS_PER	FRI1	2014	157.3		
ESTAT:LFST_R_LFSD2POP(1.0)	17/04/26 11:00:00	A	ED0-2	M	Y20-64	THS_PER	FRI2	2014	37.5		
ESTAT:LFST_R_LFSD2POP(1.0)	17/04/26 11:00:00	A	ED0-2	M	Y20-64	THS_PER	FRI3	2014	96.7		
ESTAT:LFST_R_LFSD2POP(1.0)	17/04/26 11:00:00	A	ED0-2	M	Y20-64	THS_PER	FRJ1	2014	190.4		
ESTAT:LFST_R_LFSD2POP(1.0)	17/04/26 11:00:00	A	ED0-2	M	Y20-64	THS_PER	FRJ2	2014	134.5		
ESTAT:LFST_R_LFSD2POP(1.0)	17/04/26 11:00:00	A	ED0-2	M	Y20-64	THS_PER	FRK1	2014	76.2		
ESTAT:LFST_R_LFSD2POP(1.0)	17/04/26 11:00:00	A	ED0-2	M	Y20-64	THS_PER	FRK2	2014	326.2		
ESTAT:LFST_R_LFSD2POP(1.0)	17/04/26 11:00:00	A	ED0-2	M	Y20-64	THS_PER	FRL0	2014	317.2		
ESTAT:LFST_R_LFSD2POP(1.0)	17/04/26 11:00:00	A	ED0-2	M	Y20-64	THS_PER	FRM0	2014	17.4	u	
ESTAT:LFST_R_LFSD2POP(1.0)	17/04/26 11:00:00	A	ED0-2	M	Y25-34	THS_PER	FR10	2014	116.5		
ESTAT:LFST_R_LFSD2POP(1.0)	17/04/26 11:00:00	A	ED0-2	M	Y25-34	THS_PER	FRB0	2014	23.5		
ESTAT:LFST_R_LFSD2POP(1.0)	17/04/26 11:00:00	A	ED0-2	M	Y25-34	THS_PER	FRC1	2014	7.7	u	
ESTAT:LFST_R_LFSD2POP(1.0)	17/04/26 11:00:00	A	ED0-2	M	Y25-34	THS_PER	FRC2	2014	8.7	u	
ESTAT:LFST_R_LFSD2POP(1.0)	17/04/26 11:00:00	A	ED0-2	M	Y25-34	THS_PER	FRD1	2014	11.4		
ESTAT:LFST_R_LFSD2POP(1.0)	17/04/26 11:00:00	A	ED0-2	M	Y25-34	THS_PER	FRD2	2014	19.5		
ESTAT:LFST_R_LFSD2POP(1.0)	17/04/26 11:00:00	A	ED0-2	M	Y25-34	THS_PER	FRE1	2014	39.5		
ESTAT:LFST_R_LFSD2POP(1.0)	17/04/26 11:00:00	A	ED0-2	M	Y25-34	THS_PER	FRE2	2014	26.1		
ESTAT:LFST_R_LFSD2POP(1.0)	17/04/26 11:00:00	A	ED0-2	M	Y25-34	THS_PER	FRF1	2014	15.1		
ESTAT:LFST_R_LFSD2POP(1.0)	17/04/26 11:00:00	A	ED0-2	M	Y25-34	THS_PER	FRF2	2014	13.4		
ESTAT:LFST_R_LFSD2POP(1.0)	17/04/26 11:00:00	A	ED0-2	M	Y25-34	THS_PER	FRF3	2014	22.7		
ESTAT:LFST_R_LFSD2POP(1.0)	17/04/26 11:00:00	A	ED0-2	M	Y25-34	THS_PER	FRG0	2014	24.9		
ESTAT:LFST_R_LFSD2POP(1.0)	17/04/26 11:00:00	A	ED0-2	M	Y25-34	THS_PER	FRH0	2014	21.1		
ESTAT:LFST_R_LFSD2POP(1.0)	17/04/26 11:00:00	A	ED0-2	M	Y25-34	THS_PER	FRI1	2014	22.0		
ESTAT:LFST_R_LFSD2POP(1.0)	17/04/26 11:00:00	A	ED0-2	M	Y25-34	THS_PER	FRI2	2014	4.0	u	
ESTAT:LFST_R_LFSD2POP(1.0)	17/04/26 11:00:00	A	ED0-2	M	Y25-34	THS_PER	FRI3	2014	9.6	u	
ESTAT:LFST_R_LFSD2POP(1.0)	17/04/26 11:00:00	A	ED0-2	M	Y25-34	THS_PER	FRJ1	2014	30.6		
ESTAT:LFST_R_LFSD2POP(1.0)	17/04/26 11:00:00	A	ED0-2	M	Y25-34	THS_PER	FRJ2	2014	17.1		
ESTAT:LFST_R_LFSD2POP(1.0)	17/04/26 11:00:00	A	ED0-2	M	Y25-34	THS_PER	FRK1	2014	13.2		
ESTAT:LFST_R_LFSD2POP(1.0)	17/04/26 11:00:00	A	ED0-2	M	Y25-34	THS_PER	FRK2	2014	51.2		
ESTAT:LFST_R_LFSD2POP(1.0)	17/04/26 11:00:00	A	ED0-2	M	Y25-34	THS_PER	FRL0	2014	52.2		
ESTAT:LFST_R_LFSD2POP(1.0)	17/04/26 11:00:00	A	ED0-2	M	Y25-34	THS_PER	FRM0	2014	0.9	u	
ESTAT:LFST_R_LFSD2POP(1.0)	17/04/26 11:00:00	A	ED0-2	M	Y25-64	THS_PER	FR10	2014	643.6		
ESTAT:LFST_R_LFSD2POP(1.0)	17/04/26 11:00:00	A	ED0-2	M	Y25-64	THS_PER	FRB0	2014	162.0		
ESTAT:LFST_R_LFSD2POP(1.0)	17/04/26 11:00:00	A	ED0-2	M	Y25-64	THS_PER	FRC1	2014	86.7		
ESTAT:LFST_R_LFSD2POP(1.0)	17/04/26 11:00:00	A	ED0-2	M	Y25-64	THS_PER	FRC2	2014	62.0		
ESTAT:LFST_R_LFSD2POP(1.0)	17/04/26 11:00:00	A	ED0-2	M	Y25-64	THS_PER	FRD1	2014	86.0		
ESTAT:LFST_R_LFSD2POP(1.0)	17/04/26 11:00:00	A	ED0-2	M	Y25-64	THS_PER	FRD2	2014	115.7		
ESTAT:LFST_R_LFSD2POP(1.0)	17/04/26 11:00:00	A	ED0-2	M	Y25-64	THS_PER	FRE1	2014	240.5		
ESTAT:LFST_R_LFSD2POP(1.0)	17/04/26 11:00:00	A	ED0-2	M	Y25-64	THS_PER	FRE2	2014	153.0		
ESTAT:LFST_R_LFSD2POP(1.0)	17/04/26 11:00:00	A	ED0-2	M	Y25-64	THS_PER	FRF1	2014	87.3		
ESTAT:LFST_R_LFSD2POP(1.0)	17/04/26 11:00:00	A	ED0-2	M	Y25-64	THS_PER	FRF2	2014	91.7		
ESTAT:LFST_R_LFSD2POP(1.0)	17/04/26 11:00:00	A	ED0-2	M	Y25-64	THS_PER	FRF3	2014	119.7		
ESTAT:LFST_R_LFSD2POP(1.0)	17/04/26 11:00:00	A	ED0-2	M	Y25-64	THS_PER	FRG0	2014	177.4		
ESTAT:LFST_R_LFSD2POP(1.0)	17/04/26 11:00:00	A	ED0-2	M	Y25-64	THS_PER	FRH0	2014	128.9		
ESTAT:LFST_R_LFSD2POP(1.0)	17/04/26 11:00:00	A	ED0-2	M	Y25-64	THS_PER	FRI1	2014	149.5		
ESTAT:LFST_R_LFSD2POP(1.0)	17/04/26 11:00:00	A	ED0-2	M	Y25-64	THS_PER	FRI2	2014	35.3		
ESTAT:LFST_R_LFSD2POP(1.0)	17/04/26 11:00:00	A	ED0-2	M	Y25-64	THS_PER	FRI3	2014	88.7		
ESTAT:LFST_R_LFSD2POP(1.0)	17/04/26 11:00:00	A	ED0-2	M	Y25-64	THS_PER	FRJ1	2014	182.1		
ESTAT:LFST_R_LFSD2POP(1.0)	17/04/26 11:00:00	A	ED0-2	M	Y25-64	THS_PER	FRJ2	2014	126.9		
ESTAT:LFST_R_LFSD2POP(1.0)	17/04/26 11:00:00	A	ED0-2	M	Y25-64	THS_PER	FRK1	2014	72.3		
ESTAT:LFST_R_LFSD2POP(1.0)	17/04/26 11:00:00	A	ED0-2	M	Y25-64	THS_PER	FRK2	2014	307.0		
ESTAT:LFST_R_LFSD2POP(1.0)	17/04/26 11:00:00	A	ED0-2	M	Y25-64	THS_PER	FRL0	2014	296.2		
ESTAT:LFST_R_LFSD2POP(1.0)	17/04/26 11:00:00	A	ED0-2	M	Y25-64	THS_PER	FRM0	2014	16.6	u	
ESTAT:LFST_R_LFSD2POP(1.0)	17/04/26 11:00:00	A	ED0-2	M	Y35-44	THS_PER	FR10	2014	158.3		
ESTAT:LFST_R_LFSD2POP(1.0)	17/04/26 11:00:00	A	ED0-2	M	Y35-44	THS_PER	FRB0	2014	35.1		
ESTAT:LFST_R_LFSD2POP(1.0)	17/04/26 11:00:00	A	ED0-2	M	Y35-44	THS_PER	FRC1	2014	18.8		
ESTAT:LFST_R_LFSD2POP(1.0)	17/04/26 11:00:00	A	ED0-2	M	Y35-44	THS_PER	FRC2	2014	11.3		
ESTAT:LFST_R_LFSD2POP(1.0)	17/04/26 11:00:00	A	ED0-2	M	Y35-44	THS_PER	FRD1	2014	12.2		
ESTAT:LFST_R_LFSD2POP(1.0)	17/04/26 11:00:00	A	ED0-2	M	Y35-44	THS_PER	FRD2	2014	15.5		
ESTAT:LFST_R_LFSD2POP(1.0)	17/04/26 11:00:00	A	ED0-2	M	Y35-44	THS_PER	FRE1	2014	48.4		
ESTAT:LFST_R_LFSD2POP(1.0)	17/04/26 11:00:00	A	ED0-2	M	Y35-44	THS_PER	FRE2	2014	26.8		
ESTAT:LFST_R_LFSD2POP(1.0)	17/04/26 11:00:00	A	ED0-2	M	Y35-44	THS_PER	FRF1	2014	18.3		
ESTAT:LFST_R_LFSD2POP(1.0)	17/04/26 11:00:00	A	ED0-2	M	Y35-44	THS_PER	FRF2	2014	20.9		
ESTAT:LFST_R_LFSD2POP(1.0)	17/04/26 11:00:00	A	ED0-2	M	Y35-44	THS_PER	FRF3	2014	22.5		
ESTAT:LFST_R_LFSD2POP(1.0)	17/04/26 11:00:00	A	ED0-2	M	Y35-44	THS_PER	FRG0	2014	35.5		
ESTAT:LFST_R_LFSD2POP(1.0)	17/04/26 11:00:00	A	ED0-2	M	Y35-44	THS_PER	FRH0	2014	24.6		
ESTAT:LFST_R_LFSD2POP(1.0)	17/04/26 11:00:00	A	ED0-2	M	Y35-44	THS_PER	FRI1	2014	29.1		
ESTAT:LFST_R_LFSD2POP(1.0)	17/04/26 11:00:00	A	ED0-2	M	Y35-44	THS_PER	FRI2	2014	4.8	u	
ESTAT:LFST_R_LFSD2POP(1.0)	17/04/26 11:00:00	A	ED0-2	M	Y35-44	THS_PER	FRI3	2014	23.3		
ESTAT:LFST_R_LFSD2POP(1.0)	17/04/26 11:00:00	A	ED0-2	M	Y35-44	THS_PER	FRJ1	2014	28.7		
ESTAT:LFST_R_LFSD2POP(1.0)	17/04/26 11:00:00	A	ED0-2	M	Y35-44	THS_PER	FRJ2	2014	32.9		
ESTAT:LFST_R_LFSD2POP(1.0)	17/04/26 11:00:00	A	ED0-2	M	Y35-44	THS_PER	FRK1	2014	12.2		
ESTAT:LFST_R_LFSD2POP(1.0)	17/04/26 11:00:00	A	ED0-2	M	Y35-44	THS_PER	FRK2	2014	61.5		
ESTAT:LFST_R_LFSD2POP(1.0)	17/04/26 11:00:00	A	ED0-2	M	Y35-44	THS_PER	FRL0	2014	53.9		
ESTAT:LFST_R_LFSD2POP(1.0)	17/04/26 11:00:00	A	ED0-2	M	Y35-44	THS_PER	FRM0	2014	2.8	u	
ESTAT:LFST_R_LFSD2POP(1.0)	17/04/26 11:00:00	A	ED0-2	M	Y45-54	THS_PER	FR10	2014	185.9		
ESTAT:LFST_R_LFSD2POP(1.0)	17/04/26 11:00:00	A	ED0-2	M	Y45-54	THS_PER	FRB0	2014	42.4		
ESTAT:LFST_R_LFSD2POP(1.0)	17/04/26 11:00:00	A	ED0-2	M	Y45-54	THS_PER	FRC1	2014	24.1		
ESTAT:LFST_R_LFSD2POP(1.0)	17/04/26 11:00:00	A	ED0-2	M	Y45-54	THS_PER	FRC2	2014	18.6		
ESTAT:LFST_R_LFSD2POP(1.0)	17/04/26 11:00:00	A	ED0-2	M	Y45-54	THS_PER	FRD1	2014	22.1		
ESTAT:LFST_R_LFSD2POP(1.0)	17/04/26 11:00:00	A	ED0-2	M	Y45-54	THS_PER	FRD2	2014	33.4		
ESTAT:LFST_R_LFSD2POP(1.0)	17/04/26 11:00:00	A	ED0-2	M	Y45-54	THS_PER	FRE1	2014	68.8		
ESTAT:LFST_R_LFSD2POP(1.0)	17/04/26 11:00:00	A	ED0-2	M	Y45-54	THS_PER	FRE2	2014	46.3		
ESTAT:LFST_R_LFSD2POP(1.0)	17/04/26 11:00:00	A	ED0-2	M	Y45-54	THS_PER	FRF1	2014	25.7		
ESTAT:LFST_R_LFSD2POP(1.0)	17/04/26 11:00:00	A	ED0-2	M	Y45-54	THS_PER	FRF2	2014	24.8		
ESTAT:LFST_R_LFSD2POP(1.0)	17/04/26 11:00:00	A	ED0-2	M	Y45-54	THS_PER	FRF3	2014	34.9		
ESTAT:LFST_R_LFSD2POP(1.0)	17/04/26 11:00:00	A	ED0-2	M	Y45-54	THS_PER	FRG0	2014	52.9		
ESTAT:LFST_R_LFSD2POP(1.0)	17/04/26 11:00:00	A	ED0-2	M	Y45-54	THS_PER	FRH0	2014	38.5		
ESTAT:LFST_R_LFSD2POP(1.0)	17/04/26 11:00:00	A	ED0-2	M	Y45-54	THS_PER	FRI1	2014	40.5		
ESTAT:LFST_R_LFSD2POP(1.0)	17/04/26 11:00:00	A	ED0-2	M	Y45-54	THS_PER	FRI2	2014	9.9	u	
ESTAT:LFST_R_LFSD2POP(1.0)	17/04/26 11:00:00	A	ED0-2	M	Y45-54	THS_PER	FRI3	2014	23.2		
ESTAT:LFST_R_LFSD2POP(1.0)	17/04/26 11:00:00	A	ED0-2	M	Y45-54	THS_PER	FRJ1	2014	65.5		
ESTAT:LFST_R_LFSD2POP(1.0)	17/04/26 11:00:00	A	ED0-2	M	Y45-54	THS_PER	FRJ2	2014	31.9		
ESTAT:LFST_R_LFSD2POP(1.0)	17/04/26 11:00:00	A	ED0-2	M	Y45-54	THS_PER	FRK1	2014	18.7		
ESTAT:LFST_R_LFSD2POP(1.0)	17/04/26 11:00:00	A	ED0-2	M	Y45-54	THS_PER	FRK2	2014	87.1		
ESTAT:LFST_R_LFSD2POP(1.0)	17/04/26 11:00:00	A	ED0-2	M	Y45-54	THS_PER	FRL0	2014	87.3		
ESTAT:LFST_R_LFSD2POP(1.0)	17/04/26 11:00:00	A	ED0-2	M	Y45-54	THS_PER	FRM0	2014	3.9	u	
ESTAT:LFST_R_LFSD2POP(1.0)	17/04/26 11:00:00	A	ED0-2	M	Y55-64	THS_PER	FR10	2014	183.0		
ESTAT:LFST_R_LFSD2POP(1.0)	17/04/26 11:00:00	A	ED0-2	M	Y55-64	THS_PER	FRB0	2014	61.0		
ESTAT:LFST_R_LFSD2POP(1.0)	17/04/26 11:00:00	A	ED0-2	M	Y55-64	THS_PER	FRC1	2014	36.1		
ESTAT:LFST_R_LFSD2POP(1.0)	17/04/26 11:00:00	A	ED0-2	M	Y55-64	THS_PER	FRC2	2014	23.4		
ESTAT:LFST_R_LFSD2POP(1.0)	17/04/26 11:00:00	A	ED0-2	M	Y55-64	THS_PER	FRD1	2014	40.4		
ESTAT:LFST_R_LFSD2POP(1.0)	17/04/26 11:00:00	A	ED0-2	M	Y55-64	THS_PER	FRD2	2014	47.3		
ESTAT:LFST_R_LFSD2POP(1.0)	17/04/26 11:00:00	A	ED0-2	M	Y55-64	THS_PER	FRE1	2014	83.8		
ESTAT:LFST_R_LFSD2POP(1.0)	17/04/26 11:00:00	A	ED0-2	M	Y55-64	THS_PER	FRE2	2014	53.7		
ESTAT:LFST_R_LFSD2POP(1.0)	17/04/26 11:00:00	A	ED0-2	M	Y55-64	THS_PER	FRF1	2014	28.2		
ESTAT:LFST_R_LFSD2POP(1.0)	17/04/26 11:00:00	A	ED0-2	M	Y55-64	THS_PER	FRF2	2014	32.6		
ESTAT:LFST_R_LFSD2POP(1.0)	17/04/26 11:00:00	A	ED0-2	M	Y55-64	THS_PER	FRF3	2014	39.6		
ESTAT:LFST_R_LFSD2POP(1.0)	17/04/26 11:00:00	A	ED0-2	M	Y55-64	THS_PER	FRG0	2014	64.2		
ESTAT:LFST_R_LFSD2POP(1.0)	17/04/26 11:00:00	A	ED0-2	M	Y55-64	THS_PER	FRH0	2014	44.6		
ESTAT:LFST_R_LFSD2POP(1.0)	17/04/26 11:00:00	A	ED0-2	M	Y55-64	THS_PER	FRI1	2014	58.0		
ESTAT:LFST_R_LFSD2POP(1.0)	17/04/26 11:00:00	A	ED0-2	M	Y55-64	THS_PER	FRI2	2014	16.5		
ESTAT:LFST_R_LFSD2POP(1.0)	17/04/26 11:00:00	A	ED0-2	M	Y55-64	THS_PER	FRI3	2014	32.5		
ESTAT:LFST_R_LFSD2POP(1.0)	17/04/26 11:00:00	A	ED0-2	M	Y55-64	THS_PER	FRJ1	2014	57.3		
ESTAT:LFST_R_LFSD2POP(1.0)	17/04/26 11:00:00	A	ED0-2	M	Y55-64	THS_PER	FRJ2	2014	45.1		
ESTAT:LFST_R_LFSD2POP(1.0)	17/04/26 11:00:00	A	ED0-2	M	Y55-64	THS_PER	FRK1	2014	28.3		
ESTAT:LFST_R_LFSD2POP(1.0)	17/04/26 11:00:00	A	ED0-2	M	Y55-64	THS_PER	FRK2	2014	107.1		
ESTAT:LFST_R_LFSD2POP(1.0)	17/04/26 11:00:00	A	ED0-2	M	Y55-64	THS_PER	FRL0	2014	102.8		
ESTAT:LFST_R_LFSD2POP(1.0)	17/04/26 11:00:00	A	ED0-2	M	Y55-64	THS_PER	FRM0	2014	9.0	u	
ESTAT:LFST_R_LFSD2POP(1.0)	17/04/26 11:00:00	A	ED0-2	M	Y_GE15	THS_PER	FR10	2014	1237.9		
ESTAT:LFST_R_LFSD2POP(1.0)	17/04/26 11:00:00	A	ED0-2	M	Y_GE15	THS_PER	FRB0	2014	337.3		
ESTAT:LFST_R_LFSD2POP(1.0)	17/04/26 11:00:00	A	ED0-2	M	Y_GE15	THS_PER	FRC1	2014	194.2		
ESTAT:LFST_R_LFSD2POP(1.0)	17/04/26 11:00:00	A	ED0-2	M	Y_GE15	THS_PER	FRC2	2014	134.6		
ESTAT:LFST_R_LFSD2POP(1.0)	17/04/26 11:00:00	A	ED0-2	M	Y_GE15	THS_PER	FRD1	2014	176.2		
ESTAT:LFST_R_LFSD2POP(1.0)	17/04/26 11:00:00	A	ED0-2	M	Y_GE15	THS_PER	FRD2	2014	224.8		
ESTAT:LFST_R_LFSD2POP(1.0)	17/04/26 11:00:00	A	ED0-2	M	Y_GE15	THS_PER	FRE1	2014	468.7		
ESTAT:LFST_R_LFSD2POP(1.0)	17/04/26 11:00:00	A	ED0-2	M	Y_GE15	THS_PER	FRE2	2014	291.0		
ESTAT:LFST_R_LFSD2POP(1.0)	17/04/26 11:00:00	A	ED0-2	M	Y_GE15	THS_PER	FRF1	2014	167.2		
ESTAT:LFST_R_LFSD2POP(1.0)	17/04/26 11:00:00	A	ED0-2	M	Y_GE15	THS_PER	FRF2	2014	174.1		
ESTAT:LFST_R_LFSD2POP(1.0)	17/04/26 11:00:00	A	ED0-2	M	Y_GE15	THS_PER	FRF3	2014	248.9		
ESTAT:LFST_R_LFSD2POP(1.0)	17/04/26 11:00:00	A	ED0-2	M	Y_GE15	THS_PER	FRG0	2014	404.1		
ESTAT:LFST_R_LFSD2POP(1.0)	17/04/26 11:00:00	A	ED0-2	M	Y_GE15	THS_PER	FRH0	2014	315.6		
ESTAT:LFST_R_LFSD2POP(1.0)	17/04/26 11:00:00	A	ED0-2	M	Y_GE15	THS_PER	FRI1	2014	358.1		
ESTAT:LFST_R_LFSD2POP(1.0)	17/04/26 11:00:00	A	ED0-2	M	Y_GE15	THS_PER	FRI2	2014	85.6		
ESTAT:LFST_R_LFSD2POP(1.0)	17/04/26 11:00:00	A	ED0-2	M	Y_GE15	THS_PER	FRI3	2014	224.4		
ESTAT:LFST_R_LFSD2POP(1.0)	17/04/26 11:00:00	A	ED0-2	M	Y_GE15	THS_PER	FRJ1	2014	376.0		
ESTAT:LFST_R_LFSD2POP(1.0)	17/04/26 11:00:00	A	ED0-2	M	Y_GE15	THS_PER	FRJ2	2014	320.2		
ESTAT:LFST_R_LFSD2POP(1.0)	17/04/26 11:00:00	A	ED0-2	M	Y_GE15	THS_PER	FRK1	2014	159.1		
ESTAT:LFST_R_LFSD2POP(1.0)	17/04/26 11:00:00	A	ED0-2	M	Y_GE15	THS_PER	FRK2	2014	659.7		
ESTAT:LFST_R_LFSD2POP(1.0)	17/04/26 11:00:00	A	ED0-2	M	Y_GE15	THS_PER	FRL0	2014	629.7		
ESTAT:LFST_R_LFSD2POP(1.0)	17/04/26 11:00:00	A	ED0-2	M	Y_GE15	THS_PER	FRM0	2014	32.9	u	
ESTAT:LFST_R_LFSD2POP(1.0)	17/04/26 11:00:00	A	ED0-2	M	Y_GE25	THS_PER	FR10	2014	932.5		
ESTAT:LFST_R_LFSD2POP(1.0)	17/04/26 11:00:00	A	ED0-2	M	Y_GE25	THS_PER	FRB0	2014	266.7		
ESTAT:LFST_R_LFSD2POP(1.0)	17/04/26 11:00:00	A	ED0-2	M	Y_GE25	THS_PER	FRC1	2014	158.6		
ESTAT:LFST_R_LFSD2POP(1.0)	17/04/26 11:00:00	A	ED0-2	M	Y_GE25	THS_PER	FRC2	2014	105.5		
ESTAT:LFST_R_LFSD2POP(1.0)	17/04/26 11:00:00	A	ED0-2	M	Y_GE25	THS_PER	FRD1	2014	146.9		
ESTAT:LFST_R_LFSD2POP(1.0)	17/04/26 11:00:00	A	ED0-2	M	Y_GE25	THS_PER	FRD2	2014	183.2		
ESTAT:LFST_R_LFSD2POP(1.0)	17/04/26 11:00:00	A	ED0-2	M	Y_GE25	THS_PER	FRE1	2014	368.0		
ESTAT:LFST_R_LFSD2POP(1.0)	17/04/26 11:00:00	A	ED0-2	M	Y_GE25	THS_PER	FRE2	2014	233.7		
ESTAT:LFST_R_LFSD2POP(1.0)	17/04/26 11:00:00	A	ED0-2	M	Y_GE25	THS_PER	FRF1	2014	123.3		
ESTAT:LFST_R_LFSD2POP(1.0)	17/04/26 11:00:00	A	ED0-2	M	Y_GE25	THS_PER	FRF2	2014	143.3		
ESTAT:LFST_R_LFSD2POP(1.0)	17/04/26 11:00:00	A	ED0-2	M	Y_GE25	THS_PER	FRF3	2014	199.5		
ESTAT:LFST_R_LFSD2POP(1.0)	17/04/26 11:00:00	A	ED0-2	M	Y_GE25	THS_PER	FRG0	2014	320.8		
ESTAT:LFST_R_LFSD2POP(1.0)	17/04/26 11:00:00	A	ED0-2	M	Y_GE25	THS_PER	FRH0	2014	244.8		
ESTAT:LFST_R_LFSD2POP(1.0)	17/04/26 11:00:00	A	ED0-2	M	Y_GE25	THS_PER	FRI1	2014	282.9		
ESTAT:LFST_R_LFSD2POP(1.0)	17/04/26 11:00:00	A	ED0-2	M	Y_GE25	THS_PER	FRI2	2014	71.8		
ESTAT:LFST_R_LFSD2POP(1.0)	17/04/26 11:00:00	A	ED0-2	M	Y_GE25	THS_PER	FRI3	2014	181.7		
ESTAT:LFST_R_LFSD2POP(1.0)	17/04/26 11:00:00	A	ED0-2	M	Y_GE25	THS_PER	FRJ1	2014	315.0		
ESTAT:LFST_R_LFSD2POP(1.0)	17/04/26 11:00:00	A	ED0-2	M	Y_GE25	THS_PER	FRJ2	2014	263.9		
ESTAT:LFST_R_LFSD2POP(1.0)	17/04/26 11:00:00	A	ED0-2	M	Y_GE25	THS_PER	FRK1	2014	128.6		
ESTAT:LFST_R_LFSD2POP(1.0)	17/04/26 11:00:00	A	ED0-2	M	Y_GE25	THS_PER	FRK2	2014	506.1		
ESTAT:LFST_R_LFSD2POP(1.0)	17/04/26 11:00:00	A	ED0-2	M	Y_GE25	THS_PER	FRL0	2014	493.6		
ESTAT:LFST_R_LFSD2POP(1.0)	17/04/26 11:00:00	A	ED0-2	M	Y_GE25	THS_PER	FRM0	2014	27.8	u	
ESTAT:LFST_R_LFSD2POP(1.0)	17/04/26 11:00:00	A	ED0-2	M	Y_GE65	THS_PER	FR10	2014	288.8		
ESTAT:LFST_R_LFSD2POP(1.0)	17/04/26 11:00:00	A	ED0-2	M	Y_GE65	THS_PER	FRB0	2014	104.7		
ESTAT:LFST_R_LFSD2POP(1.0)	17/04/26 11:00:00	A	ED0-2	M	Y_GE65	THS_PER	FRC1	2014	71.9		
ESTAT:LFST_R_LFSD2POP(1.0)	17/04/26 11:00:00	A	ED0-2	M	Y_GE65	THS_PER	FRC2	2014	43.5		
ESTAT:LFST_R_LFSD2POP(1.0)	17/04/26 11:00:00	A	ED0-2	M	Y_GE65	THS_PER	FRD1	2014	60.9		
ESTAT:LFST_R_LFSD2POP(1.0)	17/04/26 11:00:00	A	ED0-2	M	Y_GE65	THS_PER	FRD2	2014	67.5		
ESTAT:LFST_R_LFSD2POP(1.0)	17/04/26 11:00:00	A	ED0-2	M	Y_GE65	THS_PER	FRE1	2014	127.5		
ESTAT:LFST_R_LFSD2POP(1.0)	17/04/26 11:00:00	A	ED0-2	M	Y_GE65	THS_PER	FRE2	2014	80.7		
ESTAT:LFST_R_LFSD2POP(1.0)	17/04/26 11:00:00	A	ED0-2	M	Y_GE65	THS_PER	FRF1	2014	36.0		
ESTAT:LFST_R_LFSD2POP(1.0)	17/04/26 11:00:00	A	ED0-2	M	Y_GE65	THS_PER	FRF2	2014	51.5		
ESTAT:LFST_R_LFSD2POP(1.0)	17/04/26 11:00:00	A	ED0-2	M	Y_GE65	THS_PER	FRF3	2014	79.8		
ESTAT:LFST_R_LFSD2POP(1.0)	17/04/26 11:00:00	A	ED0-2	M	Y_GE65	THS_PER	FRG0	2014	143.4		
ESTAT:LFST_R_LFSD2POP(1.0)	17/04/26 11:00:00	A	ED0-2	M	Y_GE65	THS_PER	FRH0	2014	115.9		
ESTAT:LFST_R_LFSD2POP(1.0)	17/04/26 11:00:00	A	ED0-2	M	Y_GE65	THS_PER	FRI1	2014	133.4		
ESTAT:LFST_R_LFSD2POP(1.0)	17/04/26 11:00:00	A	ED0-2	M	Y_GE65	THS_PER	FRI2	2014	36.5		
ESTAT:LFST_R_LFSD2POP(1.0)	17/04/26 11:00:00	A	ED0-2	M	Y_GE65	THS_PER	FRI3	2014	93.1		
ESTAT:LFST_R_LFSD2POP(1.0)	17/04/26 11:00:00	A	ED0-2	M	Y_GE65	THS_PER	FRJ1	2014	133.0		
ESTAT:LFST_R_LFSD2POP(1.0)	17/04/26 11:00:00	A	ED0-2	M	Y_GE65	THS_PER	FRJ2	2014	137.0		
ESTAT:LFST_R_LFSD2POP(1.0)	17/04/26 11:00:00	A	ED0-2	M	Y_GE65	THS_PER	FRK1	2014	56.2		
ESTAT:LFST_R_LFSD2POP(1.0)	17/04/26 11:00:00	A	ED0-2	M	Y_GE65	THS_PER	FRK2	2014	199.1		
ESTAT:LFST_R_LFSD2POP(1.0)	17/04/26 11:00:00	A	ED0-2	M	Y_GE65	THS_PER	FRL0	2014	197.5		
ESTAT:LFST_R_LFSD2POP(1.0)	17/04/26 11:00:00	A	ED0-2	M	Y_GE65	THS_PER	FRM0	2014	11.2	u	
ESTAT:LFST_R_LFSD2POP(1.0)	17/04/26 11:00:00	A	ED0-2	T	Y15-24	THS_PER	FR10	2014	571.5		
ESTAT:LFST_R_LFSD2POP(1.0)	17/04/26 11:00:00	A	ED0-2	T	Y15-24	THS_PER	FRB0	2014	119.3		
ESTAT:LFST_R_LFSD2POP(1.0)	17/04/26 11:00:00	A	ED0-2	T	Y15-24	THS_PER	FRC1	2014	76.4		
ESTAT:LFST_R_LFSD2POP(1.0)	17/04/26 11:00:00	A	ED0-2	T	Y15-24	THS_PER	FRC2	2014	53.9		
ESTAT:LFST_R_LFSD2POP(1.0)	17/04/26 11:00:00	A	ED0-2	T	Y15-24	THS_PER	FRD1	2014	69.1		
ESTAT:LFST_R_LFSD2POP(1.0)	17/04/26 11:00:00	A	ED0-2	T	Y15-24	THS_PER	FRD2	2014	87.0		
ESTAT:LFST_R_LFSD2POP(1.0)	17/04/26 11:00:00	A	ED0-2	T	Y15-24	THS_PER	FRE1	2014	194.5		
ESTAT:LFST_R_LFSD2POP(1.0)	17/04/26 11:00:00	A	ED0-2	T	Y15-24	THS_PER	FRE2	2014	109.6		
ESTAT:LFST_R_LFSD2POP(1.0)	17/04/26 11:00:00	A	ED0-2	T	Y15-24	THS_PER	FRF1	2014	87.5		
ESTAT:LFST_R_LFSD2POP(1.0)	17/04/26 11:00:00	A	ED0-2	T	Y15-24	THS_PER	FRF2	2014	61.8		
ESTAT:LFST_R_LFSD2POP(1.0)	17/04/26 11:00:00	A	ED0-2	T	Y15-24	THS_PER	FRF3	2014	97.2		
ESTAT:LFST_R_LFSD2POP(1.0)	17/04/26 11:00:00	A	ED0-2	T	Y15-24	THS_PER	FRG0	2014	158.3		
ESTAT:LFST_R_LFSD2POP(1.0)	17/04/26 11:00:00	A	ED0-2	T	Y15-24	THS_PER	FRH0	2014	134.7		
ESTAT:LFST_R_LFSD2POP(1.0)	17/04/26 11:00:00	A	ED0-2	T	Y15-24	THS_PER	FRI1	2014	145.5		
ESTAT:LFST_R_LFSD2POP(1.0)	17/04/26 11:00:00	A	ED0-2	T	Y15-24	THS_PER	FRI2	2014	27.3		
ESTAT:LFST_R_LFSD2POP(1.0)	17/04/26 11:00:00	A	ED0-2	T	Y15-24	THS_PER	FRI3	2014	73.1		
ESTAT:LFST_R_LFSD2POP(1.0)	17/04/26 11:00:00	A	ED0-2	T	Y15-24	THS_PER	FRJ1	2014	120.5		
ESTAT:LFST_R_LFSD2POP(1.0)	17/04/26 11:00:00	A	ED0-2	T	Y15-24	THS_PER	FRJ2	2014	112.9		
ESTAT:LFST_R_LFSD2POP(1.0)	17/04/26 11:00:00	A	ED0-2	T	Y15-24	THS_PER	FRK1	2014	56.5		
ESTAT:LFST_R_LFSD2POP(1.0)	17/04/26 11:00:00	A	ED0-2	T	Y15-24	THS_PER	FRK2	2014	306.6		
ESTAT:LFST_R_LFSD2POP(1.0)	17/04/26 11:00:00	A	ED0-2	T	Y15-24	THS_PER	FRL0	2014	242.7		
ESTAT:LFST_R_LFSD2POP(1.0)	17/04/26 11:00:00	A	ED0-2	T	Y15-24	THS_PER	FRM0	2014	8.5	u	
ESTAT:LFST_R_LFSD2POP(1.0)	17/04/26 11:00:00	A	ED0-2	T	Y15-64	THS_PER	FR10	2014	1960.7		
ESTAT:LFST_R_LFSD2POP(1.0)	17/04/26 11:00:00	A	ED0-2	T	Y15-64	THS_PER	FRB0	2014	461.4		
ESTAT:LFST_R_LFSD2POP(1.0)	17/04/26 11:00:00	A	ED0-2	T	Y15-64	THS_PER	FRC1	2014	274.6		
ESTAT:LFST_R_LFSD2POP(1.0)	17/04/26 11:00:00	A	ED0-2	T	Y15-64	THS_PER	FRC2	2014	189.6		
ESTAT:LFST_R_LFSD2POP(1.0)	17/04/26 11:00:00	A	ED0-2	T	Y15-64	THS_PER	FRD1	2014	262.1		
ESTAT:LFST_R_LFSD2POP(1.0)	17/04/26 11:00:00	A	ED0-2	T	Y15-64	THS_PER	FRD2	2014	343.4		
ESTAT:LFST_R_LFSD2POP(1.0)	17/04/26 11:00:00	A	ED0-2	T	Y15-64	THS_PER	FRE1	2014	741.8		
ESTAT:LFST_R_LFSD2POP(1.0)	17/04/26 11:00:00	A	ED0-2	T	Y15-64	THS_PER	FRE2	2014	432.5		
ESTAT:LFST_R_LFSD2POP(1.0)	17/04/26 11:00:00	A	ED0-2	T	Y15-64	THS_PER	FRF1	2014	294.4		
ESTAT:LFST_R_LFSD2POP(1.0)	17/04/26 11:00:00	A	ED0-2	T	Y15-64	THS_PER	FRF2	2014	263.2		
ESTAT:LFST_R_LFSD2POP(1.0)	17/04/26 11:00:00	A	ED0-2	T	Y15-64	THS_PER	FRF3	2014	362.1		
ESTAT:LFST_R_LFSD2POP(1.0)	17/04/26 11:00:00	A	ED0-2	T	Y15-64	THS_PER	FRG0	2014	542.4		
ESTAT:LFST_R_LFSD2POP(1.0)	17/04/26 11:00:00	A	ED0-2	T	Y15-64	THS_PER	FRH0	2014	401.2		
ESTAT:LFST_R_LFSD2POP(1.0)	17/04/26 11:00:00	A	ED0-2	T	Y15-64	THS_PER	FRI1	2014	467.7		
ESTAT:LFST_R_LFSD2POP(1.0)	17/04/26 11:00:00	A	ED0-2	T	Y15-64	THS_PER	FRI2	2014	100.2		
ESTAT:LFST_R_LFSD2POP(1.0)	17/04/26 11:00:00	A	ED0-2	T	Y15-64	THS_PER	FRI3	2014	274.9		
ESTAT:LFST_R_LFSD2POP(1.0)	17/04/26 11:00:00	A	ED0-2	T	Y15-64	THS_PER	FRJ1	2014	486.7		
ESTAT:LFST_R_LFSD2POP(1.0)	17/04/26 11:00:00	A	ED0-2	T	Y15-64	THS_PER	FRJ2	2014	376.1		
ESTAT:LFST_R_LFSD2POP(1.0)	17/04/26 11:00:00	A	ED0-2	T	Y15-64	THS_PER	FRK1	2014	216.5		
ESTAT:LFST_R_LFSD2POP(1.0)	17/04/26 11:00:00	A	ED0-2	T	Y15-64	THS_PER	FRK2	2014	952.3		
ESTAT:LFST_R_LFSD2POP(1.0)	17/04/26 11:00:00	A	ED0-2	T	Y15-64	THS_PER	FRL0	2014	844.0		
ESTAT:LFST_R_LFSD2POP(1.0)	17/04/26 11:00:00	A	ED0-2	T	Y15-64	THS_PER	FRM0	2014	36.7	u	
ESTAT:LFST_R_LFSD2POP(1.0)	17/04/26 11:00:00	A	ED0-2	T	Y15-74	THS_PER	FR10	2014	2309.4		
ESTAT:LFST_R_LFSD2POP(1.0)	17/04/26 11:00:00	A	ED0-2	T	Y15-74	THS_PER	FRB0	2014	596.2		
ESTAT:LFST_R_LFSD2POP(1.0)	17/04/26 11:00:00	A	ED0-2	T	Y15-74	THS_PER	FRC1	2014	346.9		
ESTAT:LFST_R_LFSD2POP(1.0)	17/04/26 11:00:00	A	ED0-2	T	Y15-74	THS_PER	FRC2	2014	238.9		
ESTAT:LFST_R_LFSD2POP(1.0)	17/04/26 11:00:00	A	ED0-2	T	Y15-74	THS_PER	FRD1	2014	335.0		
ESTAT:LFST_R_LFSD2POP(1.0)	17/04/26 11:00:00	A	ED0-2	T	Y15-74	THS_PER	FRD2	2014	440.1		
ESTAT:LFST_R_LFSD2POP(1.0)	17/04/26 11:00:00	A	ED0-2	T	Y15-74	THS_PER	FRE1	2014	926.2		
ESTAT:LFST_R_LFSD2POP(1.0)	17/04/26 11:00:00	A	ED0-2	T	Y15-74	THS_PER	FRE2	2014	532.0		
ESTAT:LFST_R_LFSD2POP(1.0)	17/04/26 11:00:00	A	ED0-2	T	Y15-74	THS_PER	FRF1	2014	351.9		
ESTAT:LFST_R_LFSD2POP(1.0)	17/04/26 11:00:00	A	ED0-2	T	Y15-74	THS_PER	FRF2	2014	328.6		
ESTAT:LFST_R_LFSD2POP(1.0)	17/04/26 11:00:00	A	ED0-2	T	Y15-74	THS_PER	FRF3	2014	459.7		
ESTAT:LFST_R_LFSD2POP(1.0)	17/04/26 11:00:00	A	ED0-2	T	Y15-74	THS_PER	FRG0	2014	704.3		
ESTAT:LFST_R_LFSD2POP(1.0)	17/04/26 11:00:00	A	ED0-2	T	Y15-74	THS_PER	FRH0	2014	530.0		
ESTAT:LFST_R_LFSD2POP(1.0)	17/04/26 11:00:00	A	ED0-2	T	Y15-74	THS_PER	FRI1	2014	622.4		
ESTAT:LFST_R_LFSD2POP(1.0)	17/04/26 11:00:00	A	ED0-2	T	Y15-74	THS_PER	FRI2	2014	137.2		
ESTAT:LFST_R_LFSD2POP(1.0)	17/04/26 11:00:00	A	ED0-2	T	Y15-74	THS_PER	FRI3	2014	375.8		
ESTAT:LFST_R_LFSD2POP(1.0)	17/04/26 11:00:00	A	ED0-2	T	Y15-74	THS_PER	FRJ1	2014	629.2		
ESTAT:LFST_R_LFSD2POP(1.0)	17/04/26 11:00:00	A	ED0-2	T	Y15-74	THS_PER	FRJ2	2014	507.1		
ESTAT:LFST_R_LFSD2POP(1.0)	17/04/26 11:00:00	A	ED0-2	T	Y15-74	THS_PER	FRK1	2014	279.3		
ESTAT:LFST_R_LFSD2POP(1.0)	17/04/26 11:00:00	A	ED0-2	T	Y15-74	THS_PER	FRK2	2014	1199.9		
ESTAT:LFST_R_LFSD2POP(1.0)	17/04/26 11:00:00	A	ED0-2	T	Y15-74	THS_PER	FRL0	2014	1086.4		
ESTAT:LFST_R_LFSD2POP(1.0)	17/04/26 11:00:00	A	ED0-2	T	Y15-74	THS_PER	FRM0	2014	49.5	u	
ESTAT:LFST_R_LFSD2POP(1.0)	17/04/26 11:00:00	A	ED0-2	T	Y20-64	THS_PER	FR10	2014	1479.9		
ESTAT:LFST_R_LFSD2POP(1.0)	17/04/26 11:00:00	A	ED0-2	T	Y20-64	THS_PER	FRB0	2014	358.1		
ESTAT:LFST_R_LFSD2POP(1.0)	17/04/26 11:00:00	A	ED0-2	T	Y20-64	THS_PER	FRC1	2014	210.3		
ESTAT:LFST_R_LFSD2POP(1.0)	17/04/26 11:00:00	A	ED0-2	T	Y20-64	THS_PER	FRC2	2014	142.8		
ESTAT:LFST_R_LFSD2POP(1.0)	17/04/26 11:00:00	A	ED0-2	T	Y20-64	THS_PER	FRD1	2014	202.4		
ESTAT:LFST_R_LFSD2POP(1.0)	17/04/26 11:00:00	A	ED0-2	T	Y20-64	THS_PER	FRD2	2014	269.2		
ESTAT:LFST_R_LFSD2POP(1.0)	17/04/26 11:00:00	A	ED0-2	T	Y20-64	THS_PER	FRE1	2014	580.0		
ESTAT:LFST_R_LFSD2POP(1.0)	17/04/26 11:00:00	A	ED0-2	T	Y20-64	THS_PER	FRE2	2014	342.2		
ESTAT:LFST_R_LFSD2POP(1.0)	17/04/26 11:00:00	A	ED0-2	T	Y20-64	THS_PER	FRF1	2014	219.0		
ESTAT:LFST_R_LFSD2POP(1.0)	17/04/26 11:00:00	A	ED0-2	T	Y20-64	THS_PER	FRF2	2014	214.0		
ESTAT:LFST_R_LFSD2POP(1.0)	17/04/26 11:00:00	A	ED0-2	T	Y20-64	THS_PER	FRF3	2014	281.4		
ESTAT:LFST_R_LFSD2POP(1.0)	17/04/26 11:00:00	A	ED0-2	T	Y20-64	THS_PER	FRG0	2014	399.5		
ESTAT:LFST_R_LFSD2POP(1.0)	17/04/26 11:00:00	A	ED0-2	T	Y20-64	THS_PER	FRH0	2014	276.6		
ESTAT:LFST_R_LFSD2POP(1.0)	17/04/26 11:00:00	A	ED0-2	T	Y20-64	THS_PER	FRI1	2014	336.6		
ESTAT:LFST_R_LFSD2POP(1.0)	17/04/26 11:00:00	A	ED0-2	T	Y20-64	THS_PER	FRI2	2014	77.3		
ESTAT:LFST_R_LFSD2POP(1.0)	17/04/26 11:00:00	A	ED0-2	T	Y20-64	THS_PER	FRI3	2014	213.2		
ESTAT:LFST_R_LFSD2POP(1.0)	17/04/26 11:00:00	A	ED0-2	T	Y20-64	THS_PER	FRJ1	2014	386.2		
ESTAT:LFST_R_LFSD2POP(1.0)	17/04/26 11:00:00	A	ED0-2	T	Y20-64	THS_PER	FRJ2	2014	274.5		
ESTAT:LFST_R_LFSD2POP(1.0)	17/04/26 11:00:00	A	ED0-2	T	Y20-64	THS_PER	FRK1	2014	165.0		
ESTAT:LFST_R_LFSD2POP(1.0)	17/04/26 11:00:00	A	ED0-2	T	Y20-64	THS_PER	FRK2	2014	680.5		
ESTAT:LFST_R_LFSD2POP(1.0)	17/04/26 11:00:00	A	ED0-2	T	Y20-64	THS_PER	FRL0	2014	639.4		
ESTAT:LFST_R_LFSD2POP(1.0)	17/04/26 11:00:00	A	ED0-2	T	Y20-64	THS_PER	FRM0	2014	29.1	u	
ESTAT:LFST_R_LFSD2POP(1.0)	17/04/26 11:00:00	A	ED0-2	T	Y25-34	THS_PER	FR10	2014	234.8		
ESTAT:LFST_R_LFSD2POP(1.0)	17/04/26 11:00:00	A	ED0-2	T	Y25-34	THS_PER	FRB0	2014	44.5		
ESTAT:LFST_R_LFSD2POP(1.0)	17/04/26 11:00:00	A	ED0-2	T	Y25-34	THS_PER	FRC1	2014	17.0		
ESTAT:LFST_R_LFSD2POP(1.0)	17/04/26 11:00:00	A	ED0-2	T	Y25-34	THS_PER	FRC2	2014	15.6		
ESTAT:LFST_R_LFSD2POP(1.0)	17/04/26 11:00:00	A	ED0-2	T	Y25-34	THS_PER	FRD1	2014	20.4		
ESTAT:LFST_R_LFSD2POP(1.0)	17/04/26 11:00:00	A	ED0-2	T	Y25-34	THS_PER	FRD2	2014	35.2		
ESTAT:LFST_R_LFSD2POP(1.0)	17/04/26 11:00:00	A	ED0-2	T	Y25-34	THS_PER	FRE1	2014	73.8		
ESTAT:LFST_R_LFSD2POP(1.0)	17/04/26 11:00:00	A	ED0-2	T	Y25-34	THS_PER	FRE2	2014	43.8		
ESTAT:LFST_R_LFSD2POP(1.0)	17/04/26 11:00:00	A	ED0-2	T	Y25-34	THS_PER	FRF1	2014	32.6		
ESTAT:LFST_R_LFSD2POP(1.0)	17/04/26 11:00:00	A	ED0-2	T	Y25-34	THS_PER	FRF2	2014	28.0		
ESTAT:LFST_R_LFSD2POP(1.0)	17/04/26 11:00:00	A	ED0-2	T	Y25-34	THS_PER	FRF3	2014	40.6		
ESTAT:LFST_R_LFSD2POP(1.0)	17/04/26 11:00:00	A	ED0-2	T	Y25-34	THS_PER	FRG0	2014	48.9		
ESTAT:LFST_R_LFSD2POP(1.0)	17/04/26 11:00:00	A	ED0-2	T	Y25-34	THS_PER	FRH0	2014	31.6		
ESTAT:LFST_R_LFSD2POP(1.0)	17/04/26 11:00:00	A	ED0-2	T	Y25-34	THS_PER	FRI1	2014	38.4		
ESTAT:LFST_R_LFSD2POP(1.0)	17/04/26 11:00:00	A	ED0-2	T	Y25-34	THS_PER	FRI2	2014	6.3	u	
ESTAT:LFST_R_LFSD2POP(1.0)	17/04/26 11:00:00	A	ED0-2	T	Y25-34	THS_PER	FRI3	2014	22.0		
ESTAT:LFST_R_LFSD2POP(1.0)	17/04/26 11:00:00	A	ED0-2	T	Y25-34	THS_PER	FRJ1	2014	59.4		
ESTAT:LFST_R_LFSD2POP(1.0)	17/04/26 11:00:00	A	ED0-2	T	Y25-34	THS_PER	FRJ2	2014	34.6		
ESTAT:LFST_R_LFSD2POP(1.0)	17/04/26 11:00:00	A	ED0-2	T	Y25-34	THS_PER	FRK1	2014	22.7		
ESTAT:LFST_R_LFSD2POP(1.0)	17/04/26 11:00:00	A	ED0-2	T	Y25-34	THS_PER	FRK2	2014	94.2		
ESTAT:LFST_R_LFSD2POP(1.0)	17/04/26 11:00:00	A	ED0-2	T	Y25-34	THS_PER	FRL0	2014	81.6		
ESTAT:LFST_R_LFSD2POP(1.0)	17/04/26 11:00:00	A	ED0-2	T	Y25-34	THS_PER	FRM0	2014	1.4	u	
ESTAT:LFST_R_LFSD2POP(1.0)	17/04/26 11:00:00	A	ED0-2	T	Y25-64	THS_PER	FR10	2014	1389.1		
ESTAT:LFST_R_LFSD2POP(1.0)	17/04/26 11:00:00	A	ED0-2	T	Y25-64	THS_PER	FRB0	2014	342.1		
ESTAT:LFST_R_LFSD2POP(1.0)	17/04/26 11:00:00	A	ED0-2	T	Y25-64	THS_PER	FRC1	2014	198.2		
ESTAT:LFST_R_LFSD2POP(1.0)	17/04/26 11:00:00	A	ED0-2	T	Y25-64	THS_PER	FRC2	2014	135.7		
ESTAT:LFST_R_LFSD2POP(1.0)	17/04/26 11:00:00	A	ED0-2	T	Y25-64	THS_PER	FRD1	2014	193.0		
ESTAT:LFST_R_LFSD2POP(1.0)	17/04/26 11:00:00	A	ED0-2	T	Y25-64	THS_PER	FRD2	2014	256.4		
ESTAT:LFST_R_LFSD2POP(1.0)	17/04/26 11:00:00	A	ED0-2	T	Y25-64	THS_PER	FRE1	2014	547.3		
ESTAT:LFST_R_LFSD2POP(1.0)	17/04/26 11:00:00	A	ED0-2	T	Y25-64	THS_PER	FRE2	2014	322.9		
ESTAT:LFST_R_LFSD2POP(1.0)	17/04/26 11:00:00	A	ED0-2	T	Y25-64	THS_PER	FRF1	2014	206.9		
ESTAT:LFST_R_LFSD2POP(1.0)	17/04/26 11:00:00	A	ED0-2	T	Y25-64	THS_PER	FRF2	2014	201.4		
ESTAT:LFST_R_LFSD2POP(1.0)	17/04/26 11:00:00	A	ED0-2	T	Y25-64	THS_PER	FRF3	2014	264.9		
ESTAT:LFST_R_LFSD2POP(1.0)	17/04/26 11:00:00	A	ED0-2	T	Y25-64	THS_PER	FRG0	2014	384.2		
ESTAT:LFST_R_LFSD2POP(1.0)	17/04/26 11:00:00	A	ED0-2	T	Y25-64	THS_PER	FRH0	2014	266.5		
ESTAT:LFST_R_LFSD2POP(1.0)	17/04/26 11:00:00	A	ED0-2	T	Y25-64	THS_PER	FRI1	2014	322.1		
ESTAT:LFST_R_LFSD2POP(1.0)	17/04/26 11:00:00	A	ED0-2	T	Y25-64	THS_PER	FRI2	2014	72.9		
ESTAT:LFST_R_LFSD2POP(1.0)	17/04/26 11:00:00	A	ED0-2	T	Y25-64	THS_PER	FRI3	2014	201.8		
ESTAT:LFST_R_LFSD2POP(1.0)	17/04/26 11:00:00	A	ED0-2	T	Y25-64	THS_PER	FRJ1	2014	366.2		
ESTAT:LFST_R_LFSD2POP(1.0)	17/04/26 11:00:00	A	ED0-2	T	Y25-64	THS_PER	FRJ2	2014	263.1		
ESTAT:LFST_R_LFSD2POP(1.0)	17/04/26 11:00:00	A	ED0-2	T	Y25-64	THS_PER	FRK1	2014	159.9		
ESTAT:LFST_R_LFSD2POP(1.0)	17/04/26 11:00:00	A	ED0-2	T	Y25-64	THS_PER	FRK2	2014	645.8		
ESTAT:LFST_R_LFSD2POP(1.0)	17/04/26 11:00:00	A	ED0-2	T	Y25-64	THS_PER	FRL0	2014	601.2		
ESTAT:LFST_R_LFSD2POP(1.0)	17/04/26 11:00:00	A	ED0-2	T	Y25-64	THS_PER	FRM0	2014	28.2	u	
ESTAT:LFST_R_LFSD2POP(1.0)	17/04/26 11:00:00	A	ED0-2	T	Y35-44	THS_PER	FR10	2014	305.2		
ESTAT:LFST_R_LFSD2POP(1.0)	17/04/26 11:00:00	A	ED0-2	T	Y35-44	THS_PER	FRB0	2014	57.9		
ESTAT:LFST_R_LFSD2POP(1.0)	17/04/26 11:00:00	A	ED0-2	T	Y35-44	THS_PER	FRC1	2014	33.8		
ESTAT:LFST_R_LFSD2POP(1.0)	17/04/26 11:00:00	A	ED0-2	T	Y35-44	THS_PER	FRC2	2014	23.6		
ESTAT:LFST_R_LFSD2POP(1.0)	17/04/26 11:00:00	A	ED0-2	T	Y35-44	THS_PER	FRD1	2014	25.7		
ESTAT:LFST_R_LFSD2POP(1.0)	17/04/26 11:00:00	A	ED0-2	T	Y35-44	THS_PER	FRD2	2014	39.4		
ESTAT:LFST_R_LFSD2POP(1.0)	17/04/26 11:00:00	A	ED0-2	T	Y35-44	THS_PER	FRE1	2014	100.3		
ESTAT:LFST_R_LFSD2POP(1.0)	17/04/26 11:00:00	A	ED0-2	T	Y35-44	THS_PER	FRE2	2014	55.6		
ESTAT:LFST_R_LFSD2POP(1.0)	17/04/26 11:00:00	A	ED0-2	T	Y35-44	THS_PER	FRF1	2014	37.8		
ESTAT:LFST_R_LFSD2POP(1.0)	17/04/26 11:00:00	A	ED0-2	T	Y35-44	THS_PER	FRF2	2014	39.6		
ESTAT:LFST_R_LFSD2POP(1.0)	17/04/26 11:00:00	A	ED0-2	T	Y35-44	THS_PER	FRF3	2014	48.8		
ESTAT:LFST_R_LFSD2POP(1.0)	17/04/26 11:00:00	A	ED0-2	T	Y35-44	THS_PER	FRG0	2014	59.8		
ESTAT:LFST_R_LFSD2POP(1.0)	17/04/26 11:00:00	A	ED0-2	T	Y35-44	THS_PER	FRH0	2014	47.3		
ESTAT:LFST_R_LFSD2POP(1.0)	17/04/26 11:00:00	A	ED0-2	T	Y35-44	THS_PER	FRI1	2014	54.0		
ESTAT:LFST_R_LFSD2POP(1.0)	17/04/26 11:00:00	A	ED0-2	T	Y35-44	THS_PER	FRI2	2014	10.1		
ESTAT:LFST_R_LFSD2POP(1.0)	17/04/26 11:00:00	A	ED0-2	T	Y35-44	THS_PER	FRI3	2014	45.0		
ESTAT:LFST_R_LFSD2POP(1.0)	17/04/26 11:00:00	A	ED0-2	T	Y35-44	THS_PER	FRJ1	2014	54.2		
ESTAT:LFST_R_LFSD2POP(1.0)	17/04/26 11:00:00	A	ED0-2	T	Y35-44	THS_PER	FRJ2	2014	53.0		
ESTAT:LFST_R_LFSD2POP(1.0)	17/04/26 11:00:00	A	ED0-2	T	Y35-44	THS_PER	FRK1	2014	27.1		
ESTAT:LFST_R_LFSD2POP(1.0)	17/04/26 11:00:00	A	ED0-2	T	Y35-44	THS_PER	FRK2	2014	117.6		
ESTAT:LFST_R_LFSD2POP(1.0)	17/04/26 11:00:00	A	ED0-2	T	Y35-44	THS_PER	FRL0	2014	109.0		
ESTAT:LFST_R_LFSD2POP(1.0)	17/04/26 11:00:00	A	ED0-2	T	Y35-44	THS_PER	FRM0	2014	6.3	u	
ESTAT:LFST_R_LFSD2POP(1.0)	17/04/26 11:00:00	A	ED0-2	T	Y45-54	THS_PER	FR10	2014	401.0		
ESTAT:LFST_R_LFSD2POP(1.0)	17/04/26 11:00:00	A	ED0-2	T	Y45-54	THS_PER	FRB0	2014	95.0		
ESTAT:LFST_R_LFSD2POP(1.0)	17/04/26 11:00:00	A	ED0-2	T	Y45-54	THS_PER	FRC1	2014	54.0		
ESTAT:LFST_R_LFSD2POP(1.0)	17/04/26 11:00:00	A	ED0-2	T	Y45-54	THS_PER	FRC2	2014	39.6		
ESTAT:LFST_R_LFSD2POP(1.0)	17/04/26 11:00:00	A	ED0-2	T	Y45-54	THS_PER	FRD1	2014	50.3		
ESTAT:LFST_R_LFSD2POP(1.0)	17/04/26 11:00:00	A	ED0-2	T	Y45-54	THS_PER	FRD2	2014	77.0		
ESTAT:LFST_R_LFSD2POP(1.0)	17/04/26 11:00:00	A	ED0-2	T	Y45-54	THS_PER	FRE1	2014	152.0		
ESTAT:LFST_R_LFSD2POP(1.0)	17/04/26 11:00:00	A	ED0-2	T	Y45-54	THS_PER	FRE2	2014	108.4		
ESTAT:LFST_R_LFSD2POP(1.0)	17/04/26 11:00:00	A	ED0-2	T	Y45-54	THS_PER	FRF1	2014	60.2		
ESTAT:LFST_R_LFSD2POP(1.0)	17/04/26 11:00:00	A	ED0-2	T	Y45-54	THS_PER	FRF2	2014	56.3		
ESTAT:LFST_R_LFSD2POP(1.0)	17/04/26 11:00:00	A	ED0-2	T	Y45-54	THS_PER	FRF3	2014	77.0		
ESTAT:LFST_R_LFSD2POP(1.0)	17/04/26 11:00:00	A	ED0-2	T	Y45-54	THS_PER	FRG0	2014	110.6		
ESTAT:LFST_R_LFSD2POP(1.0)	17/04/26 11:00:00	A	ED0-2	T	Y45-54	THS_PER	FRH0	2014	78.0		
ESTAT:LFST_R_LFSD2POP(1.0)	17/04/26 11:00:00	A	ED0-2	T	Y45-54	THS_PER	FRI1	2014	94.9		
ESTAT:LFST_R_LFSD2POP(1.0)	17/04/26 11:00:00	A	ED0-2	T	Y45-54	THS_PER	FRI2	2014	20.4		
ESTAT:LFST_R_LFSD2POP(1.0)	17/04/26 11:00:00	A	ED0-2	T	Y45-54	THS_PER	FRI3	2014	50.7		
ESTAT:LFST_R_LFSD2POP(1.0)	17/04/26 11:00:00	A	ED0-2	T	Y45-54	THS_PER	FRJ1	2014	121.0		
ESTAT:LFST_R_LFSD2POP(1.0)	17/04/26 11:00:00	A	ED0-2	T	Y45-54	THS_PER	FRJ2	2014	70.2		
ESTAT:LFST_R_LFSD2POP(1.0)	17/04/26 11:00:00	A	ED0-2	T	Y45-54	THS_PER	FRK1	2014	42.0		
ESTAT:LFST_R_LFSD2POP(1.0)	17/04/26 11:00:00	A	ED0-2	T	Y45-54	THS_PER	FRK2	2014	180.7		
ESTAT:LFST_R_LFSD2POP(1.0)	17/04/26 11:00:00	A	ED0-2	T	Y45-54	THS_PER	FRL0	2014	187.0		
ESTAT:LFST_R_LFSD2POP(1.0)	17/04/26 11:00:00	A	ED0-2	T	Y45-54	THS_PER	FRM0	2014	6.8	u	
ESTAT:LFST_R_LFSD2POP(1.0)	17/04/26 11:00:00	A	ED0-2	T	Y55-64	THS_PER	FR10	2014	448.1		
ESTAT:LFST_R_LFSD2POP(1.0)	17/04/26 11:00:00	A	ED0-2	T	Y55-64	THS_PER	FRB0	2014	144.8		
ESTAT:LFST_R_LFSD2POP(1.0)	17/04/26 11:00:00	A	ED0-2	T	Y55-64	THS_PER	FRC1	2014	93.4		
ESTAT:LFST_R_LFSD2POP(1.0)	17/04/26 11:00:00	A	ED0-2	T	Y55-64	THS_PER	FRC2	2014	56.9		
ESTAT:LFST_R_LFSD2POP(1.0)	17/04/26 11:00:00	A	ED0-2	T	Y55-64	THS_PER	FRD1	2014	96.6		
ESTAT:LFST_R_LFSD2POP(1.0)	17/04/26 11:00:00	A	ED0-2	T	Y55-64	THS_PER	FRD2	2014	104.7		
ESTAT:LFST_R_LFSD2POP(1.0)	17/04/26 11:00:00	A	ED0-2	T	Y55-64	THS_PER	FRE1	2014	221.2		
ESTAT:LFST_R_LFSD2POP(1.0)	17/04/26 11:00:00	A	ED0-2	T	Y55-64	THS_PER	FRE2	2014	115.1		
ESTAT:LFST_R_LFSD2POP(1.0)	17/04/26 11:00:00	A	ED0-2	T	Y55-64	THS_PER	FRF1	2014	76.4		
ESTAT:LFST_R_LFSD2POP(1.0)	17/04/26 11:00:00	A	ED0-2	T	Y55-64	THS_PER	FRF2	2014	77.4		
ESTAT:LFST_R_LFSD2POP(1.0)	17/04/26 11:00:00	A	ED0-2	T	Y55-64	THS_PER	FRF3	2014	98.4		
ESTAT:LFST_R_LFSD2POP(1.0)	17/04/26 11:00:00	A	ED0-2	T	Y55-64	THS_PER	FRG0	2014	164.8		
ESTAT:LFST_R_LFSD2POP(1.0)	17/04/26 11:00:00	A	ED0-2	T	Y55-64	THS_PER	FRH0	2014	109.6		
ESTAT:LFST_R_LFSD2POP(1.0)	17/04/26 11:00:00	A	ED0-2	T	Y55-64	THS_PER	FRI1	2014	134.9		
ESTAT:LFST_R_LFSD2POP(1.0)	17/04/26 11:00:00	A	ED0-2	T	Y55-64	THS_PER	FRI2	2014	36.1		
ESTAT:LFST_R_LFSD2POP(1.0)	17/04/26 11:00:00	A	ED0-2	T	Y55-64	THS_PER	FRI3	2014	84.1		
ESTAT:LFST_R_LFSD2POP(1.0)	17/04/26 11:00:00	A	ED0-2	T	Y55-64	THS_PER	FRJ1	2014	131.6		
ESTAT:LFST_R_LFSD2POP(1.0)	17/04/26 11:00:00	A	ED0-2	T	Y55-64	THS_PER	FRJ2	2014	105.3		
ESTAT:LFST_R_LFSD2POP(1.0)	17/04/26 11:00:00	A	ED0-2	T	Y55-64	THS_PER	FRK1	2014	68.2		
ESTAT:LFST_R_LFSD2POP(1.0)	17/04/26 11:00:00	A	ED0-2	T	Y55-64	THS_PER	FRK2	2014	253.2		
ESTAT:LFST_R_LFSD2POP(1.0)	17/04/26 11:00:00	A	ED0-2	T	Y55-64	THS_PER	FRL0	2014	223.7		
ESTAT:LFST_R_LFSD2POP(1.0)	17/04/26 11:00:00	A	ED0-2	T	Y55-64	THS_PER	FRM0	2014	13.7	u	
ESTAT:LFST_R_LFSD2POP(1.0)	17/04/26 11:00:00	A	ED0-2	T	Y_GE15	THS_PER	FR10	2014	2679.4		
ESTAT:LFST_R_LFSD2POP(1.0)	17/04/26 11:00:00	A	ED0-2	T	Y_GE15	THS_PER	FRB0	2014	758.3		
ESTAT:LFST_R_LFSD2POP(1.0)	17/04/26 11:00:00	A	ED0-2	T	Y_GE15	THS_PER	FRC1	2014	456.8		
ESTAT:LFST_R_LFSD2POP(1.0)	17/04/26 11:00:00	A	ED0-2	T	Y_GE15	THS_PER	FRC2	2014	310.0		
ESTAT:LFST_R_LFSD2POP(1.0)	17/04/26 11:00:00	A	ED0-2	T	Y_GE15	THS_PER	FRD1	2014	437.9		
ESTAT:LFST_R_LFSD2POP(1.0)	17/04/26 11:00:00	A	ED0-2	T	Y_GE15	THS_PER	FRD2	2014	531.1		
ESTAT:LFST_R_LFSD2POP(1.0)	17/04/26 11:00:00	A	ED0-2	T	Y_GE15	THS_PER	FRE1	2014	1126.1		
ESTAT:LFST_R_LFSD2POP(1.0)	17/04/26 11:00:00	A	ED0-2	T	Y_GE15	THS_PER	FRE2	2014	635.0		
ESTAT:LFST_R_LFSD2POP(1.0)	17/04/26 11:00:00	A	ED0-2	T	Y_GE15	THS_PER	FRF1	2014	415.7		
ESTAT:LFST_R_LFSD2POP(1.0)	17/04/26 11:00:00	A	ED0-2	T	Y_GE15	THS_PER	FRF2	2014	408.2		
ESTAT:LFST_R_LFSD2POP(1.0)	17/04/26 11:00:00	A	ED0-2	T	Y_GE15	THS_PER	FRF3	2014	581.4		
ESTAT:LFST_R_LFSD2POP(1.0)	17/04/26 11:00:00	A	ED0-2	T	Y_GE15	THS_PER	FRG0	2014	920.6		
ESTAT:LFST_R_LFSD2POP(1.0)	17/04/26 11:00:00	A	ED0-2	T	Y_GE15	THS_PER	FRH0	2014	740.0		
ESTAT:LFST_R_LFSD2POP(1.0)	17/04/26 11:00:00	A	ED0-2	T	Y_GE15	THS_PER	FRI1	2014	807.2		
ESTAT:LFST_R_LFSD2POP(1.0)	17/04/26 11:00:00	A	ED0-2	T	Y_GE15	THS_PER	FRI2	2014	200.3		
ESTAT:LFST_R_LFSD2POP(1.0)	17/04/26 11:00:00	A	ED0-2	T	Y_GE15	THS_PER	FRI3	2014	514.6		
ESTAT:LFST_R_LFSD2POP(1.0)	17/04/26 11:00:00	A	ED0-2	T	Y_GE15	THS_PER	FRJ1	2014	803.8		
ESTAT:LFST_R_LFSD2POP(1.0)	17/04/26 11:00:00	A	ED0-2	T	Y_GE15	THS_PER	FRJ2	2014	707.9		
ESTAT:LFST_R_LFSD2POP(1.0)	17/04/26 11:00:00	A	ED0-2	T	Y_GE15	THS_PER	FRK1	2014	367.6		
ESTAT:LFST_R_LFSD2POP(1.0)	17/04/26 11:00:00	A	ED0-2	T	Y_GE15	THS_PER	FRK2	2014	1488.5		
ESTAT:LFST_R_LFSD2POP(1.0)	17/04/26 11:00:00	A	ED0-2	T	Y_GE15	THS_PER	FRL0	2014	1354.7		
ESTAT:LFST_R_LFSD2POP(1.0)	17/04/26 11:00:00	A	ED0-2	T	Y_GE15	THS_PER	FRM0	2014	62.8	u	
ESTAT:LFST_R_LFSD2POP(1.0)	17/04/26 11:00:00	A	ED0-2	T	Y_GE25	THS_PER	FR10	2014	2107.8		
ESTAT:LFST_R_LFSD2POP(1.0)	17/04/26 11:00:00	A	ED0-2	T	Y_GE25	THS_PER	FRB0	2014	639.0		
ESTAT:LFST_R_LFSD2POP(1.0)	17/04/26 11:00:00	A	ED0-2	T	Y_GE25	THS_PER	FRC1	2014	380.4		
ESTAT:LFST_R_LFSD2POP(1.0)	17/04/26 11:00:00	A	ED0-2	T	Y_GE25	THS_PER	FRC2	2014	256.1		
ESTAT:LFST_R_LFSD2POP(1.0)	17/04/26 11:00:00	A	ED0-2	T	Y_GE25	THS_PER	FRD1	2014	368.8		
ESTAT:LFST_R_LFSD2POP(1.0)	17/04/26 11:00:00	A	ED0-2	T	Y_GE25	THS_PER	FRD2	2014	444.1		
ESTAT:LFST_R_LFSD2POP(1.0)	17/04/26 11:00:00	A	ED0-2	T	Y_GE25	THS_PER	FRE1	2014	931.6		
ESTAT:LFST_R_LFSD2POP(1.0)	17/04/26 11:00:00	A	ED0-2	T	Y_GE25	THS_PER	FRE2	2014	525.4		
ESTAT:LFST_R_LFSD2POP(1.0)	17/04/26 11:00:00	A	ED0-2	T	Y_GE25	THS_PER	FRF1	2014	328.2		
ESTAT:LFST_R_LFSD2POP(1.0)	17/04/26 11:00:00	A	ED0-2	T	Y_GE25	THS_PER	FRF2	2014	346.4		
ESTAT:LFST_R_LFSD2POP(1.0)	17/04/26 11:00:00	A	ED0-2	T	Y_GE25	THS_PER	FRF3	2014	484.2		
ESTAT:LFST_R_LFSD2POP(1.0)	17/04/26 11:00:00	A	ED0-2	T	Y_GE25	THS_PER	FRG0	2014	762.4		
ESTAT:LFST_R_LFSD2POP(1.0)	17/04/26 11:00:00	A	ED0-2	T	Y_GE25	THS_PER	FRH0	2014	605.4		
ESTAT:LFST_R_LFSD2POP(1.0)	17/04/26 11:00:00	A	ED0-2	T	Y_GE25	THS_PER	FRI1	2014	661.7		
ESTAT:LFST_R_LFSD2POP(1.0)	17/04/26 11:00:00	A	ED0-2	T	Y_GE25	THS_PER	FRI2	2014	173.0		
ESTAT:LFST_R_LFSD2POP(1.0)	17/04/26 11:00:00	A	ED0-2	T	Y_GE25	THS_PER	FRI3	2014	441.6		
ESTAT:LFST_R_LFSD2POP(1.0)	17/04/26 11:00:00	A	ED0-2	T	Y_GE25	THS_PER	FRJ1	2014	683.3		
ESTAT:LFST_R_LFSD2POP(1.0)	17/04/26 11:00:00	A	ED0-2	T	Y_GE25	THS_PER	FRJ2	2014	595.0		
ESTAT:LFST_R_LFSD2POP(1.0)	17/04/26 11:00:00	A	ED0-2	T	Y_GE25	THS_PER	FRK1	2014	311.1		
ESTAT:LFST_R_LFSD2POP(1.0)	17/04/26 11:00:00	A	ED0-2	T	Y_GE25	THS_PER	FRK2	2014	1182.0		
ESTAT:LFST_R_LFSD2POP(1.0)	17/04/26 11:00:00	A	ED0-2	T	Y_GE25	THS_PER	FRL0	2014	1111.9		
ESTAT:LFST_R_LFSD2POP(1.0)	17/04/26 11:00:00	A	ED0-2	T	Y_GE25	THS_PER	FRM0	2014	54.2	u	
ESTAT:LFST_R_LFSD2POP(1.0)	17/04/26 11:00:00	A	ED0-2	T	Y_GE65	THS_PER	FR10	2014	718.7		
ESTAT:LFST_R_LFSD2POP(1.0)	17/04/26 11:00:00	A	ED0-2	T	Y_GE65	THS_PER	FRB0	2014	296.8		
ESTAT:LFST_R_LFSD2POP(1.0)	17/04/26 11:00:00	A	ED0-2	T	Y_GE65	THS_PER	FRC1	2014	182.1		
ESTAT:LFST_R_LFSD2POP(1.0)	17/04/26 11:00:00	A	ED0-2	T	Y_GE65	THS_PER	FRC2	2014	120.4		
ESTAT:LFST_R_LFSD2POP(1.0)	17/04/26 11:00:00	A	ED0-2	T	Y_GE65	THS_PER	FRD1	2014	175.8		
ESTAT:LFST_R_LFSD2POP(1.0)	17/04/26 11:00:00	A	ED0-2	T	Y_GE65	THS_PER	FRD2	2014	187.8		
ESTAT:LFST_R_LFSD2POP(1.0)	17/04/26 11:00:00	A	ED0-2	T	Y_GE65	THS_PER	FRE1	2014	384.3		
ESTAT:LFST_R_LFSD2POP(1.0)	17/04/26 11:00:00	A	ED0-2	T	Y_GE65	THS_PER	FRE2	2014	202.5		
ESTAT:LFST_R_LFSD2POP(1.0)	17/04/26 11:00:00	A	ED0-2	T	Y_GE65	THS_PER	FRF1	2014	121.3		
ESTAT:LFST_R_LFSD2POP(1.0)	17/04/26 11:00:00	A	ED0-2	T	Y_GE65	THS_PER	FRF2	2014	145.0		
ESTAT:LFST_R_LFSD2POP(1.0)	17/04/26 11:00:00	A	ED0-2	T	Y_GE65	THS_PER	FRF3	2014	219.3		
ESTAT:LFST_R_LFSD2POP(1.0)	17/04/26 11:00:00	A	ED0-2	T	Y_GE65	THS_PER	FRG0	2014	378.2		
ESTAT:LFST_R_LFSD2POP(1.0)	17/04/26 11:00:00	A	ED0-2	T	Y_GE65	THS_PER	FRH0	2014	338.9		
ESTAT:LFST_R_LFSD2POP(1.0)	17/04/26 11:00:00	A	ED0-2	T	Y_GE65	THS_PER	FRI1	2014	339.5		
ESTAT:LFST_R_LFSD2POP(1.0)	17/04/26 11:00:00	A	ED0-2	T	Y_GE65	THS_PER	FRI2	2014	100.1		
ESTAT:LFST_R_LFSD2POP(1.0)	17/04/26 11:00:00	A	ED0-2	T	Y_GE65	THS_PER	FRI3	2014	239.8		
ESTAT:LFST_R_LFSD2POP(1.0)	17/04/26 11:00:00	A	ED0-2	T	Y_GE65	THS_PER	FRJ1	2014	317.0		
ESTAT:LFST_R_LFSD2POP(1.0)	17/04/26 11:00:00	A	ED0-2	T	Y_GE65	THS_PER	FRJ2	2014	331.8		
ESTAT:LFST_R_LFSD2POP(1.0)	17/04/26 11:00:00	A	ED0-2	T	Y_GE65	THS_PER	FRK1	2014	151.1		
ESTAT:LFST_R_LFSD2POP(1.0)	17/04/26 11:00:00	A	ED0-2	T	Y_GE65	THS_PER	FRK2	2014	536.2		
ESTAT:LFST_R_LFSD2POP(1.0)	17/04/26 11:00:00	A	ED0-2	T	Y_GE65	THS_PER	FRL0	2014	510.7		
ESTAT:LFST_R_LFSD2POP(1.0)	17/04/26 11:00:00	A	ED0-2	T	Y_GE65	THS_PER	FRM0	2014	26.1	u	
ESTAT:LFST_R_LFSD2POP(1.0)	17/04/26 11:00:00	A	ED3_4	F	Y15-24	THS_PER	FR10	2014	333.4		
ESTAT:LFST_R_LFSD2POP(1.0)	17/04/26 11:00:00	A	ED3_4	F	Y15-24	THS_PER	FRB0	2014	62.1		
ESTAT:LFST_R_LFSD2POP(1.0)	17/04/26 11:00:00	A	ED3_4	F	Y15-24	THS_PER	FRC1	2014	37.2		
ESTAT:LFST_R_LFSD2POP(1.0)	17/04/26 11:00:00	A	ED3_4	F	Y15-24	THS_PER	FRC2	2014	21.5		
ESTAT:LFST_R_LFSD2POP(1.0)	17/04/26 11:00:00	A	ED3_4	F	Y15-24	THS_PER	FRD1	2014	35.0		
ESTAT:LFST_R_LFSD2POP(1.0)	17/04/26 11:00:00	A	ED3_4	F	Y15-24	THS_PER	FRD2	2014	46.5		
ESTAT:LFST_R_LFSD2POP(1.0)	17/04/26 11:00:00	A	ED3_4	F	Y15-24	THS_PER	FRE1	2014	101.9		
ESTAT:LFST_R_LFSD2POP(1.0)	17/04/26 11:00:00	A	ED3_4	F	Y15-24	THS_PER	FRE2	2014	50.7		
ESTAT:LFST_R_LFSD2POP(1.0)	17/04/26 11:00:00	A	ED3_4	F	Y15-24	THS_PER	FRF1	2014	62.0		
ESTAT:LFST_R_LFSD2POP(1.0)	17/04/26 11:00:00	A	ED3_4	F	Y15-24	THS_PER	FRF2	2014	33.8		
ESTAT:LFST_R_LFSD2POP(1.0)	17/04/26 11:00:00	A	ED3_4	F	Y15-24	THS_PER	FRF3	2014	57.1		
ESTAT:LFST_R_LFSD2POP(1.0)	17/04/26 11:00:00	A	ED3_4	F	Y15-24	THS_PER	FRG0	2014	81.8		
ESTAT:LFST_R_LFSD2POP(1.0)	17/04/26 11:00:00	A	ED3_4	F	Y15-24	THS_PER	FRH0	2014	77.9		
ESTAT:LFST_R_LFSD2POP(1.0)	17/04/26 11:00:00	A	ED3_4	F	Y15-24	THS_PER	FRI1	2014	71.4		
ESTAT:LFST_R_LFSD2POP(1.0)	17/04/26 11:00:00	A	ED3_4	F	Y15-24	THS_PER	FRI2	2014	19.9		
ESTAT:LFST_R_LFSD2POP(1.0)	17/04/26 11:00:00	A	ED3_4	F	Y15-24	THS_PER	FRI3	2014	43.4		
ESTAT:LFST_R_LFSD2POP(1.0)	17/04/26 11:00:00	A	ED3_4	F	Y15-24	THS_PER	FRJ1	2014	65.7		
ESTAT:LFST_R_LFSD2POP(1.0)	17/04/26 11:00:00	A	ED3_4	F	Y15-24	THS_PER	FRJ2	2014	81.0		
ESTAT:LFST_R_LFSD2POP(1.0)	17/04/26 11:00:00	A	ED3_4	F	Y15-24	THS_PER	FRK1	2014	25.2		
ESTAT:LFST_R_LFSD2POP(1.0)	17/04/26 11:00:00	A	ED3_4	F	Y15-24	THS_PER	FRK2	2014	173.7		
ESTAT:LFST_R_LFSD2POP(1.0)	17/04/26 11:00:00	A	ED3_4	F	Y15-24	THS_PER	FRL0	2014	118.2		
ESTAT:LFST_R_LFSD2POP(1.0)	17/04/26 11:00:00	A	ED3_4	F	Y15-24	THS_PER	FRM0	2014	3.3	u	
ESTAT:LFST_R_LFSD2POP(1.0)	17/04/26 11:00:00	A	ED3_4	F	Y15-64	THS_PER	FR10	2014	1399.8		
ESTAT:LFST_R_LFSD2POP(1.0)	17/04/26 11:00:00	A	ED3_4	F	Y15-64	THS_PER	FRB0	2014	336.5		
ESTAT:LFST_R_LFSD2POP(1.0)	17/04/26 11:00:00	A	ED3_4	F	Y15-64	THS_PER	FRC1	2014	215.3		
ESTAT:LFST_R_LFSD2POP(1.0)	17/04/26 11:00:00	A	ED3_4	F	Y15-64	THS_PER	FRC2	2014	158.7		
ESTAT:LFST_R_LFSD2POP(1.0)	17/04/26 11:00:00	A	ED3_4	F	Y15-64	THS_PER	FRD1	2014	198.2		
ESTAT:LFST_R_LFSD2POP(1.0)	17/04/26 11:00:00	A	ED3_4	F	Y15-64	THS_PER	FRD2	2014	251.0		
ESTAT:LFST_R_LFSD2POP(1.0)	17/04/26 11:00:00	A	ED3_4	F	Y15-64	THS_PER	FRE1	2014	531.3		
ESTAT:LFST_R_LFSD2POP(1.0)	17/04/26 11:00:00	A	ED3_4	F	Y15-64	THS_PER	FRE2	2014	262.4		
ESTAT:LFST_R_LFSD2POP(1.0)	17/04/26 11:00:00	A	ED3_4	F	Y15-64	THS_PER	FRF1	2014	287.9		
ESTAT:LFST_R_LFSD2POP(1.0)	17/04/26 11:00:00	A	ED3_4	F	Y15-64	THS_PER	FRF2	2014	178.9		
ESTAT:LFST_R_LFSD2POP(1.0)	17/04/26 11:00:00	A	ED3_4	F	Y15-64	THS_PER	FRF3	2014	335.9		
ESTAT:LFST_R_LFSD2POP(1.0)	17/04/26 11:00:00	A	ED3_4	F	Y15-64	THS_PER	FRG0	2014	513.2		
ESTAT:LFST_R_LFSD2POP(1.0)	17/04/26 11:00:00	A	ED3_4	F	Y15-64	THS_PER	FRH0	2014	455.2		
ESTAT:LFST_R_LFSD2POP(1.0)	17/04/26 11:00:00	A	ED3_4	F	Y15-64	THS_PER	FRI1	2014	462.6		
ESTAT:LFST_R_LFSD2POP(1.0)	17/04/26 11:00:00	A	ED3_4	F	Y15-64	THS_PER	FRI2	2014	109.9		
ESTAT:LFST_R_LFSD2POP(1.0)	17/04/26 11:00:00	A	ED3_4	F	Y15-64	THS_PER	FRI3	2014	257.6		
ESTAT:LFST_R_LFSD2POP(1.0)	17/04/26 11:00:00	A	ED3_4	F	Y15-64	THS_PER	FRJ1	2014	343.4		
ESTAT:LFST_R_LFSD2POP(1.0)	17/04/26 11:00:00	A	ED3_4	F	Y15-64	THS_PER	FRJ2	2014	376.4		
ESTAT:LFST_R_LFSD2POP(1.0)	17/04/26 11:00:00	A	ED3_4	F	Y15-64	THS_PER	FRK1	2014	173.6		
ESTAT:LFST_R_LFSD2POP(1.0)	17/04/26 11:00:00	A	ED3_4	F	Y15-64	THS_PER	FRK2	2014	831.3		
ESTAT:LFST_R_LFSD2POP(1.0)	17/04/26 11:00:00	A	ED3_4	F	Y15-64	THS_PER	FRL0	2014	633.5		
ESTAT:LFST_R_LFSD2POP(1.0)	17/04/26 11:00:00	A	ED3_4	F	Y15-64	THS_PER	FRM0	2014	24.9	u	
ESTAT:LFST_R_LFSD2POP(1.0)	17/04/26 11:00:00	A	ED3_4	F	Y15-74	THS_PER	FR10	2014	1535.9		
ESTAT:LFST_R_LFSD2POP(1.0)	17/04/26 11:00:00	A	ED3_4	F	Y15-74	THS_PER	FRB0	2014	372.6		
ESTAT:LFST_R_LFSD2POP(1.0)	17/04/26 11:00:00	A	ED3_4	F	Y15-74	THS_PER	FRC1	2014	254.1		
ESTAT:LFST_R_LFSD2POP(1.0)	17/04/26 11:00:00	A	ED3_4	F	Y15-74	THS_PER	FRC2	2014	180.4		
ESTAT:LFST_R_LFSD2POP(1.0)	17/04/26 11:00:00	A	ED3_4	F	Y15-74	THS_PER	FRD1	2014	221.0		
ESTAT:LFST_R_LFSD2POP(1.0)	17/04/26 11:00:00	A	ED3_4	F	Y15-74	THS_PER	FRD2	2014	275.1		
ESTAT:LFST_R_LFSD2POP(1.0)	17/04/26 11:00:00	A	ED3_4	F	Y15-74	THS_PER	FRE1	2014	579.3		
ESTAT:LFST_R_LFSD2POP(1.0)	17/04/26 11:00:00	A	ED3_4	F	Y15-74	THS_PER	FRE2	2014	279.0		
ESTAT:LFST_R_LFSD2POP(1.0)	17/04/26 11:00:00	A	ED3_4	F	Y15-74	THS_PER	FRF1	2014	319.2		
ESTAT:LFST_R_LFSD2POP(1.0)	17/04/26 11:00:00	A	ED3_4	F	Y15-74	THS_PER	FRF2	2014	196.7		
ESTAT:LFST_R_LFSD2POP(1.0)	17/04/26 11:00:00	A	ED3_4	F	Y15-74	THS_PER	FRF3	2014	373.9		
ESTAT:LFST_R_LFSD2POP(1.0)	17/04/26 11:00:00	A	ED3_4	F	Y15-74	THS_PER	FRG0	2014	562.6		
ESTAT:LFST_R_LFSD2POP(1.0)	17/04/26 11:00:00	A	ED3_4	F	Y15-74	THS_PER	FRH0	2014	510.3		
ESTAT:LFST_R_LFSD2POP(1.0)	17/04/26 11:00:00	A	ED3_4	F	Y15-74	THS_PER	FRI1	2014	524.6		
ESTAT:LFST_R_LFSD2POP(1.0)	17/04/26 11:00:00	A	ED3_4	F	Y15-74	THS_PER	FRI2	2014	124.8		
ESTAT:LFST_R_LFSD2POP(1.0)	17/04/26 11:00:00	A	ED3_4	F	Y15-74	THS_PER	FRI3	2014	289.1		
ESTAT:LFST_R_LFSD2POP(1.0)	17/04/26 11:00:00	A	ED3_4	F	Y15-74	THS_PER	FRJ1	2014	391.5		
ESTAT:LFST_R_LFSD2POP(1.0)	17/04/26 11:00:00	A	ED3_4	F	Y15-74	THS_PER	FRJ2	2014	419.6		
ESTAT:LFST_R_LFSD2POP(1.0)	17/04/26 11:00:00	A	ED3_4	F	Y15-74	THS_PER	FRK1	2014	198.1		
ESTAT:LFST_R_LFSD2POP(1.0)	17/04/26 11:00:00	A	ED3_4	F	Y15-74	THS_PER	FRK2	2014	935.9		
ESTAT:LFST_R_LFSD2POP(1.0)	17/04/26 11:00:00	A	ED3_4	F	Y15-74	THS_PER	FRL0	2014	727.1		
ESTAT:LFST_R_LFSD2POP(1.0)	17/04/26 11:00:00	A	ED3_4	F	Y15-74	THS_PER	FRM0	2014	30.3	u	
ESTAT:LFST_R_LFSD2POP(1.0)	17/04/26 11:00:00	A	ED3_4	F	Y20-64	THS_PER	FR10	2014	1282.1		
ESTAT:LFST_R_LFSD2POP(1.0)	17/04/26 11:00:00	A	ED3_4	F	Y20-64	THS_PER	FRB0	2014	316.4		
ESTAT:LFST_R_LFSD2POP(1.0)	17/04/26 11:00:00	A	ED3_4	F	Y20-64	THS_PER	FRC1	2014	196.3		
ESTAT:LFST_R_LFSD2POP(1.0)	17/04/26 11:00:00	A	ED3_4	F	Y20-64	THS_PER	FRC2	2014	150.5		
ESTAT:LFST_R_LFSD2POP(1.0)	17/04/26 11:00:00	A	ED3_4	F	Y20-64	THS_PER	FRD1	2014	187.3		
ESTAT:LFST_R_LFSD2POP(1.0)	17/04/26 11:00:00	A	ED3_4	F	Y20-64	THS_PER	FRD2	2014	234.8		
ESTAT:LFST_R_LFSD2POP(1.0)	17/04/26 11:00:00	A	ED3_4	F	Y20-64	THS_PER	FRE1	2014	499.1		
ESTAT:LFST_R_LFSD2POP(1.0)	17/04/26 11:00:00	A	ED3_4	F	Y20-64	THS_PER	FRE2	2014	242.8		
ESTAT:LFST_R_LFSD2POP(1.0)	17/04/26 11:00:00	A	ED3_4	F	Y20-64	THS_PER	FRF1	2014	260.8		
ESTAT:LFST_R_LFSD2POP(1.0)	17/04/26 11:00:00	A	ED3_4	F	Y20-64	THS_PER	FRF2	2014	165.8		
ESTAT:LFST_R_LFSD2POP(1.0)	17/04/26 11:00:00	A	ED3_4	F	Y20-64	THS_PER	FRF3	2014	313.8		
ESTAT:LFST_R_LFSD2POP(1.0)	17/04/26 11:00:00	A	ED3_4	F	Y20-64	THS_PER	FRG0	2014	485.6		
ESTAT:LFST_R_LFSD2POP(1.0)	17/04/26 11:00:00	A	ED3_4	F	Y20-64	THS_PER	FRH0	2014	427.1		
ESTAT:LFST_R_LFSD2POP(1.0)	17/04/26 11:00:00	A	ED3_4	F	Y20-64	THS_PER	FRI1	2014	437.3		
ESTAT:LFST_R_LFSD2POP(1.0)	17/04/26 11:00:00	A	ED3_4	F	Y20-64	THS_PER	FRI2	2014	104.0		
ESTAT:LFST_R_LFSD2POP(1.0)	17/04/26 11:00:00	A	ED3_4	F	Y20-64	THS_PER	FRI3	2014	242.9		
ESTAT:LFST_R_LFSD2POP(1.0)	17/04/26 11:00:00	A	ED3_4	F	Y20-64	THS_PER	FRJ1	2014	319.4		
ESTAT:LFST_R_LFSD2POP(1.0)	17/04/26 11:00:00	A	ED3_4	F	Y20-64	THS_PER	FRJ2	2014	348.8		
ESTAT:LFST_R_LFSD2POP(1.0)	17/04/26 11:00:00	A	ED3_4	F	Y20-64	THS_PER	FRK1	2014	161.8		
ESTAT:LFST_R_LFSD2POP(1.0)	17/04/26 11:00:00	A	ED3_4	F	Y20-64	THS_PER	FRK2	2014	761.5		
ESTAT:LFST_R_LFSD2POP(1.0)	17/04/26 11:00:00	A	ED3_4	F	Y20-64	THS_PER	FRL0	2014	594.8		
ESTAT:LFST_R_LFSD2POP(1.0)	17/04/26 11:00:00	A	ED3_4	F	Y20-64	THS_PER	FRM0	2014	23.9	u	
ESTAT:LFST_R_LFSD2POP(1.0)	17/04/26 11:00:00	A	ED3_4	F	Y25-34	THS_PER	FR10	2014	273.3		
ESTAT:LFST_R_LFSD2POP(1.0)	17/04/26 11:00:00	A	ED3_4	F	Y25-34	THS_PER	FRB0	2014	62.4		
ESTAT:LFST_R_LFSD2POP(1.0)	17/04/26 11:00:00	A	ED3_4	F	Y25-34	THS_PER	FRC1	2014	44.0		
ESTAT:LFST_R_LFSD2POP(1.0)	17/04/26 11:00:00	A	ED3_4	F	Y25-34	THS_PER	FRC2	2014	31.0		
ESTAT:LFST_R_LFSD2POP(1.0)	17/04/26 11:00:00	A	ED3_4	F	Y25-34	THS_PER	FRD1	2014	38.7		
ESTAT:LFST_R_LFSD2POP(1.0)	17/04/26 11:00:00	A	ED3_4	F	Y25-34	THS_PER	FRD2	2014	53.8		
ESTAT:LFST_R_LFSD2POP(1.0)	17/04/26 11:00:00	A	ED3_4	F	Y25-34	THS_PER	FRE1	2014	124.0		
ESTAT:LFST_R_LFSD2POP(1.0)	17/04/26 11:00:00	A	ED3_4	F	Y25-34	THS_PER	FRE2	2014	58.1		
ESTAT:LFST_R_LFSD2POP(1.0)	17/04/26 11:00:00	A	ED3_4	F	Y25-34	THS_PER	FRF1	2014	47.0		
ESTAT:LFST_R_LFSD2POP(1.0)	17/04/26 11:00:00	A	ED3_4	F	Y25-34	THS_PER	FRF2	2014	33.5		
ESTAT:LFST_R_LFSD2POP(1.0)	17/04/26 11:00:00	A	ED3_4	F	Y25-34	THS_PER	FRF3	2014	63.3		
ESTAT:LFST_R_LFSD2POP(1.0)	17/04/26 11:00:00	A	ED3_4	F	Y25-34	THS_PER	FRG0	2014	99.5		
ESTAT:LFST_R_LFSD2POP(1.0)	17/04/26 11:00:00	A	ED3_4	F	Y25-34	THS_PER	FRH0	2014	77.0		
ESTAT:LFST_R_LFSD2POP(1.0)	17/04/26 11:00:00	A	ED3_4	F	Y25-34	THS_PER	FRI1	2014	81.4		
ESTAT:LFST_R_LFSD2POP(1.0)	17/04/26 11:00:00	A	ED3_4	F	Y25-34	THS_PER	FRI2	2014	13.2		
ESTAT:LFST_R_LFSD2POP(1.0)	17/04/26 11:00:00	A	ED3_4	F	Y25-34	THS_PER	FRI3	2014	43.5		
ESTAT:LFST_R_LFSD2POP(1.0)	17/04/26 11:00:00	A	ED3_4	F	Y25-34	THS_PER	FRJ1	2014	61.1		
ESTAT:LFST_R_LFSD2POP(1.0)	17/04/26 11:00:00	A	ED3_4	F	Y25-34	THS_PER	FRJ2	2014	51.3		
ESTAT:LFST_R_LFSD2POP(1.0)	17/04/26 11:00:00	A	ED3_4	F	Y25-34	THS_PER	FRK1	2014	22.9		
ESTAT:LFST_R_LFSD2POP(1.0)	17/04/26 11:00:00	A	ED3_4	F	Y25-34	THS_PER	FRK2	2014	135.3		
ESTAT:LFST_R_LFSD2POP(1.0)	17/04/26 11:00:00	A	ED3_4	F	Y25-34	THS_PER	FRL0	2014	123.1		
ESTAT:LFST_R_LFSD2POP(1.0)	17/04/26 11:00:00	A	ED3_4	F	Y25-34	THS_PER	FRM0	2014	4.7	u	
ESTAT:LFST_R_LFSD2POP(1.0)	17/04/26 11:00:00	A	ED3_4	F	Y25-64	THS_PER	FR10	2014	1066.4		
ESTAT:LFST_R_LFSD2POP(1.0)	17/04/26 11:00:00	A	ED3_4	F	Y25-64	THS_PER	FRB0	2014	274.4		
ESTAT:LFST_R_LFSD2POP(1.0)	17/04/26 11:00:00	A	ED3_4	F	Y25-64	THS_PER	FRC1	2014	178.1		
ESTAT:LFST_R_LFSD2POP(1.0)	17/04/26 11:00:00	A	ED3_4	F	Y25-64	THS_PER	FRC2	2014	137.2		
ESTAT:LFST_R_LFSD2POP(1.0)	17/04/26 11:00:00	A	ED3_4	F	Y25-64	THS_PER	FRD1	2014	163.2		
ESTAT:LFST_R_LFSD2POP(1.0)	17/04/26 11:00:00	A	ED3_4	F	Y25-64	THS_PER	FRD2	2014	204.5		
ESTAT:LFST_R_LFSD2POP(1.0)	17/04/26 11:00:00	A	ED3_4	F	Y25-64	THS_PER	FRE1	2014	429.4		
ESTAT:LFST_R_LFSD2POP(1.0)	17/04/26 11:00:00	A	ED3_4	F	Y25-64	THS_PER	FRE2	2014	211.7		
ESTAT:LFST_R_LFSD2POP(1.0)	17/04/26 11:00:00	A	ED3_4	F	Y25-64	THS_PER	FRF1	2014	226.0		
ESTAT:LFST_R_LFSD2POP(1.0)	17/04/26 11:00:00	A	ED3_4	F	Y25-64	THS_PER	FRF2	2014	145.1		
ESTAT:LFST_R_LFSD2POP(1.0)	17/04/26 11:00:00	A	ED3_4	F	Y25-64	THS_PER	FRF3	2014	278.8		
ESTAT:LFST_R_LFSD2POP(1.0)	17/04/26 11:00:00	A	ED3_4	F	Y25-64	THS_PER	FRG0	2014	431.5		
ESTAT:LFST_R_LFSD2POP(1.0)	17/04/26 11:00:00	A	ED3_4	F	Y25-64	THS_PER	FRH0	2014	377.3		
ESTAT:LFST_R_LFSD2POP(1.0)	17/04/26 11:00:00	A	ED3_4	F	Y25-64	THS_PER	FRI1	2014	391.2		
ESTAT:LFST_R_LFSD2POP(1.0)	17/04/26 11:00:00	A	ED3_4	F	Y25-64	THS_PER	FRI2	2014	90.0		
ESTAT:LFST_R_LFSD2POP(1.0)	17/04/26 11:00:00	A	ED3_4	F	Y25-64	THS_PER	FRI3	2014	214.2		
ESTAT:LFST_R_LFSD2POP(1.0)	17/04/26 11:00:00	A	ED3_4	F	Y25-64	THS_PER	FRJ1	2014	277.7		
ESTAT:LFST_R_LFSD2POP(1.0)	17/04/26 11:00:00	A	ED3_4	F	Y25-64	THS_PER	FRJ2	2014	295.4		
ESTAT:LFST_R_LFSD2POP(1.0)	17/04/26 11:00:00	A	ED3_4	F	Y25-64	THS_PER	FRK1	2014	148.4		
ESTAT:LFST_R_LFSD2POP(1.0)	17/04/26 11:00:00	A	ED3_4	F	Y25-64	THS_PER	FRK2	2014	657.5		
ESTAT:LFST_R_LFSD2POP(1.0)	17/04/26 11:00:00	A	ED3_4	F	Y25-64	THS_PER	FRL0	2014	515.3		
ESTAT:LFST_R_LFSD2POP(1.0)	17/04/26 11:00:00	A	ED3_4	F	Y25-64	THS_PER	FRM0	2014	21.6	u	
ESTAT:LFST_R_LFSD2POP(1.0)	17/04/26 11:00:00	A	ED3_4	F	Y35-44	THS_PER	FR10	2014	259.2		
ESTAT:LFST_R_LFSD2POP(1.0)	17/04/26 11:00:00	A	ED3_4	F	Y35-44	THS_PER	FRB0	2014	68.7		
ESTAT:LFST_R_LFSD2POP(1.0)	17/04/26 11:00:00	A	ED3_4	F	Y35-44	THS_PER	FRC1	2014	41.8		
ESTAT:LFST_R_LFSD2POP(1.0)	17/04/26 11:00:00	A	ED3_4	F	Y35-44	THS_PER	FRC2	2014	32.6		
ESTAT:LFST_R_LFSD2POP(1.0)	17/04/26 11:00:00	A	ED3_4	F	Y35-44	THS_PER	FRD1	2014	37.1		
ESTAT:LFST_R_LFSD2POP(1.0)	17/04/26 11:00:00	A	ED3_4	F	Y35-44	THS_PER	FRD2	2014	46.7		
ESTAT:LFST_R_LFSD2POP(1.0)	17/04/26 11:00:00	A	ED3_4	F	Y35-44	THS_PER	FRE1	2014	101.0		
ESTAT:LFST_R_LFSD2POP(1.0)	17/04/26 11:00:00	A	ED3_4	F	Y35-44	THS_PER	FRE2	2014	54.0		
ESTAT:LFST_R_LFSD2POP(1.0)	17/04/26 11:00:00	A	ED3_4	F	Y35-44	THS_PER	FRF1	2014	52.8		
ESTAT:LFST_R_LFSD2POP(1.0)	17/04/26 11:00:00	A	ED3_4	F	Y35-44	THS_PER	FRF2	2014	32.7		
ESTAT:LFST_R_LFSD2POP(1.0)	17/04/26 11:00:00	A	ED3_4	F	Y35-44	THS_PER	FRF3	2014	65.2		
ESTAT:LFST_R_LFSD2POP(1.0)	17/04/26 11:00:00	A	ED3_4	F	Y35-44	THS_PER	FRG0	2014	102.5		
ESTAT:LFST_R_LFSD2POP(1.0)	17/04/26 11:00:00	A	ED3_4	F	Y35-44	THS_PER	FRH0	2014	92.2		
ESTAT:LFST_R_LFSD2POP(1.0)	17/04/26 11:00:00	A	ED3_4	F	Y35-44	THS_PER	FRI1	2014	88.0		
ESTAT:LFST_R_LFSD2POP(1.0)	17/04/26 11:00:00	A	ED3_4	F	Y35-44	THS_PER	FRI2	2014	19.9		
ESTAT:LFST_R_LFSD2POP(1.0)	17/04/26 11:00:00	A	ED3_4	F	Y35-44	THS_PER	FRI3	2014	54.2		
ESTAT:LFST_R_LFSD2POP(1.0)	17/04/26 11:00:00	A	ED3_4	F	Y35-44	THS_PER	FRJ1	2014	65.9		
ESTAT:LFST_R_LFSD2POP(1.0)	17/04/26 11:00:00	A	ED3_4	F	Y35-44	THS_PER	FRJ2	2014	78.0		
ESTAT:LFST_R_LFSD2POP(1.0)	17/04/26 11:00:00	A	ED3_4	F	Y35-44	THS_PER	FRK1	2014	42.5		
ESTAT:LFST_R_LFSD2POP(1.0)	17/04/26 11:00:00	A	ED3_4	F	Y35-44	THS_PER	FRK2	2014	153.6		
ESTAT:LFST_R_LFSD2POP(1.0)	17/04/26 11:00:00	A	ED3_4	F	Y35-44	THS_PER	FRL0	2014	112.6		
ESTAT:LFST_R_LFSD2POP(1.0)	17/04/26 11:00:00	A	ED3_4	F	Y35-44	THS_PER	FRM0	2014	3.6	u	
ESTAT:LFST_R_LFSD2POP(1.0)	17/04/26 11:00:00	A	ED3_4	F	Y45-54	THS_PER	FR10	2014	309.2		
ESTAT:LFST_R_LFSD2POP(1.0)	17/04/26 11:00:00	A	ED3_4	F	Y45-54	THS_PER	FRB0	2014	76.9		
ESTAT:LFST_R_LFSD2POP(1.0)	17/04/26 11:00:00	A	ED3_4	F	Y45-54	THS_PER	FRC1	2014	48.8		
ESTAT:LFST_R_LFSD2POP(1.0)	17/04/26 11:00:00	A	ED3_4	F	Y45-54	THS_PER	FRC2	2014	32.6		
ESTAT:LFST_R_LFSD2POP(1.0)	17/04/26 11:00:00	A	ED3_4	F	Y45-54	THS_PER	FRD1	2014	52.2		
ESTAT:LFST_R_LFSD2POP(1.0)	17/04/26 11:00:00	A	ED3_4	F	Y45-54	THS_PER	FRD2	2014	62.2		
ESTAT:LFST_R_LFSD2POP(1.0)	17/04/26 11:00:00	A	ED3_4	F	Y45-54	THS_PER	FRE1	2014	113.2		
ESTAT:LFST_R_LFSD2POP(1.0)	17/04/26 11:00:00	A	ED3_4	F	Y45-54	THS_PER	FRE2	2014	62.8		
ESTAT:LFST_R_LFSD2POP(1.0)	17/04/26 11:00:00	A	ED3_4	F	Y45-54	THS_PER	FRF1	2014	69.2		
ESTAT:LFST_R_LFSD2POP(1.0)	17/04/26 11:00:00	A	ED3_4	F	Y45-54	THS_PER	FRF2	2014	47.4		
ESTAT:LFST_R_LFSD2POP(1.0)	17/04/26 11:00:00	A	ED3_4	F	Y45-54	THS_PER	FRF3	2014	77.6		
ESTAT:LFST_R_LFSD2POP(1.0)	17/04/26 11:00:00	A	ED3_4	F	Y45-54	THS_PER	FRG0	2014	125.2		
ESTAT:LFST_R_LFSD2POP(1.0)	17/04/26 11:00:00	A	ED3_4	F	Y45-54	THS_PER	FRH0	2014	119.4		
ESTAT:LFST_R_LFSD2POP(1.0)	17/04/26 11:00:00	A	ED3_4	F	Y45-54	THS_PER	FRI1	2014	121.8		
ESTAT:LFST_R_LFSD2POP(1.0)	17/04/26 11:00:00	A	ED3_4	F	Y45-54	THS_PER	FRI2	2014	28.2		
ESTAT:LFST_R_LFSD2POP(1.0)	17/04/26 11:00:00	A	ED3_4	F	Y45-54	THS_PER	FRI3	2014	64.2		
ESTAT:LFST_R_LFSD2POP(1.0)	17/04/26 11:00:00	A	ED3_4	F	Y45-54	THS_PER	FRJ1	2014	80.5		
ESTAT:LFST_R_LFSD2POP(1.0)	17/04/26 11:00:00	A	ED3_4	F	Y45-54	THS_PER	FRJ2	2014	97.1		
ESTAT:LFST_R_LFSD2POP(1.0)	17/04/26 11:00:00	A	ED3_4	F	Y45-54	THS_PER	FRK1	2014	45.5		
ESTAT:LFST_R_LFSD2POP(1.0)	17/04/26 11:00:00	A	ED3_4	F	Y45-54	THS_PER	FRK2	2014	201.6		
ESTAT:LFST_R_LFSD2POP(1.0)	17/04/26 11:00:00	A	ED3_4	F	Y45-54	THS_PER	FRL0	2014	157.1		
ESTAT:LFST_R_LFSD2POP(1.0)	17/04/26 11:00:00	A	ED3_4	F	Y45-54	THS_PER	FRM0	2014	4.9	u	
ESTAT:LFST_R_LFSD2POP(1.0)	17/04/26 11:00:00	A	ED3_4	F	Y55-64	THS_PER	FR10	2014	224.7		
ESTAT:LFST_R_LFSD2POP(1.0)	17/04/26 11:00:00	A	ED3_4	F	Y55-64	THS_PER	FRB0	2014	66.4		
ESTAT:LFST_R_LFSD2POP(1.0)	17/04/26 11:00:00	A	ED3_4	F	Y55-64	THS_PER	FRC1	2014	43.6		
ESTAT:LFST_R_LFSD2POP(1.0)	17/04/26 11:00:00	A	ED3_4	F	Y55-64	THS_PER	FRC2	2014	41.0		
ESTAT:LFST_R_LFSD2POP(1.0)	17/04/26 11:00:00	A	ED3_4	F	Y55-64	THS_PER	FRD1	2014	35.2		
ESTAT:LFST_R_LFSD2POP(1.0)	17/04/26 11:00:00	A	ED3_4	F	Y55-64	THS_PER	FRD2	2014	41.8		
ESTAT:LFST_R_LFSD2POP(1.0)	17/04/26 11:00:00	A	ED3_4	F	Y55-64	THS_PER	FRE1	2014	91.2		
ESTAT:LFST_R_LFSD2POP(1.0)	17/04/26 11:00:00	A	ED3_4	F	Y55-64	THS_PER	FRE2	2014	36.7		
ESTAT:LFST_R_LFSD2POP(1.0)	17/04/26 11:00:00	A	ED3_4	F	Y55-64	THS_PER	FRF1	2014	56.9		
ESTAT:LFST_R_LFSD2POP(1.0)	17/04/26 11:00:00	A	ED3_4	F	Y55-64	THS_PER	FRF2	2014	31.6		
ESTAT:LFST_R_LFSD2POP(1.0)	17/04/26 11:00:00	A	ED3_4	F	Y55-64	THS_PER	FRF3	2014	72.7		
ESTAT:LFST_R_LFSD2POP(1.0)	17/04/26 11:00:00	A	ED3_4	F	Y55-64	THS_PER	FRG0	2014	104.3		
ESTAT:LFST_R_LFSD2POP(1.0)	17/04/26 11:00:00	A	ED3_4	F	Y55-64	THS_PER	FRH0	2014	88.8		
ESTAT:LFST_R_LFSD2POP(1.0)	17/04/26 11:00:00	A	ED3_4	F	Y55-64	THS_PER	FRI1	2014	100.1		
ESTAT:LFST_R_LFSD2POP(1.0)	17/04/26 11:00:00	A	ED3_4	F	Y55-64	THS_PER	FRI2	2014	28.7		
ESTAT:LFST_R_LFSD2POP(1.0)	17/04/26 11:00:00	A	ED3_4	F	Y55-64	THS_PER	FRI3	2014	52.3		
ESTAT:LFST_R_LFSD2POP(1.0)	17/04/26 11:00:00	A	ED3_4	F	Y55-64	THS_PER	FRJ1	2014	70.2		
ESTAT:LFST_R_LFSD2POP(1.0)	17/04/26 11:00:00	A	ED3_4	F	Y55-64	THS_PER	FRJ2	2014	69.0		
ESTAT:LFST_R_LFSD2POP(1.0)	17/04/26 11:00:00	A	ED3_4	F	Y55-64	THS_PER	FRK1	2014	37.5		
ESTAT:LFST_R_LFSD2POP(1.0)	17/04/26 11:00:00	A	ED3_4	F	Y55-64	THS_PER	FRK2	2014	167.0		
ESTAT:LFST_R_LFSD2POP(1.0)	17/04/26 11:00:00	A	ED3_4	F	Y55-64	THS_PER	FRL0	2014	122.5		
ESTAT:LFST_R_LFSD2POP(1.0)	17/04/26 11:00:00	A	ED3_4	F	Y55-64	THS_PER	FRM0	2014	8.5	u	
ESTAT:LFST_R_LFSD2POP(1.0)	17/04/26 11:00:00	A	ED3_4	F	Y_GE15	THS_PER	FR10	2014	1638.0		
ESTAT:LFST_R_LFSD2POP(1.0)	17/04/26 11:00:00	A	ED3_4	F	Y_GE15	THS_PER	FRB0	2014	388.8		
ESTAT:LFST_R_LFSD2POP(1.0)	17/04/26 11:00:00	A	ED3_4	F	Y_GE15	THS_PER	FRC1	2014	271.9		
ESTAT:LFST_R_LFSD2POP(1.0)	17/04/26 11:00:00	A	ED3_4	F	Y_GE15	THS_PER	FRC2	2014	193.9		
ESTAT:LFST_R_LFSD2POP(1.0)	17/04/26 11:00:00	A	ED3_4	F	Y_GE15	THS_PER	FRD1	2014	232.1		
ESTAT:LFST_R_LFSD2POP(1.0)	17/04/26 11:00:00	A	ED3_4	F	Y_GE15	THS_PER	FRD2	2014	292.8		
ESTAT:LFST_R_LFSD2POP(1.0)	17/04/26 11:00:00	A	ED3_4	F	Y_GE15	THS_PER	FRE1	2014	604.5		
ESTAT:LFST_R_LFSD2POP(1.0)	17/04/26 11:00:00	A	ED3_4	F	Y_GE15	THS_PER	FRE2	2014	288.3		
ESTAT:LFST_R_LFSD2POP(1.0)	17/04/26 11:00:00	A	ED3_4	F	Y_GE15	THS_PER	FRF1	2014	340.7		
ESTAT:LFST_R_LFSD2POP(1.0)	17/04/26 11:00:00	A	ED3_4	F	Y_GE15	THS_PER	FRF2	2014	207.6		
ESTAT:LFST_R_LFSD2POP(1.0)	17/04/26 11:00:00	A	ED3_4	F	Y_GE15	THS_PER	FRF3	2014	393.6		
ESTAT:LFST_R_LFSD2POP(1.0)	17/04/26 11:00:00	A	ED3_4	F	Y_GE15	THS_PER	FRG0	2014	597.4		
ESTAT:LFST_R_LFSD2POP(1.0)	17/04/26 11:00:00	A	ED3_4	F	Y_GE15	THS_PER	FRH0	2014	547.8		
ESTAT:LFST_R_LFSD2POP(1.0)	17/04/26 11:00:00	A	ED3_4	F	Y_GE15	THS_PER	FRI1	2014	561.9		
ESTAT:LFST_R_LFSD2POP(1.0)	17/04/26 11:00:00	A	ED3_4	F	Y_GE15	THS_PER	FRI2	2014	134.1		
ESTAT:LFST_R_LFSD2POP(1.0)	17/04/26 11:00:00	A	ED3_4	F	Y_GE15	THS_PER	FRI3	2014	306.0		
ESTAT:LFST_R_LFSD2POP(1.0)	17/04/26 11:00:00	A	ED3_4	F	Y_GE15	THS_PER	FRJ1	2014	414.8		
ESTAT:LFST_R_LFSD2POP(1.0)	17/04/26 11:00:00	A	ED3_4	F	Y_GE15	THS_PER	FRJ2	2014	437.2		
ESTAT:LFST_R_LFSD2POP(1.0)	17/04/26 11:00:00	A	ED3_4	F	Y_GE15	THS_PER	FRK1	2014	210.9		
ESTAT:LFST_R_LFSD2POP(1.0)	17/04/26 11:00:00	A	ED3_4	F	Y_GE15	THS_PER	FRK2	2014	994.9		
ESTAT:LFST_R_LFSD2POP(1.0)	17/04/26 11:00:00	A	ED3_4	F	Y_GE15	THS_PER	FRL0	2014	789.4		
ESTAT:LFST_R_LFSD2POP(1.0)	17/04/26 11:00:00	A	ED3_4	F	Y_GE15	THS_PER	FRM0	2014	32.3	u	
ESTAT:LFST_R_LFSD2POP(1.0)	17/04/26 11:00:00	A	ED3_4	F	Y_GE25	THS_PER	FR10	2014	1304.6		
ESTAT:LFST_R_LFSD2POP(1.0)	17/04/26 11:00:00	A	ED3_4	F	Y_GE25	THS_PER	FRB0	2014	326.7		
ESTAT:LFST_R_LFSD2POP(1.0)	17/04/26 11:00:00	A	ED3_4	F	Y_GE25	THS_PER	FRC1	2014	234.7		
ESTAT:LFST_R_LFSD2POP(1.0)	17/04/26 11:00:00	A	ED3_4	F	Y_GE25	THS_PER	FRC2	2014	172.4		
ESTAT:LFST_R_LFSD2POP(1.0)	17/04/26 11:00:00	A	ED3_4	F	Y_GE25	THS_PER	FRD1	2014	197.2		
ESTAT:LFST_R_LFSD2POP(1.0)	17/04/26 11:00:00	A	ED3_4	F	Y_GE25	THS_PER	FRD2	2014	246.3		
ESTAT:LFST_R_LFSD2POP(1.0)	17/04/26 11:00:00	A	ED3_4	F	Y_GE25	THS_PER	FRE1	2014	502.6		
ESTAT:LFST_R_LFSD2POP(1.0)	17/04/26 11:00:00	A	ED3_4	F	Y_GE25	THS_PER	FRE2	2014	237.6		
ESTAT:LFST_R_LFSD2POP(1.0)	17/04/26 11:00:00	A	ED3_4	F	Y_GE25	THS_PER	FRF1	2014	278.7		
ESTAT:LFST_R_LFSD2POP(1.0)	17/04/26 11:00:00	A	ED3_4	F	Y_GE25	THS_PER	FRF2	2014	173.7		
ESTAT:LFST_R_LFSD2POP(1.0)	17/04/26 11:00:00	A	ED3_4	F	Y_GE25	THS_PER	FRF3	2014	336.5		
ESTAT:LFST_R_LFSD2POP(1.0)	17/04/26 11:00:00	A	ED3_4	F	Y_GE25	THS_PER	FRG0	2014	515.6		
ESTAT:LFST_R_LFSD2POP(1.0)	17/04/26 11:00:00	A	ED3_4	F	Y_GE25	THS_PER	FRH0	2014	469.9		
ESTAT:LFST_R_LFSD2POP(1.0)	17/04/26 11:00:00	A	ED3_4	F	Y_GE25	THS_PER	FRI1	2014	490.6		
ESTAT:LFST_R_LFSD2POP(1.0)	17/04/26 11:00:00	A	ED3_4	F	Y_GE25	THS_PER	FRI2	2014	114.2		
ESTAT:LFST_R_LFSD2POP(1.0)	17/04/26 11:00:00	A	ED3_4	F	Y_GE25	THS_PER	FRI3	2014	262.6		
ESTAT:LFST_R_LFSD2POP(1.0)	17/04/26 11:00:00	A	ED3_4	F	Y_GE25	THS_PER	FRJ1	2014	349.0		
ESTAT:LFST_R_LFSD2POP(1.0)	17/04/26 11:00:00	A	ED3_4	F	Y_GE25	THS_PER	FRJ2	2014	356.2		
ESTAT:LFST_R_LFSD2POP(1.0)	17/04/26 11:00:00	A	ED3_4	F	Y_GE25	THS_PER	FRK1	2014	185.7		
ESTAT:LFST_R_LFSD2POP(1.0)	17/04/26 11:00:00	A	ED3_4	F	Y_GE25	THS_PER	FRK2	2014	821.1		
ESTAT:LFST_R_LFSD2POP(1.0)	17/04/26 11:00:00	A	ED3_4	F	Y_GE25	THS_PER	FRL0	2014	671.2		
ESTAT:LFST_R_LFSD2POP(1.0)	17/04/26 11:00:00	A	ED3_4	F	Y_GE25	THS_PER	FRM0	2014	29.0	u	
ESTAT:LFST_R_LFSD2POP(1.0)	17/04/26 11:00:00	A	ED3_4	F	Y_GE65	THS_PER	FR10	2014	238.2		
ESTAT:LFST_R_LFSD2POP(1.0)	17/04/26 11:00:00	A	ED3_4	F	Y_GE65	THS_PER	FRB0	2014	52.3		
ESTAT:LFST_R_LFSD2POP(1.0)	17/04/26 11:00:00	A	ED3_4	F	Y_GE65	THS_PER	FRC1	2014	56.6		
ESTAT:LFST_R_LFSD2POP(1.0)	17/04/26 11:00:00	A	ED3_4	F	Y_GE65	THS_PER	FRC2	2014	35.2		
ESTAT:LFST_R_LFSD2POP(1.0)	17/04/26 11:00:00	A	ED3_4	F	Y_GE65	THS_PER	FRD1	2014	33.9		
ESTAT:LFST_R_LFSD2POP(1.0)	17/04/26 11:00:00	A	ED3_4	F	Y_GE65	THS_PER	FRD2	2014	41.8		
ESTAT:LFST_R_LFSD2POP(1.0)	17/04/26 11:00:00	A	ED3_4	F	Y_GE65	THS_PER	FRE1	2014	73.2		
ESTAT:LFST_R_LFSD2POP(1.0)	17/04/26 11:00:00	A	ED3_4	F	Y_GE65	THS_PER	FRE2	2014	25.9		
ESTAT:LFST_R_LFSD2POP(1.0)	17/04/26 11:00:00	A	ED3_4	F	Y_GE65	THS_PER	FRF1	2014	52.7		
ESTAT:LFST_R_LFSD2POP(1.0)	17/04/26 11:00:00	A	ED3_4	F	Y_GE65	THS_PER	FRF2	2014	28.6		
ESTAT:LFST_R_LFSD2POP(1.0)	17/04/26 11:00:00	A	ED3_4	F	Y_GE65	THS_PER	FRF3	2014	57.6		
ESTAT:LFST_R_LFSD2POP(1.0)	17/04/26 11:00:00	A	ED3_4	F	Y_GE65	THS_PER	FRG0	2014	84.2		
ESTAT:LFST_R_LFSD2POP(1.0)	17/04/26 11:00:00	A	ED3_4	F	Y_GE65	THS_PER	FRH0	2014	92.6		
ESTAT:LFST_R_LFSD2POP(1.0)	17/04/26 11:00:00	A	ED3_4	F	Y_GE65	THS_PER	FRI1	2014	99.3		
ESTAT:LFST_R_LFSD2POP(1.0)	17/04/26 11:00:00	A	ED3_4	F	Y_GE65	THS_PER	FRI2	2014	24.2		
ESTAT:LFST_R_LFSD2POP(1.0)	17/04/26 11:00:00	A	ED3_4	F	Y_GE65	THS_PER	FRI3	2014	48.4		
ESTAT:LFST_R_LFSD2POP(1.0)	17/04/26 11:00:00	A	ED3_4	F	Y_GE65	THS_PER	FRJ1	2014	71.4		
ESTAT:LFST_R_LFSD2POP(1.0)	17/04/26 11:00:00	A	ED3_4	F	Y_GE65	THS_PER	FRJ2	2014	60.8		
ESTAT:LFST_R_LFSD2POP(1.0)	17/04/26 11:00:00	A	ED3_4	F	Y_GE65	THS_PER	FRK1	2014	37.3		
ESTAT:LFST_R_LFSD2POP(1.0)	17/04/26 11:00:00	A	ED3_4	F	Y_GE65	THS_PER	FRK2	2014	163.6		
ESTAT:LFST_R_LFSD2POP(1.0)	17/04/26 11:00:00	A	ED3_4	F	Y_GE65	THS_PER	FRL0	2014	155.9		
ESTAT:LFST_R_LFSD2POP(1.0)	17/04/26 11:00:00	A	ED3_4	F	Y_GE65	THS_PER	FRM0	2014	7.4	u	
ESTAT:LFST_R_LFSD2POP(1.0)	17/04/26 11:00:00	A	ED3_4	M	Y15-24	THS_PER	FR10	2014	325.8		
ESTAT:LFST_R_LFSD2POP(1.0)	17/04/26 11:00:00	A	ED3_4	M	Y15-24	THS_PER	FRB0	2014	71.0		
ESTAT:LFST_R_LFSD2POP(1.0)	17/04/26 11:00:00	A	ED3_4	M	Y15-24	THS_PER	FRC1	2014	39.5		
ESTAT:LFST_R_LFSD2POP(1.0)	17/04/26 11:00:00	A	ED3_4	M	Y15-24	THS_PER	FRC2	2014	34.6		
ESTAT:LFST_R_LFSD2POP(1.0)	17/04/26 11:00:00	A	ED3_4	M	Y15-24	THS_PER	FRD1	2014	33.8		
ESTAT:LFST_R_LFSD2POP(1.0)	17/04/26 11:00:00	A	ED3_4	M	Y15-24	THS_PER	FRD2	2014	53.0		
ESTAT:LFST_R_LFSD2POP(1.0)	17/04/26 11:00:00	A	ED3_4	M	Y15-24	THS_PER	FRE1	2014	115.9		
ESTAT:LFST_R_LFSD2POP(1.0)	17/04/26 11:00:00	A	ED3_4	M	Y15-24	THS_PER	FRE2	2014	53.4		
ESTAT:LFST_R_LFSD2POP(1.0)	17/04/26 11:00:00	A	ED3_4	M	Y15-24	THS_PER	FRF1	2014	54.2		
ESTAT:LFST_R_LFSD2POP(1.0)	17/04/26 11:00:00	A	ED3_4	M	Y15-24	THS_PER	FRF2	2014	42.5		
ESTAT:LFST_R_LFSD2POP(1.0)	17/04/26 11:00:00	A	ED3_4	M	Y15-24	THS_PER	FRF3	2014	54.1		
ESTAT:LFST_R_LFSD2POP(1.0)	17/04/26 11:00:00	A	ED3_4	M	Y15-24	THS_PER	FRG0	2014	89.0		
ESTAT:LFST_R_LFSD2POP(1.0)	17/04/26 11:00:00	A	ED3_4	M	Y15-24	THS_PER	FRH0	2014	82.9		
ESTAT:LFST_R_LFSD2POP(1.0)	17/04/26 11:00:00	A	ED3_4	M	Y15-24	THS_PER	FRI1	2014	76.5		
ESTAT:LFST_R_LFSD2POP(1.0)	17/04/26 11:00:00	A	ED3_4	M	Y15-24	THS_PER	FRI2	2014	19.1		
ESTAT:LFST_R_LFSD2POP(1.0)	17/04/26 11:00:00	A	ED3_4	M	Y15-24	THS_PER	FRI3	2014	41.4		
ESTAT:LFST_R_LFSD2POP(1.0)	17/04/26 11:00:00	A	ED3_4	M	Y15-24	THS_PER	FRJ1	2014	70.7		
ESTAT:LFST_R_LFSD2POP(1.0)	17/04/26 11:00:00	A	ED3_4	M	Y15-24	THS_PER	FRJ2	2014	75.3		
ESTAT:LFST_R_LFSD2POP(1.0)	17/04/26 11:00:00	A	ED3_4	M	Y15-24	THS_PER	FRK1	2014	27.1		
ESTAT:LFST_R_LFSD2POP(1.0)	17/04/26 11:00:00	A	ED3_4	M	Y15-24	THS_PER	FRK2	2014	164.2		
ESTAT:LFST_R_LFSD2POP(1.0)	17/04/26 11:00:00	A	ED3_4	M	Y15-24	THS_PER	FRL0	2014	112.0		
ESTAT:LFST_R_LFSD2POP(1.0)	17/04/26 11:00:00	A	ED3_4	M	Y15-24	THS_PER	FRM0	2014	4.7	u	
ESTAT:LFST_R_LFSD2POP(1.0)	17/04/26 11:00:00	A	ED3_4	M	Y15-64	THS_PER	FR10	2014	1427.9		
ESTAT:LFST_R_LFSD2POP(1.0)	17/04/26 11:00:00	A	ED3_4	M	Y15-64	THS_PER	FRB0	2014	374.8		
ESTAT:LFST_R_LFSD2POP(1.0)	17/04/26 11:00:00	A	ED3_4	M	Y15-64	THS_PER	FRC1	2014	248.7		
ESTAT:LFST_R_LFSD2POP(1.0)	17/04/26 11:00:00	A	ED3_4	M	Y15-64	THS_PER	FRC2	2014	193.8		
ESTAT:LFST_R_LFSD2POP(1.0)	17/04/26 11:00:00	A	ED3_4	M	Y15-64	THS_PER	FRD1	2014	238.7		
ESTAT:LFST_R_LFSD2POP(1.0)	17/04/26 11:00:00	A	ED3_4	M	Y15-64	THS_PER	FRD2	2014	293.1		
ESTAT:LFST_R_LFSD2POP(1.0)	17/04/26 11:00:00	A	ED3_4	M	Y15-64	THS_PER	FRE1	2014	623.9		
ESTAT:LFST_R_LFSD2POP(1.0)	17/04/26 11:00:00	A	ED3_4	M	Y15-64	THS_PER	FRE2	2014	282.8		
ESTAT:LFST_R_LFSD2POP(1.0)	17/04/26 11:00:00	A	ED3_4	M	Y15-64	THS_PER	FRF1	2014	296.4		
ESTAT:LFST_R_LFSD2POP(1.0)	17/04/26 11:00:00	A	ED3_4	M	Y15-64	THS_PER	FRF2	2014	202.8		
ESTAT:LFST_R_LFSD2POP(1.0)	17/04/26 11:00:00	A	ED3_4	M	Y15-64	THS_PER	FRF3	2014	375.5		
ESTAT:LFST_R_LFSD2POP(1.0)	17/04/26 11:00:00	A	ED3_4	M	Y15-64	THS_PER	FRG0	2014	562.5		
ESTAT:LFST_R_LFSD2POP(1.0)	17/04/26 11:00:00	A	ED3_4	M	Y15-64	THS_PER	FRH0	2014	527.4		
ESTAT:LFST_R_LFSD2POP(1.0)	17/04/26 11:00:00	A	ED3_4	M	Y15-64	THS_PER	FRI1	2014	508.9		
ESTAT:LFST_R_LFSD2POP(1.0)	17/04/26 11:00:00	A	ED3_4	M	Y15-64	THS_PER	FRI2	2014	107.3		
ESTAT:LFST_R_LFSD2POP(1.0)	17/04/26 11:00:00	A	ED3_4	M	Y15-64	THS_PER	FRI3	2014	275.4		
ESTAT:LFST_R_LFSD2POP(1.0)	17/04/26 11:00:00	A	ED3_4	M	Y15-64	THS_PER	FRJ1	2014	364.5		
ESTAT:LFST_R_LFSD2POP(1.0)	17/04/26 11:00:00	A	ED3_4	M	Y15-64	THS_PER	FRJ2	2014	400.0		
ESTAT:LFST_R_LFSD2POP(1.0)	17/04/26 11:00:00	A	ED3_4	M	Y15-64	THS_PER	FRK1	2014	225.0		
ESTAT:LFST_R_LFSD2POP(1.0)	17/04/26 11:00:00	A	ED3_4	M	Y15-64	THS_PER	FRK2	2014	914.6		
ESTAT:LFST_R_LFSD2POP(1.0)	17/04/26 11:00:00	A	ED3_4	M	Y15-64	THS_PER	FRL0	2014	650.1		
ESTAT:LFST_R_LFSD2POP(1.0)	17/04/26 11:00:00	A	ED3_4	M	Y15-64	THS_PER	FRM0	2014	22.9	u	
ESTAT:LFST_R_LFSD2POP(1.0)	17/04/26 11:00:00	A	ED3_4	M	Y15-74	THS_PER	FR10	2014	1543.7		
ESTAT:LFST_R_LFSD2POP(1.0)	17/04/26 11:00:00	A	ED3_4	M	Y15-74	THS_PER	FRB0	2014	433.5		
ESTAT:LFST_R_LFSD2POP(1.0)	17/04/26 11:00:00	A	ED3_4	M	Y15-74	THS_PER	FRC1	2014	286.6		
ESTAT:LFST_R_LFSD2POP(1.0)	17/04/26 11:00:00	A	ED3_4	M	Y15-74	THS_PER	FRC2	2014	219.5		
ESTAT:LFST_R_LFSD2POP(1.0)	17/04/26 11:00:00	A	ED3_4	M	Y15-74	THS_PER	FRD1	2014	267.6		
ESTAT:LFST_R_LFSD2POP(1.0)	17/04/26 11:00:00	A	ED3_4	M	Y15-74	THS_PER	FRD2	2014	320.2		
ESTAT:LFST_R_LFSD2POP(1.0)	17/04/26 11:00:00	A	ED3_4	M	Y15-74	THS_PER	FRE1	2014	682.7		
ESTAT:LFST_R_LFSD2POP(1.0)	17/04/26 11:00:00	A	ED3_4	M	Y15-74	THS_PER	FRE2	2014	312.0		
ESTAT:LFST_R_LFSD2POP(1.0)	17/04/26 11:00:00	A	ED3_4	M	Y15-74	THS_PER	FRF1	2014	337.6		
ESTAT:LFST_R_LFSD2POP(1.0)	17/04/26 11:00:00	A	ED3_4	M	Y15-74	THS_PER	FRF2	2014	225.7		
ESTAT:LFST_R_LFSD2POP(1.0)	17/04/26 11:00:00	A	ED3_4	M	Y15-74	THS_PER	FRF3	2014	418.5		
ESTAT:LFST_R_LFSD2POP(1.0)	17/04/26 11:00:00	A	ED3_4	M	Y15-74	THS_PER	FRG0	2014	623.9		
ESTAT:LFST_R_LFSD2POP(1.0)	17/04/26 11:00:00	A	ED3_4	M	Y15-74	THS_PER	FRH0	2014	590.7		
ESTAT:LFST_R_LFSD2POP(1.0)	17/04/26 11:00:00	A	ED3_4	M	Y15-74	THS_PER	FRI1	2014	577.6		
ESTAT:LFST_R_LFSD2POP(1.0)	17/04/26 11:00:00	A	ED3_4	M	Y15-74	THS_PER	FRI2	2014	126.4		
ESTAT:LFST_R_LFSD2POP(1.0)	17/04/26 11:00:00	A	ED3_4	M	Y15-74	THS_PER	FRI3	2014	308.1		
ESTAT:LFST_R_LFSD2POP(1.0)	17/04/26 11:00:00	A	ED3_4	M	Y15-74	THS_PER	FRJ1	2014	410.1		
ESTAT:LFST_R_LFSD2POP(1.0)	17/04/26 11:00:00	A	ED3_4	M	Y15-74	THS_PER	FRJ2	2014	455.7		
ESTAT:LFST_R_LFSD2POP(1.0)	17/04/26 11:00:00	A	ED3_4	M	Y15-74	THS_PER	FRK1	2014	251.3		
ESTAT:LFST_R_LFSD2POP(1.0)	17/04/26 11:00:00	A	ED3_4	M	Y15-74	THS_PER	FRK2	2014	1026.8		
ESTAT:LFST_R_LFSD2POP(1.0)	17/04/26 11:00:00	A	ED3_4	M	Y15-74	THS_PER	FRL0	2014	744.2		
ESTAT:LFST_R_LFSD2POP(1.0)	17/04/26 11:00:00	A	ED3_4	M	Y15-74	THS_PER	FRM0	2014	32.7	u	
ESTAT:LFST_R_LFSD2POP(1.0)	17/04/26 11:00:00	A	ED3_4	M	Y20-64	THS_PER	FR10	2014	1324.7		
ESTAT:LFST_R_LFSD2POP(1.0)	17/04/26 11:00:00	A	ED3_4	M	Y20-64	THS_PER	FRB0	2014	347.4		
ESTAT:LFST_R_LFSD2POP(1.0)	17/04/26 11:00:00	A	ED3_4	M	Y20-64	THS_PER	FRC1	2014	234.8		
ESTAT:LFST_R_LFSD2POP(1.0)	17/04/26 11:00:00	A	ED3_4	M	Y20-64	THS_PER	FRC2	2014	180.7		
ESTAT:LFST_R_LFSD2POP(1.0)	17/04/26 11:00:00	A	ED3_4	M	Y20-64	THS_PER	FRD1	2014	226.1		
ESTAT:LFST_R_LFSD2POP(1.0)	17/04/26 11:00:00	A	ED3_4	M	Y20-64	THS_PER	FRD2	2014	278.2		
ESTAT:LFST_R_LFSD2POP(1.0)	17/04/26 11:00:00	A	ED3_4	M	Y20-64	THS_PER	FRE1	2014	584.7		
ESTAT:LFST_R_LFSD2POP(1.0)	17/04/26 11:00:00	A	ED3_4	M	Y20-64	THS_PER	FRE2	2014	266.9		
ESTAT:LFST_R_LFSD2POP(1.0)	17/04/26 11:00:00	A	ED3_4	M	Y20-64	THS_PER	FRF1	2014	275.1		
ESTAT:LFST_R_LFSD2POP(1.0)	17/04/26 11:00:00	A	ED3_4	M	Y20-64	THS_PER	FRF2	2014	190.5		
ESTAT:LFST_R_LFSD2POP(1.0)	17/04/26 11:00:00	A	ED3_4	M	Y20-64	THS_PER	FRF3	2014	357.1		
ESTAT:LFST_R_LFSD2POP(1.0)	17/04/26 11:00:00	A	ED3_4	M	Y20-64	THS_PER	FRG0	2014	534.0		
ESTAT:LFST_R_LFSD2POP(1.0)	17/04/26 11:00:00	A	ED3_4	M	Y20-64	THS_PER	FRH0	2014	493.0		
ESTAT:LFST_R_LFSD2POP(1.0)	17/04/26 11:00:00	A	ED3_4	M	Y20-64	THS_PER	FRI1	2014	483.9		
ESTAT:LFST_R_LFSD2POP(1.0)	17/04/26 11:00:00	A	ED3_4	M	Y20-64	THS_PER	FRI2	2014	100.4		
ESTAT:LFST_R_LFSD2POP(1.0)	17/04/26 11:00:00	A	ED3_4	M	Y20-64	THS_PER	FRI3	2014	258.6		
ESTAT:LFST_R_LFSD2POP(1.0)	17/04/26 11:00:00	A	ED3_4	M	Y20-64	THS_PER	FRJ1	2014	337.8		
ESTAT:LFST_R_LFSD2POP(1.0)	17/04/26 11:00:00	A	ED3_4	M	Y20-64	THS_PER	FRJ2	2014	370.5		
ESTAT:LFST_R_LFSD2POP(1.0)	17/04/26 11:00:00	A	ED3_4	M	Y20-64	THS_PER	FRK1	2014	213.5		
ESTAT:LFST_R_LFSD2POP(1.0)	17/04/26 11:00:00	A	ED3_4	M	Y20-64	THS_PER	FRK2	2014	858.5		
ESTAT:LFST_R_LFSD2POP(1.0)	17/04/26 11:00:00	A	ED3_4	M	Y20-64	THS_PER	FRL0	2014	606.9		
ESTAT:LFST_R_LFSD2POP(1.0)	17/04/26 11:00:00	A	ED3_4	M	Y20-64	THS_PER	FRM0	2014	21.2	u	
ESTAT:LFST_R_LFSD2POP(1.0)	17/04/26 11:00:00	A	ED3_4	M	Y25-34	THS_PER	FR10	2014	296.8		
ESTAT:LFST_R_LFSD2POP(1.0)	17/04/26 11:00:00	A	ED3_4	M	Y25-34	THS_PER	FRB0	2014	57.1		
ESTAT:LFST_R_LFSD2POP(1.0)	17/04/26 11:00:00	A	ED3_4	M	Y25-34	THS_PER	FRC1	2014	46.1		
ESTAT:LFST_R_LFSD2POP(1.0)	17/04/26 11:00:00	A	ED3_4	M	Y25-34	THS_PER	FRC2	2014	33.9		
ESTAT:LFST_R_LFSD2POP(1.0)	17/04/26 11:00:00	A	ED3_4	M	Y25-34	THS_PER	FRD1	2014	49.9		
ESTAT:LFST_R_LFSD2POP(1.0)	17/04/26 11:00:00	A	ED3_4	M	Y25-34	THS_PER	FRD2	2014	53.0		
ESTAT:LFST_R_LFSD2POP(1.0)	17/04/26 11:00:00	A	ED3_4	M	Y25-34	THS_PER	FRE1	2014	129.2		
ESTAT:LFST_R_LFSD2POP(1.0)	17/04/26 11:00:00	A	ED3_4	M	Y25-34	THS_PER	FRE2	2014	49.9		
ESTAT:LFST_R_LFSD2POP(1.0)	17/04/26 11:00:00	A	ED3_4	M	Y25-34	THS_PER	FRF1	2014	49.5		
ESTAT:LFST_R_LFSD2POP(1.0)	17/04/26 11:00:00	A	ED3_4	M	Y25-34	THS_PER	FRF2	2014	37.4		
ESTAT:LFST_R_LFSD2POP(1.0)	17/04/26 11:00:00	A	ED3_4	M	Y25-34	THS_PER	FRF3	2014	79.6		
ESTAT:LFST_R_LFSD2POP(1.0)	17/04/26 11:00:00	A	ED3_4	M	Y25-34	THS_PER	FRG0	2014	98.7		
ESTAT:LFST_R_LFSD2POP(1.0)	17/04/26 11:00:00	A	ED3_4	M	Y25-34	THS_PER	FRH0	2014	90.3		
ESTAT:LFST_R_LFSD2POP(1.0)	17/04/26 11:00:00	A	ED3_4	M	Y25-34	THS_PER	FRI1	2014	81.5		
ESTAT:LFST_R_LFSD2POP(1.0)	17/04/26 11:00:00	A	ED3_4	M	Y25-34	THS_PER	FRI2	2014	16.5		
ESTAT:LFST_R_LFSD2POP(1.0)	17/04/26 11:00:00	A	ED3_4	M	Y25-34	THS_PER	FRI3	2014	46.3		
ESTAT:LFST_R_LFSD2POP(1.0)	17/04/26 11:00:00	A	ED3_4	M	Y25-34	THS_PER	FRJ1	2014	63.5		
ESTAT:LFST_R_LFSD2POP(1.0)	17/04/26 11:00:00	A	ED3_4	M	Y25-34	THS_PER	FRJ2	2014	60.3		
ESTAT:LFST_R_LFSD2POP(1.0)	17/04/26 11:00:00	A	ED3_4	M	Y25-34	THS_PER	FRK1	2014	28.4		
ESTAT:LFST_R_LFSD2POP(1.0)	17/04/26 11:00:00	A	ED3_4	M	Y25-34	THS_PER	FRK2	2014	187.1		
ESTAT:LFST_R_LFSD2POP(1.0)	17/04/26 11:00:00	A	ED3_4	M	Y25-34	THS_PER	FRL0	2014	130.0		
ESTAT:LFST_R_LFSD2POP(1.0)	17/04/26 11:00:00	A	ED3_4	M	Y25-34	THS_PER	FRM0	2014	3.1	u	
ESTAT:LFST_R_LFSD2POP(1.0)	17/04/26 11:00:00	A	ED3_4	M	Y25-64	THS_PER	FR10	2014	1102.1		
ESTAT:LFST_R_LFSD2POP(1.0)	17/04/26 11:00:00	A	ED3_4	M	Y25-64	THS_PER	FRB0	2014	303.8		
ESTAT:LFST_R_LFSD2POP(1.0)	17/04/26 11:00:00	A	ED3_4	M	Y25-64	THS_PER	FRC1	2014	209.2		
ESTAT:LFST_R_LFSD2POP(1.0)	17/04/26 11:00:00	A	ED3_4	M	Y25-64	THS_PER	FRC2	2014	159.2		
ESTAT:LFST_R_LFSD2POP(1.0)	17/04/26 11:00:00	A	ED3_4	M	Y25-64	THS_PER	FRD1	2014	204.9		
ESTAT:LFST_R_LFSD2POP(1.0)	17/04/26 11:00:00	A	ED3_4	M	Y25-64	THS_PER	FRD2	2014	240.1		
ESTAT:LFST_R_LFSD2POP(1.0)	17/04/26 11:00:00	A	ED3_4	M	Y25-64	THS_PER	FRE1	2014	508.0		
ESTAT:LFST_R_LFSD2POP(1.0)	17/04/26 11:00:00	A	ED3_4	M	Y25-64	THS_PER	FRE2	2014	229.3		
ESTAT:LFST_R_LFSD2POP(1.0)	17/04/26 11:00:00	A	ED3_4	M	Y25-64	THS_PER	FRF1	2014	242.1		
ESTAT:LFST_R_LFSD2POP(1.0)	17/04/26 11:00:00	A	ED3_4	M	Y25-64	THS_PER	FRF2	2014	160.3		
ESTAT:LFST_R_LFSD2POP(1.0)	17/04/26 11:00:00	A	ED3_4	M	Y25-64	THS_PER	FRF3	2014	321.4		
ESTAT:LFST_R_LFSD2POP(1.0)	17/04/26 11:00:00	A	ED3_4	M	Y25-64	THS_PER	FRG0	2014	473.5		
ESTAT:LFST_R_LFSD2POP(1.0)	17/04/26 11:00:00	A	ED3_4	M	Y25-64	THS_PER	FRH0	2014	444.5		
ESTAT:LFST_R_LFSD2POP(1.0)	17/04/26 11:00:00	A	ED3_4	M	Y25-64	THS_PER	FRI1	2014	432.4		
ESTAT:LFST_R_LFSD2POP(1.0)	17/04/26 11:00:00	A	ED3_4	M	Y25-64	THS_PER	FRI2	2014	88.2		
ESTAT:LFST_R_LFSD2POP(1.0)	17/04/26 11:00:00	A	ED3_4	M	Y25-64	THS_PER	FRI3	2014	234.0		
ESTAT:LFST_R_LFSD2POP(1.0)	17/04/26 11:00:00	A	ED3_4	M	Y25-64	THS_PER	FRJ1	2014	293.8		
ESTAT:LFST_R_LFSD2POP(1.0)	17/04/26 11:00:00	A	ED3_4	M	Y25-64	THS_PER	FRJ2	2014	324.7		
ESTAT:LFST_R_LFSD2POP(1.0)	17/04/26 11:00:00	A	ED3_4	M	Y25-64	THS_PER	FRK1	2014	197.9		
ESTAT:LFST_R_LFSD2POP(1.0)	17/04/26 11:00:00	A	ED3_4	M	Y25-64	THS_PER	FRK2	2014	750.4		
ESTAT:LFST_R_LFSD2POP(1.0)	17/04/26 11:00:00	A	ED3_4	M	Y25-64	THS_PER	FRL0	2014	538.1		
ESTAT:LFST_R_LFSD2POP(1.0)	17/04/26 11:00:00	A	ED3_4	M	Y25-64	THS_PER	FRM0	2014	18.2	u	
ESTAT:LFST_R_LFSD2POP(1.0)	17/04/26 11:00:00	A	ED3_4	M	Y35-44	THS_PER	FR10	2014	276.5		
ESTAT:LFST_R_LFSD2POP(1.0)	17/04/26 11:00:00	A	ED3_4	M	Y35-44	THS_PER	FRB0	2014	81.0		
ESTAT:LFST_R_LFSD2POP(1.0)	17/04/26 11:00:00	A	ED3_4	M	Y35-44	THS_PER	FRC1	2014	49.2		
ESTAT:LFST_R_LFSD2POP(1.0)	17/04/26 11:00:00	A	ED3_4	M	Y35-44	THS_PER	FRC2	2014	42.7		
ESTAT:LFST_R_LFSD2POP(1.0)	17/04/26 11:00:00	A	ED3_4	M	Y35-44	THS_PER	FRD1	2014	37.1		
ESTAT:LFST_R_LFSD2POP(1.0)	17/04/26 11:00:00	A	ED3_4	M	Y35-44	THS_PER	FRD2	2014	60.3		
ESTAT:LFST_R_LFSD2POP(1.0)	17/04/26 11:00:00	A	ED3_4	M	Y35-44	THS_PER	FRE1	2014	139.9		
ESTAT:LFST_R_LFSD2POP(1.0)	17/04/26 11:00:00	A	ED3_4	M	Y35-44	THS_PER	FRE2	2014	60.2		
ESTAT:LFST_R_LFSD2POP(1.0)	17/04/26 11:00:00	A	ED3_4	M	Y35-44	THS_PER	FRF1	2014	53.4		
ESTAT:LFST_R_LFSD2POP(1.0)	17/04/26 11:00:00	A	ED3_4	M	Y35-44	THS_PER	FRF2	2014	38.3		
ESTAT:LFST_R_LFSD2POP(1.0)	17/04/26 11:00:00	A	ED3_4	M	Y35-44	THS_PER	FRF3	2014	71.9		
ESTAT:LFST_R_LFSD2POP(1.0)	17/04/26 11:00:00	A	ED3_4	M	Y35-44	THS_PER	FRG0	2014	121.2		
ESTAT:LFST_R_LFSD2POP(1.0)	17/04/26 11:00:00	A	ED3_4	M	Y35-44	THS_PER	FRH0	2014	103.5		
ESTAT:LFST_R_LFSD2POP(1.0)	17/04/26 11:00:00	A	ED3_4	M	Y35-44	THS_PER	FRI1	2014	109.4		
ESTAT:LFST_R_LFSD2POP(1.0)	17/04/26 11:00:00	A	ED3_4	M	Y35-44	THS_PER	FRI2	2014	17.1		
ESTAT:LFST_R_LFSD2POP(1.0)	17/04/26 11:00:00	A	ED3_4	M	Y35-44	THS_PER	FRI3	2014	65.7		
ESTAT:LFST_R_LFSD2POP(1.0)	17/04/26 11:00:00	A	ED3_4	M	Y35-44	THS_PER	FRJ1	2014	67.6		
ESTAT:LFST_R_LFSD2POP(1.0)	17/04/26 11:00:00	A	ED3_4	M	Y35-44	THS_PER	FRJ2	2014	93.5		
ESTAT:LFST_R_LFSD2POP(1.0)	17/04/26 11:00:00	A	ED3_4	M	Y35-44	THS_PER	FRK1	2014	47.5		
ESTAT:LFST_R_LFSD2POP(1.0)	17/04/26 11:00:00	A	ED3_4	M	Y35-44	THS_PER	FRK2	2014	177.5		
ESTAT:LFST_R_LFSD2POP(1.0)	17/04/26 11:00:00	A	ED3_4	M	Y35-44	THS_PER	FRL0	2014	128.2		
ESTAT:LFST_R_LFSD2POP(1.0)	17/04/26 11:00:00	A	ED3_4	M	Y35-44	THS_PER	FRM0	2014	4.7	u	
ESTAT:LFST_R_LFSD2POP(1.0)	17/04/26 11:00:00	A	ED3_4	M	Y45-54	THS_PER	FR10	2014	306.9		
ESTAT:LFST_R_LFSD2POP(1.0)	17/04/26 11:00:00	A	ED3_4	M	Y45-54	THS_PER	FRB0	2014	85.6		
ESTAT:LFST_R_LFSD2POP(1.0)	17/04/26 11:00:00	A	ED3_4	M	Y45-54	THS_PER	FRC1	2014	63.9		
ESTAT:LFST_R_LFSD2POP(1.0)	17/04/26 11:00:00	A	ED3_4	M	Y45-54	THS_PER	FRC2	2014	38.1		
ESTAT:LFST_R_LFSD2POP(1.0)	17/04/26 11:00:00	A	ED3_4	M	Y45-54	THS_PER	FRD1	2014	65.3		
ESTAT:LFST_R_LFSD2POP(1.0)	17/04/26 11:00:00	A	ED3_4	M	Y45-54	THS_PER	FRD2	2014	70.8		
ESTAT:LFST_R_LFSD2POP(1.0)	17/04/26 11:00:00	A	ED3_4	M	Y45-54	THS_PER	FRE1	2014	130.2		
ESTAT:LFST_R_LFSD2POP(1.0)	17/04/26 11:00:00	A	ED3_4	M	Y45-54	THS_PER	FRE2	2014	69.5		
ESTAT:LFST_R_LFSD2POP(1.0)	17/04/26 11:00:00	A	ED3_4	M	Y45-54	THS_PER	FRF1	2014	73.5		
ESTAT:LFST_R_LFSD2POP(1.0)	17/04/26 11:00:00	A	ED3_4	M	Y45-54	THS_PER	FRF2	2014	47.8		
ESTAT:LFST_R_LFSD2POP(1.0)	17/04/26 11:00:00	A	ED3_4	M	Y45-54	THS_PER	FRF3	2014	87.0		
ESTAT:LFST_R_LFSD2POP(1.0)	17/04/26 11:00:00	A	ED3_4	M	Y45-54	THS_PER	FRG0	2014	118.9		
ESTAT:LFST_R_LFSD2POP(1.0)	17/04/26 11:00:00	A	ED3_4	M	Y45-54	THS_PER	FRH0	2014	138.2		
ESTAT:LFST_R_LFSD2POP(1.0)	17/04/26 11:00:00	A	ED3_4	M	Y45-54	THS_PER	FRI1	2014	118.9		
ESTAT:LFST_R_LFSD2POP(1.0)	17/04/26 11:00:00	A	ED3_4	M	Y45-54	THS_PER	FRI2	2014	28.3		
ESTAT:LFST_R_LFSD2POP(1.0)	17/04/26 11:00:00	A	ED3_4	M	Y45-54	THS_PER	FRI3	2014	67.3		
ESTAT:LFST_R_LFSD2POP(1.0)	17/04/26 11:00:00	A	ED3_4	M	Y45-54	THS_PER	FRJ1	2014	85.2		
ESTAT:LFST_R_LFSD2POP(1.0)	17/04/26 11:00:00	A	ED3_4	M	Y45-54	THS_PER	FRJ2	2014	91.3		
ESTAT:LFST_R_LFSD2POP(1.0)	17/04/26 11:00:00	A	ED3_4	M	Y45-54	THS_PER	FRK1	2014	68.0		
ESTAT:LFST_R_LFSD2POP(1.0)	17/04/26 11:00:00	A	ED3_4	M	Y45-54	THS_PER	FRK2	2014	222.6		
ESTAT:LFST_R_LFSD2POP(1.0)	17/04/26 11:00:00	A	ED3_4	M	Y45-54	THS_PER	FRL0	2014	152.5		
ESTAT:LFST_R_LFSD2POP(1.0)	17/04/26 11:00:00	A	ED3_4	M	Y45-54	THS_PER	FRM0	2014	6.3	u	
ESTAT:LFST_R_LFSD2POP(1.0)	17/04/26 11:00:00	A	ED3_4	M	Y55-64	THS_PER	FR10	2014	221.9		
ESTAT:LFST_R_LFSD2POP(1.0)	17/04/26 11:00:00	A	ED3_4	M	Y55-64	THS_PER	FRB0	2014	80.0		
ESTAT:LFST_R_LFSD2POP(1.0)	17/04/26 11:00:00	A	ED3_4	M	Y55-64	THS_PER	FRC1	2014	49.9		
ESTAT:LFST_R_LFSD2POP(1.0)	17/04/26 11:00:00	A	ED3_4	M	Y55-64	THS_PER	FRC2	2014	44.6		
ESTAT:LFST_R_LFSD2POP(1.0)	17/04/26 11:00:00	A	ED3_4	M	Y55-64	THS_PER	FRD1	2014	52.7		
ESTAT:LFST_R_LFSD2POP(1.0)	17/04/26 11:00:00	A	ED3_4	M	Y55-64	THS_PER	FRD2	2014	56.0		
ESTAT:LFST_R_LFSD2POP(1.0)	17/04/26 11:00:00	A	ED3_4	M	Y55-64	THS_PER	FRE1	2014	108.8		
ESTAT:LFST_R_LFSD2POP(1.0)	17/04/26 11:00:00	A	ED3_4	M	Y55-64	THS_PER	FRE2	2014	49.7		
ESTAT:LFST_R_LFSD2POP(1.0)	17/04/26 11:00:00	A	ED3_4	M	Y55-64	THS_PER	FRF1	2014	65.8		
ESTAT:LFST_R_LFSD2POP(1.0)	17/04/26 11:00:00	A	ED3_4	M	Y55-64	THS_PER	FRF2	2014	36.7		
ESTAT:LFST_R_LFSD2POP(1.0)	17/04/26 11:00:00	A	ED3_4	M	Y55-64	THS_PER	FRF3	2014	82.9		
ESTAT:LFST_R_LFSD2POP(1.0)	17/04/26 11:00:00	A	ED3_4	M	Y55-64	THS_PER	FRG0	2014	134.7		
ESTAT:LFST_R_LFSD2POP(1.0)	17/04/26 11:00:00	A	ED3_4	M	Y55-64	THS_PER	FRH0	2014	112.5		
ESTAT:LFST_R_LFSD2POP(1.0)	17/04/26 11:00:00	A	ED3_4	M	Y55-64	THS_PER	FRI1	2014	122.6		
ESTAT:LFST_R_LFSD2POP(1.0)	17/04/26 11:00:00	A	ED3_4	M	Y55-64	THS_PER	FRI2	2014	26.3		
ESTAT:LFST_R_LFSD2POP(1.0)	17/04/26 11:00:00	A	ED3_4	M	Y55-64	THS_PER	FRI3	2014	54.7		
ESTAT:LFST_R_LFSD2POP(1.0)	17/04/26 11:00:00	A	ED3_4	M	Y55-64	THS_PER	FRJ1	2014	77.6		
ESTAT:LFST_R_LFSD2POP(1.0)	17/04/26 11:00:00	A	ED3_4	M	Y55-64	THS_PER	FRJ2	2014	79.6		
ESTAT:LFST_R_LFSD2POP(1.0)	17/04/26 11:00:00	A	ED3_4	M	Y55-64	THS_PER	FRK1	2014	54.0		
ESTAT:LFST_R_LFSD2POP(1.0)	17/04/26 11:00:00	A	ED3_4	M	Y55-64	THS_PER	FRK2	2014	163.2		
ESTAT:LFST_R_LFSD2POP(1.0)	17/04/26 11:00:00	A	ED3_4	M	Y55-64	THS_PER	FRL0	2014	127.4		
ESTAT:LFST_R_LFSD2POP(1.0)	17/04/26 11:00:00	A	ED3_4	M	Y55-64	THS_PER	FRM0	2014	4.1	u	
ESTAT:LFST_R_LFSD2POP(1.0)	17/04/26 11:00:00	A	ED3_4	M	Y_GE15	THS_PER	FR10	2014	1605.1		
ESTAT:LFST_R_LFSD2POP(1.0)	17/04/26 11:00:00	A	ED3_4	M	Y_GE15	THS_PER	FRB0	2014	458.1		
ESTAT:LFST_R_LFSD2POP(1.0)	17/04/26 11:00:00	A	ED3_4	M	Y_GE15	THS_PER	FRC1	2014	302.1		
ESTAT:LFST_R_LFSD2POP(1.0)	17/04/26 11:00:00	A	ED3_4	M	Y_GE15	THS_PER	FRC2	2014	231.8		
ESTAT:LFST_R_LFSD2POP(1.0)	17/04/26 11:00:00	A	ED3_4	M	Y_GE15	THS_PER	FRD1	2014	275.2		
ESTAT:LFST_R_LFSD2POP(1.0)	17/04/26 11:00:00	A	ED3_4	M	Y_GE15	THS_PER	FRD2	2014	334.6		
ESTAT:LFST_R_LFSD2POP(1.0)	17/04/26 11:00:00	A	ED3_4	M	Y_GE15	THS_PER	FRE1	2014	706.9		
ESTAT:LFST_R_LFSD2POP(1.0)	17/04/26 11:00:00	A	ED3_4	M	Y_GE15	THS_PER	FRE2	2014	327.2		
ESTAT:LFST_R_LFSD2POP(1.0)	17/04/26 11:00:00	A	ED3_4	M	Y_GE15	THS_PER	FRF1	2014	361.7		
ESTAT:LFST_R_LFSD2POP(1.0)	17/04/26 11:00:00	A	ED3_4	M	Y_GE15	THS_PER	FRF2	2014	239.8		
ESTAT:LFST_R_LFSD2POP(1.0)	17/04/26 11:00:00	A	ED3_4	M	Y_GE15	THS_PER	FRF3	2014	445.0		
ESTAT:LFST_R_LFSD2POP(1.0)	17/04/26 11:00:00	A	ED3_4	M	Y_GE15	THS_PER	FRG0	2014	654.0		
ESTAT:LFST_R_LFSD2POP(1.0)	17/04/26 11:00:00	A	ED3_4	M	Y_GE15	THS_PER	FRH0	2014	624.1		
ESTAT:LFST_R_LFSD2POP(1.0)	17/04/26 11:00:00	A	ED3_4	M	Y_GE15	THS_PER	FRI1	2014	606.2		
ESTAT:LFST_R_LFSD2POP(1.0)	17/04/26 11:00:00	A	ED3_4	M	Y_GE15	THS_PER	FRI2	2014	135.7		
ESTAT:LFST_R_LFSD2POP(1.0)	17/04/26 11:00:00	A	ED3_4	M	Y_GE15	THS_PER	FRI3	2014	325.2		
ESTAT:LFST_R_LFSD2POP(1.0)	17/04/26 11:00:00	A	ED3_4	M	Y_GE15	THS_PER	FRJ1	2014	435.2		
ESTAT:LFST_R_LFSD2POP(1.0)	17/04/26 11:00:00	A	ED3_4	M	Y_GE15	THS_PER	FRJ2	2014	483.1		
ESTAT:LFST_R_LFSD2POP(1.0)	17/04/26 11:00:00	A	ED3_4	M	Y_GE15	THS_PER	FRK1	2014	264.4		
ESTAT:LFST_R_LFSD2POP(1.0)	17/04/26 11:00:00	A	ED3_4	M	Y_GE15	THS_PER	FRK2	2014	1088.5		
ESTAT:LFST_R_LFSD2POP(1.0)	17/04/26 11:00:00	A	ED3_4	M	Y_GE15	THS_PER	FRL0	2014	797.8		
ESTAT:LFST_R_LFSD2POP(1.0)	17/04/26 11:00:00	A	ED3_4	M	Y_GE15	THS_PER	FRM0	2014	33.4	u	
ESTAT:LFST_R_LFSD2POP(1.0)	17/04/26 11:00:00	A	ED3_4	M	Y_GE25	THS_PER	FR10	2014	1279.3		
ESTAT:LFST_R_LFSD2POP(1.0)	17/04/26 11:00:00	A	ED3_4	M	Y_GE25	THS_PER	FRB0	2014	387.1		
ESTAT:LFST_R_LFSD2POP(1.0)	17/04/26 11:00:00	A	ED3_4	M	Y_GE25	THS_PER	FRC1	2014	262.6		
ESTAT:LFST_R_LFSD2POP(1.0)	17/04/26 11:00:00	A	ED3_4	M	Y_GE25	THS_PER	FRC2	2014	197.3		
ESTAT:LFST_R_LFSD2POP(1.0)	17/04/26 11:00:00	A	ED3_4	M	Y_GE25	THS_PER	FRD1	2014	241.4		
ESTAT:LFST_R_LFSD2POP(1.0)	17/04/26 11:00:00	A	ED3_4	M	Y_GE25	THS_PER	FRD2	2014	281.6		
ESTAT:LFST_R_LFSD2POP(1.0)	17/04/26 11:00:00	A	ED3_4	M	Y_GE25	THS_PER	FRE1	2014	591.0		
ESTAT:LFST_R_LFSD2POP(1.0)	17/04/26 11:00:00	A	ED3_4	M	Y_GE25	THS_PER	FRE2	2014	273.8		
ESTAT:LFST_R_LFSD2POP(1.0)	17/04/26 11:00:00	A	ED3_4	M	Y_GE25	THS_PER	FRF1	2014	307.5		
ESTAT:LFST_R_LFSD2POP(1.0)	17/04/26 11:00:00	A	ED3_4	M	Y_GE25	THS_PER	FRF2	2014	197.3		
ESTAT:LFST_R_LFSD2POP(1.0)	17/04/26 11:00:00	A	ED3_4	M	Y_GE25	THS_PER	FRF3	2014	390.9		
ESTAT:LFST_R_LFSD2POP(1.0)	17/04/26 11:00:00	A	ED3_4	M	Y_GE25	THS_PER	FRG0	2014	565.0		
ESTAT:LFST_R_LFSD2POP(1.0)	17/04/26 11:00:00	A	ED3_4	M	Y_GE25	THS_PER	FRH0	2014	541.3		
ESTAT:LFST_R_LFSD2POP(1.0)	17/04/26 11:00:00	A	ED3_4	M	Y_GE25	THS_PER	FRI1	2014	529.7		
ESTAT:LFST_R_LFSD2POP(1.0)	17/04/26 11:00:00	A	ED3_4	M	Y_GE25	THS_PER	FRI2	2014	116.6		
ESTAT:LFST_R_LFSD2POP(1.0)	17/04/26 11:00:00	A	ED3_4	M	Y_GE25	THS_PER	FRI3	2014	283.8		
ESTAT:LFST_R_LFSD2POP(1.0)	17/04/26 11:00:00	A	ED3_4	M	Y_GE25	THS_PER	FRJ1	2014	364.5		
ESTAT:LFST_R_LFSD2POP(1.0)	17/04/26 11:00:00	A	ED3_4	M	Y_GE25	THS_PER	FRJ2	2014	407.8		
ESTAT:LFST_R_LFSD2POP(1.0)	17/04/26 11:00:00	A	ED3_4	M	Y_GE25	THS_PER	FRK1	2014	237.3		
ESTAT:LFST_R_LFSD2POP(1.0)	17/04/26 11:00:00	A	ED3_4	M	Y_GE25	THS_PER	FRK2	2014	924.3		
ESTAT:LFST_R_LFSD2POP(1.0)	17/04/26 11:00:00	A	ED3_4	M	Y_GE25	THS_PER	FRL0	2014	685.8		
ESTAT:LFST_R_LFSD2POP(1.0)	17/04/26 11:00:00	A	ED3_4	M	Y_GE25	THS_PER	FRM0	2014	28.7	u	
ESTAT:LFST_R_LFSD2POP(1.0)	17/04/26 11:00:00	A	ED3_4	M	Y_GE65	THS_PER	FR10	2014	177.2		
ESTAT:LFST_R_LFSD2POP(1.0)	17/04/26 11:00:00	A	ED3_4	M	Y_GE65	THS_PER	FRB0	2014	83.3		
ESTAT:LFST_R_LFSD2POP(1.0)	17/04/26 11:00:00	A	ED3_4	M	Y_GE65	THS_PER	FRC1	2014	53.4		
ESTAT:LFST_R_LFSD2POP(1.0)	17/04/26 11:00:00	A	ED3_4	M	Y_GE65	THS_PER	FRC2	2014	38.0		
ESTAT:LFST_R_LFSD2POP(1.0)	17/04/26 11:00:00	A	ED3_4	M	Y_GE65	THS_PER	FRD1	2014	36.5		
ESTAT:LFST_R_LFSD2POP(1.0)	17/04/26 11:00:00	A	ED3_4	M	Y_GE65	THS_PER	FRD2	2014	41.5		
ESTAT:LFST_R_LFSD2POP(1.0)	17/04/26 11:00:00	A	ED3_4	M	Y_GE65	THS_PER	FRE1	2014	83.0		
ESTAT:LFST_R_LFSD2POP(1.0)	17/04/26 11:00:00	A	ED3_4	M	Y_GE65	THS_PER	FRE2	2014	44.4		
ESTAT:LFST_R_LFSD2POP(1.0)	17/04/26 11:00:00	A	ED3_4	M	Y_GE65	THS_PER	FRF1	2014	65.3		
ESTAT:LFST_R_LFSD2POP(1.0)	17/04/26 11:00:00	A	ED3_4	M	Y_GE65	THS_PER	FRF2	2014	37.0		
ESTAT:LFST_R_LFSD2POP(1.0)	17/04/26 11:00:00	A	ED3_4	M	Y_GE65	THS_PER	FRF3	2014	69.5		
ESTAT:LFST_R_LFSD2POP(1.0)	17/04/26 11:00:00	A	ED3_4	M	Y_GE65	THS_PER	FRG0	2014	91.5		
ESTAT:LFST_R_LFSD2POP(1.0)	17/04/26 11:00:00	A	ED3_4	M	Y_GE65	THS_PER	FRH0	2014	96.7		
ESTAT:LFST_R_LFSD2POP(1.0)	17/04/26 11:00:00	A	ED3_4	M	Y_GE65	THS_PER	FRI1	2014	97.3		
ESTAT:LFST_R_LFSD2POP(1.0)	17/04/26 11:00:00	A	ED3_4	M	Y_GE65	THS_PER	FRI2	2014	28.4		
ESTAT:LFST_R_LFSD2POP(1.0)	17/04/26 11:00:00	A	ED3_4	M	Y_GE65	THS_PER	FRI3	2014	49.8		
ESTAT:LFST_R_LFSD2POP(1.0)	17/04/26 11:00:00	A	ED3_4	M	Y_GE65	THS_PER	FRJ1	2014	70.7		
ESTAT:LFST_R_LFSD2POP(1.0)	17/04/26 11:00:00	A	ED3_4	M	Y_GE65	THS_PER	FRJ2	2014	83.1		
ESTAT:LFST_R_LFSD2POP(1.0)	17/04/26 11:00:00	A	ED3_4	M	Y_GE65	THS_PER	FRK1	2014	39.5		
ESTAT:LFST_R_LFSD2POP(1.0)	17/04/26 11:00:00	A	ED3_4	M	Y_GE65	THS_PER	FRK2	2014	173.9		
ESTAT:LFST_R_LFSD2POP(1.0)	17/04/26 11:00:00	A	ED3_4	M	Y_GE65	THS_PER	FRL0	2014	147.7		
ESTAT:LFST_R_LFSD2POP(1.0)	17/04/26 11:00:00	A	ED3_4	M	Y_GE65	THS_PER	FRM0	2014	10.5	u	
ESTAT:LFST_R_LFSD2POP(1.0)	17/04/26 11:00:00	A	ED3_4	T	Y15-24	THS_PER	FR10	2014	659.1		
ESTAT:LFST_R_LFSD2POP(1.0)	17/04/26 11:00:00	A	ED3_4	T	Y15-24	THS_PER	FRB0	2014	133.2		
ESTAT:LFST_R_LFSD2POP(1.0)	17/04/26 11:00:00	A	ED3_4	T	Y15-24	THS_PER	FRC1	2014	76.7		
ESTAT:LFST_R_LFSD2POP(1.0)	17/04/26 11:00:00	A	ED3_4	T	Y15-24	THS_PER	FRC2	2014	56.0		
ESTAT:LFST_R_LFSD2POP(1.0)	17/04/26 11:00:00	A	ED3_4	T	Y15-24	THS_PER	FRD1	2014	68.8		
ESTAT:LFST_R_LFSD2POP(1.0)	17/04/26 11:00:00	A	ED3_4	T	Y15-24	THS_PER	FRD2	2014	99.5		
ESTAT:LFST_R_LFSD2POP(1.0)	17/04/26 11:00:00	A	ED3_4	T	Y15-24	THS_PER	FRE1	2014	217.7		
ESTAT:LFST_R_LFSD2POP(1.0)	17/04/26 11:00:00	A	ED3_4	T	Y15-24	THS_PER	FRE2	2014	104.1		
ESTAT:LFST_R_LFSD2POP(1.0)	17/04/26 11:00:00	A	ED3_4	T	Y15-24	THS_PER	FRF1	2014	116.2		
ESTAT:LFST_R_LFSD2POP(1.0)	17/04/26 11:00:00	A	ED3_4	T	Y15-24	THS_PER	FRF2	2014	76.4		
ESTAT:LFST_R_LFSD2POP(1.0)	17/04/26 11:00:00	A	ED3_4	T	Y15-24	THS_PER	FRF3	2014	111.2		
ESTAT:LFST_R_LFSD2POP(1.0)	17/04/26 11:00:00	A	ED3_4	T	Y15-24	THS_PER	FRG0	2014	170.7		
ESTAT:LFST_R_LFSD2POP(1.0)	17/04/26 11:00:00	A	ED3_4	T	Y15-24	THS_PER	FRH0	2014	160.7		
ESTAT:LFST_R_LFSD2POP(1.0)	17/04/26 11:00:00	A	ED3_4	T	Y15-24	THS_PER	FRI1	2014	147.9		
ESTAT:LFST_R_LFSD2POP(1.0)	17/04/26 11:00:00	A	ED3_4	T	Y15-24	THS_PER	FRI2	2014	39.0		
ESTAT:LFST_R_LFSD2POP(1.0)	17/04/26 11:00:00	A	ED3_4	T	Y15-24	THS_PER	FRI3	2014	84.8		
ESTAT:LFST_R_LFSD2POP(1.0)	17/04/26 11:00:00	A	ED3_4	T	Y15-24	THS_PER	FRJ1	2014	136.4		
ESTAT:LFST_R_LFSD2POP(1.0)	17/04/26 11:00:00	A	ED3_4	T	Y15-24	THS_PER	FRJ2	2014	156.3		
ESTAT:LFST_R_LFSD2POP(1.0)	17/04/26 11:00:00	A	ED3_4	T	Y15-24	THS_PER	FRK1	2014	52.3		
ESTAT:LFST_R_LFSD2POP(1.0)	17/04/26 11:00:00	A	ED3_4	T	Y15-24	THS_PER	FRK2	2014	337.9		
ESTAT:LFST_R_LFSD2POP(1.0)	17/04/26 11:00:00	A	ED3_4	T	Y15-24	THS_PER	FRL0	2014	230.2		
ESTAT:LFST_R_LFSD2POP(1.0)	17/04/26 11:00:00	A	ED3_4	T	Y15-24	THS_PER	FRM0	2014	8.1	u	
ESTAT:LFST_R_LFSD2POP(1.0)	17/04/26 11:00:00	A	ED3_4	T	Y15-64	THS_PER	FR10	2014	2827.7		
ESTAT:LFST_R_LFSD2POP(1.0)	17/04/26 11:00:00	A	ED3_4	T	Y15-64	THS_PER	FRB0	2014	711.4		
ESTAT:LFST_R_LFSD2POP(1.0)	17/04/26 11:00:00	A	ED3_4	T	Y15-64	THS_PER	FRC1	2014	464.0		
ESTAT:LFST_R_LFSD2POP(1.0)	17/04/26 11:00:00	A	ED3_4	T	Y15-64	THS_PER	FRC2	2014	352.5		
ESTAT:LFST_R_LFSD2POP(1.0)	17/04/26 11:00:00	A	ED3_4	T	Y15-64	THS_PER	FRD1	2014	436.9		
ESTAT:LFST_R_LFSD2POP(1.0)	17/04/26 11:00:00	A	ED3_4	T	Y15-64	THS_PER	FRD2	2014	544.1		
ESTAT:LFST_R_LFSD2POP(1.0)	17/04/26 11:00:00	A	ED3_4	T	Y15-64	THS_PER	FRE1	2014	1155.2		
ESTAT:LFST_R_LFSD2POP(1.0)	17/04/26 11:00:00	A	ED3_4	T	Y15-64	THS_PER	FRE2	2014	545.1		
ESTAT:LFST_R_LFSD2POP(1.0)	17/04/26 11:00:00	A	ED3_4	T	Y15-64	THS_PER	FRF1	2014	584.3		
ESTAT:LFST_R_LFSD2POP(1.0)	17/04/26 11:00:00	A	ED3_4	T	Y15-64	THS_PER	FRF2	2014	381.8		
ESTAT:LFST_R_LFSD2POP(1.0)	17/04/26 11:00:00	A	ED3_4	T	Y15-64	THS_PER	FRF3	2014	711.4		
ESTAT:LFST_R_LFSD2POP(1.0)	17/04/26 11:00:00	A	ED3_4	T	Y15-64	THS_PER	FRG0	2014	1075.7		
ESTAT:LFST_R_LFSD2POP(1.0)	17/04/26 11:00:00	A	ED3_4	T	Y15-64	THS_PER	FRH0	2014	982.6		
ESTAT:LFST_R_LFSD2POP(1.0)	17/04/26 11:00:00	A	ED3_4	T	Y15-64	THS_PER	FRI1	2014	971.5		
ESTAT:LFST_R_LFSD2POP(1.0)	17/04/26 11:00:00	A	ED3_4	T	Y15-64	THS_PER	FRI2	2014	217.2		
ESTAT:LFST_R_LFSD2POP(1.0)	17/04/26 11:00:00	A	ED3_4	T	Y15-64	THS_PER	FRI3	2014	533.0		
ESTAT:LFST_R_LFSD2POP(1.0)	17/04/26 11:00:00	A	ED3_4	T	Y15-64	THS_PER	FRJ1	2014	707.9		
ESTAT:LFST_R_LFSD2POP(1.0)	17/04/26 11:00:00	A	ED3_4	T	Y15-64	THS_PER	FRJ2	2014	776.5		
ESTAT:LFST_R_LFSD2POP(1.0)	17/04/26 11:00:00	A	ED3_4	T	Y15-64	THS_PER	FRK1	2014	398.6		
ESTAT:LFST_R_LFSD2POP(1.0)	17/04/26 11:00:00	A	ED3_4	T	Y15-64	THS_PER	FRK2	2014	1745.8		
ESTAT:LFST_R_LFSD2POP(1.0)	17/04/26 11:00:00	A	ED3_4	T	Y15-64	THS_PER	FRL0	2014	1283.7		
ESTAT:LFST_R_LFSD2POP(1.0)	17/04/26 11:00:00	A	ED3_4	T	Y15-64	THS_PER	FRM0	2014	47.9	u	
ESTAT:LFST_R_LFSD2POP(1.0)	17/04/26 11:00:00	A	ED3_4	T	Y15-74	THS_PER	FR10	2014	3079.7		
ESTAT:LFST_R_LFSD2POP(1.0)	17/04/26 11:00:00	A	ED3_4	T	Y15-74	THS_PER	FRB0	2014	806.1		
ESTAT:LFST_R_LFSD2POP(1.0)	17/04/26 11:00:00	A	ED3_4	T	Y15-74	THS_PER	FRC1	2014	540.7		
ESTAT:LFST_R_LFSD2POP(1.0)	17/04/26 11:00:00	A	ED3_4	T	Y15-74	THS_PER	FRC2	2014	399.9		
ESTAT:LFST_R_LFSD2POP(1.0)	17/04/26 11:00:00	A	ED3_4	T	Y15-74	THS_PER	FRD1	2014	488.6		
ESTAT:LFST_R_LFSD2POP(1.0)	17/04/26 11:00:00	A	ED3_4	T	Y15-74	THS_PER	FRD2	2014	595.3		
ESTAT:LFST_R_LFSD2POP(1.0)	17/04/26 11:00:00	A	ED3_4	T	Y15-74	THS_PER	FRE1	2014	1262.0		
ESTAT:LFST_R_LFSD2POP(1.0)	17/04/26 11:00:00	A	ED3_4	T	Y15-74	THS_PER	FRE2	2014	590.9		
ESTAT:LFST_R_LFSD2POP(1.0)	17/04/26 11:00:00	A	ED3_4	T	Y15-74	THS_PER	FRF1	2014	656.8		
ESTAT:LFST_R_LFSD2POP(1.0)	17/04/26 11:00:00	A	ED3_4	T	Y15-74	THS_PER	FRF2	2014	422.5		
ESTAT:LFST_R_LFSD2POP(1.0)	17/04/26 11:00:00	A	ED3_4	T	Y15-74	THS_PER	FRF3	2014	792.4		
ESTAT:LFST_R_LFSD2POP(1.0)	17/04/26 11:00:00	A	ED3_4	T	Y15-74	THS_PER	FRG0	2014	1186.5		
ESTAT:LFST_R_LFSD2POP(1.0)	17/04/26 11:00:00	A	ED3_4	T	Y15-74	THS_PER	FRH0	2014	1101.0		
ESTAT:LFST_R_LFSD2POP(1.0)	17/04/26 11:00:00	A	ED3_4	T	Y15-74	THS_PER	FRI1	2014	1102.2		
ESTAT:LFST_R_LFSD2POP(1.0)	17/04/26 11:00:00	A	ED3_4	T	Y15-74	THS_PER	FRI2	2014	251.2		
ESTAT:LFST_R_LFSD2POP(1.0)	17/04/26 11:00:00	A	ED3_4	T	Y15-74	THS_PER	FRI3	2014	597.1		
ESTAT:LFST_R_LFSD2POP(1.0)	17/04/26 11:00:00	A	ED3_4	T	Y15-74	THS_PER	FRJ1	2014	801.5		
ESTAT:LFST_R_LFSD2POP(1.0)	17/04/26 11:00:00	A	ED3_4	T	Y15-74	THS_PER	FRJ2	2014	875.3		
ESTAT:LFST_R_LFSD2POP(1.0)	17/04/26 11:00:00	A	ED3_4	T	Y15-74	THS_PER	FRK1	2014	449.4		
ESTAT:LFST_R_LFSD2POP(1.0)	17/04/26 11:00:00	A	ED3_4	T	Y15-74	THS_PER	FRK2	2014	1962.7		
ESTAT:LFST_R_LFSD2POP(1.0)	17/04/26 11:00:00	A	ED3_4	T	Y15-74	THS_PER	FRL0	2014	1471.3		
ESTAT:LFST_R_LFSD2POP(1.0)	17/04/26 11:00:00	A	ED3_4	T	Y15-74	THS_PER	FRM0	2014	63.0	u	
ESTAT:LFST_R_LFSD2POP(1.0)	17/04/26 11:00:00	A	ED3_4	T	Y20-64	THS_PER	FR10	2014	2606.8		
ESTAT:LFST_R_LFSD2POP(1.0)	17/04/26 11:00:00	A	ED3_4	T	Y20-64	THS_PER	FRB0	2014	663.8		
ESTAT:LFST_R_LFSD2POP(1.0)	17/04/26 11:00:00	A	ED3_4	T	Y20-64	THS_PER	FRC1	2014	431.1		
ESTAT:LFST_R_LFSD2POP(1.0)	17/04/26 11:00:00	A	ED3_4	T	Y20-64	THS_PER	FRC2	2014	331.2		
ESTAT:LFST_R_LFSD2POP(1.0)	17/04/26 11:00:00	A	ED3_4	T	Y20-64	THS_PER	FRD1	2014	413.4		
ESTAT:LFST_R_LFSD2POP(1.0)	17/04/26 11:00:00	A	ED3_4	T	Y20-64	THS_PER	FRD2	2014	513.0		
ESTAT:LFST_R_LFSD2POP(1.0)	17/04/26 11:00:00	A	ED3_4	T	Y20-64	THS_PER	FRE1	2014	1083.8		
ESTAT:LFST_R_LFSD2POP(1.0)	17/04/26 11:00:00	A	ED3_4	T	Y20-64	THS_PER	FRE2	2014	509.8		
ESTAT:LFST_R_LFSD2POP(1.0)	17/04/26 11:00:00	A	ED3_4	T	Y20-64	THS_PER	FRF1	2014	535.9		
ESTAT:LFST_R_LFSD2POP(1.0)	17/04/26 11:00:00	A	ED3_4	T	Y20-64	THS_PER	FRF2	2014	356.3		
ESTAT:LFST_R_LFSD2POP(1.0)	17/04/26 11:00:00	A	ED3_4	T	Y20-64	THS_PER	FRF3	2014	670.9		
ESTAT:LFST_R_LFSD2POP(1.0)	17/04/26 11:00:00	A	ED3_4	T	Y20-64	THS_PER	FRG0	2014	1019.5		
ESTAT:LFST_R_LFSD2POP(1.0)	17/04/26 11:00:00	A	ED3_4	T	Y20-64	THS_PER	FRH0	2014	920.0		
ESTAT:LFST_R_LFSD2POP(1.0)	17/04/26 11:00:00	A	ED3_4	T	Y20-64	THS_PER	FRI1	2014	921.2		
ESTAT:LFST_R_LFSD2POP(1.0)	17/04/26 11:00:00	A	ED3_4	T	Y20-64	THS_PER	FRI2	2014	204.5		
ESTAT:LFST_R_LFSD2POP(1.0)	17/04/26 11:00:00	A	ED3_4	T	Y20-64	THS_PER	FRI3	2014	501.5		
ESTAT:LFST_R_LFSD2POP(1.0)	17/04/26 11:00:00	A	ED3_4	T	Y20-64	THS_PER	FRJ1	2014	657.1		
ESTAT:LFST_R_LFSD2POP(1.0)	17/04/26 11:00:00	A	ED3_4	T	Y20-64	THS_PER	FRJ2	2014	719.3		
ESTAT:LFST_R_LFSD2POP(1.0)	17/04/26 11:00:00	A	ED3_4	T	Y20-64	THS_PER	FRK1	2014	375.3		
ESTAT:LFST_R_LFSD2POP(1.0)	17/04/26 11:00:00	A	ED3_4	T	Y20-64	THS_PER	FRK2	2014	1620.0		
ESTAT:LFST_R_LFSD2POP(1.0)	17/04/26 11:00:00	A	ED3_4	T	Y20-64	THS_PER	FRL0	2014	1201.7		
ESTAT:LFST_R_LFSD2POP(1.0)	17/04/26 11:00:00	A	ED3_4	T	Y20-64	THS_PER	FRM0	2014	45.1	u	
ESTAT:LFST_R_LFSD2POP(1.0)	17/04/26 11:00:00	A	ED3_4	T	Y25-34	THS_PER	FR10	2014	570.1		
ESTAT:LFST_R_LFSD2POP(1.0)	17/04/26 11:00:00	A	ED3_4	T	Y25-34	THS_PER	FRB0	2014	119.5		
ESTAT:LFST_R_LFSD2POP(1.0)	17/04/26 11:00:00	A	ED3_4	T	Y25-34	THS_PER	FRC1	2014	90.1		
ESTAT:LFST_R_LFSD2POP(1.0)	17/04/26 11:00:00	A	ED3_4	T	Y25-34	THS_PER	FRC2	2014	64.9		
ESTAT:LFST_R_LFSD2POP(1.0)	17/04/26 11:00:00	A	ED3_4	T	Y25-34	THS_PER	FRD1	2014	88.6		
ESTAT:LFST_R_LFSD2POP(1.0)	17/04/26 11:00:00	A	ED3_4	T	Y25-34	THS_PER	FRD2	2014	106.8		
ESTAT:LFST_R_LFSD2POP(1.0)	17/04/26 11:00:00	A	ED3_4	T	Y25-34	THS_PER	FRE1	2014	253.1		
ESTAT:LFST_R_LFSD2POP(1.0)	17/04/26 11:00:00	A	ED3_4	T	Y25-34	THS_PER	FRE2	2014	108.0		
ESTAT:LFST_R_LFSD2POP(1.0)	17/04/26 11:00:00	A	ED3_4	T	Y25-34	THS_PER	FRF1	2014	96.5		
ESTAT:LFST_R_LFSD2POP(1.0)	17/04/26 11:00:00	A	ED3_4	T	Y25-34	THS_PER	FRF2	2014	70.8		
ESTAT:LFST_R_LFSD2POP(1.0)	17/04/26 11:00:00	A	ED3_4	T	Y25-34	THS_PER	FRF3	2014	142.9		
ESTAT:LFST_R_LFSD2POP(1.0)	17/04/26 11:00:00	A	ED3_4	T	Y25-34	THS_PER	FRG0	2014	198.2		
ESTAT:LFST_R_LFSD2POP(1.0)	17/04/26 11:00:00	A	ED3_4	T	Y25-34	THS_PER	FRH0	2014	167.2		
ESTAT:LFST_R_LFSD2POP(1.0)	17/04/26 11:00:00	A	ED3_4	T	Y25-34	THS_PER	FRI1	2014	162.9		
ESTAT:LFST_R_LFSD2POP(1.0)	17/04/26 11:00:00	A	ED3_4	T	Y25-34	THS_PER	FRI2	2014	29.7		
ESTAT:LFST_R_LFSD2POP(1.0)	17/04/26 11:00:00	A	ED3_4	T	Y25-34	THS_PER	FRI3	2014	89.7		
ESTAT:LFST_R_LFSD2POP(1.0)	17/04/26 11:00:00	A	ED3_4	T	Y25-34	THS_PER	FRJ1	2014	124.6		
ESTAT:LFST_R_LFSD2POP(1.0)	17/04/26 11:00:00	A	ED3_4	T	Y25-34	THS_PER	FRJ2	2014	111.6		
ESTAT:LFST_R_LFSD2POP(1.0)	17/04/26 11:00:00	A	ED3_4	T	Y25-34	THS_PER	FRK1	2014	51.3		
ESTAT:LFST_R_LFSD2POP(1.0)	17/04/26 11:00:00	A	ED3_4	T	Y25-34	THS_PER	FRK2	2014	322.4		
ESTAT:LFST_R_LFSD2POP(1.0)	17/04/26 11:00:00	A	ED3_4	T	Y25-34	THS_PER	FRL0	2014	253.1		
ESTAT:LFST_R_LFSD2POP(1.0)	17/04/26 11:00:00	A	ED3_4	T	Y25-34	THS_PER	FRM0	2014	7.9	u	
ESTAT:LFST_R_LFSD2POP(1.0)	17/04/26 11:00:00	A	ED3_4	T	Y25-64	THS_PER	FR10	2014	2168.5		
ESTAT:LFST_R_LFSD2POP(1.0)	17/04/26 11:00:00	A	ED3_4	T	Y25-64	THS_PER	FRB0	2014	578.2		
ESTAT:LFST_R_LFSD2POP(1.0)	17/04/26 11:00:00	A	ED3_4	T	Y25-64	THS_PER	FRC1	2014	387.2		
ESTAT:LFST_R_LFSD2POP(1.0)	17/04/26 11:00:00	A	ED3_4	T	Y25-64	THS_PER	FRC2	2014	296.5		
ESTAT:LFST_R_LFSD2POP(1.0)	17/04/26 11:00:00	A	ED3_4	T	Y25-64	THS_PER	FRD1	2014	368.1		
ESTAT:LFST_R_LFSD2POP(1.0)	17/04/26 11:00:00	A	ED3_4	T	Y25-64	THS_PER	FRD2	2014	444.7		
ESTAT:LFST_R_LFSD2POP(1.0)	17/04/26 11:00:00	A	ED3_4	T	Y25-64	THS_PER	FRE1	2014	937.4		
ESTAT:LFST_R_LFSD2POP(1.0)	17/04/26 11:00:00	A	ED3_4	T	Y25-64	THS_PER	FRE2	2014	441.0		
ESTAT:LFST_R_LFSD2POP(1.0)	17/04/26 11:00:00	A	ED3_4	T	Y25-64	THS_PER	FRF1	2014	468.1		
ESTAT:LFST_R_LFSD2POP(1.0)	17/04/26 11:00:00	A	ED3_4	T	Y25-64	THS_PER	FRF2	2014	305.4		
ESTAT:LFST_R_LFSD2POP(1.0)	17/04/26 11:00:00	A	ED3_4	T	Y25-64	THS_PER	FRF3	2014	600.2		
ESTAT:LFST_R_LFSD2POP(1.0)	17/04/26 11:00:00	A	ED3_4	T	Y25-64	THS_PER	FRG0	2014	905.0		
ESTAT:LFST_R_LFSD2POP(1.0)	17/04/26 11:00:00	A	ED3_4	T	Y25-64	THS_PER	FRH0	2014	821.8		
ESTAT:LFST_R_LFSD2POP(1.0)	17/04/26 11:00:00	A	ED3_4	T	Y25-64	THS_PER	FRI1	2014	823.6		
ESTAT:LFST_R_LFSD2POP(1.0)	17/04/26 11:00:00	A	ED3_4	T	Y25-64	THS_PER	FRI2	2014	178.2		
ESTAT:LFST_R_LFSD2POP(1.0)	17/04/26 11:00:00	A	ED3_4	T	Y25-64	THS_PER	FRI3	2014	448.2		
ESTAT:LFST_R_LFSD2POP(1.0)	17/04/26 11:00:00	A	ED3_4	T	Y25-64	THS_PER	FRJ1	2014	571.5		
ESTAT:LFST_R_LFSD2POP(1.0)	17/04/26 11:00:00	A	ED3_4	T	Y25-64	THS_PER	FRJ2	2014	620.2		
ESTAT:LFST_R_LFSD2POP(1.0)	17/04/26 11:00:00	A	ED3_4	T	Y25-64	THS_PER	FRK1	2014	346.3		
ESTAT:LFST_R_LFSD2POP(1.0)	17/04/26 11:00:00	A	ED3_4	T	Y25-64	THS_PER	FRK2	2014	1408.0		
ESTAT:LFST_R_LFSD2POP(1.0)	17/04/26 11:00:00	A	ED3_4	T	Y25-64	THS_PER	FRL0	2014	1053.5		
ESTAT:LFST_R_LFSD2POP(1.0)	17/04/26 11:00:00	A	ED3_4	T	Y25-64	THS_PER	FRM0	2014	39.8	u	
ESTAT:LFST_R_LFSD2POP(1.0)	17/04/26 11:00:00	A	ED3_4	T	Y35-44	THS_PER	FR10	2014	535.7		
ESTAT:LFST_R_LFSD2POP(1.0)	17/04/26 11:00:00	A	ED3_4	T	Y35-44	THS_PER	FRB0	2014	149.7		
ESTAT:LFST_R_LFSD2POP(1.0)	17/04/26 11:00:00	A	ED3_4	T	Y35-44	THS_PER	FRC1	2014	90.9		
ESTAT:LFST_R_LFSD2POP(1.0)	17/04/26 11:00:00	A	ED3_4	T	Y35-44	THS_PER	FRC2	2014	75.3		
ESTAT:LFST_R_LFSD2POP(1.0)	17/04/26 11:00:00	A	ED3_4	T	Y35-44	THS_PER	FRD1	2014	74.2		
ESTAT:LFST_R_LFSD2POP(1.0)	17/04/26 11:00:00	A	ED3_4	T	Y35-44	THS_PER	FRD2	2014	107.0		
ESTAT:LFST_R_LFSD2POP(1.0)	17/04/26 11:00:00	A	ED3_4	T	Y35-44	THS_PER	FRE1	2014	240.8		
ESTAT:LFST_R_LFSD2POP(1.0)	17/04/26 11:00:00	A	ED3_4	T	Y35-44	THS_PER	FRE2	2014	114.2		
ESTAT:LFST_R_LFSD2POP(1.0)	17/04/26 11:00:00	A	ED3_4	T	Y35-44	THS_PER	FRF1	2014	106.2		
ESTAT:LFST_R_LFSD2POP(1.0)	17/04/26 11:00:00	A	ED3_4	T	Y35-44	THS_PER	FRF2	2014	71.0		
ESTAT:LFST_R_LFSD2POP(1.0)	17/04/26 11:00:00	A	ED3_4	T	Y35-44	THS_PER	FRF3	2014	137.2		
ESTAT:LFST_R_LFSD2POP(1.0)	17/04/26 11:00:00	A	ED3_4	T	Y35-44	THS_PER	FRG0	2014	223.6		
ESTAT:LFST_R_LFSD2POP(1.0)	17/04/26 11:00:00	A	ED3_4	T	Y35-44	THS_PER	FRH0	2014	195.7		
ESTAT:LFST_R_LFSD2POP(1.0)	17/04/26 11:00:00	A	ED3_4	T	Y35-44	THS_PER	FRI1	2014	197.4		
ESTAT:LFST_R_LFSD2POP(1.0)	17/04/26 11:00:00	A	ED3_4	T	Y35-44	THS_PER	FRI2	2014	37.0		
ESTAT:LFST_R_LFSD2POP(1.0)	17/04/26 11:00:00	A	ED3_4	T	Y35-44	THS_PER	FRI3	2014	119.9		
ESTAT:LFST_R_LFSD2POP(1.0)	17/04/26 11:00:00	A	ED3_4	T	Y35-44	THS_PER	FRJ1	2014	133.6		
ESTAT:LFST_R_LFSD2POP(1.0)	17/04/26 11:00:00	A	ED3_4	T	Y35-44	THS_PER	FRJ2	2014	171.5		
ESTAT:LFST_R_LFSD2POP(1.0)	17/04/26 11:00:00	A	ED3_4	T	Y35-44	THS_PER	FRK1	2014	90.0		
ESTAT:LFST_R_LFSD2POP(1.0)	17/04/26 11:00:00	A	ED3_4	T	Y35-44	THS_PER	FRK2	2014	331.1		
ESTAT:LFST_R_LFSD2POP(1.0)	17/04/26 11:00:00	A	ED3_4	T	Y35-44	THS_PER	FRL0	2014	240.8		
ESTAT:LFST_R_LFSD2POP(1.0)	17/04/26 11:00:00	A	ED3_4	T	Y35-44	THS_PER	FRM0	2014	8.2	u	
ESTAT:LFST_R_LFSD2POP(1.0)	17/04/26 11:00:00	A	ED3_4	T	Y45-54	THS_PER	FR10	2014	616.1		
ESTAT:LFST_R_LFSD2POP(1.0)	17/04/26 11:00:00	A	ED3_4	T	Y45-54	THS_PER	FRB0	2014	162.5		
ESTAT:LFST_R_LFSD2POP(1.0)	17/04/26 11:00:00	A	ED3_4	T	Y45-54	THS_PER	FRC1	2014	112.7		
ESTAT:LFST_R_LFSD2POP(1.0)	17/04/26 11:00:00	A	ED3_4	T	Y45-54	THS_PER	FRC2	2014	70.7		
ESTAT:LFST_R_LFSD2POP(1.0)	17/04/26 11:00:00	A	ED3_4	T	Y45-54	THS_PER	FRD1	2014	117.5		
ESTAT:LFST_R_LFSD2POP(1.0)	17/04/26 11:00:00	A	ED3_4	T	Y45-54	THS_PER	FRD2	2014	133.1		
ESTAT:LFST_R_LFSD2POP(1.0)	17/04/26 11:00:00	A	ED3_4	T	Y45-54	THS_PER	FRE1	2014	243.4		
ESTAT:LFST_R_LFSD2POP(1.0)	17/04/26 11:00:00	A	ED3_4	T	Y45-54	THS_PER	FRE2	2014	132.4		
ESTAT:LFST_R_LFSD2POP(1.0)	17/04/26 11:00:00	A	ED3_4	T	Y45-54	THS_PER	FRF1	2014	142.7		
ESTAT:LFST_R_LFSD2POP(1.0)	17/04/26 11:00:00	A	ED3_4	T	Y45-54	THS_PER	FRF2	2014	95.2		
ESTAT:LFST_R_LFSD2POP(1.0)	17/04/26 11:00:00	A	ED3_4	T	Y45-54	THS_PER	FRF3	2014	164.6		
ESTAT:LFST_R_LFSD2POP(1.0)	17/04/26 11:00:00	A	ED3_4	T	Y45-54	THS_PER	FRG0	2014	244.1		
ESTAT:LFST_R_LFSD2POP(1.0)	17/04/26 11:00:00	A	ED3_4	T	Y45-54	THS_PER	FRH0	2014	257.6		
ESTAT:LFST_R_LFSD2POP(1.0)	17/04/26 11:00:00	A	ED3_4	T	Y45-54	THS_PER	FRI1	2014	240.7		
ESTAT:LFST_R_LFSD2POP(1.0)	17/04/26 11:00:00	A	ED3_4	T	Y45-54	THS_PER	FRI2	2014	56.5		
ESTAT:LFST_R_LFSD2POP(1.0)	17/04/26 11:00:00	A	ED3_4	T	Y45-54	THS_PER	FRI3	2014	131.5		
ESTAT:LFST_R_LFSD2POP(1.0)	17/04/26 11:00:00	A	ED3_4	T	Y45-54	THS_PER	FRJ1	2014	165.6		
ESTAT:LFST_R_LFSD2POP(1.0)	17/04/26 11:00:00	A	ED3_4	T	Y45-54	THS_PER	FRJ2	2014	188.4		
ESTAT:LFST_R_LFSD2POP(1.0)	17/04/26 11:00:00	A	ED3_4	T	Y45-54	THS_PER	FRK1	2014	113.4		
ESTAT:LFST_R_LFSD2POP(1.0)	17/04/26 11:00:00	A	ED3_4	T	Y45-54	THS_PER	FRK2	2014	424.3		
ESTAT:LFST_R_LFSD2POP(1.0)	17/04/26 11:00:00	A	ED3_4	T	Y45-54	THS_PER	FRL0	2014	309.7		
ESTAT:LFST_R_LFSD2POP(1.0)	17/04/26 11:00:00	A	ED3_4	T	Y45-54	THS_PER	FRM0	2014	11.2	u	
ESTAT:LFST_R_LFSD2POP(1.0)	17/04/26 11:00:00	A	ED3_4	T	Y55-64	THS_PER	FR10	2014	446.6		
ESTAT:LFST_R_LFSD2POP(1.0)	17/04/26 11:00:00	A	ED3_4	T	Y55-64	THS_PER	FRB0	2014	146.5		
ESTAT:LFST_R_LFSD2POP(1.0)	17/04/26 11:00:00	A	ED3_4	T	Y55-64	THS_PER	FRC1	2014	93.5		
ESTAT:LFST_R_LFSD2POP(1.0)	17/04/26 11:00:00	A	ED3_4	T	Y55-64	THS_PER	FRC2	2014	85.6		
ESTAT:LFST_R_LFSD2POP(1.0)	17/04/26 11:00:00	A	ED3_4	T	Y55-64	THS_PER	FRD1	2014	87.8		
ESTAT:LFST_R_LFSD2POP(1.0)	17/04/26 11:00:00	A	ED3_4	T	Y55-64	THS_PER	FRD2	2014	97.8		
ESTAT:LFST_R_LFSD2POP(1.0)	17/04/26 11:00:00	A	ED3_4	T	Y55-64	THS_PER	FRE1	2014	200.0		
ESTAT:LFST_R_LFSD2POP(1.0)	17/04/26 11:00:00	A	ED3_4	T	Y55-64	THS_PER	FRE2	2014	86.5		
ESTAT:LFST_R_LFSD2POP(1.0)	17/04/26 11:00:00	A	ED3_4	T	Y55-64	THS_PER	FRF1	2014	122.7		
ESTAT:LFST_R_LFSD2POP(1.0)	17/04/26 11:00:00	A	ED3_4	T	Y55-64	THS_PER	FRF2	2014	68.3		
ESTAT:LFST_R_LFSD2POP(1.0)	17/04/26 11:00:00	A	ED3_4	T	Y55-64	THS_PER	FRF3	2014	155.6		
ESTAT:LFST_R_LFSD2POP(1.0)	17/04/26 11:00:00	A	ED3_4	T	Y55-64	THS_PER	FRG0	2014	239.0		
ESTAT:LFST_R_LFSD2POP(1.0)	17/04/26 11:00:00	A	ED3_4	T	Y55-64	THS_PER	FRH0	2014	201.3		
ESTAT:LFST_R_LFSD2POP(1.0)	17/04/26 11:00:00	A	ED3_4	T	Y55-64	THS_PER	FRI1	2014	222.6		
ESTAT:LFST_R_LFSD2POP(1.0)	17/04/26 11:00:00	A	ED3_4	T	Y55-64	THS_PER	FRI2	2014	55.0		
ESTAT:LFST_R_LFSD2POP(1.0)	17/04/26 11:00:00	A	ED3_4	T	Y55-64	THS_PER	FRI3	2014	107.0		
ESTAT:LFST_R_LFSD2POP(1.0)	17/04/26 11:00:00	A	ED3_4	T	Y55-64	THS_PER	FRJ1	2014	147.7		
ESTAT:LFST_R_LFSD2POP(1.0)	17/04/26 11:00:00	A	ED3_4	T	Y55-64	THS_PER	FRJ2	2014	148.6		
ESTAT:LFST_R_LFSD2POP(1.0)	17/04/26 11:00:00	A	ED3_4	T	Y55-64	THS_PER	FRK1	2014	91.5		
ESTAT:LFST_R_LFSD2POP(1.0)	17/04/26 11:00:00	A	ED3_4	T	Y55-64	THS_PER	FRK2	2014	330.2		
ESTAT:LFST_R_LFSD2POP(1.0)	17/04/26 11:00:00	A	ED3_4	T	Y55-64	THS_PER	FRL0	2014	249.8		
ESTAT:LFST_R_LFSD2POP(1.0)	17/04/26 11:00:00	A	ED3_4	T	Y55-64	THS_PER	FRM0	2014	12.5	u	
ESTAT:LFST_R_LFSD2POP(1.0)	17/04/26 11:00:00	A	ED3_4	T	Y_GE15	THS_PER	FR10	2014	3243.1		
ESTAT:LFST_R_LFSD2POP(1.0)	17/04/26 11:00:00	A	ED3_4	T	Y_GE15	THS_PER	FRB0	2014	847.0		
ESTAT:LFST_R_LFSD2POP(1.0)	17/04/26 11:00:00	A	ED3_4	T	Y_GE15	THS_PER	FRC1	2014	574.0		
ESTAT:LFST_R_LFSD2POP(1.0)	17/04/26 11:00:00	A	ED3_4	T	Y_GE15	THS_PER	FRC2	2014	425.7		
ESTAT:LFST_R_LFSD2POP(1.0)	17/04/26 11:00:00	A	ED3_4	T	Y_GE15	THS_PER	FRD1	2014	507.3		
ESTAT:LFST_R_LFSD2POP(1.0)	17/04/26 11:00:00	A	ED3_4	T	Y_GE15	THS_PER	FRD2	2014	627.4		
ESTAT:LFST_R_LFSD2POP(1.0)	17/04/26 11:00:00	A	ED3_4	T	Y_GE15	THS_PER	FRE1	2014	1311.3		
ESTAT:LFST_R_LFSD2POP(1.0)	17/04/26 11:00:00	A	ED3_4	T	Y_GE15	THS_PER	FRE2	2014	615.4		
ESTAT:LFST_R_LFSD2POP(1.0)	17/04/26 11:00:00	A	ED3_4	T	Y_GE15	THS_PER	FRF1	2014	702.4		
ESTAT:LFST_R_LFSD2POP(1.0)	17/04/26 11:00:00	A	ED3_4	T	Y_GE15	THS_PER	FRF2	2014	447.4		
ESTAT:LFST_R_LFSD2POP(1.0)	17/04/26 11:00:00	A	ED3_4	T	Y_GE15	THS_PER	FRF3	2014	838.6		
ESTAT:LFST_R_LFSD2POP(1.0)	17/04/26 11:00:00	A	ED3_4	T	Y_GE15	THS_PER	FRG0	2014	1251.4		
ESTAT:LFST_R_LFSD2POP(1.0)	17/04/26 11:00:00	A	ED3_4	T	Y_GE15	THS_PER	FRH0	2014	1171.9		
ESTAT:LFST_R_LFSD2POP(1.0)	17/04/26 11:00:00	A	ED3_4	T	Y_GE15	THS_PER	FRI1	2014	1168.2		
ESTAT:LFST_R_LFSD2POP(1.0)	17/04/26 11:00:00	A	ED3_4	T	Y_GE15	THS_PER	FRI2	2014	269.8		
ESTAT:LFST_R_LFSD2POP(1.0)	17/04/26 11:00:00	A	ED3_4	T	Y_GE15	THS_PER	FRI3	2014	631.2		
ESTAT:LFST_R_LFSD2POP(1.0)	17/04/26 11:00:00	A	ED3_4	T	Y_GE15	THS_PER	FRJ1	2014	849.9		
ESTAT:LFST_R_LFSD2POP(1.0)	17/04/26 11:00:00	A	ED3_4	T	Y_GE15	THS_PER	FRJ2	2014	920.4		
ESTAT:LFST_R_LFSD2POP(1.0)	17/04/26 11:00:00	A	ED3_4	T	Y_GE15	THS_PER	FRK1	2014	475.4		
ESTAT:LFST_R_LFSD2POP(1.0)	17/04/26 11:00:00	A	ED3_4	T	Y_GE15	THS_PER	FRK2	2014	2083.3		
ESTAT:LFST_R_LFSD2POP(1.0)	17/04/26 11:00:00	A	ED3_4	T	Y_GE15	THS_PER	FRL0	2014	1587.2		
ESTAT:LFST_R_LFSD2POP(1.0)	17/04/26 11:00:00	A	ED3_4	T	Y_GE15	THS_PER	FRM0	2014	65.8	u	
ESTAT:LFST_R_LFSD2POP(1.0)	17/04/26 11:00:00	A	ED3_4	T	Y_GE25	THS_PER	FR10	2014	2583.9		
ESTAT:LFST_R_LFSD2POP(1.0)	17/04/26 11:00:00	A	ED3_4	T	Y_GE25	THS_PER	FRB0	2014	713.8		
ESTAT:LFST_R_LFSD2POP(1.0)	17/04/26 11:00:00	A	ED3_4	T	Y_GE25	THS_PER	FRC1	2014	497.3		
ESTAT:LFST_R_LFSD2POP(1.0)	17/04/26 11:00:00	A	ED3_4	T	Y_GE25	THS_PER	FRC2	2014	369.7		
ESTAT:LFST_R_LFSD2POP(1.0)	17/04/26 11:00:00	A	ED3_4	T	Y_GE25	THS_PER	FRD1	2014	438.6		
ESTAT:LFST_R_LFSD2POP(1.0)	17/04/26 11:00:00	A	ED3_4	T	Y_GE25	THS_PER	FRD2	2014	527.9		
ESTAT:LFST_R_LFSD2POP(1.0)	17/04/26 11:00:00	A	ED3_4	T	Y_GE25	THS_PER	FRE1	2014	1093.6		
ESTAT:LFST_R_LFSD2POP(1.0)	17/04/26 11:00:00	A	ED3_4	T	Y_GE25	THS_PER	FRE2	2014	511.3		
ESTAT:LFST_R_LFSD2POP(1.0)	17/04/26 11:00:00	A	ED3_4	T	Y_GE25	THS_PER	FRF1	2014	586.2		
ESTAT:LFST_R_LFSD2POP(1.0)	17/04/26 11:00:00	A	ED3_4	T	Y_GE25	THS_PER	FRF2	2014	371.0		
ESTAT:LFST_R_LFSD2POP(1.0)	17/04/26 11:00:00	A	ED3_4	T	Y_GE25	THS_PER	FRF3	2014	727.4		
ESTAT:LFST_R_LFSD2POP(1.0)	17/04/26 11:00:00	A	ED3_4	T	Y_GE25	THS_PER	FRG0	2014	1080.6		
ESTAT:LFST_R_LFSD2POP(1.0)	17/04/26 11:00:00	A	ED3_4	T	Y_GE25	THS_PER	FRH0	2014	1011.2		
ESTAT:LFST_R_LFSD2POP(1.0)	17/04/26 11:00:00	A	ED3_4	T	Y_GE25	THS_PER	FRI1	2014	1020.3		
ESTAT:LFST_R_LFSD2POP(1.0)	17/04/26 11:00:00	A	ED3_4	T	Y_GE25	THS_PER	FRI2	2014	230.8		
ESTAT:LFST_R_LFSD2POP(1.0)	17/04/26 11:00:00	A	ED3_4	T	Y_GE25	THS_PER	FRI3	2014	546.4		
ESTAT:LFST_R_LFSD2POP(1.0)	17/04/26 11:00:00	A	ED3_4	T	Y_GE25	THS_PER	FRJ1	2014	713.5		
ESTAT:LFST_R_LFSD2POP(1.0)	17/04/26 11:00:00	A	ED3_4	T	Y_GE25	THS_PER	FRJ2	2014	764.1		
ESTAT:LFST_R_LFSD2POP(1.0)	17/04/26 11:00:00	A	ED3_4	T	Y_GE25	THS_PER	FRK1	2014	423.0		
ESTAT:LFST_R_LFSD2POP(1.0)	17/04/26 11:00:00	A	ED3_4	T	Y_GE25	THS_PER	FRK2	2014	1745.5		
ESTAT:LFST_R_LFSD2POP(1.0)	17/04/26 11:00:00	A	ED3_4	T	Y_GE25	THS_PER	FRL0	2014	1357.0		
ESTAT:LFST_R_LFSD2POP(1.0)	17/04/26 11:00:00	A	ED3_4	T	Y_GE25	THS_PER	FRM0	2014	57.7	u	
ESTAT:LFST_R_LFSD2POP(1.0)	17/04/26 11:00:00	A	ED3_4	T	Y_GE65	THS_PER	FR10	2014	415.4		
ESTAT:LFST_R_LFSD2POP(1.0)	17/04/26 11:00:00	A	ED3_4	T	Y_GE65	THS_PER	FRB0	2014	135.6		
ESTAT:LFST_R_LFSD2POP(1.0)	17/04/26 11:00:00	A	ED3_4	T	Y_GE65	THS_PER	FRC1	2014	110.0		
ESTAT:LFST_R_LFSD2POP(1.0)	17/04/26 11:00:00	A	ED3_4	T	Y_GE65	THS_PER	FRC2	2014	73.2		
ESTAT:LFST_R_LFSD2POP(1.0)	17/04/26 11:00:00	A	ED3_4	T	Y_GE65	THS_PER	FRD1	2014	70.4		
ESTAT:LFST_R_LFSD2POP(1.0)	17/04/26 11:00:00	A	ED3_4	T	Y_GE65	THS_PER	FRD2	2014	83.3		
ESTAT:LFST_R_LFSD2POP(1.0)	17/04/26 11:00:00	A	ED3_4	T	Y_GE65	THS_PER	FRE1	2014	156.2		
ESTAT:LFST_R_LFSD2POP(1.0)	17/04/26 11:00:00	A	ED3_4	T	Y_GE65	THS_PER	FRE2	2014	70.3		
ESTAT:LFST_R_LFSD2POP(1.0)	17/04/26 11:00:00	A	ED3_4	T	Y_GE65	THS_PER	FRF1	2014	118.1		
ESTAT:LFST_R_LFSD2POP(1.0)	17/04/26 11:00:00	A	ED3_4	T	Y_GE65	THS_PER	FRF2	2014	65.6		
ESTAT:LFST_R_LFSD2POP(1.0)	17/04/26 11:00:00	A	ED3_4	T	Y_GE65	THS_PER	FRF3	2014	127.1		
ESTAT:LFST_R_LFSD2POP(1.0)	17/04/26 11:00:00	A	ED3_4	T	Y_GE65	THS_PER	FRG0	2014	175.6		
ESTAT:LFST_R_LFSD2POP(1.0)	17/04/26 11:00:00	A	ED3_4	T	Y_GE65	THS_PER	FRH0	2014	189.4		
ESTAT:LFST_R_LFSD2POP(1.0)	17/04/26 11:00:00	A	ED3_4	T	Y_GE65	THS_PER	FRI1	2014	196.6		
ESTAT:LFST_R_LFSD2POP(1.0)	17/04/26 11:00:00	A	ED3_4	T	Y_GE65	THS_PER	FRI2	2014	52.6		
ESTAT:LFST_R_LFSD2POP(1.0)	17/04/26 11:00:00	A	ED3_4	T	Y_GE65	THS_PER	FRI3	2014	98.2		
ESTAT:LFST_R_LFSD2POP(1.0)	17/04/26 11:00:00	A	ED3_4	T	Y_GE65	THS_PER	FRJ1	2014	142.0		
ESTAT:LFST_R_LFSD2POP(1.0)	17/04/26 11:00:00	A	ED3_4	T	Y_GE65	THS_PER	FRJ2	2014	143.9		
ESTAT:LFST_R_LFSD2POP(1.0)	17/04/26 11:00:00	A	ED3_4	T	Y_GE65	THS_PER	FRK1	2014	76.8		
ESTAT:LFST_R_LFSD2POP(1.0)	17/04/26 11:00:00	A	ED3_4	T	Y_GE65	THS_PER	FRK2	2014	337.5		
ESTAT:LFST_R_LFSD2POP(1.0)	17/04/26 11:00:00	A	ED3_4	T	Y_GE65	THS_PER	FRL0	2014	303.6		
ESTAT:LFST_R_LFSD2POP(1.0)	17/04/26 11:00:00	A	ED3_4	T	Y_GE65	THS_PER	FRM0	2014	17.9	u	
ESTAT:LFST_R_LFSD2POP(1.0)	17/04/26 11:00:00	A	ED5-8	F	Y15-24	THS_PER	FR10	2014	148.7		
ESTAT:LFST_R_LFSD2POP(1.0)	17/04/26 11:00:00	A	ED5-8	F	Y15-24	THS_PER	FRB0	2014	18.6		
ESTAT:LFST_R_LFSD2POP(1.0)	17/04/26 11:00:00	A	ED5-8	F	Y15-24	THS_PER	FRC1	2014	16.7		
ESTAT:LFST_R_LFSD2POP(1.0)	17/04/26 11:00:00	A	ED5-8	F	Y15-24	THS_PER	FRC2	2014	8.9	u	
ESTAT:LFST_R_LFSD2POP(1.0)	17/04/26 11:00:00	A	ED5-8	F	Y15-24	THS_PER	FRD1	2014	11.7		
ESTAT:LFST_R_LFSD2POP(1.0)	17/04/26 11:00:00	A	ED5-8	F	Y15-24	THS_PER	FRD2	2014	17.9		
ESTAT:LFST_R_LFSD2POP(1.0)	17/04/26 11:00:00	A	ED5-8	F	Y15-24	THS_PER	FRE1	2014	43.2		
ESTAT:LFST_R_LFSD2POP(1.0)	17/04/26 11:00:00	A	ED5-8	F	Y15-24	THS_PER	FRE2	2014	11.5		
ESTAT:LFST_R_LFSD2POP(1.0)	17/04/26 11:00:00	A	ED5-8	F	Y15-24	THS_PER	FRF1	2014	16.4		
ESTAT:LFST_R_LFSD2POP(1.0)	17/04/26 11:00:00	A	ED5-8	F	Y15-24	THS_PER	FRF2	2014	8.6	u	
ESTAT:LFST_R_LFSD2POP(1.0)	17/04/26 11:00:00	A	ED5-8	F	Y15-24	THS_PER	FRF3	2014	25.0		
ESTAT:LFST_R_LFSD2POP(1.0)	17/04/26 11:00:00	A	ED5-8	F	Y15-24	THS_PER	FRG0	2014	23.0		
ESTAT:LFST_R_LFSD2POP(1.0)	17/04/26 11:00:00	A	ED5-8	F	Y15-24	THS_PER	FRH0	2014	30.3		
ESTAT:LFST_R_LFSD2POP(1.0)	17/04/26 11:00:00	A	ED5-8	F	Y15-24	THS_PER	FRI1	2014	22.9		
ESTAT:LFST_R_LFSD2POP(1.0)	17/04/26 11:00:00	A	ED5-8	F	Y15-24	THS_PER	FRI2	2014	3.4	u	
ESTAT:LFST_R_LFSD2POP(1.0)	17/04/26 11:00:00	A	ED5-8	F	Y15-24	THS_PER	FRI3	2014	18.6		
ESTAT:LFST_R_LFSD2POP(1.0)	17/04/26 11:00:00	A	ED5-8	F	Y15-24	THS_PER	FRJ1	2014	23.4		
ESTAT:LFST_R_LFSD2POP(1.0)	17/04/26 11:00:00	A	ED5-8	F	Y15-24	THS_PER	FRJ2	2014	25.4		
ESTAT:LFST_R_LFSD2POP(1.0)	17/04/26 11:00:00	A	ED5-8	F	Y15-24	THS_PER	FRK1	2014	8.2	u	
ESTAT:LFST_R_LFSD2POP(1.0)	17/04/26 11:00:00	A	ED5-8	F	Y15-24	THS_PER	FRK2	2014	61.0		
ESTAT:LFST_R_LFSD2POP(1.0)	17/04/26 11:00:00	A	ED5-8	F	Y15-24	THS_PER	FRL0	2014	47.5		
ESTAT:LFST_R_LFSD2POP(1.0)	17/04/26 11:00:00	A	ED5-8	F	Y15-24	THS_PER	FRM0	2014	0.6	u	
ESTAT:LFST_R_LFSD2POP(1.0)	17/04/26 11:00:00	A	ED5-8	F	Y15-64	THS_PER	FR10	2014	1626.9		
ESTAT:LFST_R_LFSD2POP(1.0)	17/04/26 11:00:00	A	ED5-8	F	Y15-64	THS_PER	FRB0	2014	215.4		
ESTAT:LFST_R_LFSD2POP(1.0)	17/04/26 11:00:00	A	ED5-8	F	Y15-64	THS_PER	FRC1	2014	139.9		
ESTAT:LFST_R_LFSD2POP(1.0)	17/04/26 11:00:00	A	ED5-8	F	Y15-64	THS_PER	FRC2	2014	95.6		
ESTAT:LFST_R_LFSD2POP(1.0)	17/04/26 11:00:00	A	ED5-8	F	Y15-64	THS_PER	FRD1	2014	114.0		
ESTAT:LFST_R_LFSD2POP(1.0)	17/04/26 11:00:00	A	ED5-8	F	Y15-64	THS_PER	FRD2	2014	152.9		
ESTAT:LFST_R_LFSD2POP(1.0)	17/04/26 11:00:00	A	ED5-8	F	Y15-64	THS_PER	FRE1	2014	373.5		
ESTAT:LFST_R_LFSD2POP(1.0)	17/04/26 11:00:00	A	ED5-8	F	Y15-64	THS_PER	FRE2	2014	129.4		
ESTAT:LFST_R_LFSD2POP(1.0)	17/04/26 11:00:00	A	ED5-8	F	Y15-64	THS_PER	FRF1	2014	172.7		
ESTAT:LFST_R_LFSD2POP(1.0)	17/04/26 11:00:00	A	ED5-8	F	Y15-64	THS_PER	FRF2	2014	92.6		
ESTAT:LFST_R_LFSD2POP(1.0)	17/04/26 11:00:00	A	ED5-8	F	Y15-64	THS_PER	FRF3	2014	206.0		
ESTAT:LFST_R_LFSD2POP(1.0)	17/04/26 11:00:00	A	ED5-8	F	Y15-64	THS_PER	FRG0	2014	327.0		
ESTAT:LFST_R_LFSD2POP(1.0)	17/04/26 11:00:00	A	ED5-8	F	Y15-64	THS_PER	FRH0	2014	335.7		
ESTAT:LFST_R_LFSD2POP(1.0)	17/04/26 11:00:00	A	ED5-8	F	Y15-64	THS_PER	FRI1	2014	338.6		
ESTAT:LFST_R_LFSD2POP(1.0)	17/04/26 11:00:00	A	ED5-8	F	Y15-64	THS_PER	FRI2	2014	61.0		
ESTAT:LFST_R_LFSD2POP(1.0)	17/04/26 11:00:00	A	ED5-8	F	Y15-64	THS_PER	FRI3	2014	139.0		
ESTAT:LFST_R_LFSD2POP(1.0)	17/04/26 11:00:00	A	ED5-8	F	Y15-64	THS_PER	FRJ1	2014	265.8		
ESTAT:LFST_R_LFSD2POP(1.0)	17/04/26 11:00:00	A	ED5-8	F	Y15-64	THS_PER	FRJ2	2014	357.9		
ESTAT:LFST_R_LFSD2POP(1.0)	17/04/26 11:00:00	A	ED5-8	F	Y15-64	THS_PER	FRK1	2014	110.8		
ESTAT:LFST_R_LFSD2POP(1.0)	17/04/26 11:00:00	A	ED5-8	F	Y15-64	THS_PER	FRK2	2014	718.2		
ESTAT:LFST_R_LFSD2POP(1.0)	17/04/26 11:00:00	A	ED5-8	F	Y15-64	THS_PER	FRL0	2014	557.9		
ESTAT:LFST_R_LFSD2POP(1.0)	17/04/26 11:00:00	A	ED5-8	F	Y15-64	THS_PER	FRM0	2014	13.6	u	
ESTAT:LFST_R_LFSD2POP(1.0)	17/04/26 11:00:00	A	ED5-8	F	Y15-74	THS_PER	FR10	2014	1751.3		
ESTAT:LFST_R_LFSD2POP(1.0)	17/04/26 11:00:00	A	ED5-8	F	Y15-74	THS_PER	FRB0	2014	234.3		
ESTAT:LFST_R_LFSD2POP(1.0)	17/04/26 11:00:00	A	ED5-8	F	Y15-74	THS_PER	FRC1	2014	154.2		
ESTAT:LFST_R_LFSD2POP(1.0)	17/04/26 11:00:00	A	ED5-8	F	Y15-74	THS_PER	FRC2	2014	101.2		
ESTAT:LFST_R_LFSD2POP(1.0)	17/04/26 11:00:00	A	ED5-8	F	Y15-74	THS_PER	FRD1	2014	123.0		
ESTAT:LFST_R_LFSD2POP(1.0)	17/04/26 11:00:00	A	ED5-8	F	Y15-74	THS_PER	FRD2	2014	161.7		
ESTAT:LFST_R_LFSD2POP(1.0)	17/04/26 11:00:00	A	ED5-8	F	Y15-74	THS_PER	FRE1	2014	394.6		
ESTAT:LFST_R_LFSD2POP(1.0)	17/04/26 11:00:00	A	ED5-8	F	Y15-74	THS_PER	FRE2	2014	136.8		
ESTAT:LFST_R_LFSD2POP(1.0)	17/04/26 11:00:00	A	ED5-8	F	Y15-74	THS_PER	FRF1	2014	183.0		
ESTAT:LFST_R_LFSD2POP(1.0)	17/04/26 11:00:00	A	ED5-8	F	Y15-74	THS_PER	FRF2	2014	101.8		
ESTAT:LFST_R_LFSD2POP(1.0)	17/04/26 11:00:00	A	ED5-8	F	Y15-74	THS_PER	FRF3	2014	218.4		
ESTAT:LFST_R_LFSD2POP(1.0)	17/04/26 11:00:00	A	ED5-8	F	Y15-74	THS_PER	FRG0	2014	351.2		
ESTAT:LFST_R_LFSD2POP(1.0)	17/04/26 11:00:00	A	ED5-8	F	Y15-74	THS_PER	FRH0	2014	360.4		
ESTAT:LFST_R_LFSD2POP(1.0)	17/04/26 11:00:00	A	ED5-8	F	Y15-74	THS_PER	FRI1	2014	367.5		
ESTAT:LFST_R_LFSD2POP(1.0)	17/04/26 11:00:00	A	ED5-8	F	Y15-74	THS_PER	FRI2	2014	67.9		
ESTAT:LFST_R_LFSD2POP(1.0)	17/04/26 11:00:00	A	ED5-8	F	Y15-74	THS_PER	FRI3	2014	147.6		
ESTAT:LFST_R_LFSD2POP(1.0)	17/04/26 11:00:00	A	ED5-8	F	Y15-74	THS_PER	FRJ1	2014	290.9		
ESTAT:LFST_R_LFSD2POP(1.0)	17/04/26 11:00:00	A	ED5-8	F	Y15-74	THS_PER	FRJ2	2014	383.6		
ESTAT:LFST_R_LFSD2POP(1.0)	17/04/26 11:00:00	A	ED5-8	F	Y15-74	THS_PER	FRK1	2014	121.4		
ESTAT:LFST_R_LFSD2POP(1.0)	17/04/26 11:00:00	A	ED5-8	F	Y15-74	THS_PER	FRK2	2014	771.2		
ESTAT:LFST_R_LFSD2POP(1.0)	17/04/26 11:00:00	A	ED5-8	F	Y15-74	THS_PER	FRL0	2014	608.1		
ESTAT:LFST_R_LFSD2POP(1.0)	17/04/26 11:00:00	A	ED5-8	F	Y15-74	THS_PER	FRM0	2014	16.0	u	
ESTAT:LFST_R_LFSD2POP(1.0)	17/04/26 11:00:00	A	ED5-8	F	Y20-64	THS_PER	FR10	2014	1624.4		
ESTAT:LFST_R_LFSD2POP(1.0)	17/04/26 11:00:00	A	ED5-8	F	Y20-64	THS_PER	FRB0	2014	214.7		
ESTAT:LFST_R_LFSD2POP(1.0)	17/04/26 11:00:00	A	ED5-8	F	Y20-64	THS_PER	FRC1	2014	139.4		
ESTAT:LFST_R_LFSD2POP(1.0)	17/04/26 11:00:00	A	ED5-8	F	Y20-64	THS_PER	FRC2	2014	95.6		
ESTAT:LFST_R_LFSD2POP(1.0)	17/04/26 11:00:00	A	ED5-8	F	Y20-64	THS_PER	FRD1	2014	113.8		
ESTAT:LFST_R_LFSD2POP(1.0)	17/04/26 11:00:00	A	ED5-8	F	Y20-64	THS_PER	FRD2	2014	152.3		
ESTAT:LFST_R_LFSD2POP(1.0)	17/04/26 11:00:00	A	ED5-8	F	Y20-64	THS_PER	FRE1	2014	373.4		
ESTAT:LFST_R_LFSD2POP(1.0)	17/04/26 11:00:00	A	ED5-8	F	Y20-64	THS_PER	FRE2	2014	129.3		
ESTAT:LFST_R_LFSD2POP(1.0)	17/04/26 11:00:00	A	ED5-8	F	Y20-64	THS_PER	FRF1	2014	172.4		
ESTAT:LFST_R_LFSD2POP(1.0)	17/04/26 11:00:00	A	ED5-8	F	Y20-64	THS_PER	FRF2	2014	92.3		
ESTAT:LFST_R_LFSD2POP(1.0)	17/04/26 11:00:00	A	ED5-8	F	Y20-64	THS_PER	FRF3	2014	205.9		
ESTAT:LFST_R_LFSD2POP(1.0)	17/04/26 11:00:00	A	ED5-8	F	Y20-64	THS_PER	FRG0	2014	327.0		
ESTAT:LFST_R_LFSD2POP(1.0)	17/04/26 11:00:00	A	ED5-8	F	Y20-64	THS_PER	FRH0	2014	335.4		
ESTAT:LFST_R_LFSD2POP(1.0)	17/04/26 11:00:00	A	ED5-8	F	Y20-64	THS_PER	FRI1	2014	338.6		
ESTAT:LFST_R_LFSD2POP(1.0)	17/04/26 11:00:00	A	ED5-8	F	Y20-64	THS_PER	FRI2	2014	60.9		
ESTAT:LFST_R_LFSD2POP(1.0)	17/04/26 11:00:00	A	ED5-8	F	Y20-64	THS_PER	FRI3	2014	138.6		
ESTAT:LFST_R_LFSD2POP(1.0)	17/04/26 11:00:00	A	ED5-8	F	Y20-64	THS_PER	FRJ1	2014	264.5		
ESTAT:LFST_R_LFSD2POP(1.0)	17/04/26 11:00:00	A	ED5-8	F	Y20-64	THS_PER	FRJ2	2014	357.9		
ESTAT:LFST_R_LFSD2POP(1.0)	17/04/26 11:00:00	A	ED5-8	F	Y20-64	THS_PER	FRK1	2014	110.7		
ESTAT:LFST_R_LFSD2POP(1.0)	17/04/26 11:00:00	A	ED5-8	F	Y20-64	THS_PER	FRK2	2014	717.6		
ESTAT:LFST_R_LFSD2POP(1.0)	17/04/26 11:00:00	A	ED5-8	F	Y20-64	THS_PER	FRL0	2014	557.4		
ESTAT:LFST_R_LFSD2POP(1.0)	17/04/26 11:00:00	A	ED5-8	F	Y20-64	THS_PER	FRM0	2014	13.6	u	
ESTAT:LFST_R_LFSD2POP(1.0)	17/04/26 11:00:00	A	ED5-8	F	Y25-34	THS_PER	FR10	2014	518.3		
ESTAT:LFST_R_LFSD2POP(1.0)	17/04/26 11:00:00	A	ED5-8	F	Y25-34	THS_PER	FRB0	2014	55.5		
ESTAT:LFST_R_LFSD2POP(1.0)	17/04/26 11:00:00	A	ED5-8	F	Y25-34	THS_PER	FRC1	2014	36.6		
ESTAT:LFST_R_LFSD2POP(1.0)	17/04/26 11:00:00	A	ED5-8	F	Y25-34	THS_PER	FRC2	2014	27.9		
ESTAT:LFST_R_LFSD2POP(1.0)	17/04/26 11:00:00	A	ED5-8	F	Y25-34	THS_PER	FRD1	2014	30.9		
ESTAT:LFST_R_LFSD2POP(1.0)	17/04/26 11:00:00	A	ED5-8	F	Y25-34	THS_PER	FRD2	2014	42.9		
ESTAT:LFST_R_LFSD2POP(1.0)	17/04/26 11:00:00	A	ED5-8	F	Y25-34	THS_PER	FRE1	2014	126.8		
ESTAT:LFST_R_LFSD2POP(1.0)	17/04/26 11:00:00	A	ED5-8	F	Y25-34	THS_PER	FRE2	2014	37.5		
ESTAT:LFST_R_LFSD2POP(1.0)	17/04/26 11:00:00	A	ED5-8	F	Y25-34	THS_PER	FRF1	2014	53.6		
ESTAT:LFST_R_LFSD2POP(1.0)	17/04/26 11:00:00	A	ED5-8	F	Y25-34	THS_PER	FRF2	2014	25.8		
ESTAT:LFST_R_LFSD2POP(1.0)	17/04/26 11:00:00	A	ED5-8	F	Y25-34	THS_PER	FRF3	2014	66.0		
ESTAT:LFST_R_LFSD2POP(1.0)	17/04/26 11:00:00	A	ED5-8	F	Y25-34	THS_PER	FRG0	2014	87.5		
ESTAT:LFST_R_LFSD2POP(1.0)	17/04/26 11:00:00	A	ED5-8	F	Y25-34	THS_PER	FRH0	2014	99.8		
ESTAT:LFST_R_LFSD2POP(1.0)	17/04/26 11:00:00	A	ED5-8	F	Y25-34	THS_PER	FRI1	2014	77.1		
ESTAT:LFST_R_LFSD2POP(1.0)	17/04/26 11:00:00	A	ED5-8	F	Y25-34	THS_PER	FRI2	2014	15.4		
ESTAT:LFST_R_LFSD2POP(1.0)	17/04/26 11:00:00	A	ED5-8	F	Y25-34	THS_PER	FRI3	2014	39.7		
ESTAT:LFST_R_LFSD2POP(1.0)	17/04/26 11:00:00	A	ED5-8	F	Y25-34	THS_PER	FRJ1	2014	61.3		
ESTAT:LFST_R_LFSD2POP(1.0)	17/04/26 11:00:00	A	ED5-8	F	Y25-34	THS_PER	FRJ2	2014	118.4		
ESTAT:LFST_R_LFSD2POP(1.0)	17/04/26 11:00:00	A	ED5-8	F	Y25-34	THS_PER	FRK1	2014	34.5		
ESTAT:LFST_R_LFSD2POP(1.0)	17/04/26 11:00:00	A	ED5-8	F	Y25-34	THS_PER	FRK2	2014	212.3		
ESTAT:LFST_R_LFSD2POP(1.0)	17/04/26 11:00:00	A	ED5-8	F	Y25-34	THS_PER	FRL0	2014	155.7		
ESTAT:LFST_R_LFSD2POP(1.0)	17/04/26 11:00:00	A	ED5-8	F	Y25-34	THS_PER	FRM0	2014	2.0	u	
ESTAT:LFST_R_LFSD2POP(1.0)	17/04/26 11:00:00	A	ED5-8	F	Y25-64	THS_PER	FR10	2014	1478.2		
ESTAT:LFST_R_LFSD2POP(1.0)	17/04/26 11:00:00	A	ED5-8	F	Y25-64	THS_PER	FRB0	2014	196.8		
ESTAT:LFST_R_LFSD2POP(1.0)	17/04/26 11:00:00	A	ED5-8	F	Y25-64	THS_PER	FRC1	2014	123.2		
ESTAT:LFST_R_LFSD2POP(1.0)	17/04/26 11:00:00	A	ED5-8	F	Y25-64	THS_PER	FRC2	2014	86.7		
ESTAT:LFST_R_LFSD2POP(1.0)	17/04/26 11:00:00	A	ED5-8	F	Y25-64	THS_PER	FRD1	2014	102.3		
ESTAT:LFST_R_LFSD2POP(1.0)	17/04/26 11:00:00	A	ED5-8	F	Y25-64	THS_PER	FRD2	2014	135.0		
ESTAT:LFST_R_LFSD2POP(1.0)	17/04/26 11:00:00	A	ED5-8	F	Y25-64	THS_PER	FRE1	2014	330.2		
ESTAT:LFST_R_LFSD2POP(1.0)	17/04/26 11:00:00	A	ED5-8	F	Y25-64	THS_PER	FRE2	2014	118.0		
ESTAT:LFST_R_LFSD2POP(1.0)	17/04/26 11:00:00	A	ED5-8	F	Y25-64	THS_PER	FRF1	2014	156.3		
ESTAT:LFST_R_LFSD2POP(1.0)	17/04/26 11:00:00	A	ED5-8	F	Y25-64	THS_PER	FRF2	2014	84.0		
ESTAT:LFST_R_LFSD2POP(1.0)	17/04/26 11:00:00	A	ED5-8	F	Y25-64	THS_PER	FRF3	2014	181.0		
ESTAT:LFST_R_LFSD2POP(1.0)	17/04/26 11:00:00	A	ED5-8	F	Y25-64	THS_PER	FRG0	2014	304.0		
ESTAT:LFST_R_LFSD2POP(1.0)	17/04/26 11:00:00	A	ED5-8	F	Y25-64	THS_PER	FRH0	2014	305.5		
ESTAT:LFST_R_LFSD2POP(1.0)	17/04/26 11:00:00	A	ED5-8	F	Y25-64	THS_PER	FRI1	2014	315.7		
ESTAT:LFST_R_LFSD2POP(1.0)	17/04/26 11:00:00	A	ED5-8	F	Y25-64	THS_PER	FRI2	2014	57.5		
ESTAT:LFST_R_LFSD2POP(1.0)	17/04/26 11:00:00	A	ED5-8	F	Y25-64	THS_PER	FRI3	2014	120.4		
ESTAT:LFST_R_LFSD2POP(1.0)	17/04/26 11:00:00	A	ED5-8	F	Y25-64	THS_PER	FRJ1	2014	242.4		
ESTAT:LFST_R_LFSD2POP(1.0)	17/04/26 11:00:00	A	ED5-8	F	Y25-64	THS_PER	FRJ2	2014	332.6		
ESTAT:LFST_R_LFSD2POP(1.0)	17/04/26 11:00:00	A	ED5-8	F	Y25-64	THS_PER	FRK1	2014	102.5		
ESTAT:LFST_R_LFSD2POP(1.0)	17/04/26 11:00:00	A	ED5-8	F	Y25-64	THS_PER	FRK2	2014	657.2		
ESTAT:LFST_R_LFSD2POP(1.0)	17/04/26 11:00:00	A	ED5-8	F	Y25-64	THS_PER	FRL0	2014	510.4		
ESTAT:LFST_R_LFSD2POP(1.0)	17/04/26 11:00:00	A	ED5-8	F	Y25-64	THS_PER	FRM0	2014	13.0	u	
ESTAT:LFST_R_LFSD2POP(1.0)	17/04/26 11:00:00	A	ED5-8	F	Y35-44	THS_PER	FR10	2014	457.6		
ESTAT:LFST_R_LFSD2POP(1.0)	17/04/26 11:00:00	A	ED5-8	F	Y35-44	THS_PER	FRB0	2014	73.0		
ESTAT:LFST_R_LFSD2POP(1.0)	17/04/26 11:00:00	A	ED5-8	F	Y35-44	THS_PER	FRC1	2014	37.5		
ESTAT:LFST_R_LFSD2POP(1.0)	17/04/26 11:00:00	A	ED5-8	F	Y35-44	THS_PER	FRC2	2014	24.5		
ESTAT:LFST_R_LFSD2POP(1.0)	17/04/26 11:00:00	A	ED5-8	F	Y35-44	THS_PER	FRD1	2014	31.0		
ESTAT:LFST_R_LFSD2POP(1.0)	17/04/26 11:00:00	A	ED5-8	F	Y35-44	THS_PER	FRD2	2014	50.2		
ESTAT:LFST_R_LFSD2POP(1.0)	17/04/26 11:00:00	A	ED5-8	F	Y35-44	THS_PER	FRE1	2014	106.1		
ESTAT:LFST_R_LFSD2POP(1.0)	17/04/26 11:00:00	A	ED5-8	F	Y35-44	THS_PER	FRE2	2014	39.0		
ESTAT:LFST_R_LFSD2POP(1.0)	17/04/26 11:00:00	A	ED5-8	F	Y35-44	THS_PER	FRF1	2014	53.4		
ESTAT:LFST_R_LFSD2POP(1.0)	17/04/26 11:00:00	A	ED5-8	F	Y35-44	THS_PER	FRF2	2014	28.8		
ESTAT:LFST_R_LFSD2POP(1.0)	17/04/26 11:00:00	A	ED5-8	F	Y35-44	THS_PER	FRF3	2014	50.6		
ESTAT:LFST_R_LFSD2POP(1.0)	17/04/26 11:00:00	A	ED5-8	F	Y35-44	THS_PER	FRG0	2014	115.0		
ESTAT:LFST_R_LFSD2POP(1.0)	17/04/26 11:00:00	A	ED5-8	F	Y35-44	THS_PER	FRH0	2014	99.3		
ESTAT:LFST_R_LFSD2POP(1.0)	17/04/26 11:00:00	A	ED5-8	F	Y35-44	THS_PER	FRI1	2014	105.3		
ESTAT:LFST_R_LFSD2POP(1.0)	17/04/26 11:00:00	A	ED5-8	F	Y35-44	THS_PER	FRI2	2014	18.7		
ESTAT:LFST_R_LFSD2POP(1.0)	17/04/26 11:00:00	A	ED5-8	F	Y35-44	THS_PER	FRI3	2014	44.9		
ESTAT:LFST_R_LFSD2POP(1.0)	17/04/26 11:00:00	A	ED5-8	F	Y35-44	THS_PER	FRJ1	2014	72.6		
ESTAT:LFST_R_LFSD2POP(1.0)	17/04/26 11:00:00	A	ED5-8	F	Y35-44	THS_PER	FRJ2	2014	101.0		
ESTAT:LFST_R_LFSD2POP(1.0)	17/04/26 11:00:00	A	ED5-8	F	Y35-44	THS_PER	FRK1	2014	32.4		
ESTAT:LFST_R_LFSD2POP(1.0)	17/04/26 11:00:00	A	ED5-8	F	Y35-44	THS_PER	FRK2	2014	216.5		
ESTAT:LFST_R_LFSD2POP(1.0)	17/04/26 11:00:00	A	ED5-8	F	Y35-44	THS_PER	FRL0	2014	152.7		
ESTAT:LFST_R_LFSD2POP(1.0)	17/04/26 11:00:00	A	ED5-8	F	Y35-44	THS_PER	FRM0	2014	3.2	u	
ESTAT:LFST_R_LFSD2POP(1.0)	17/04/26 11:00:00	A	ED5-8	F	Y45-54	THS_PER	FR10	2014	298.3		
ESTAT:LFST_R_LFSD2POP(1.0)	17/04/26 11:00:00	A	ED5-8	F	Y45-54	THS_PER	FRB0	2014	42.9		
ESTAT:LFST_R_LFSD2POP(1.0)	17/04/26 11:00:00	A	ED5-8	F	Y45-54	THS_PER	FRC1	2014	33.0		
ESTAT:LFST_R_LFSD2POP(1.0)	17/04/26 11:00:00	A	ED5-8	F	Y45-54	THS_PER	FRC2	2014	20.6		
ESTAT:LFST_R_LFSD2POP(1.0)	17/04/26 11:00:00	A	ED5-8	F	Y45-54	THS_PER	FRD1	2014	25.1		
ESTAT:LFST_R_LFSD2POP(1.0)	17/04/26 11:00:00	A	ED5-8	F	Y45-54	THS_PER	FRD2	2014	23.8		
ESTAT:LFST_R_LFSD2POP(1.0)	17/04/26 11:00:00	A	ED5-8	F	Y45-54	THS_PER	FRE1	2014	57.4		
ESTAT:LFST_R_LFSD2POP(1.0)	17/04/26 11:00:00	A	ED5-8	F	Y45-54	THS_PER	FRE2	2014	24.1		
ESTAT:LFST_R_LFSD2POP(1.0)	17/04/26 11:00:00	A	ED5-8	F	Y45-54	THS_PER	FRF1	2014	27.9		
ESTAT:LFST_R_LFSD2POP(1.0)	17/04/26 11:00:00	A	ED5-8	F	Y45-54	THS_PER	FRF2	2014	12.3		
ESTAT:LFST_R_LFSD2POP(1.0)	17/04/26 11:00:00	A	ED5-8	F	Y45-54	THS_PER	FRF3	2014	32.8		
ESTAT:LFST_R_LFSD2POP(1.0)	17/04/26 11:00:00	A	ED5-8	F	Y45-54	THS_PER	FRG0	2014	61.8		
ESTAT:LFST_R_LFSD2POP(1.0)	17/04/26 11:00:00	A	ED5-8	F	Y45-54	THS_PER	FRH0	2014	61.2		
ESTAT:LFST_R_LFSD2POP(1.0)	17/04/26 11:00:00	A	ED5-8	F	Y45-54	THS_PER	FRI1	2014	68.4		
ESTAT:LFST_R_LFSD2POP(1.0)	17/04/26 11:00:00	A	ED5-8	F	Y45-54	THS_PER	FRI2	2014	14.1		
ESTAT:LFST_R_LFSD2POP(1.0)	17/04/26 11:00:00	A	ED5-8	F	Y45-54	THS_PER	FRI3	2014	18.9		
ESTAT:LFST_R_LFSD2POP(1.0)	17/04/26 11:00:00	A	ED5-8	F	Y45-54	THS_PER	FRJ1	2014	64.3		
ESTAT:LFST_R_LFSD2POP(1.0)	17/04/26 11:00:00	A	ED5-8	F	Y45-54	THS_PER	FRJ2	2014	59.9		
ESTAT:LFST_R_LFSD2POP(1.0)	17/04/26 11:00:00	A	ED5-8	F	Y45-54	THS_PER	FRK1	2014	21.6		
ESTAT:LFST_R_LFSD2POP(1.0)	17/04/26 11:00:00	A	ED5-8	F	Y45-54	THS_PER	FRK2	2014	136.7		
ESTAT:LFST_R_LFSD2POP(1.0)	17/04/26 11:00:00	A	ED5-8	F	Y45-54	THS_PER	FRL0	2014	111.1		
ESTAT:LFST_R_LFSD2POP(1.0)	17/04/26 11:00:00	A	ED5-8	F	Y45-54	THS_PER	FRM0	2014	3.7	u	
ESTAT:LFST_R_LFSD2POP(1.0)	17/04/26 11:00:00	A	ED5-8	F	Y55-64	THS_PER	FR10	2014	204.0		
ESTAT:LFST_R_LFSD2POP(1.0)	17/04/26 11:00:00	A	ED5-8	F	Y55-64	THS_PER	FRB0	2014	25.4		
ESTAT:LFST_R_LFSD2POP(1.0)	17/04/26 11:00:00	A	ED5-8	F	Y55-64	THS_PER	FRC1	2014	16.0		
ESTAT:LFST_R_LFSD2POP(1.0)	17/04/26 11:00:00	A	ED5-8	F	Y55-64	THS_PER	FRC2	2014	13.7		
ESTAT:LFST_R_LFSD2POP(1.0)	17/04/26 11:00:00	A	ED5-8	F	Y55-64	THS_PER	FRD1	2014	15.2		
ESTAT:LFST_R_LFSD2POP(1.0)	17/04/26 11:00:00	A	ED5-8	F	Y55-64	THS_PER	FRD2	2014	18.1		
ESTAT:LFST_R_LFSD2POP(1.0)	17/04/26 11:00:00	A	ED5-8	F	Y55-64	THS_PER	FRE1	2014	40.0		
ESTAT:LFST_R_LFSD2POP(1.0)	17/04/26 11:00:00	A	ED5-8	F	Y55-64	THS_PER	FRE2	2014	17.4		
ESTAT:LFST_R_LFSD2POP(1.0)	17/04/26 11:00:00	A	ED5-8	F	Y55-64	THS_PER	FRF1	2014	21.4		
ESTAT:LFST_R_LFSD2POP(1.0)	17/04/26 11:00:00	A	ED5-8	F	Y55-64	THS_PER	FRF2	2014	17.0		
ESTAT:LFST_R_LFSD2POP(1.0)	17/04/26 11:00:00	A	ED5-8	F	Y55-64	THS_PER	FRF3	2014	31.6		
ESTAT:LFST_R_LFSD2POP(1.0)	17/04/26 11:00:00	A	ED5-8	F	Y55-64	THS_PER	FRG0	2014	39.7		
ESTAT:LFST_R_LFSD2POP(1.0)	17/04/26 11:00:00	A	ED5-8	F	Y55-64	THS_PER	FRH0	2014	45.2		
ESTAT:LFST_R_LFSD2POP(1.0)	17/04/26 11:00:00	A	ED5-8	F	Y55-64	THS_PER	FRI1	2014	64.9		
ESTAT:LFST_R_LFSD2POP(1.0)	17/04/26 11:00:00	A	ED5-8	F	Y55-64	THS_PER	FRI2	2014	9.3	u	
ESTAT:LFST_R_LFSD2POP(1.0)	17/04/26 11:00:00	A	ED5-8	F	Y55-64	THS_PER	FRI3	2014	16.9		
ESTAT:LFST_R_LFSD2POP(1.0)	17/04/26 11:00:00	A	ED5-8	F	Y55-64	THS_PER	FRJ1	2014	44.1		
ESTAT:LFST_R_LFSD2POP(1.0)	17/04/26 11:00:00	A	ED5-8	F	Y55-64	THS_PER	FRJ2	2014	53.3		
ESTAT:LFST_R_LFSD2POP(1.0)	17/04/26 11:00:00	A	ED5-8	F	Y55-64	THS_PER	FRK1	2014	14.1		
ESTAT:LFST_R_LFSD2POP(1.0)	17/04/26 11:00:00	A	ED5-8	F	Y55-64	THS_PER	FRK2	2014	91.7		
ESTAT:LFST_R_LFSD2POP(1.0)	17/04/26 11:00:00	A	ED5-8	F	Y55-64	THS_PER	FRL0	2014	90.9		
ESTAT:LFST_R_LFSD2POP(1.0)	17/04/26 11:00:00	A	ED5-8	F	Y55-64	THS_PER	FRM0	2014	4.1	u	
ESTAT:LFST_R_LFSD2POP(1.0)	17/04/26 11:00:00	A	ED5-8	F	Y_GE15	THS_PER	FR10	2014	1810.8		
ESTAT:LFST_R_LFSD2POP(1.0)	17/04/26 11:00:00	A	ED5-8	F	Y_GE15	THS_PER	FRB0	2014	240.0		
ESTAT:LFST_R_LFSD2POP(1.0)	17/04/26 11:00:00	A	ED5-8	F	Y_GE15	THS_PER	FRC1	2014	158.9		
ESTAT:LFST_R_LFSD2POP(1.0)	17/04/26 11:00:00	A	ED5-8	F	Y_GE15	THS_PER	FRC2	2014	105.7		
ESTAT:LFST_R_LFSD2POP(1.0)	17/04/26 11:00:00	A	ED5-8	F	Y_GE15	THS_PER	FRD1	2014	125.8		
ESTAT:LFST_R_LFSD2POP(1.0)	17/04/26 11:00:00	A	ED5-8	F	Y_GE15	THS_PER	FRD2	2014	166.1		
ESTAT:LFST_R_LFSD2POP(1.0)	17/04/26 11:00:00	A	ED5-8	F	Y_GE15	THS_PER	FRE1	2014	401.7		
ESTAT:LFST_R_LFSD2POP(1.0)	17/04/26 11:00:00	A	ED5-8	F	Y_GE15	THS_PER	FRE2	2014	140.1		
ESTAT:LFST_R_LFSD2POP(1.0)	17/04/26 11:00:00	A	ED5-8	F	Y_GE15	THS_PER	FRF1	2014	190.1		
ESTAT:LFST_R_LFSD2POP(1.0)	17/04/26 11:00:00	A	ED5-8	F	Y_GE15	THS_PER	FRF2	2014	104.7		
ESTAT:LFST_R_LFSD2POP(1.0)	17/04/26 11:00:00	A	ED5-8	F	Y_GE15	THS_PER	FRF3	2014	227.9		
ESTAT:LFST_R_LFSD2POP(1.0)	17/04/26 11:00:00	A	ED5-8	F	Y_GE15	THS_PER	FRG0	2014	355.3		
ESTAT:LFST_R_LFSD2POP(1.0)	17/04/26 11:00:00	A	ED5-8	F	Y_GE15	THS_PER	FRH0	2014	370.1		
ESTAT:LFST_R_LFSD2POP(1.0)	17/04/26 11:00:00	A	ED5-8	F	Y_GE15	THS_PER	FRI1	2014	381.0		
ESTAT:LFST_R_LFSD2POP(1.0)	17/04/26 11:00:00	A	ED5-8	F	Y_GE15	THS_PER	FRI2	2014	71.5		
ESTAT:LFST_R_LFSD2POP(1.0)	17/04/26 11:00:00	A	ED5-8	F	Y_GE15	THS_PER	FRI3	2014	153.0		
ESTAT:LFST_R_LFSD2POP(1.0)	17/04/26 11:00:00	A	ED5-8	F	Y_GE15	THS_PER	FRJ1	2014	298.3		
ESTAT:LFST_R_LFSD2POP(1.0)	17/04/26 11:00:00	A	ED5-8	F	Y_GE15	THS_PER	FRJ2	2014	398.6		
ESTAT:LFST_R_LFSD2POP(1.0)	17/04/26 11:00:00	A	ED5-8	F	Y_GE15	THS_PER	FRK1	2014	125.2		
ESTAT:LFST_R_LFSD2POP(1.0)	17/04/26 11:00:00	A	ED5-8	F	Y_GE15	THS_PER	FRK2	2014	791.8		
ESTAT:LFST_R_LFSD2POP(1.0)	17/04/26 11:00:00	A	ED5-8	F	Y_GE15	THS_PER	FRL0	2014	634.7		
ESTAT:LFST_R_LFSD2POP(1.0)	17/04/26 11:00:00	A	ED5-8	F	Y_GE15	THS_PER	FRM0	2014	16.8	u	
ESTAT:LFST_R_LFSD2POP(1.0)	17/04/26 11:00:00	A	ED5-8	F	Y_GE25	THS_PER	FR10	2014	1662.2		
ESTAT:LFST_R_LFSD2POP(1.0)	17/04/26 11:00:00	A	ED5-8	F	Y_GE25	THS_PER	FRB0	2014	221.5		
ESTAT:LFST_R_LFSD2POP(1.0)	17/04/26 11:00:00	A	ED5-8	F	Y_GE25	THS_PER	FRC1	2014	142.1		
ESTAT:LFST_R_LFSD2POP(1.0)	17/04/26 11:00:00	A	ED5-8	F	Y_GE25	THS_PER	FRC2	2014	96.8		
ESTAT:LFST_R_LFSD2POP(1.0)	17/04/26 11:00:00	A	ED5-8	F	Y_GE25	THS_PER	FRD1	2014	114.1		
ESTAT:LFST_R_LFSD2POP(1.0)	17/04/26 11:00:00	A	ED5-8	F	Y_GE25	THS_PER	FRD2	2014	148.3		
ESTAT:LFST_R_LFSD2POP(1.0)	17/04/26 11:00:00	A	ED5-8	F	Y_GE25	THS_PER	FRE1	2014	358.5		
ESTAT:LFST_R_LFSD2POP(1.0)	17/04/26 11:00:00	A	ED5-8	F	Y_GE25	THS_PER	FRE2	2014	128.6		
ESTAT:LFST_R_LFSD2POP(1.0)	17/04/26 11:00:00	A	ED5-8	F	Y_GE25	THS_PER	FRF1	2014	173.7		
ESTAT:LFST_R_LFSD2POP(1.0)	17/04/26 11:00:00	A	ED5-8	F	Y_GE25	THS_PER	FRF2	2014	96.1		
ESTAT:LFST_R_LFSD2POP(1.0)	17/04/26 11:00:00	A	ED5-8	F	Y_GE25	THS_PER	FRF3	2014	202.9		
ESTAT:LFST_R_LFSD2POP(1.0)	17/04/26 11:00:00	A	ED5-8	F	Y_GE25	THS_PER	FRG0	2014	332.3		
ESTAT:LFST_R_LFSD2POP(1.0)	17/04/26 11:00:00	A	ED5-8	F	Y_GE25	THS_PER	FRH0	2014	339.8		
ESTAT:LFST_R_LFSD2POP(1.0)	17/04/26 11:00:00	A	ED5-8	F	Y_GE25	THS_PER	FRI1	2014	358.2		
ESTAT:LFST_R_LFSD2POP(1.0)	17/04/26 11:00:00	A	ED5-8	F	Y_GE25	THS_PER	FRI2	2014	68.0		
ESTAT:LFST_R_LFSD2POP(1.0)	17/04/26 11:00:00	A	ED5-8	F	Y_GE25	THS_PER	FRI3	2014	134.4		
ESTAT:LFST_R_LFSD2POP(1.0)	17/04/26 11:00:00	A	ED5-8	F	Y_GE25	THS_PER	FRJ1	2014	274.9		
ESTAT:LFST_R_LFSD2POP(1.0)	17/04/26 11:00:00	A	ED5-8	F	Y_GE25	THS_PER	FRJ2	2014	373.3		
ESTAT:LFST_R_LFSD2POP(1.0)	17/04/26 11:00:00	A	ED5-8	F	Y_GE25	THS_PER	FRK1	2014	117.0		
ESTAT:LFST_R_LFSD2POP(1.0)	17/04/26 11:00:00	A	ED5-8	F	Y_GE25	THS_PER	FRK2	2014	730.7		
ESTAT:LFST_R_LFSD2POP(1.0)	17/04/26 11:00:00	A	ED5-8	F	Y_GE25	THS_PER	FRL0	2014	587.2		
ESTAT:LFST_R_LFSD2POP(1.0)	17/04/26 11:00:00	A	ED5-8	F	Y_GE25	THS_PER	FRM0	2014	16.2	u	
ESTAT:LFST_R_LFSD2POP(1.0)	17/04/26 11:00:00	A	ED5-8	F	Y_GE65	THS_PER	FR10	2014	183.9		
ESTAT:LFST_R_LFSD2POP(1.0)	17/04/26 11:00:00	A	ED5-8	F	Y_GE65	THS_PER	FRB0	2014	24.7		
ESTAT:LFST_R_LFSD2POP(1.0)	17/04/26 11:00:00	A	ED5-8	F	Y_GE65	THS_PER	FRC1	2014	19.0		
ESTAT:LFST_R_LFSD2POP(1.0)	17/04/26 11:00:00	A	ED5-8	F	Y_GE65	THS_PER	FRC2	2014	10.1		
ESTAT:LFST_R_LFSD2POP(1.0)	17/04/26 11:00:00	A	ED5-8	F	Y_GE65	THS_PER	FRD1	2014	11.8		
ESTAT:LFST_R_LFSD2POP(1.0)	17/04/26 11:00:00	A	ED5-8	F	Y_GE65	THS_PER	FRD2	2014	13.2		
ESTAT:LFST_R_LFSD2POP(1.0)	17/04/26 11:00:00	A	ED5-8	F	Y_GE65	THS_PER	FRE1	2014	28.2		
ESTAT:LFST_R_LFSD2POP(1.0)	17/04/26 11:00:00	A	ED5-8	F	Y_GE65	THS_PER	FRE2	2014	10.7		
ESTAT:LFST_R_LFSD2POP(1.0)	17/04/26 11:00:00	A	ED5-8	F	Y_GE65	THS_PER	FRF1	2014	17.4		
ESTAT:LFST_R_LFSD2POP(1.0)	17/04/26 11:00:00	A	ED5-8	F	Y_GE65	THS_PER	FRF2	2014	12.1		
ESTAT:LFST_R_LFSD2POP(1.0)	17/04/26 11:00:00	A	ED5-8	F	Y_GE65	THS_PER	FRF3	2014	21.9		
ESTAT:LFST_R_LFSD2POP(1.0)	17/04/26 11:00:00	A	ED5-8	F	Y_GE65	THS_PER	FRG0	2014	28.3		
ESTAT:LFST_R_LFSD2POP(1.0)	17/04/26 11:00:00	A	ED5-8	F	Y_GE65	THS_PER	FRH0	2014	34.4		
ESTAT:LFST_R_LFSD2POP(1.0)	17/04/26 11:00:00	A	ED5-8	F	Y_GE65	THS_PER	FRI1	2014	42.4		
ESTAT:LFST_R_LFSD2POP(1.0)	17/04/26 11:00:00	A	ED5-8	F	Y_GE65	THS_PER	FRI2	2014	10.5		
ESTAT:LFST_R_LFSD2POP(1.0)	17/04/26 11:00:00	A	ED5-8	F	Y_GE65	THS_PER	FRI3	2014	14.0		
ESTAT:LFST_R_LFSD2POP(1.0)	17/04/26 11:00:00	A	ED5-8	F	Y_GE65	THS_PER	FRJ1	2014	32.5		
ESTAT:LFST_R_LFSD2POP(1.0)	17/04/26 11:00:00	A	ED5-8	F	Y_GE65	THS_PER	FRJ2	2014	40.7		
ESTAT:LFST_R_LFSD2POP(1.0)	17/04/26 11:00:00	A	ED5-8	F	Y_GE65	THS_PER	FRK1	2014	14.4		
ESTAT:LFST_R_LFSD2POP(1.0)	17/04/26 11:00:00	A	ED5-8	F	Y_GE65	THS_PER	FRK2	2014	73.6		
ESTAT:LFST_R_LFSD2POP(1.0)	17/04/26 11:00:00	A	ED5-8	F	Y_GE65	THS_PER	FRL0	2014	76.8		
ESTAT:LFST_R_LFSD2POP(1.0)	17/04/26 11:00:00	A	ED5-8	F	Y_GE65	THS_PER	FRM0	2014	3.2	u	
ESTAT:LFST_R_LFSD2POP(1.0)	17/04/26 11:00:00	A	ED5-8	M	Y15-24	THS_PER	FR10	2014	94.9		
ESTAT:LFST_R_LFSD2POP(1.0)	17/04/26 11:00:00	A	ED5-8	M	Y15-24	THS_PER	FRB0	2014	20.8		
ESTAT:LFST_R_LFSD2POP(1.0)	17/04/26 11:00:00	A	ED5-8	M	Y15-24	THS_PER	FRC1	2014	13.4		
ESTAT:LFST_R_LFSD2POP(1.0)	17/04/26 11:00:00	A	ED5-8	M	Y15-24	THS_PER	FRC2	2014	7.6	u	
ESTAT:LFST_R_LFSD2POP(1.0)	17/04/26 11:00:00	A	ED5-8	M	Y15-24	THS_PER	FRD1	2014	14.8		
ESTAT:LFST_R_LFSD2POP(1.0)	17/04/26 11:00:00	A	ED5-8	M	Y15-24	THS_PER	FRD2	2014	13.1		
ESTAT:LFST_R_LFSD2POP(1.0)	17/04/26 11:00:00	A	ED5-8	M	Y15-24	THS_PER	FRE1	2014	27.6		
ESTAT:LFST_R_LFSD2POP(1.0)	17/04/26 11:00:00	A	ED5-8	M	Y15-24	THS_PER	FRE2	2014	11.1		
ESTAT:LFST_R_LFSD2POP(1.0)	17/04/26 11:00:00	A	ED5-8	M	Y15-24	THS_PER	FRF1	2014	19.2		
ESTAT:LFST_R_LFSD2POP(1.0)	17/04/26 11:00:00	A	ED5-8	M	Y15-24	THS_PER	FRF2	2014	10.9		
ESTAT:LFST_R_LFSD2POP(1.0)	17/04/26 11:00:00	A	ED5-8	M	Y15-24	THS_PER	FRF3	2014	20.7		
ESTAT:LFST_R_LFSD2POP(1.0)	17/04/26 11:00:00	A	ED5-8	M	Y15-24	THS_PER	FRG0	2014	29.9		
ESTAT:LFST_R_LFSD2POP(1.0)	17/04/26 11:00:00	A	ED5-8	M	Y15-24	THS_PER	FRH0	2014	22.4		
ESTAT:LFST_R_LFSD2POP(1.0)	17/04/26 11:00:00	A	ED5-8	M	Y15-24	THS_PER	FRI1	2014	26.9		
ESTAT:LFST_R_LFSD2POP(1.0)	17/04/26 11:00:00	A	ED5-8	M	Y15-24	THS_PER	FRI2	2014	5.1	u	
ESTAT:LFST_R_LFSD2POP(1.0)	17/04/26 11:00:00	A	ED5-8	M	Y15-24	THS_PER	FRI3	2014	15.5		
ESTAT:LFST_R_LFSD2POP(1.0)	17/04/26 11:00:00	A	ED5-8	M	Y15-24	THS_PER	FRJ1	2014	10.1		
ESTAT:LFST_R_LFSD2POP(1.0)	17/04/26 11:00:00	A	ED5-8	M	Y15-24	THS_PER	FRJ2	2014	19.2		
ESTAT:LFST_R_LFSD2POP(1.0)	17/04/26 11:00:00	A	ED5-8	M	Y15-24	THS_PER	FRK1	2014	11.0		
ESTAT:LFST_R_LFSD2POP(1.0)	17/04/26 11:00:00	A	ED5-8	M	Y15-24	THS_PER	FRK2	2014	57.9		
ESTAT:LFST_R_LFSD2POP(1.0)	17/04/26 11:00:00	A	ED5-8	M	Y15-24	THS_PER	FRL0	2014	33.0		
ESTAT:LFST_R_LFSD2POP(1.0)	17/04/26 11:00:00	A	ED5-8	M	Y15-24	THS_PER	FRM0	2014		u	
ESTAT:LFST_R_LFSD2POP(1.0)	17/04/26 11:00:00	A	ED5-8	M	Y15-64	THS_PER	FR10	2014	1397.8		
ESTAT:LFST_R_LFSD2POP(1.0)	17/04/26 11:00:00	A	ED5-8	M	Y15-64	THS_PER	FRB0	2014	170.9		
ESTAT:LFST_R_LFSD2POP(1.0)	17/04/26 11:00:00	A	ED5-8	M	Y15-64	THS_PER	FRC1	2014	113.5		
ESTAT:LFST_R_LFSD2POP(1.0)	17/04/26 11:00:00	A	ED5-8	M	Y15-64	THS_PER	FRC2	2014	83.1		
ESTAT:LFST_R_LFSD2POP(1.0)	17/04/26 11:00:00	A	ED5-8	M	Y15-64	THS_PER	FRD1	2014	94.0		
ESTAT:LFST_R_LFSD2POP(1.0)	17/04/26 11:00:00	A	ED5-8	M	Y15-64	THS_PER	FRD2	2014	108.6		
ESTAT:LFST_R_LFSD2POP(1.0)	17/04/26 11:00:00	A	ED5-8	M	Y15-64	THS_PER	FRE1	2014	303.0		
ESTAT:LFST_R_LFSD2POP(1.0)	17/04/26 11:00:00	A	ED5-8	M	Y15-64	THS_PER	FRE2	2014	108.4		
ESTAT:LFST_R_LFSD2POP(1.0)	17/04/26 11:00:00	A	ED5-8	M	Y15-64	THS_PER	FRF1	2014	159.1		
ESTAT:LFST_R_LFSD2POP(1.0)	17/04/26 11:00:00	A	ED5-8	M	Y15-64	THS_PER	FRF2	2014	80.7		
ESTAT:LFST_R_LFSD2POP(1.0)	17/04/26 11:00:00	A	ED5-8	M	Y15-64	THS_PER	FRF3	2014	177.1		
ESTAT:LFST_R_LFSD2POP(1.0)	17/04/26 11:00:00	A	ED5-8	M	Y15-64	THS_PER	FRG0	2014	289.9		
ESTAT:LFST_R_LFSD2POP(1.0)	17/04/26 11:00:00	A	ED5-8	M	Y15-64	THS_PER	FRH0	2014	266.9		
ESTAT:LFST_R_LFSD2POP(1.0)	17/04/26 11:00:00	A	ED5-8	M	Y15-64	THS_PER	FRI1	2014	269.5		
ESTAT:LFST_R_LFSD2POP(1.0)	17/04/26 11:00:00	A	ED5-8	M	Y15-64	THS_PER	FRI2	2014	52.0		
ESTAT:LFST_R_LFSD2POP(1.0)	17/04/26 11:00:00	A	ED5-8	M	Y15-64	THS_PER	FRI3	2014	124.6		
ESTAT:LFST_R_LFSD2POP(1.0)	17/04/26 11:00:00	A	ED5-8	M	Y15-64	THS_PER	FRJ1	2014	197.3		
ESTAT:LFST_R_LFSD2POP(1.0)	17/04/26 11:00:00	A	ED5-8	M	Y15-64	THS_PER	FRJ2	2014	322.0		
ESTAT:LFST_R_LFSD2POP(1.0)	17/04/26 11:00:00	A	ED5-8	M	Y15-64	THS_PER	FRK1	2014	85.6		
ESTAT:LFST_R_LFSD2POP(1.0)	17/04/26 11:00:00	A	ED5-8	M	Y15-64	THS_PER	FRK2	2014	610.8		
ESTAT:LFST_R_LFSD2POP(1.0)	17/04/26 11:00:00	A	ED5-8	M	Y15-64	THS_PER	FRL0	2014	413.0		
ESTAT:LFST_R_LFSD2POP(1.0)	17/04/26 11:00:00	A	ED5-8	M	Y15-64	THS_PER	FRM0	2014	8.9	u	
ESTAT:LFST_R_LFSD2POP(1.0)	17/04/26 11:00:00	A	ED5-8	M	Y15-74	THS_PER	FR10	2014	1517.9		
ESTAT:LFST_R_LFSD2POP(1.0)	17/04/26 11:00:00	A	ED5-8	M	Y15-74	THS_PER	FRB0	2014	186.5		
ESTAT:LFST_R_LFSD2POP(1.0)	17/04/26 11:00:00	A	ED5-8	M	Y15-74	THS_PER	FRC1	2014	123.5		
ESTAT:LFST_R_LFSD2POP(1.0)	17/04/26 11:00:00	A	ED5-8	M	Y15-74	THS_PER	FRC2	2014	89.7		
ESTAT:LFST_R_LFSD2POP(1.0)	17/04/26 11:00:00	A	ED5-8	M	Y15-74	THS_PER	FRD1	2014	108.8		
ESTAT:LFST_R_LFSD2POP(1.0)	17/04/26 11:00:00	A	ED5-8	M	Y15-74	THS_PER	FRD2	2014	117.6		
ESTAT:LFST_R_LFSD2POP(1.0)	17/04/26 11:00:00	A	ED5-8	M	Y15-74	THS_PER	FRE1	2014	323.4		
ESTAT:LFST_R_LFSD2POP(1.0)	17/04/26 11:00:00	A	ED5-8	M	Y15-74	THS_PER	FRE2	2014	115.6		
ESTAT:LFST_R_LFSD2POP(1.0)	17/04/26 11:00:00	A	ED5-8	M	Y15-74	THS_PER	FRF1	2014	172.8		
ESTAT:LFST_R_LFSD2POP(1.0)	17/04/26 11:00:00	A	ED5-8	M	Y15-74	THS_PER	FRF2	2014	90.4		
ESTAT:LFST_R_LFSD2POP(1.0)	17/04/26 11:00:00	A	ED5-8	M	Y15-74	THS_PER	FRF3	2014	197.0		
ESTAT:LFST_R_LFSD2POP(1.0)	17/04/26 11:00:00	A	ED5-8	M	Y15-74	THS_PER	FRG0	2014	316.0		
ESTAT:LFST_R_LFSD2POP(1.0)	17/04/26 11:00:00	A	ED5-8	M	Y15-74	THS_PER	FRH0	2014	292.7		
ESTAT:LFST_R_LFSD2POP(1.0)	17/04/26 11:00:00	A	ED5-8	M	Y15-74	THS_PER	FRI1	2014	310.1		
ESTAT:LFST_R_LFSD2POP(1.0)	17/04/26 11:00:00	A	ED5-8	M	Y15-74	THS_PER	FRI2	2014	56.4		
ESTAT:LFST_R_LFSD2POP(1.0)	17/04/26 11:00:00	A	ED5-8	M	Y15-74	THS_PER	FRI3	2014	137.4		
ESTAT:LFST_R_LFSD2POP(1.0)	17/04/26 11:00:00	A	ED5-8	M	Y15-74	THS_PER	FRJ1	2014	232.9		
ESTAT:LFST_R_LFSD2POP(1.0)	17/04/26 11:00:00	A	ED5-8	M	Y15-74	THS_PER	FRJ2	2014	347.3		
ESTAT:LFST_R_LFSD2POP(1.0)	17/04/26 11:00:00	A	ED5-8	M	Y15-74	THS_PER	FRK1	2014	101.6		
ESTAT:LFST_R_LFSD2POP(1.0)	17/04/26 11:00:00	A	ED5-8	M	Y15-74	THS_PER	FRK2	2014	672.6		
ESTAT:LFST_R_LFSD2POP(1.0)	17/04/26 11:00:00	A	ED5-8	M	Y15-74	THS_PER	FRL0	2014	473.6		
ESTAT:LFST_R_LFSD2POP(1.0)	17/04/26 11:00:00	A	ED5-8	M	Y15-74	THS_PER	FRM0	2014	12.7	u	
ESTAT:LFST_R_LFSD2POP(1.0)	17/04/26 11:00:00	A	ED5-8	M	Y20-64	THS_PER	FR10	2014	1397.1		
ESTAT:LFST_R_LFSD2POP(1.0)	17/04/26 11:00:00	A	ED5-8	M	Y20-64	THS_PER	FRB0	2014	170.9		
ESTAT:LFST_R_LFSD2POP(1.0)	17/04/26 11:00:00	A	ED5-8	M	Y20-64	THS_PER	FRC1	2014	113.5		
ESTAT:LFST_R_LFSD2POP(1.0)	17/04/26 11:00:00	A	ED5-8	M	Y20-64	THS_PER	FRC2	2014	82.9		
ESTAT:LFST_R_LFSD2POP(1.0)	17/04/26 11:00:00	A	ED5-8	M	Y20-64	THS_PER	FRD1	2014	94.0		
ESTAT:LFST_R_LFSD2POP(1.0)	17/04/26 11:00:00	A	ED5-8	M	Y20-64	THS_PER	FRD2	2014	108.4		
ESTAT:LFST_R_LFSD2POP(1.0)	17/04/26 11:00:00	A	ED5-8	M	Y20-64	THS_PER	FRE1	2014	302.6		
ESTAT:LFST_R_LFSD2POP(1.0)	17/04/26 11:00:00	A	ED5-8	M	Y20-64	THS_PER	FRE2	2014	108.3		
ESTAT:LFST_R_LFSD2POP(1.0)	17/04/26 11:00:00	A	ED5-8	M	Y20-64	THS_PER	FRF1	2014	158.8		
ESTAT:LFST_R_LFSD2POP(1.0)	17/04/26 11:00:00	A	ED5-8	M	Y20-64	THS_PER	FRF2	2014	80.5		
ESTAT:LFST_R_LFSD2POP(1.0)	17/04/26 11:00:00	A	ED5-8	M	Y20-64	THS_PER	FRF3	2014	177.1		
ESTAT:LFST_R_LFSD2POP(1.0)	17/04/26 11:00:00	A	ED5-8	M	Y20-64	THS_PER	FRG0	2014	289.2		
ESTAT:LFST_R_LFSD2POP(1.0)	17/04/26 11:00:00	A	ED5-8	M	Y20-64	THS_PER	FRH0	2014	266.3		
ESTAT:LFST_R_LFSD2POP(1.0)	17/04/26 11:00:00	A	ED5-8	M	Y20-64	THS_PER	FRI1	2014	269.1		
ESTAT:LFST_R_LFSD2POP(1.0)	17/04/26 11:00:00	A	ED5-8	M	Y20-64	THS_PER	FRI2	2014	52.0		
ESTAT:LFST_R_LFSD2POP(1.0)	17/04/26 11:00:00	A	ED5-8	M	Y20-64	THS_PER	FRI3	2014	123.8		
ESTAT:LFST_R_LFSD2POP(1.0)	17/04/26 11:00:00	A	ED5-8	M	Y20-64	THS_PER	FRJ1	2014	197.2		
ESTAT:LFST_R_LFSD2POP(1.0)	17/04/26 11:00:00	A	ED5-8	M	Y20-64	THS_PER	FRJ2	2014	322.0		
ESTAT:LFST_R_LFSD2POP(1.0)	17/04/26 11:00:00	A	ED5-8	M	Y20-64	THS_PER	FRK1	2014	85.6		
ESTAT:LFST_R_LFSD2POP(1.0)	17/04/26 11:00:00	A	ED5-8	M	Y20-64	THS_PER	FRK2	2014	610.3		
ESTAT:LFST_R_LFSD2POP(1.0)	17/04/26 11:00:00	A	ED5-8	M	Y20-64	THS_PER	FRL0	2014	412.2		
ESTAT:LFST_R_LFSD2POP(1.0)	17/04/26 11:00:00	A	ED5-8	M	Y20-64	THS_PER	FRM0	2014	8.9	u	
ESTAT:LFST_R_LFSD2POP(1.0)	17/04/26 11:00:00	A	ED5-8	M	Y25-34	THS_PER	FR10	2014	416.5		
ESTAT:LFST_R_LFSD2POP(1.0)	17/04/26 11:00:00	A	ED5-8	M	Y25-34	THS_PER	FRB0	2014	40.9		
ESTAT:LFST_R_LFSD2POP(1.0)	17/04/26 11:00:00	A	ED5-8	M	Y25-34	THS_PER	FRC1	2014	27.2		
ESTAT:LFST_R_LFSD2POP(1.0)	17/04/26 11:00:00	A	ED5-8	M	Y25-34	THS_PER	FRC2	2014	23.8		
ESTAT:LFST_R_LFSD2POP(1.0)	17/04/26 11:00:00	A	ED5-8	M	Y25-34	THS_PER	FRD1	2014	25.2		
ESTAT:LFST_R_LFSD2POP(1.0)	17/04/26 11:00:00	A	ED5-8	M	Y25-34	THS_PER	FRD2	2014	30.3		
ESTAT:LFST_R_LFSD2POP(1.0)	17/04/26 11:00:00	A	ED5-8	M	Y25-34	THS_PER	FRE1	2014	102.0		
ESTAT:LFST_R_LFSD2POP(1.0)	17/04/26 11:00:00	A	ED5-8	M	Y25-34	THS_PER	FRE2	2014	28.8		
ESTAT:LFST_R_LFSD2POP(1.0)	17/04/26 11:00:00	A	ED5-8	M	Y25-34	THS_PER	FRF1	2014	35.1		
ESTAT:LFST_R_LFSD2POP(1.0)	17/04/26 11:00:00	A	ED5-8	M	Y25-34	THS_PER	FRF2	2014	17.9		
ESTAT:LFST_R_LFSD2POP(1.0)	17/04/26 11:00:00	A	ED5-8	M	Y25-34	THS_PER	FRF3	2014	55.5		
ESTAT:LFST_R_LFSD2POP(1.0)	17/04/26 11:00:00	A	ED5-8	M	Y25-34	THS_PER	FRG0	2014	73.7		
ESTAT:LFST_R_LFSD2POP(1.0)	17/04/26 11:00:00	A	ED5-8	M	Y25-34	THS_PER	FRH0	2014	78.7		
ESTAT:LFST_R_LFSD2POP(1.0)	17/04/26 11:00:00	A	ED5-8	M	Y25-34	THS_PER	FRI1	2014	67.8		
ESTAT:LFST_R_LFSD2POP(1.0)	17/04/26 11:00:00	A	ED5-8	M	Y25-34	THS_PER	FRI2	2014	13.8		
ESTAT:LFST_R_LFSD2POP(1.0)	17/04/26 11:00:00	A	ED5-8	M	Y25-34	THS_PER	FRI3	2014	31.2		
ESTAT:LFST_R_LFSD2POP(1.0)	17/04/26 11:00:00	A	ED5-8	M	Y25-34	THS_PER	FRJ1	2014	37.7		
ESTAT:LFST_R_LFSD2POP(1.0)	17/04/26 11:00:00	A	ED5-8	M	Y25-34	THS_PER	FRJ2	2014	131.5		
ESTAT:LFST_R_LFSD2POP(1.0)	17/04/26 11:00:00	A	ED5-8	M	Y25-34	THS_PER	FRK1	2014	21.3		
ESTAT:LFST_R_LFSD2POP(1.0)	17/04/26 11:00:00	A	ED5-8	M	Y25-34	THS_PER	FRK2	2014	167.4		
ESTAT:LFST_R_LFSD2POP(1.0)	17/04/26 11:00:00	A	ED5-8	M	Y25-34	THS_PER	FRL0	2014	94.8		
ESTAT:LFST_R_LFSD2POP(1.0)	17/04/26 11:00:00	A	ED5-8	M	Y25-34	THS_PER	FRM0	2014	0.7	u	
ESTAT:LFST_R_LFSD2POP(1.0)	17/04/26 11:00:00	A	ED5-8	M	Y25-64	THS_PER	FR10	2014	1302.9		
ESTAT:LFST_R_LFSD2POP(1.0)	17/04/26 11:00:00	A	ED5-8	M	Y25-64	THS_PER	FRB0	2014	150.1		
ESTAT:LFST_R_LFSD2POP(1.0)	17/04/26 11:00:00	A	ED5-8	M	Y25-64	THS_PER	FRC1	2014	100.1		
ESTAT:LFST_R_LFSD2POP(1.0)	17/04/26 11:00:00	A	ED5-8	M	Y25-64	THS_PER	FRC2	2014	75.5		
ESTAT:LFST_R_LFSD2POP(1.0)	17/04/26 11:00:00	A	ED5-8	M	Y25-64	THS_PER	FRD1	2014	79.2		
ESTAT:LFST_R_LFSD2POP(1.0)	17/04/26 11:00:00	A	ED5-8	M	Y25-64	THS_PER	FRD2	2014	95.5		
ESTAT:LFST_R_LFSD2POP(1.0)	17/04/26 11:00:00	A	ED5-8	M	Y25-64	THS_PER	FRE1	2014	275.5		
ESTAT:LFST_R_LFSD2POP(1.0)	17/04/26 11:00:00	A	ED5-8	M	Y25-64	THS_PER	FRE2	2014	97.3		
ESTAT:LFST_R_LFSD2POP(1.0)	17/04/26 11:00:00	A	ED5-8	M	Y25-64	THS_PER	FRF1	2014	139.9		
ESTAT:LFST_R_LFSD2POP(1.0)	17/04/26 11:00:00	A	ED5-8	M	Y25-64	THS_PER	FRF2	2014	69.7		
ESTAT:LFST_R_LFSD2POP(1.0)	17/04/26 11:00:00	A	ED5-8	M	Y25-64	THS_PER	FRF3	2014	156.3		
ESTAT:LFST_R_LFSD2POP(1.0)	17/04/26 11:00:00	A	ED5-8	M	Y25-64	THS_PER	FRG0	2014	259.9		
ESTAT:LFST_R_LFSD2POP(1.0)	17/04/26 11:00:00	A	ED5-8	M	Y25-64	THS_PER	FRH0	2014	244.4		
ESTAT:LFST_R_LFSD2POP(1.0)	17/04/26 11:00:00	A	ED5-8	M	Y25-64	THS_PER	FRI1	2014	242.6		
ESTAT:LFST_R_LFSD2POP(1.0)	17/04/26 11:00:00	A	ED5-8	M	Y25-64	THS_PER	FRI2	2014	46.9		
ESTAT:LFST_R_LFSD2POP(1.0)	17/04/26 11:00:00	A	ED5-8	M	Y25-64	THS_PER	FRI3	2014	109.1		
ESTAT:LFST_R_LFSD2POP(1.0)	17/04/26 11:00:00	A	ED5-8	M	Y25-64	THS_PER	FRJ1	2014	187.1		
ESTAT:LFST_R_LFSD2POP(1.0)	17/04/26 11:00:00	A	ED5-8	M	Y25-64	THS_PER	FRJ2	2014	302.9		
ESTAT:LFST_R_LFSD2POP(1.0)	17/04/26 11:00:00	A	ED5-8	M	Y25-64	THS_PER	FRK1	2014	74.6		
ESTAT:LFST_R_LFSD2POP(1.0)	17/04/26 11:00:00	A	ED5-8	M	Y25-64	THS_PER	FRK2	2014	552.9		
ESTAT:LFST_R_LFSD2POP(1.0)	17/04/26 11:00:00	A	ED5-8	M	Y25-64	THS_PER	FRL0	2014	380.1		
ESTAT:LFST_R_LFSD2POP(1.0)	17/04/26 11:00:00	A	ED5-8	M	Y25-64	THS_PER	FRM0	2014	8.6	u	
ESTAT:LFST_R_LFSD2POP(1.0)	17/04/26 11:00:00	A	ED5-8	M	Y35-44	THS_PER	FR10	2014	402.2		
ESTAT:LFST_R_LFSD2POP(1.0)	17/04/26 11:00:00	A	ED5-8	M	Y35-44	THS_PER	FRB0	2014	45.3		
ESTAT:LFST_R_LFSD2POP(1.0)	17/04/26 11:00:00	A	ED5-8	M	Y35-44	THS_PER	FRC1	2014	25.9		
ESTAT:LFST_R_LFSD2POP(1.0)	17/04/26 11:00:00	A	ED5-8	M	Y35-44	THS_PER	FRC2	2014	20.4		
ESTAT:LFST_R_LFSD2POP(1.0)	17/04/26 11:00:00	A	ED5-8	M	Y35-44	THS_PER	FRD1	2014	25.5		
ESTAT:LFST_R_LFSD2POP(1.0)	17/04/26 11:00:00	A	ED5-8	M	Y35-44	THS_PER	FRD2	2014	33.1		
ESTAT:LFST_R_LFSD2POP(1.0)	17/04/26 11:00:00	A	ED5-8	M	Y35-44	THS_PER	FRE1	2014	79.5		
ESTAT:LFST_R_LFSD2POP(1.0)	17/04/26 11:00:00	A	ED5-8	M	Y35-44	THS_PER	FRE2	2014	26.1		
ESTAT:LFST_R_LFSD2POP(1.0)	17/04/26 11:00:00	A	ED5-8	M	Y35-44	THS_PER	FRF1	2014	53.3		
ESTAT:LFST_R_LFSD2POP(1.0)	17/04/26 11:00:00	A	ED5-8	M	Y35-44	THS_PER	FRF2	2014	26.8		
ESTAT:LFST_R_LFSD2POP(1.0)	17/04/26 11:00:00	A	ED5-8	M	Y35-44	THS_PER	FRF3	2014	39.0		
ESTAT:LFST_R_LFSD2POP(1.0)	17/04/26 11:00:00	A	ED5-8	M	Y35-44	THS_PER	FRG0	2014	92.5		
ESTAT:LFST_R_LFSD2POP(1.0)	17/04/26 11:00:00	A	ED5-8	M	Y35-44	THS_PER	FRH0	2014	73.8		
ESTAT:LFST_R_LFSD2POP(1.0)	17/04/26 11:00:00	A	ED5-8	M	Y35-44	THS_PER	FRI1	2014	78.6		
ESTAT:LFST_R_LFSD2POP(1.0)	17/04/26 11:00:00	A	ED5-8	M	Y35-44	THS_PER	FRI2	2014	13.1		
ESTAT:LFST_R_LFSD2POP(1.0)	17/04/26 11:00:00	A	ED5-8	M	Y35-44	THS_PER	FRI3	2014	33.3		
ESTAT:LFST_R_LFSD2POP(1.0)	17/04/26 11:00:00	A	ED5-8	M	Y35-44	THS_PER	FRJ1	2014	64.8		
ESTAT:LFST_R_LFSD2POP(1.0)	17/04/26 11:00:00	A	ED5-8	M	Y35-44	THS_PER	FRJ2	2014	71.3		
ESTAT:LFST_R_LFSD2POP(1.0)	17/04/26 11:00:00	A	ED5-8	M	Y35-44	THS_PER	FRK1	2014	28.3		
ESTAT:LFST_R_LFSD2POP(1.0)	17/04/26 11:00:00	A	ED5-8	M	Y35-44	THS_PER	FRK2	2014	178.6		
ESTAT:LFST_R_LFSD2POP(1.0)	17/04/26 11:00:00	A	ED5-8	M	Y35-44	THS_PER	FRL0	2014	120.8		
ESTAT:LFST_R_LFSD2POP(1.0)	17/04/26 11:00:00	A	ED5-8	M	Y35-44	THS_PER	FRM0	2014	2.3	u	
ESTAT:LFST_R_LFSD2POP(1.0)	17/04/26 11:00:00	A	ED5-8	M	Y45-54	THS_PER	FR10	2014	272.3		
ESTAT:LFST_R_LFSD2POP(1.0)	17/04/26 11:00:00	A	ED5-8	M	Y45-54	THS_PER	FRB0	2014	28.8		
ESTAT:LFST_R_LFSD2POP(1.0)	17/04/26 11:00:00	A	ED5-8	M	Y45-54	THS_PER	FRC1	2014	22.3		
ESTAT:LFST_R_LFSD2POP(1.0)	17/04/26 11:00:00	A	ED5-8	M	Y45-54	THS_PER	FRC2	2014	16.5		
ESTAT:LFST_R_LFSD2POP(1.0)	17/04/26 11:00:00	A	ED5-8	M	Y45-54	THS_PER	FRD1	2014	16.5		
ESTAT:LFST_R_LFSD2POP(1.0)	17/04/26 11:00:00	A	ED5-8	M	Y45-54	THS_PER	FRD2	2014	17.5		
ESTAT:LFST_R_LFSD2POP(1.0)	17/04/26 11:00:00	A	ED5-8	M	Y45-54	THS_PER	FRE1	2014	51.7		
ESTAT:LFST_R_LFSD2POP(1.0)	17/04/26 11:00:00	A	ED5-8	M	Y45-54	THS_PER	FRE2	2014	23.1		
ESTAT:LFST_R_LFSD2POP(1.0)	17/04/26 11:00:00	A	ED5-8	M	Y45-54	THS_PER	FRF1	2014	28.2		
ESTAT:LFST_R_LFSD2POP(1.0)	17/04/26 11:00:00	A	ED5-8	M	Y45-54	THS_PER	FRF2	2014	14.4		
ESTAT:LFST_R_LFSD2POP(1.0)	17/04/26 11:00:00	A	ED5-8	M	Y45-54	THS_PER	FRF3	2014	31.3		
ESTAT:LFST_R_LFSD2POP(1.0)	17/04/26 11:00:00	A	ED5-8	M	Y45-54	THS_PER	FRG0	2014	54.9		
ESTAT:LFST_R_LFSD2POP(1.0)	17/04/26 11:00:00	A	ED5-8	M	Y45-54	THS_PER	FRH0	2014	53.4		
ESTAT:LFST_R_LFSD2POP(1.0)	17/04/26 11:00:00	A	ED5-8	M	Y45-54	THS_PER	FRI1	2014	60.6		
ESTAT:LFST_R_LFSD2POP(1.0)	17/04/26 11:00:00	A	ED5-8	M	Y45-54	THS_PER	FRI2	2014	8.0	u	
ESTAT:LFST_R_LFSD2POP(1.0)	17/04/26 11:00:00	A	ED5-8	M	Y45-54	THS_PER	FRI3	2014	23.7		
ESTAT:LFST_R_LFSD2POP(1.0)	17/04/26 11:00:00	A	ED5-8	M	Y45-54	THS_PER	FRJ1	2014	48.0		
ESTAT:LFST_R_LFSD2POP(1.0)	17/04/26 11:00:00	A	ED5-8	M	Y45-54	THS_PER	FRJ2	2014	58.6		
ESTAT:LFST_R_LFSD2POP(1.0)	17/04/26 11:00:00	A	ED5-8	M	Y45-54	THS_PER	FRK1	2014	15.5		
ESTAT:LFST_R_LFSD2POP(1.0)	17/04/26 11:00:00	A	ED5-8	M	Y45-54	THS_PER	FRK2	2014	120.5		
ESTAT:LFST_R_LFSD2POP(1.0)	17/04/26 11:00:00	A	ED5-8	M	Y45-54	THS_PER	FRL0	2014	88.3		
ESTAT:LFST_R_LFSD2POP(1.0)	17/04/26 11:00:00	A	ED5-8	M	Y45-54	THS_PER	FRM0	2014	2.6	u	
ESTAT:LFST_R_LFSD2POP(1.0)	17/04/26 11:00:00	A	ED5-8	M	Y55-64	THS_PER	FR10	2014	211.9		
ESTAT:LFST_R_LFSD2POP(1.0)	17/04/26 11:00:00	A	ED5-8	M	Y55-64	THS_PER	FRB0	2014	35.2		
ESTAT:LFST_R_LFSD2POP(1.0)	17/04/26 11:00:00	A	ED5-8	M	Y55-64	THS_PER	FRC1	2014	24.7		
ESTAT:LFST_R_LFSD2POP(1.0)	17/04/26 11:00:00	A	ED5-8	M	Y55-64	THS_PER	FRC2	2014	14.9		
ESTAT:LFST_R_LFSD2POP(1.0)	17/04/26 11:00:00	A	ED5-8	M	Y55-64	THS_PER	FRD1	2014	12.1		
ESTAT:LFST_R_LFSD2POP(1.0)	17/04/26 11:00:00	A	ED5-8	M	Y55-64	THS_PER	FRD2	2014	14.7		
ESTAT:LFST_R_LFSD2POP(1.0)	17/04/26 11:00:00	A	ED5-8	M	Y55-64	THS_PER	FRE1	2014	42.2		
ESTAT:LFST_R_LFSD2POP(1.0)	17/04/26 11:00:00	A	ED5-8	M	Y55-64	THS_PER	FRE2	2014	19.3		
ESTAT:LFST_R_LFSD2POP(1.0)	17/04/26 11:00:00	A	ED5-8	M	Y55-64	THS_PER	FRF1	2014	23.3		
ESTAT:LFST_R_LFSD2POP(1.0)	17/04/26 11:00:00	A	ED5-8	M	Y55-64	THS_PER	FRF2	2014	10.7		
ESTAT:LFST_R_LFSD2POP(1.0)	17/04/26 11:00:00	A	ED5-8	M	Y55-64	THS_PER	FRF3	2014	30.5		
ESTAT:LFST_R_LFSD2POP(1.0)	17/04/26 11:00:00	A	ED5-8	M	Y55-64	THS_PER	FRG0	2014	38.9		
ESTAT:LFST_R_LFSD2POP(1.0)	17/04/26 11:00:00	A	ED5-8	M	Y55-64	THS_PER	FRH0	2014	38.6		
ESTAT:LFST_R_LFSD2POP(1.0)	17/04/26 11:00:00	A	ED5-8	M	Y55-64	THS_PER	FRI1	2014	35.6		
ESTAT:LFST_R_LFSD2POP(1.0)	17/04/26 11:00:00	A	ED5-8	M	Y55-64	THS_PER	FRI2	2014	11.9		
ESTAT:LFST_R_LFSD2POP(1.0)	17/04/26 11:00:00	A	ED5-8	M	Y55-64	THS_PER	FRI3	2014	20.9		
ESTAT:LFST_R_LFSD2POP(1.0)	17/04/26 11:00:00	A	ED5-8	M	Y55-64	THS_PER	FRJ1	2014	36.6		
ESTAT:LFST_R_LFSD2POP(1.0)	17/04/26 11:00:00	A	ED5-8	M	Y55-64	THS_PER	FRJ2	2014	41.4		
ESTAT:LFST_R_LFSD2POP(1.0)	17/04/26 11:00:00	A	ED5-8	M	Y55-64	THS_PER	FRK1	2014	9.5	u	
ESTAT:LFST_R_LFSD2POP(1.0)	17/04/26 11:00:00	A	ED5-8	M	Y55-64	THS_PER	FRK2	2014	86.4		
ESTAT:LFST_R_LFSD2POP(1.0)	17/04/26 11:00:00	A	ED5-8	M	Y55-64	THS_PER	FRL0	2014	76.1		
ESTAT:LFST_R_LFSD2POP(1.0)	17/04/26 11:00:00	A	ED5-8	M	Y55-64	THS_PER	FRM0	2014	3.0	u	
ESTAT:LFST_R_LFSD2POP(1.0)	17/04/26 11:00:00	A	ED5-8	M	Y_GE15	THS_PER	FR10	2014	1586.5		
ESTAT:LFST_R_LFSD2POP(1.0)	17/04/26 11:00:00	A	ED5-8	M	Y_GE15	THS_PER	FRB0	2014	194.3		
ESTAT:LFST_R_LFSD2POP(1.0)	17/04/26 11:00:00	A	ED5-8	M	Y_GE15	THS_PER	FRC1	2014	127.2		
ESTAT:LFST_R_LFSD2POP(1.0)	17/04/26 11:00:00	A	ED5-8	M	Y_GE15	THS_PER	FRC2	2014	94.2		
ESTAT:LFST_R_LFSD2POP(1.0)	17/04/26 11:00:00	A	ED5-8	M	Y_GE15	THS_PER	FRD1	2014	111.3		
ESTAT:LFST_R_LFSD2POP(1.0)	17/04/26 11:00:00	A	ED5-8	M	Y_GE15	THS_PER	FRD2	2014	122.6		
ESTAT:LFST_R_LFSD2POP(1.0)	17/04/26 11:00:00	A	ED5-8	M	Y_GE15	THS_PER	FRE1	2014	328.7		
ESTAT:LFST_R_LFSD2POP(1.0)	17/04/26 11:00:00	A	ED5-8	M	Y_GE15	THS_PER	FRE2	2014	120.1		
ESTAT:LFST_R_LFSD2POP(1.0)	17/04/26 11:00:00	A	ED5-8	M	Y_GE15	THS_PER	FRF1	2014	179.2		
ESTAT:LFST_R_LFSD2POP(1.0)	17/04/26 11:00:00	A	ED5-8	M	Y_GE15	THS_PER	FRF2	2014	93.7		
ESTAT:LFST_R_LFSD2POP(1.0)	17/04/26 11:00:00	A	ED5-8	M	Y_GE15	THS_PER	FRF3	2014	203.0		
ESTAT:LFST_R_LFSD2POP(1.0)	17/04/26 11:00:00	A	ED5-8	M	Y_GE15	THS_PER	FRG0	2014	325.0		
ESTAT:LFST_R_LFSD2POP(1.0)	17/04/26 11:00:00	A	ED5-8	M	Y_GE15	THS_PER	FRH0	2014	303.2		
ESTAT:LFST_R_LFSD2POP(1.0)	17/04/26 11:00:00	A	ED5-8	M	Y_GE15	THS_PER	FRI1	2014	326.8		
ESTAT:LFST_R_LFSD2POP(1.0)	17/04/26 11:00:00	A	ED5-8	M	Y_GE15	THS_PER	FRI2	2014	59.3		
ESTAT:LFST_R_LFSD2POP(1.0)	17/04/26 11:00:00	A	ED5-8	M	Y_GE15	THS_PER	FRI3	2014	140.7		
ESTAT:LFST_R_LFSD2POP(1.0)	17/04/26 11:00:00	A	ED5-8	M	Y_GE15	THS_PER	FRJ1	2014	245.0		
ESTAT:LFST_R_LFSD2POP(1.0)	17/04/26 11:00:00	A	ED5-8	M	Y_GE15	THS_PER	FRJ2	2014	353.8		
ESTAT:LFST_R_LFSD2POP(1.0)	17/04/26 11:00:00	A	ED5-8	M	Y_GE15	THS_PER	FRK1	2014	106.0		
ESTAT:LFST_R_LFSD2POP(1.0)	17/04/26 11:00:00	A	ED5-8	M	Y_GE15	THS_PER	FRK2	2014	691.2		
ESTAT:LFST_R_LFSD2POP(1.0)	17/04/26 11:00:00	A	ED5-8	M	Y_GE15	THS_PER	FRL0	2014	500.3		
ESTAT:LFST_R_LFSD2POP(1.0)	17/04/26 11:00:00	A	ED5-8	M	Y_GE15	THS_PER	FRM0	2014	13.1	u	
ESTAT:LFST_R_LFSD2POP(1.0)	17/04/26 11:00:00	A	ED5-8	M	Y_GE25	THS_PER	FR10	2014	1491.6		
ESTAT:LFST_R_LFSD2POP(1.0)	17/04/26 11:00:00	A	ED5-8	M	Y_GE25	THS_PER	FRB0	2014	173.5		
ESTAT:LFST_R_LFSD2POP(1.0)	17/04/26 11:00:00	A	ED5-8	M	Y_GE25	THS_PER	FRC1	2014	113.7		
ESTAT:LFST_R_LFSD2POP(1.0)	17/04/26 11:00:00	A	ED5-8	M	Y_GE25	THS_PER	FRC2	2014	86.6		
ESTAT:LFST_R_LFSD2POP(1.0)	17/04/26 11:00:00	A	ED5-8	M	Y_GE25	THS_PER	FRD1	2014	96.5		
ESTAT:LFST_R_LFSD2POP(1.0)	17/04/26 11:00:00	A	ED5-8	M	Y_GE25	THS_PER	FRD2	2014	109.5		
ESTAT:LFST_R_LFSD2POP(1.0)	17/04/26 11:00:00	A	ED5-8	M	Y_GE25	THS_PER	FRE1	2014	301.1		
ESTAT:LFST_R_LFSD2POP(1.0)	17/04/26 11:00:00	A	ED5-8	M	Y_GE25	THS_PER	FRE2	2014	109.0		
ESTAT:LFST_R_LFSD2POP(1.0)	17/04/26 11:00:00	A	ED5-8	M	Y_GE25	THS_PER	FRF1	2014	160.0		
ESTAT:LFST_R_LFSD2POP(1.0)	17/04/26 11:00:00	A	ED5-8	M	Y_GE25	THS_PER	FRF2	2014	82.8		
ESTAT:LFST_R_LFSD2POP(1.0)	17/04/26 11:00:00	A	ED5-8	M	Y_GE25	THS_PER	FRF3	2014	182.3		
ESTAT:LFST_R_LFSD2POP(1.0)	17/04/26 11:00:00	A	ED5-8	M	Y_GE25	THS_PER	FRG0	2014	295.1		
ESTAT:LFST_R_LFSD2POP(1.0)	17/04/26 11:00:00	A	ED5-8	M	Y_GE25	THS_PER	FRH0	2014	280.8		
ESTAT:LFST_R_LFSD2POP(1.0)	17/04/26 11:00:00	A	ED5-8	M	Y_GE25	THS_PER	FRI1	2014	299.9		
ESTAT:LFST_R_LFSD2POP(1.0)	17/04/26 11:00:00	A	ED5-8	M	Y_GE25	THS_PER	FRI2	2014	54.1		
ESTAT:LFST_R_LFSD2POP(1.0)	17/04/26 11:00:00	A	ED5-8	M	Y_GE25	THS_PER	FRI3	2014	125.2		
ESTAT:LFST_R_LFSD2POP(1.0)	17/04/26 11:00:00	A	ED5-8	M	Y_GE25	THS_PER	FRJ1	2014	234.8		
ESTAT:LFST_R_LFSD2POP(1.0)	17/04/26 11:00:00	A	ED5-8	M	Y_GE25	THS_PER	FRJ2	2014	334.6		
ESTAT:LFST_R_LFSD2POP(1.0)	17/04/26 11:00:00	A	ED5-8	M	Y_GE25	THS_PER	FRK1	2014	95.0		
ESTAT:LFST_R_LFSD2POP(1.0)	17/04/26 11:00:00	A	ED5-8	M	Y_GE25	THS_PER	FRK2	2014	633.3		
ESTAT:LFST_R_LFSD2POP(1.0)	17/04/26 11:00:00	A	ED5-8	M	Y_GE25	THS_PER	FRL0	2014	467.4		
ESTAT:LFST_R_LFSD2POP(1.0)	17/04/26 11:00:00	A	ED5-8	M	Y_GE25	THS_PER	FRM0	2014	12.8	u	
ESTAT:LFST_R_LFSD2POP(1.0)	17/04/26 11:00:00	A	ED5-8	M	Y_GE65	THS_PER	FR10	2014	188.8		
ESTAT:LFST_R_LFSD2POP(1.0)	17/04/26 11:00:00	A	ED5-8	M	Y_GE65	THS_PER	FRB0	2014	23.4		
ESTAT:LFST_R_LFSD2POP(1.0)	17/04/26 11:00:00	A	ED5-8	M	Y_GE65	THS_PER	FRC1	2014	13.7		
ESTAT:LFST_R_LFSD2POP(1.0)	17/04/26 11:00:00	A	ED5-8	M	Y_GE65	THS_PER	FRC2	2014	11.1		
ESTAT:LFST_R_LFSD2POP(1.0)	17/04/26 11:00:00	A	ED5-8	M	Y_GE65	THS_PER	FRD1	2014	17.3		
ESTAT:LFST_R_LFSD2POP(1.0)	17/04/26 11:00:00	A	ED5-8	M	Y_GE65	THS_PER	FRD2	2014	14.0		
ESTAT:LFST_R_LFSD2POP(1.0)	17/04/26 11:00:00	A	ED5-8	M	Y_GE65	THS_PER	FRE1	2014	25.7		
ESTAT:LFST_R_LFSD2POP(1.0)	17/04/26 11:00:00	A	ED5-8	M	Y_GE65	THS_PER	FRE2	2014	11.7		
ESTAT:LFST_R_LFSD2POP(1.0)	17/04/26 11:00:00	A	ED5-8	M	Y_GE65	THS_PER	FRF1	2014	20.1		
ESTAT:LFST_R_LFSD2POP(1.0)	17/04/26 11:00:00	A	ED5-8	M	Y_GE65	THS_PER	FRF2	2014	13.0		
ESTAT:LFST_R_LFSD2POP(1.0)	17/04/26 11:00:00	A	ED5-8	M	Y_GE65	THS_PER	FRF3	2014	26.0		
ESTAT:LFST_R_LFSD2POP(1.0)	17/04/26 11:00:00	A	ED5-8	M	Y_GE65	THS_PER	FRG0	2014	35.1		
ESTAT:LFST_R_LFSD2POP(1.0)	17/04/26 11:00:00	A	ED5-8	M	Y_GE65	THS_PER	FRH0	2014	36.3		
ESTAT:LFST_R_LFSD2POP(1.0)	17/04/26 11:00:00	A	ED5-8	M	Y_GE65	THS_PER	FRI1	2014	57.3		
ESTAT:LFST_R_LFSD2POP(1.0)	17/04/26 11:00:00	A	ED5-8	M	Y_GE65	THS_PER	FRI2	2014	7.3	u	
ESTAT:LFST_R_LFSD2POP(1.0)	17/04/26 11:00:00	A	ED5-8	M	Y_GE65	THS_PER	FRI3	2014	16.1		
ESTAT:LFST_R_LFSD2POP(1.0)	17/04/26 11:00:00	A	ED5-8	M	Y_GE65	THS_PER	FRJ1	2014	47.7		
ESTAT:LFST_R_LFSD2POP(1.0)	17/04/26 11:00:00	A	ED5-8	M	Y_GE65	THS_PER	FRJ2	2014	31.7		
ESTAT:LFST_R_LFSD2POP(1.0)	17/04/26 11:00:00	A	ED5-8	M	Y_GE65	THS_PER	FRK1	2014	20.3		
ESTAT:LFST_R_LFSD2POP(1.0)	17/04/26 11:00:00	A	ED5-8	M	Y_GE65	THS_PER	FRK2	2014	80.4		
ESTAT:LFST_R_LFSD2POP(1.0)	17/04/26 11:00:00	A	ED5-8	M	Y_GE65	THS_PER	FRL0	2014	87.3		
ESTAT:LFST_R_LFSD2POP(1.0)	17/04/26 11:00:00	A	ED5-8	M	Y_GE65	THS_PER	FRM0	2014	4.2	u	
ESTAT:LFST_R_LFSD2POP(1.0)	17/04/26 11:00:00	A	ED5-8	T	Y15-24	THS_PER	FR10	2014	243.6		
ESTAT:LFST_R_LFSD2POP(1.0)	17/04/26 11:00:00	A	ED5-8	T	Y15-24	THS_PER	FRB0	2014	39.4		
ESTAT:LFST_R_LFSD2POP(1.0)	17/04/26 11:00:00	A	ED5-8	T	Y15-24	THS_PER	FRC1	2014	30.1		
ESTAT:LFST_R_LFSD2POP(1.0)	17/04/26 11:00:00	A	ED5-8	T	Y15-24	THS_PER	FRC2	2014	16.5		
ESTAT:LFST_R_LFSD2POP(1.0)	17/04/26 11:00:00	A	ED5-8	T	Y15-24	THS_PER	FRD1	2014	26.5		
ESTAT:LFST_R_LFSD2POP(1.0)	17/04/26 11:00:00	A	ED5-8	T	Y15-24	THS_PER	FRD2	2014	31.0		
ESTAT:LFST_R_LFSD2POP(1.0)	17/04/26 11:00:00	A	ED5-8	T	Y15-24	THS_PER	FRE1	2014	70.8		
ESTAT:LFST_R_LFSD2POP(1.0)	17/04/26 11:00:00	A	ED5-8	T	Y15-24	THS_PER	FRE2	2014	22.6		
ESTAT:LFST_R_LFSD2POP(1.0)	17/04/26 11:00:00	A	ED5-8	T	Y15-24	THS_PER	FRF1	2014	35.6		
ESTAT:LFST_R_LFSD2POP(1.0)	17/04/26 11:00:00	A	ED5-8	T	Y15-24	THS_PER	FRF2	2014	19.5		
ESTAT:LFST_R_LFSD2POP(1.0)	17/04/26 11:00:00	A	ED5-8	T	Y15-24	THS_PER	FRF3	2014	45.7		
ESTAT:LFST_R_LFSD2POP(1.0)	17/04/26 11:00:00	A	ED5-8	T	Y15-24	THS_PER	FRG0	2014	52.9		
ESTAT:LFST_R_LFSD2POP(1.0)	17/04/26 11:00:00	A	ED5-8	T	Y15-24	THS_PER	FRH0	2014	52.7		
ESTAT:LFST_R_LFSD2POP(1.0)	17/04/26 11:00:00	A	ED5-8	T	Y15-24	THS_PER	FRI1	2014	49.8		
ESTAT:LFST_R_LFSD2POP(1.0)	17/04/26 11:00:00	A	ED5-8	T	Y15-24	THS_PER	FRI2	2014	8.6	u	
ESTAT:LFST_R_LFSD2POP(1.0)	17/04/26 11:00:00	A	ED5-8	T	Y15-24	THS_PER	FRI3	2014	34.1		
ESTAT:LFST_R_LFSD2POP(1.0)	17/04/26 11:00:00	A	ED5-8	T	Y15-24	THS_PER	FRJ1	2014	33.6		
ESTAT:LFST_R_LFSD2POP(1.0)	17/04/26 11:00:00	A	ED5-8	T	Y15-24	THS_PER	FRJ2	2014	44.5		
ESTAT:LFST_R_LFSD2POP(1.0)	17/04/26 11:00:00	A	ED5-8	T	Y15-24	THS_PER	FRK1	2014	19.2		
ESTAT:LFST_R_LFSD2POP(1.0)	17/04/26 11:00:00	A	ED5-8	T	Y15-24	THS_PER	FRK2	2014	119.0		
ESTAT:LFST_R_LFSD2POP(1.0)	17/04/26 11:00:00	A	ED5-8	T	Y15-24	THS_PER	FRL0	2014	80.5		
ESTAT:LFST_R_LFSD2POP(1.0)	17/04/26 11:00:00	A	ED5-8	T	Y15-24	THS_PER	FRM0	2014	1.0	u	
ESTAT:LFST_R_LFSD2POP(1.0)	17/04/26 11:00:00	A	ED5-8	T	Y15-64	THS_PER	FR10	2014	3024.7		
ESTAT:LFST_R_LFSD2POP(1.0)	17/04/26 11:00:00	A	ED5-8	T	Y15-64	THS_PER	FRB0	2014	386.3		
ESTAT:LFST_R_LFSD2POP(1.0)	17/04/26 11:00:00	A	ED5-8	T	Y15-64	THS_PER	FRC1	2014	253.4		
ESTAT:LFST_R_LFSD2POP(1.0)	17/04/26 11:00:00	A	ED5-8	T	Y15-64	THS_PER	FRC2	2014	178.7		
ESTAT:LFST_R_LFSD2POP(1.0)	17/04/26 11:00:00	A	ED5-8	T	Y15-64	THS_PER	FRD1	2014	208.0		
ESTAT:LFST_R_LFSD2POP(1.0)	17/04/26 11:00:00	A	ED5-8	T	Y15-64	THS_PER	FRD2	2014	261.5		
ESTAT:LFST_R_LFSD2POP(1.0)	17/04/26 11:00:00	A	ED5-8	T	Y15-64	THS_PER	FRE1	2014	676.5		
ESTAT:LFST_R_LFSD2POP(1.0)	17/04/26 11:00:00	A	ED5-8	T	Y15-64	THS_PER	FRE2	2014	237.8		
ESTAT:LFST_R_LFSD2POP(1.0)	17/04/26 11:00:00	A	ED5-8	T	Y15-64	THS_PER	FRF1	2014	331.8		
ESTAT:LFST_R_LFSD2POP(1.0)	17/04/26 11:00:00	A	ED5-8	T	Y15-64	THS_PER	FRF2	2014	173.3		
ESTAT:LFST_R_LFSD2POP(1.0)	17/04/26 11:00:00	A	ED5-8	T	Y15-64	THS_PER	FRF3	2014	383.1		
ESTAT:LFST_R_LFSD2POP(1.0)	17/04/26 11:00:00	A	ED5-8	T	Y15-64	THS_PER	FRG0	2014	616.9		
ESTAT:LFST_R_LFSD2POP(1.0)	17/04/26 11:00:00	A	ED5-8	T	Y15-64	THS_PER	FRH0	2014	602.6		
ESTAT:LFST_R_LFSD2POP(1.0)	17/04/26 11:00:00	A	ED5-8	T	Y15-64	THS_PER	FRI1	2014	608.1		
ESTAT:LFST_R_LFSD2POP(1.0)	17/04/26 11:00:00	A	ED5-8	T	Y15-64	THS_PER	FRI2	2014	112.9		
ESTAT:LFST_R_LFSD2POP(1.0)	17/04/26 11:00:00	A	ED5-8	T	Y15-64	THS_PER	FRI3	2014	263.6		
ESTAT:LFST_R_LFSD2POP(1.0)	17/04/26 11:00:00	A	ED5-8	T	Y15-64	THS_PER	FRJ1	2014	463.1		
ESTAT:LFST_R_LFSD2POP(1.0)	17/04/26 11:00:00	A	ED5-8	T	Y15-64	THS_PER	FRJ2	2014	680.0		
ESTAT:LFST_R_LFSD2POP(1.0)	17/04/26 11:00:00	A	ED5-8	T	Y15-64	THS_PER	FRK1	2014	196.4		
ESTAT:LFST_R_LFSD2POP(1.0)	17/04/26 11:00:00	A	ED5-8	T	Y15-64	THS_PER	FRK2	2014	1329.0		
ESTAT:LFST_R_LFSD2POP(1.0)	17/04/26 11:00:00	A	ED5-8	T	Y15-64	THS_PER	FRL0	2014	970.9		
ESTAT:LFST_R_LFSD2POP(1.0)	17/04/26 11:00:00	A	ED5-8	T	Y15-64	THS_PER	FRM0	2014	22.5	u	
ESTAT:LFST_R_LFSD2POP(1.0)	17/04/26 11:00:00	A	ED5-8	T	Y15-74	THS_PER	FR10	2014	3269.2		
ESTAT:LFST_R_LFSD2POP(1.0)	17/04/26 11:00:00	A	ED5-8	T	Y15-74	THS_PER	FRB0	2014	420.8		
ESTAT:LFST_R_LFSD2POP(1.0)	17/04/26 11:00:00	A	ED5-8	T	Y15-74	THS_PER	FRC1	2014	277.7		
ESTAT:LFST_R_LFSD2POP(1.0)	17/04/26 11:00:00	A	ED5-8	T	Y15-74	THS_PER	FRC2	2014	190.9		
ESTAT:LFST_R_LFSD2POP(1.0)	17/04/26 11:00:00	A	ED5-8	T	Y15-74	THS_PER	FRD1	2014	231.8		
ESTAT:LFST_R_LFSD2POP(1.0)	17/04/26 11:00:00	A	ED5-8	T	Y15-74	THS_PER	FRD2	2014	279.4		
ESTAT:LFST_R_LFSD2POP(1.0)	17/04/26 11:00:00	A	ED5-8	T	Y15-74	THS_PER	FRE1	2014	718.0		
ESTAT:LFST_R_LFSD2POP(1.0)	17/04/26 11:00:00	A	ED5-8	T	Y15-74	THS_PER	FRE2	2014	252.4		
ESTAT:LFST_R_LFSD2POP(1.0)	17/04/26 11:00:00	A	ED5-8	T	Y15-74	THS_PER	FRF1	2014	355.7		
ESTAT:LFST_R_LFSD2POP(1.0)	17/04/26 11:00:00	A	ED5-8	T	Y15-74	THS_PER	FRF2	2014	192.2		
ESTAT:LFST_R_LFSD2POP(1.0)	17/04/26 11:00:00	A	ED5-8	T	Y15-74	THS_PER	FRF3	2014	415.4		
ESTAT:LFST_R_LFSD2POP(1.0)	17/04/26 11:00:00	A	ED5-8	T	Y15-74	THS_PER	FRG0	2014	667.2		
ESTAT:LFST_R_LFSD2POP(1.0)	17/04/26 11:00:00	A	ED5-8	T	Y15-74	THS_PER	FRH0	2014	653.1		
ESTAT:LFST_R_LFSD2POP(1.0)	17/04/26 11:00:00	A	ED5-8	T	Y15-74	THS_PER	FRI1	2014	677.6		
ESTAT:LFST_R_LFSD2POP(1.0)	17/04/26 11:00:00	A	ED5-8	T	Y15-74	THS_PER	FRI2	2014	124.2		
ESTAT:LFST_R_LFSD2POP(1.0)	17/04/26 11:00:00	A	ED5-8	T	Y15-74	THS_PER	FRI3	2014	285.0		
ESTAT:LFST_R_LFSD2POP(1.0)	17/04/26 11:00:00	A	ED5-8	T	Y15-74	THS_PER	FRJ1	2014	523.7		
ESTAT:LFST_R_LFSD2POP(1.0)	17/04/26 11:00:00	A	ED5-8	T	Y15-74	THS_PER	FRJ2	2014	730.9		
ESTAT:LFST_R_LFSD2POP(1.0)	17/04/26 11:00:00	A	ED5-8	T	Y15-74	THS_PER	FRK1	2014	222.9		
ESTAT:LFST_R_LFSD2POP(1.0)	17/04/26 11:00:00	A	ED5-8	T	Y15-74	THS_PER	FRK2	2014	1443.8		
ESTAT:LFST_R_LFSD2POP(1.0)	17/04/26 11:00:00	A	ED5-8	T	Y15-74	THS_PER	FRL0	2014	1081.8		
ESTAT:LFST_R_LFSD2POP(1.0)	17/04/26 11:00:00	A	ED5-8	T	Y15-74	THS_PER	FRM0	2014	28.7	u	
ESTAT:LFST_R_LFSD2POP(1.0)	17/04/26 11:00:00	A	ED5-8	T	Y20-64	THS_PER	FR10	2014	3021.5		
ESTAT:LFST_R_LFSD2POP(1.0)	17/04/26 11:00:00	A	ED5-8	T	Y20-64	THS_PER	FRB0	2014	385.7		
ESTAT:LFST_R_LFSD2POP(1.0)	17/04/26 11:00:00	A	ED5-8	T	Y20-64	THS_PER	FRC1	2014	252.9		
ESTAT:LFST_R_LFSD2POP(1.0)	17/04/26 11:00:00	A	ED5-8	T	Y20-64	THS_PER	FRC2	2014	178.5		
ESTAT:LFST_R_LFSD2POP(1.0)	17/04/26 11:00:00	A	ED5-8	T	Y20-64	THS_PER	FRD1	2014	207.9		
ESTAT:LFST_R_LFSD2POP(1.0)	17/04/26 11:00:00	A	ED5-8	T	Y20-64	THS_PER	FRD2	2014	260.8		
ESTAT:LFST_R_LFSD2POP(1.0)	17/04/26 11:00:00	A	ED5-8	T	Y20-64	THS_PER	FRE1	2014	675.9		
ESTAT:LFST_R_LFSD2POP(1.0)	17/04/26 11:00:00	A	ED5-8	T	Y20-64	THS_PER	FRE2	2014	237.6		
ESTAT:LFST_R_LFSD2POP(1.0)	17/04/26 11:00:00	A	ED5-8	T	Y20-64	THS_PER	FRF1	2014	331.2		
ESTAT:LFST_R_LFSD2POP(1.0)	17/04/26 11:00:00	A	ED5-8	T	Y20-64	THS_PER	FRF2	2014	172.8		
ESTAT:LFST_R_LFSD2POP(1.0)	17/04/26 11:00:00	A	ED5-8	T	Y20-64	THS_PER	FRF3	2014	382.9		
ESTAT:LFST_R_LFSD2POP(1.0)	17/04/26 11:00:00	A	ED5-8	T	Y20-64	THS_PER	FRG0	2014	616.2		
ESTAT:LFST_R_LFSD2POP(1.0)	17/04/26 11:00:00	A	ED5-8	T	Y20-64	THS_PER	FRH0	2014	601.7		
ESTAT:LFST_R_LFSD2POP(1.0)	17/04/26 11:00:00	A	ED5-8	T	Y20-64	THS_PER	FRI1	2014	607.7		
ESTAT:LFST_R_LFSD2POP(1.0)	17/04/26 11:00:00	A	ED5-8	T	Y20-64	THS_PER	FRI2	2014	112.8		
ESTAT:LFST_R_LFSD2POP(1.0)	17/04/26 11:00:00	A	ED5-8	T	Y20-64	THS_PER	FRI3	2014	262.3		
ESTAT:LFST_R_LFSD2POP(1.0)	17/04/26 11:00:00	A	ED5-8	T	Y20-64	THS_PER	FRJ1	2014	461.7		
ESTAT:LFST_R_LFSD2POP(1.0)	17/04/26 11:00:00	A	ED5-8	T	Y20-64	THS_PER	FRJ2	2014	679.9		
ESTAT:LFST_R_LFSD2POP(1.0)	17/04/26 11:00:00	A	ED5-8	T	Y20-64	THS_PER	FRK1	2014	196.3		
ESTAT:LFST_R_LFSD2POP(1.0)	17/04/26 11:00:00	A	ED5-8	T	Y20-64	THS_PER	FRK2	2014	1327.9		
ESTAT:LFST_R_LFSD2POP(1.0)	17/04/26 11:00:00	A	ED5-8	T	Y20-64	THS_PER	FRL0	2014	969.6		
ESTAT:LFST_R_LFSD2POP(1.0)	17/04/26 11:00:00	A	ED5-8	T	Y20-64	THS_PER	FRM0	2014	22.5	u	
ESTAT:LFST_R_LFSD2POP(1.0)	17/04/26 11:00:00	A	ED5-8	T	Y25-34	THS_PER	FR10	2014	934.8		
ESTAT:LFST_R_LFSD2POP(1.0)	17/04/26 11:00:00	A	ED5-8	T	Y25-34	THS_PER	FRB0	2014	96.3		
ESTAT:LFST_R_LFSD2POP(1.0)	17/04/26 11:00:00	A	ED5-8	T	Y25-34	THS_PER	FRC1	2014	63.9		
ESTAT:LFST_R_LFSD2POP(1.0)	17/04/26 11:00:00	A	ED5-8	T	Y25-34	THS_PER	FRC2	2014	51.6		
ESTAT:LFST_R_LFSD2POP(1.0)	17/04/26 11:00:00	A	ED5-8	T	Y25-34	THS_PER	FRD1	2014	56.1		
ESTAT:LFST_R_LFSD2POP(1.0)	17/04/26 11:00:00	A	ED5-8	T	Y25-34	THS_PER	FRD2	2014	73.2		
ESTAT:LFST_R_LFSD2POP(1.0)	17/04/26 11:00:00	A	ED5-8	T	Y25-34	THS_PER	FRE1	2014	228.8		
ESTAT:LFST_R_LFSD2POP(1.0)	17/04/26 11:00:00	A	ED5-8	T	Y25-34	THS_PER	FRE2	2014	66.3		
ESTAT:LFST_R_LFSD2POP(1.0)	17/04/26 11:00:00	A	ED5-8	T	Y25-34	THS_PER	FRF1	2014	88.7		
ESTAT:LFST_R_LFSD2POP(1.0)	17/04/26 11:00:00	A	ED5-8	T	Y25-34	THS_PER	FRF2	2014	43.7		
ESTAT:LFST_R_LFSD2POP(1.0)	17/04/26 11:00:00	A	ED5-8	T	Y25-34	THS_PER	FRF3	2014	121.5		
ESTAT:LFST_R_LFSD2POP(1.0)	17/04/26 11:00:00	A	ED5-8	T	Y25-34	THS_PER	FRG0	2014	161.2		
ESTAT:LFST_R_LFSD2POP(1.0)	17/04/26 11:00:00	A	ED5-8	T	Y25-34	THS_PER	FRH0	2014	178.5		
ESTAT:LFST_R_LFSD2POP(1.0)	17/04/26 11:00:00	A	ED5-8	T	Y25-34	THS_PER	FRI1	2014	145.0		
ESTAT:LFST_R_LFSD2POP(1.0)	17/04/26 11:00:00	A	ED5-8	T	Y25-34	THS_PER	FRI2	2014	29.2		
ESTAT:LFST_R_LFSD2POP(1.0)	17/04/26 11:00:00	A	ED5-8	T	Y25-34	THS_PER	FRI3	2014	71.0		
ESTAT:LFST_R_LFSD2POP(1.0)	17/04/26 11:00:00	A	ED5-8	T	Y25-34	THS_PER	FRJ1	2014	99.0		
ESTAT:LFST_R_LFSD2POP(1.0)	17/04/26 11:00:00	A	ED5-8	T	Y25-34	THS_PER	FRJ2	2014	249.9		
ESTAT:LFST_R_LFSD2POP(1.0)	17/04/26 11:00:00	A	ED5-8	T	Y25-34	THS_PER	FRK1	2014	55.8		
ESTAT:LFST_R_LFSD2POP(1.0)	17/04/26 11:00:00	A	ED5-8	T	Y25-34	THS_PER	FRK2	2014	379.7		
ESTAT:LFST_R_LFSD2POP(1.0)	17/04/26 11:00:00	A	ED5-8	T	Y25-34	THS_PER	FRL0	2014	250.6		
ESTAT:LFST_R_LFSD2POP(1.0)	17/04/26 11:00:00	A	ED5-8	T	Y25-34	THS_PER	FRM0	2014	2.6	u	
ESTAT:LFST_R_LFSD2POP(1.0)	17/04/26 11:00:00	A	ED5-8	T	Y25-64	THS_PER	FR10	2014	2781.1		
ESTAT:LFST_R_LFSD2POP(1.0)	17/04/26 11:00:00	A	ED5-8	T	Y25-64	THS_PER	FRB0	2014	346.9		
ESTAT:LFST_R_LFSD2POP(1.0)	17/04/26 11:00:00	A	ED5-8	T	Y25-64	THS_PER	FRC1	2014	223.3		
ESTAT:LFST_R_LFSD2POP(1.0)	17/04/26 11:00:00	A	ED5-8	T	Y25-64	THS_PER	FRC2	2014	162.2		
ESTAT:LFST_R_LFSD2POP(1.0)	17/04/26 11:00:00	A	ED5-8	T	Y25-64	THS_PER	FRD1	2014	181.5		
ESTAT:LFST_R_LFSD2POP(1.0)	17/04/26 11:00:00	A	ED5-8	T	Y25-64	THS_PER	FRD2	2014	230.6		
ESTAT:LFST_R_LFSD2POP(1.0)	17/04/26 11:00:00	A	ED5-8	T	Y25-64	THS_PER	FRE1	2014	605.7		
ESTAT:LFST_R_LFSD2POP(1.0)	17/04/26 11:00:00	A	ED5-8	T	Y25-64	THS_PER	FRE2	2014	215.3		
ESTAT:LFST_R_LFSD2POP(1.0)	17/04/26 11:00:00	A	ED5-8	T	Y25-64	THS_PER	FRF1	2014	296.2		
ESTAT:LFST_R_LFSD2POP(1.0)	17/04/26 11:00:00	A	ED5-8	T	Y25-64	THS_PER	FRF2	2014	153.7		
ESTAT:LFST_R_LFSD2POP(1.0)	17/04/26 11:00:00	A	ED5-8	T	Y25-64	THS_PER	FRF3	2014	337.4		
ESTAT:LFST_R_LFSD2POP(1.0)	17/04/26 11:00:00	A	ED5-8	T	Y25-64	THS_PER	FRG0	2014	564.0		
ESTAT:LFST_R_LFSD2POP(1.0)	17/04/26 11:00:00	A	ED5-8	T	Y25-64	THS_PER	FRH0	2014	549.9		
ESTAT:LFST_R_LFSD2POP(1.0)	17/04/26 11:00:00	A	ED5-8	T	Y25-64	THS_PER	FRI1	2014	558.3		
ESTAT:LFST_R_LFSD2POP(1.0)	17/04/26 11:00:00	A	ED5-8	T	Y25-64	THS_PER	FRI2	2014	104.4		
ESTAT:LFST_R_LFSD2POP(1.0)	17/04/26 11:00:00	A	ED5-8	T	Y25-64	THS_PER	FRI3	2014	229.5		
ESTAT:LFST_R_LFSD2POP(1.0)	17/04/26 11:00:00	A	ED5-8	T	Y25-64	THS_PER	FRJ1	2014	429.5		
ESTAT:LFST_R_LFSD2POP(1.0)	17/04/26 11:00:00	A	ED5-8	T	Y25-64	THS_PER	FRJ2	2014	635.4		
ESTAT:LFST_R_LFSD2POP(1.0)	17/04/26 11:00:00	A	ED5-8	T	Y25-64	THS_PER	FRK1	2014	177.1		
ESTAT:LFST_R_LFSD2POP(1.0)	17/04/26 11:00:00	A	ED5-8	T	Y25-64	THS_PER	FRK2	2014	1210.1		
ESTAT:LFST_R_LFSD2POP(1.0)	17/04/26 11:00:00	A	ED5-8	T	Y25-64	THS_PER	FRL0	2014	890.5		
ESTAT:LFST_R_LFSD2POP(1.0)	17/04/26 11:00:00	A	ED5-8	T	Y25-64	THS_PER	FRM0	2014	21.6	u	
ESTAT:LFST_R_LFSD2POP(1.0)	17/04/26 11:00:00	A	ED5-8	T	Y35-44	THS_PER	FR10	2014	859.8		
ESTAT:LFST_R_LFSD2POP(1.0)	17/04/26 11:00:00	A	ED5-8	T	Y35-44	THS_PER	FRB0	2014	118.3		
ESTAT:LFST_R_LFSD2POP(1.0)	17/04/26 11:00:00	A	ED5-8	T	Y35-44	THS_PER	FRC1	2014	63.4		
ESTAT:LFST_R_LFSD2POP(1.0)	17/04/26 11:00:00	A	ED5-8	T	Y35-44	THS_PER	FRC2	2014	44.9		
ESTAT:LFST_R_LFSD2POP(1.0)	17/04/26 11:00:00	A	ED5-8	T	Y35-44	THS_PER	FRD1	2014	56.5		
ESTAT:LFST_R_LFSD2POP(1.0)	17/04/26 11:00:00	A	ED5-8	T	Y35-44	THS_PER	FRD2	2014	83.2		
ESTAT:LFST_R_LFSD2POP(1.0)	17/04/26 11:00:00	A	ED5-8	T	Y35-44	THS_PER	FRE1	2014	185.6		
ESTAT:LFST_R_LFSD2POP(1.0)	17/04/26 11:00:00	A	ED5-8	T	Y35-44	THS_PER	FRE2	2014	65.1		
ESTAT:LFST_R_LFSD2POP(1.0)	17/04/26 11:00:00	A	ED5-8	T	Y35-44	THS_PER	FRF1	2014	106.7		
ESTAT:LFST_R_LFSD2POP(1.0)	17/04/26 11:00:00	A	ED5-8	T	Y35-44	THS_PER	FRF2	2014	55.7		
ESTAT:LFST_R_LFSD2POP(1.0)	17/04/26 11:00:00	A	ED5-8	T	Y35-44	THS_PER	FRF3	2014	89.6		
ESTAT:LFST_R_LFSD2POP(1.0)	17/04/26 11:00:00	A	ED5-8	T	Y35-44	THS_PER	FRG0	2014	207.5		
ESTAT:LFST_R_LFSD2POP(1.0)	17/04/26 11:00:00	A	ED5-8	T	Y35-44	THS_PER	FRH0	2014	173.1		
ESTAT:LFST_R_LFSD2POP(1.0)	17/04/26 11:00:00	A	ED5-8	T	Y35-44	THS_PER	FRI1	2014	183.8		
ESTAT:LFST_R_LFSD2POP(1.0)	17/04/26 11:00:00	A	ED5-8	T	Y35-44	THS_PER	FRI2	2014	31.9		
ESTAT:LFST_R_LFSD2POP(1.0)	17/04/26 11:00:00	A	ED5-8	T	Y35-44	THS_PER	FRI3	2014	78.1		
ESTAT:LFST_R_LFSD2POP(1.0)	17/04/26 11:00:00	A	ED5-8	T	Y35-44	THS_PER	FRJ1	2014	137.5		
ESTAT:LFST_R_LFSD2POP(1.0)	17/04/26 11:00:00	A	ED5-8	T	Y35-44	THS_PER	FRJ2	2014	172.3		
ESTAT:LFST_R_LFSD2POP(1.0)	17/04/26 11:00:00	A	ED5-8	T	Y35-44	THS_PER	FRK1	2014	60.6		
ESTAT:LFST_R_LFSD2POP(1.0)	17/04/26 11:00:00	A	ED5-8	T	Y35-44	THS_PER	FRK2	2014	395.1		
ESTAT:LFST_R_LFSD2POP(1.0)	17/04/26 11:00:00	A	ED5-8	T	Y35-44	THS_PER	FRL0	2014	273.6		
ESTAT:LFST_R_LFSD2POP(1.0)	17/04/26 11:00:00	A	ED5-8	T	Y35-44	THS_PER	FRM0	2014	5.5	u	
ESTAT:LFST_R_LFSD2POP(1.0)	17/04/26 11:00:00	A	ED5-8	T	Y45-54	THS_PER	FR10	2014	570.6		
ESTAT:LFST_R_LFSD2POP(1.0)	17/04/26 11:00:00	A	ED5-8	T	Y45-54	THS_PER	FRB0	2014	71.6		
ESTAT:LFST_R_LFSD2POP(1.0)	17/04/26 11:00:00	A	ED5-8	T	Y45-54	THS_PER	FRC1	2014	55.4		
ESTAT:LFST_R_LFSD2POP(1.0)	17/04/26 11:00:00	A	ED5-8	T	Y45-54	THS_PER	FRC2	2014	37.1		
ESTAT:LFST_R_LFSD2POP(1.0)	17/04/26 11:00:00	A	ED5-8	T	Y45-54	THS_PER	FRD1	2014	41.6		
ESTAT:LFST_R_LFSD2POP(1.0)	17/04/26 11:00:00	A	ED5-8	T	Y45-54	THS_PER	FRD2	2014	41.3		
ESTAT:LFST_R_LFSD2POP(1.0)	17/04/26 11:00:00	A	ED5-8	T	Y45-54	THS_PER	FRE1	2014	109.2		
ESTAT:LFST_R_LFSD2POP(1.0)	17/04/26 11:00:00	A	ED5-8	T	Y45-54	THS_PER	FRE2	2014	47.1		
ESTAT:LFST_R_LFSD2POP(1.0)	17/04/26 11:00:00	A	ED5-8	T	Y45-54	THS_PER	FRF1	2014	56.0		
ESTAT:LFST_R_LFSD2POP(1.0)	17/04/26 11:00:00	A	ED5-8	T	Y45-54	THS_PER	FRF2	2014	26.7		
ESTAT:LFST_R_LFSD2POP(1.0)	17/04/26 11:00:00	A	ED5-8	T	Y45-54	THS_PER	FRF3	2014	64.1		
ESTAT:LFST_R_LFSD2POP(1.0)	17/04/26 11:00:00	A	ED5-8	T	Y45-54	THS_PER	FRG0	2014	116.7		
ESTAT:LFST_R_LFSD2POP(1.0)	17/04/26 11:00:00	A	ED5-8	T	Y45-54	THS_PER	FRH0	2014	114.6		
ESTAT:LFST_R_LFSD2POP(1.0)	17/04/26 11:00:00	A	ED5-8	T	Y45-54	THS_PER	FRI1	2014	129.0		
ESTAT:LFST_R_LFSD2POP(1.0)	17/04/26 11:00:00	A	ED5-8	T	Y45-54	THS_PER	FRI2	2014	22.1		
ESTAT:LFST_R_LFSD2POP(1.0)	17/04/26 11:00:00	A	ED5-8	T	Y45-54	THS_PER	FRI3	2014	42.6		
ESTAT:LFST_R_LFSD2POP(1.0)	17/04/26 11:00:00	A	ED5-8	T	Y45-54	THS_PER	FRJ1	2014	112.3		
ESTAT:LFST_R_LFSD2POP(1.0)	17/04/26 11:00:00	A	ED5-8	T	Y45-54	THS_PER	FRJ2	2014	118.5		
ESTAT:LFST_R_LFSD2POP(1.0)	17/04/26 11:00:00	A	ED5-8	T	Y45-54	THS_PER	FRK1	2014	37.0		
ESTAT:LFST_R_LFSD2POP(1.0)	17/04/26 11:00:00	A	ED5-8	T	Y45-54	THS_PER	FRK2	2014	257.2		
ESTAT:LFST_R_LFSD2POP(1.0)	17/04/26 11:00:00	A	ED5-8	T	Y45-54	THS_PER	FRL0	2014	199.4		
ESTAT:LFST_R_LFSD2POP(1.0)	17/04/26 11:00:00	A	ED5-8	T	Y45-54	THS_PER	FRM0	2014	6.4	u	
ESTAT:LFST_R_LFSD2POP(1.0)	17/04/26 11:00:00	A	ED5-8	T	Y55-64	THS_PER	FR10	2014	415.9		
ESTAT:LFST_R_LFSD2POP(1.0)	17/04/26 11:00:00	A	ED5-8	T	Y55-64	THS_PER	FRB0	2014	60.6		
ESTAT:LFST_R_LFSD2POP(1.0)	17/04/26 11:00:00	A	ED5-8	T	Y55-64	THS_PER	FRC1	2014	40.7		
ESTAT:LFST_R_LFSD2POP(1.0)	17/04/26 11:00:00	A	ED5-8	T	Y55-64	THS_PER	FRC2	2014	28.6		
ESTAT:LFST_R_LFSD2POP(1.0)	17/04/26 11:00:00	A	ED5-8	T	Y55-64	THS_PER	FRD1	2014	27.3		
ESTAT:LFST_R_LFSD2POP(1.0)	17/04/26 11:00:00	A	ED5-8	T	Y55-64	THS_PER	FRD2	2014	32.8		
ESTAT:LFST_R_LFSD2POP(1.0)	17/04/26 11:00:00	A	ED5-8	T	Y55-64	THS_PER	FRE1	2014	82.2		
ESTAT:LFST_R_LFSD2POP(1.0)	17/04/26 11:00:00	A	ED5-8	T	Y55-64	THS_PER	FRE2	2014	36.8		
ESTAT:LFST_R_LFSD2POP(1.0)	17/04/26 11:00:00	A	ED5-8	T	Y55-64	THS_PER	FRF1	2014	44.8		
ESTAT:LFST_R_LFSD2POP(1.0)	17/04/26 11:00:00	A	ED5-8	T	Y55-64	THS_PER	FRF2	2014	27.7		
ESTAT:LFST_R_LFSD2POP(1.0)	17/04/26 11:00:00	A	ED5-8	T	Y55-64	THS_PER	FRF3	2014	62.1		
ESTAT:LFST_R_LFSD2POP(1.0)	17/04/26 11:00:00	A	ED5-8	T	Y55-64	THS_PER	FRG0	2014	78.6		
ESTAT:LFST_R_LFSD2POP(1.0)	17/04/26 11:00:00	A	ED5-8	T	Y55-64	THS_PER	FRH0	2014	83.7		
ESTAT:LFST_R_LFSD2POP(1.0)	17/04/26 11:00:00	A	ED5-8	T	Y55-64	THS_PER	FRI1	2014	100.5		
ESTAT:LFST_R_LFSD2POP(1.0)	17/04/26 11:00:00	A	ED5-8	T	Y55-64	THS_PER	FRI2	2014	21.2		
ESTAT:LFST_R_LFSD2POP(1.0)	17/04/26 11:00:00	A	ED5-8	T	Y55-64	THS_PER	FRI3	2014	37.8		
ESTAT:LFST_R_LFSD2POP(1.0)	17/04/26 11:00:00	A	ED5-8	T	Y55-64	THS_PER	FRJ1	2014	80.7		
ESTAT:LFST_R_LFSD2POP(1.0)	17/04/26 11:00:00	A	ED5-8	T	Y55-64	THS_PER	FRJ2	2014	94.7		
ESTAT:LFST_R_LFSD2POP(1.0)	17/04/26 11:00:00	A	ED5-8	T	Y55-64	THS_PER	FRK1	2014	23.7		
ESTAT:LFST_R_LFSD2POP(1.0)	17/04/26 11:00:00	A	ED5-8	T	Y55-64	THS_PER	FRK2	2014	178.0		
ESTAT:LFST_R_LFSD2POP(1.0)	17/04/26 11:00:00	A	ED5-8	T	Y55-64	THS_PER	FRL0	2014	167.0		
ESTAT:LFST_R_LFSD2POP(1.0)	17/04/26 11:00:00	A	ED5-8	T	Y55-64	THS_PER	FRM0	2014	7.1	u	
ESTAT:LFST_R_LFSD2POP(1.0)	17/04/26 11:00:00	A	ED5-8	T	Y_GE15	THS_PER	FR10	2014	3397.4		
ESTAT:LFST_R_LFSD2POP(1.0)	17/04/26 11:00:00	A	ED5-8	T	Y_GE15	THS_PER	FRB0	2014	434.3		
ESTAT:LFST_R_LFSD2POP(1.0)	17/04/26 11:00:00	A	ED5-8	T	Y_GE15	THS_PER	FRC1	2014	286.0		
ESTAT:LFST_R_LFSD2POP(1.0)	17/04/26 11:00:00	A	ED5-8	T	Y_GE15	THS_PER	FRC2	2014	199.9		
ESTAT:LFST_R_LFSD2POP(1.0)	17/04/26 11:00:00	A	ED5-8	T	Y_GE15	THS_PER	FRD1	2014	237.1		
ESTAT:LFST_R_LFSD2POP(1.0)	17/04/26 11:00:00	A	ED5-8	T	Y_GE15	THS_PER	FRD2	2014	288.7		
ESTAT:LFST_R_LFSD2POP(1.0)	17/04/26 11:00:00	A	ED5-8	T	Y_GE15	THS_PER	FRE1	2014	730.5		
ESTAT:LFST_R_LFSD2POP(1.0)	17/04/26 11:00:00	A	ED5-8	T	Y_GE15	THS_PER	FRE2	2014	260.2		
ESTAT:LFST_R_LFSD2POP(1.0)	17/04/26 11:00:00	A	ED5-8	T	Y_GE15	THS_PER	FRF1	2014	369.3		
ESTAT:LFST_R_LFSD2POP(1.0)	17/04/26 11:00:00	A	ED5-8	T	Y_GE15	THS_PER	FRF2	2014	198.4		
ESTAT:LFST_R_LFSD2POP(1.0)	17/04/26 11:00:00	A	ED5-8	T	Y_GE15	THS_PER	FRF3	2014	430.9		
ESTAT:LFST_R_LFSD2POP(1.0)	17/04/26 11:00:00	A	ED5-8	T	Y_GE15	THS_PER	FRG0	2014	680.3		
ESTAT:LFST_R_LFSD2POP(1.0)	17/04/26 11:00:00	A	ED5-8	T	Y_GE15	THS_PER	FRH0	2014	673.3		
ESTAT:LFST_R_LFSD2POP(1.0)	17/04/26 11:00:00	A	ED5-8	T	Y_GE15	THS_PER	FRI1	2014	707.8		
ESTAT:LFST_R_LFSD2POP(1.0)	17/04/26 11:00:00	A	ED5-8	T	Y_GE15	THS_PER	FRI2	2014	130.7		
ESTAT:LFST_R_LFSD2POP(1.0)	17/04/26 11:00:00	A	ED5-8	T	Y_GE15	THS_PER	FRI3	2014	293.8		
ESTAT:LFST_R_LFSD2POP(1.0)	17/04/26 11:00:00	A	ED5-8	T	Y_GE15	THS_PER	FRJ1	2014	543.3		
ESTAT:LFST_R_LFSD2POP(1.0)	17/04/26 11:00:00	A	ED5-8	T	Y_GE15	THS_PER	FRJ2	2014	752.4		
ESTAT:LFST_R_LFSD2POP(1.0)	17/04/26 11:00:00	A	ED5-8	T	Y_GE15	THS_PER	FRK1	2014	231.2		
ESTAT:LFST_R_LFSD2POP(1.0)	17/04/26 11:00:00	A	ED5-8	T	Y_GE15	THS_PER	FRK2	2014	1483.0		
ESTAT:LFST_R_LFSD2POP(1.0)	17/04/26 11:00:00	A	ED5-8	T	Y_GE15	THS_PER	FRL0	2014	1135.1		
ESTAT:LFST_R_LFSD2POP(1.0)	17/04/26 11:00:00	A	ED5-8	T	Y_GE15	THS_PER	FRM0	2014	30.0	u	
ESTAT:LFST_R_LFSD2POP(1.0)	17/04/26 11:00:00	A	ED5-8	T	Y_GE25	THS_PER	FR10	2014	3153.8		
ESTAT:LFST_R_LFSD2POP(1.0)	17/04/26 11:00:00	A	ED5-8	T	Y_GE25	THS_PER	FRB0	2014	394.9		
ESTAT:LFST_R_LFSD2POP(1.0)	17/04/26 11:00:00	A	ED5-8	T	Y_GE25	THS_PER	FRC1	2014	255.9		
ESTAT:LFST_R_LFSD2POP(1.0)	17/04/26 11:00:00	A	ED5-8	T	Y_GE25	THS_PER	FRC2	2014	183.4		
ESTAT:LFST_R_LFSD2POP(1.0)	17/04/26 11:00:00	A	ED5-8	T	Y_GE25	THS_PER	FRD1	2014	210.6		
ESTAT:LFST_R_LFSD2POP(1.0)	17/04/26 11:00:00	A	ED5-8	T	Y_GE25	THS_PER	FRD2	2014	257.8		
ESTAT:LFST_R_LFSD2POP(1.0)	17/04/26 11:00:00	A	ED5-8	T	Y_GE25	THS_PER	FRE1	2014	659.6		
ESTAT:LFST_R_LFSD2POP(1.0)	17/04/26 11:00:00	A	ED5-8	T	Y_GE25	THS_PER	FRE2	2014	237.7		
ESTAT:LFST_R_LFSD2POP(1.0)	17/04/26 11:00:00	A	ED5-8	T	Y_GE25	THS_PER	FRF1	2014	333.7		
ESTAT:LFST_R_LFSD2POP(1.0)	17/04/26 11:00:00	A	ED5-8	T	Y_GE25	THS_PER	FRF2	2014	178.9		
ESTAT:LFST_R_LFSD2POP(1.0)	17/04/26 11:00:00	A	ED5-8	T	Y_GE25	THS_PER	FRF3	2014	385.2		
ESTAT:LFST_R_LFSD2POP(1.0)	17/04/26 11:00:00	A	ED5-8	T	Y_GE25	THS_PER	FRG0	2014	627.4		
ESTAT:LFST_R_LFSD2POP(1.0)	17/04/26 11:00:00	A	ED5-8	T	Y_GE25	THS_PER	FRH0	2014	620.6		
ESTAT:LFST_R_LFSD2POP(1.0)	17/04/26 11:00:00	A	ED5-8	T	Y_GE25	THS_PER	FRI1	2014	658.0		
ESTAT:LFST_R_LFSD2POP(1.0)	17/04/26 11:00:00	A	ED5-8	T	Y_GE25	THS_PER	FRI2	2014	122.2		
ESTAT:LFST_R_LFSD2POP(1.0)	17/04/26 11:00:00	A	ED5-8	T	Y_GE25	THS_PER	FRI3	2014	259.6		
ESTAT:LFST_R_LFSD2POP(1.0)	17/04/26 11:00:00	A	ED5-8	T	Y_GE25	THS_PER	FRJ1	2014	509.7		
ESTAT:LFST_R_LFSD2POP(1.0)	17/04/26 11:00:00	A	ED5-8	T	Y_GE25	THS_PER	FRJ2	2014	707.8		
ESTAT:LFST_R_LFSD2POP(1.0)	17/04/26 11:00:00	A	ED5-8	T	Y_GE25	THS_PER	FRK1	2014	211.9		
ESTAT:LFST_R_LFSD2POP(1.0)	17/04/26 11:00:00	A	ED5-8	T	Y_GE25	THS_PER	FRK2	2014	1364.0		
ESTAT:LFST_R_LFSD2POP(1.0)	17/04/26 11:00:00	A	ED5-8	T	Y_GE25	THS_PER	FRL0	2014	1054.6		
ESTAT:LFST_R_LFSD2POP(1.0)	17/04/26 11:00:00	A	ED5-8	T	Y_GE25	THS_PER	FRM0	2014	29.0	u	
ESTAT:LFST_R_LFSD2POP(1.0)	17/04/26 11:00:00	A	ED5-8	T	Y_GE65	THS_PER	FR10	2014	372.7		
ESTAT:LFST_R_LFSD2POP(1.0)	17/04/26 11:00:00	A	ED5-8	T	Y_GE65	THS_PER	FRB0	2014	48.1		
ESTAT:LFST_R_LFSD2POP(1.0)	17/04/26 11:00:00	A	ED5-8	T	Y_GE65	THS_PER	FRC1	2014	32.6		
ESTAT:LFST_R_LFSD2POP(1.0)	17/04/26 11:00:00	A	ED5-8	T	Y_GE65	THS_PER	FRC2	2014	21.2		
ESTAT:LFST_R_LFSD2POP(1.0)	17/04/26 11:00:00	A	ED5-8	T	Y_GE65	THS_PER	FRD1	2014	29.1		
ESTAT:LFST_R_LFSD2POP(1.0)	17/04/26 11:00:00	A	ED5-8	T	Y_GE65	THS_PER	FRD2	2014	27.2		
ESTAT:LFST_R_LFSD2POP(1.0)	17/04/26 11:00:00	A	ED5-8	T	Y_GE65	THS_PER	FRE1	2014	53.9		
ESTAT:LFST_R_LFSD2POP(1.0)	17/04/26 11:00:00	A	ED5-8	T	Y_GE65	THS_PER	FRE2	2014	22.4		
ESTAT:LFST_R_LFSD2POP(1.0)	17/04/26 11:00:00	A	ED5-8	T	Y_GE65	THS_PER	FRF1	2014	37.5		
ESTAT:LFST_R_LFSD2POP(1.0)	17/04/26 11:00:00	A	ED5-8	T	Y_GE65	THS_PER	FRF2	2014	25.2		
ESTAT:LFST_R_LFSD2POP(1.0)	17/04/26 11:00:00	A	ED5-8	T	Y_GE65	THS_PER	FRF3	2014	47.9		
ESTAT:LFST_R_LFSD2POP(1.0)	17/04/26 11:00:00	A	ED5-8	T	Y_GE65	THS_PER	FRG0	2014	63.4		
ESTAT:LFST_R_LFSD2POP(1.0)	17/04/26 11:00:00	A	ED5-8	T	Y_GE65	THS_PER	FRH0	2014	70.7		
ESTAT:LFST_R_LFSD2POP(1.0)	17/04/26 11:00:00	A	ED5-8	T	Y_GE65	THS_PER	FRI1	2014	99.7		
ESTAT:LFST_R_LFSD2POP(1.0)	17/04/26 11:00:00	A	ED5-8	T	Y_GE65	THS_PER	FRI2	2014	17.8		
ESTAT:LFST_R_LFSD2POP(1.0)	17/04/26 11:00:00	A	ED5-8	T	Y_GE65	THS_PER	FRI3	2014	30.2		
ESTAT:LFST_R_LFSD2POP(1.0)	17/04/26 11:00:00	A	ED5-8	T	Y_GE65	THS_PER	FRJ1	2014	80.2		
ESTAT:LFST_R_LFSD2POP(1.0)	17/04/26 11:00:00	A	ED5-8	T	Y_GE65	THS_PER	FRJ2	2014	72.4		
ESTAT:LFST_R_LFSD2POP(1.0)	17/04/26 11:00:00	A	ED5-8	T	Y_GE65	THS_PER	FRK1	2014	34.8		
ESTAT:LFST_R_LFSD2POP(1.0)	17/04/26 11:00:00	A	ED5-8	T	Y_GE65	THS_PER	FRK2	2014	153.9		
ESTAT:LFST_R_LFSD2POP(1.0)	17/04/26 11:00:00	A	ED5-8	T	Y_GE65	THS_PER	FRL0	2014	164.1		
ESTAT:LFST_R_LFSD2POP(1.0)	17/04/26 11:00:00	A	ED5-8	T	Y_GE65	THS_PER	FRM0	2014	7.4	u	
ESTAT:LFST_R_LFSD2POP(1.0)	17/04/26 11:00:00	A	NRP	F	Y15-24	THS_PER	FR10	2014	5.9	u	
ESTAT:LFST_R_LFSD2POP(1.0)	17/04/26 11:00:00	A	NRP	F	Y15-24	THS_PER	FRB0	2014	0.5	u	
ESTAT:LFST_R_LFSD2POP(1.0)	17/04/26 11:00:00	A	NRP	F	Y15-24	THS_PER	FRC1	2014		u	
ESTAT:LFST_R_LFSD2POP(1.0)	17/04/26 11:00:00	A	NRP	F	Y15-24	THS_PER	FRC2	2014		u	
ESTAT:LFST_R_LFSD2POP(1.0)	17/04/26 11:00:00	A	NRP	F	Y15-24	THS_PER	FRD2	2014		u	
ESTAT:LFST_R_LFSD2POP(1.0)	17/04/26 11:00:00	A	NRP	F	Y15-24	THS_PER	FRE1	2014		u	
ESTAT:LFST_R_LFSD2POP(1.0)	17/04/26 11:00:00	A	NRP	F	Y15-24	THS_PER	FRE2	2014		u	
ESTAT:LFST_R_LFSD2POP(1.0)	17/04/26 11:00:00	A	NRP	F	Y15-24	THS_PER	FRF1	2014		u	
ESTAT:LFST_R_LFSD2POP(1.0)	17/04/26 11:00:00	A	NRP	F	Y15-24	THS_PER	FRF2	2014		u	
ESTAT:LFST_R_LFSD2POP(1.0)	17/04/26 11:00:00	A	NRP	F	Y15-24	THS_PER	FRF3	2014		u	
ESTAT:LFST_R_LFSD2POP(1.0)	17/04/26 11:00:00	A	NRP	F	Y15-24	THS_PER	FRG0	2014	0.7	u	
ESTAT:LFST_R_LFSD2POP(1.0)	17/04/26 11:00:00	A	NRP	F	Y15-24	THS_PER	FRH0	2014	0.7	u	
ESTAT:LFST_R_LFSD2POP(1.0)	17/04/26 11:00:00	A	NRP	F	Y15-24	THS_PER	FRI1	2014	2.5	u	
ESTAT:LFST_R_LFSD2POP(1.0)	17/04/26 11:00:00	A	NRP	F	Y15-24	THS_PER	FRI2	2014		u	
ESTAT:LFST_R_LFSD2POP(1.0)	17/04/26 11:00:00	A	NRP	F	Y15-24	THS_PER	FRJ1	2014	0.5	u	
ESTAT:LFST_R_LFSD2POP(1.0)	17/04/26 11:00:00	A	NRP	F	Y15-24	THS_PER	FRJ2	2014		u	
ESTAT:LFST_R_LFSD2POP(1.0)	17/04/26 11:00:00	A	NRP	F	Y15-24	THS_PER	FRK1	2014		u	
ESTAT:LFST_R_LFSD2POP(1.0)	17/04/26 11:00:00	A	NRP	F	Y15-24	THS_PER	FRK2	2014	1.4	u	
ESTAT:LFST_R_LFSD2POP(1.0)	17/04/26 11:00:00	A	NRP	F	Y15-24	THS_PER	FRL0	2014		u	
ESTAT:LFST_R_LFSD2POP(1.0)	17/04/26 11:00:00	A	NRP	F	Y15-64	THS_PER	FR10	2014	15.1		
ESTAT:LFST_R_LFSD2POP(1.0)	17/04/26 11:00:00	A	NRP	F	Y15-64	THS_PER	FRB0	2014	1.1	u	
ESTAT:LFST_R_LFSD2POP(1.0)	17/04/26 11:00:00	A	NRP	F	Y15-64	THS_PER	FRC1	2014		u	
ESTAT:LFST_R_LFSD2POP(1.0)	17/04/26 11:00:00	A	NRP	F	Y15-64	THS_PER	FRC2	2014	1.3	u	
ESTAT:LFST_R_LFSD2POP(1.0)	17/04/26 11:00:00	A	NRP	F	Y15-64	THS_PER	FRD1	2014	1.1	u	
ESTAT:LFST_R_LFSD2POP(1.0)	17/04/26 11:00:00	A	NRP	F	Y15-64	THS_PER	FRD2	2014	2.2	u	
ESTAT:LFST_R_LFSD2POP(1.0)	17/04/26 11:00:00	A	NRP	F	Y15-64	THS_PER	FRE1	2014	1.5	u	
ESTAT:LFST_R_LFSD2POP(1.0)	17/04/26 11:00:00	A	NRP	F	Y15-64	THS_PER	FRE2	2014	0.9	u	
ESTAT:LFST_R_LFSD2POP(1.0)	17/04/26 11:00:00	A	NRP	F	Y15-64	THS_PER	FRF1	2014	1.1	u	
ESTAT:LFST_R_LFSD2POP(1.0)	17/04/26 11:00:00	A	NRP	F	Y15-64	THS_PER	FRF2	2014	0.5	u	
ESTAT:LFST_R_LFSD2POP(1.0)	17/04/26 11:00:00	A	NRP	F	Y15-64	THS_PER	FRF3	2014	3.1	u	
ESTAT:LFST_R_LFSD2POP(1.0)	17/04/26 11:00:00	A	NRP	F	Y15-64	THS_PER	FRG0	2014	2.0	u	
ESTAT:LFST_R_LFSD2POP(1.0)	17/04/26 11:00:00	A	NRP	F	Y15-64	THS_PER	FRH0	2014	1.5	u	
ESTAT:LFST_R_LFSD2POP(1.0)	17/04/26 11:00:00	A	NRP	F	Y15-64	THS_PER	FRI1	2014	5.0	u	
ESTAT:LFST_R_LFSD2POP(1.0)	17/04/26 11:00:00	A	NRP	F	Y15-64	THS_PER	FRI2	2014		u	
ESTAT:LFST_R_LFSD2POP(1.0)	17/04/26 11:00:00	A	NRP	F	Y15-64	THS_PER	FRI3	2014		u	
ESTAT:LFST_R_LFSD2POP(1.0)	17/04/26 11:00:00	A	NRP	F	Y15-64	THS_PER	FRJ1	2014	2.7	u	
ESTAT:LFST_R_LFSD2POP(1.0)	17/04/26 11:00:00	A	NRP	F	Y15-64	THS_PER	FRJ2	2014	1.9	u	
ESTAT:LFST_R_LFSD2POP(1.0)	17/04/26 11:00:00	A	NRP	F	Y15-64	THS_PER	FRK1	2014	1.2	u	
ESTAT:LFST_R_LFSD2POP(1.0)	17/04/26 11:00:00	A	NRP	F	Y15-64	THS_PER	FRK2	2014	5.7	u	
ESTAT:LFST_R_LFSD2POP(1.0)	17/04/26 11:00:00	A	NRP	F	Y15-64	THS_PER	FRL0	2014	2.7	u	
ESTAT:LFST_R_LFSD2POP(1.0)	17/04/26 11:00:00	A	NRP	F	Y15-64	THS_PER	FRM0	2014		u	
ESTAT:LFST_R_LFSD2POP(1.0)	17/04/26 11:00:00	A	NRP	F	Y15-74	THS_PER	FR10	2014	15.6		
ESTAT:LFST_R_LFSD2POP(1.0)	17/04/26 11:00:00	A	NRP	F	Y15-74	THS_PER	FRB0	2014	1.1	u	
ESTAT:LFST_R_LFSD2POP(1.0)	17/04/26 11:00:00	A	NRP	F	Y15-74	THS_PER	FRC1	2014		u	
ESTAT:LFST_R_LFSD2POP(1.0)	17/04/26 11:00:00	A	NRP	F	Y15-74	THS_PER	FRC2	2014	1.3	u	
ESTAT:LFST_R_LFSD2POP(1.0)	17/04/26 11:00:00	A	NRP	F	Y15-74	THS_PER	FRD1	2014	1.1	u	
ESTAT:LFST_R_LFSD2POP(1.0)	17/04/26 11:00:00	A	NRP	F	Y15-74	THS_PER	FRD2	2014	2.2	u	
ESTAT:LFST_R_LFSD2POP(1.0)	17/04/26 11:00:00	A	NRP	F	Y15-74	THS_PER	FRE1	2014	1.5	u	
ESTAT:LFST_R_LFSD2POP(1.0)	17/04/26 11:00:00	A	NRP	F	Y15-74	THS_PER	FRE2	2014	0.9	u	
ESTAT:LFST_R_LFSD2POP(1.0)	17/04/26 11:00:00	A	NRP	F	Y15-74	THS_PER	FRF1	2014	1.1	u	
ESTAT:LFST_R_LFSD2POP(1.0)	17/04/26 11:00:00	A	NRP	F	Y15-74	THS_PER	FRF2	2014	0.5	u	
ESTAT:LFST_R_LFSD2POP(1.0)	17/04/26 11:00:00	A	NRP	F	Y15-74	THS_PER	FRF3	2014	3.1	u	
ESTAT:LFST_R_LFSD2POP(1.0)	17/04/26 11:00:00	A	NRP	F	Y15-74	THS_PER	FRG0	2014	2.0	u	
ESTAT:LFST_R_LFSD2POP(1.0)	17/04/26 11:00:00	A	NRP	F	Y15-74	THS_PER	FRH0	2014	1.5	u	
ESTAT:LFST_R_LFSD2POP(1.0)	17/04/26 11:00:00	A	NRP	F	Y15-74	THS_PER	FRI1	2014	5.0	u	
ESTAT:LFST_R_LFSD2POP(1.0)	17/04/26 11:00:00	A	NRP	F	Y15-74	THS_PER	FRI2	2014		u	
ESTAT:LFST_R_LFSD2POP(1.0)	17/04/26 11:00:00	A	NRP	F	Y15-74	THS_PER	FRI3	2014		u	
ESTAT:LFST_R_LFSD2POP(1.0)	17/04/26 11:00:00	A	NRP	F	Y15-74	THS_PER	FRJ1	2014	2.7	u	
ESTAT:LFST_R_LFSD2POP(1.0)	17/04/26 11:00:00	A	NRP	F	Y15-74	THS_PER	FRJ2	2014	1.9	u	
ESTAT:LFST_R_LFSD2POP(1.0)	17/04/26 11:00:00	A	NRP	F	Y15-74	THS_PER	FRK1	2014	1.2	u	
ESTAT:LFST_R_LFSD2POP(1.0)	17/04/26 11:00:00	A	NRP	F	Y15-74	THS_PER	FRK2	2014	5.7	u	
ESTAT:LFST_R_LFSD2POP(1.0)	17/04/26 11:00:00	A	NRP	F	Y15-74	THS_PER	FRL0	2014	2.7	u	
ESTAT:LFST_R_LFSD2POP(1.0)	17/04/26 11:00:00	A	NRP	F	Y15-74	THS_PER	FRM0	2014		u	
ESTAT:LFST_R_LFSD2POP(1.0)	17/04/26 11:00:00	A	NRP	F	Y20-64	THS_PER	FR10	2014	13.4		
ESTAT:LFST_R_LFSD2POP(1.0)	17/04/26 11:00:00	A	NRP	F	Y20-64	THS_PER	FRB0	2014	0.8	u	
ESTAT:LFST_R_LFSD2POP(1.0)	17/04/26 11:00:00	A	NRP	F	Y20-64	THS_PER	FRC1	2014		u	
ESTAT:LFST_R_LFSD2POP(1.0)	17/04/26 11:00:00	A	NRP	F	Y20-64	THS_PER	FRC2	2014	1.2	u	
ESTAT:LFST_R_LFSD2POP(1.0)	17/04/26 11:00:00	A	NRP	F	Y20-64	THS_PER	FRD1	2014	1.1	u	
ESTAT:LFST_R_LFSD2POP(1.0)	17/04/26 11:00:00	A	NRP	F	Y20-64	THS_PER	FRD2	2014	1.8	u	
ESTAT:LFST_R_LFSD2POP(1.0)	17/04/26 11:00:00	A	NRP	F	Y20-64	THS_PER	FRE1	2014	0.9	u	
ESTAT:LFST_R_LFSD2POP(1.0)	17/04/26 11:00:00	A	NRP	F	Y20-64	THS_PER	FRE2	2014	0.9	u	
ESTAT:LFST_R_LFSD2POP(1.0)	17/04/26 11:00:00	A	NRP	F	Y20-64	THS_PER	FRF1	2014	1.1	u	
ESTAT:LFST_R_LFSD2POP(1.0)	17/04/26 11:00:00	A	NRP	F	Y20-64	THS_PER	FRF2	2014	0.5	u	
ESTAT:LFST_R_LFSD2POP(1.0)	17/04/26 11:00:00	A	NRP	F	Y20-64	THS_PER	FRF3	2014	3.1	u	
ESTAT:LFST_R_LFSD2POP(1.0)	17/04/26 11:00:00	A	NRP	F	Y20-64	THS_PER	FRG0	2014	1.9	u	
ESTAT:LFST_R_LFSD2POP(1.0)	17/04/26 11:00:00	A	NRP	F	Y20-64	THS_PER	FRH0	2014	1.3	u	
ESTAT:LFST_R_LFSD2POP(1.0)	17/04/26 11:00:00	A	NRP	F	Y20-64	THS_PER	FRI1	2014	3.2	u	
ESTAT:LFST_R_LFSD2POP(1.0)	17/04/26 11:00:00	A	NRP	F	Y20-64	THS_PER	FRI2	2014		u	
ESTAT:LFST_R_LFSD2POP(1.0)	17/04/26 11:00:00	A	NRP	F	Y20-64	THS_PER	FRI3	2014		u	
ESTAT:LFST_R_LFSD2POP(1.0)	17/04/26 11:00:00	A	NRP	F	Y20-64	THS_PER	FRJ1	2014	2.7	u	
ESTAT:LFST_R_LFSD2POP(1.0)	17/04/26 11:00:00	A	NRP	F	Y20-64	THS_PER	FRJ2	2014	1.4	u	
ESTAT:LFST_R_LFSD2POP(1.0)	17/04/26 11:00:00	A	NRP	F	Y20-64	THS_PER	FRK1	2014	1.2	u	
ESTAT:LFST_R_LFSD2POP(1.0)	17/04/26 11:00:00	A	NRP	F	Y20-64	THS_PER	FRK2	2014	5.4	u	
ESTAT:LFST_R_LFSD2POP(1.0)	17/04/26 11:00:00	A	NRP	F	Y20-64	THS_PER	FRL0	2014	2.4	u	
ESTAT:LFST_R_LFSD2POP(1.0)	17/04/26 11:00:00	A	NRP	F	Y20-64	THS_PER	FRM0	2014		u	
ESTAT:LFST_R_LFSD2POP(1.0)	17/04/26 11:00:00	A	NRP	F	Y25-34	THS_PER	FR10	2014	2.8	u	
ESTAT:LFST_R_LFSD2POP(1.0)	17/04/26 11:00:00	A	NRP	F	Y25-34	THS_PER	FRD2	2014		u	
ESTAT:LFST_R_LFSD2POP(1.0)	17/04/26 11:00:00	A	NRP	F	Y25-34	THS_PER	FRE2	2014	0.7	u	
ESTAT:LFST_R_LFSD2POP(1.0)	17/04/26 11:00:00	A	NRP	F	Y25-34	THS_PER	FRF2	2014		u	
ESTAT:LFST_R_LFSD2POP(1.0)	17/04/26 11:00:00	A	NRP	F	Y25-34	THS_PER	FRF3	2014	1.0	u	
ESTAT:LFST_R_LFSD2POP(1.0)	17/04/26 11:00:00	A	NRP	F	Y25-34	THS_PER	FRG0	2014	0.7	u	
ESTAT:LFST_R_LFSD2POP(1.0)	17/04/26 11:00:00	A	NRP	F	Y25-34	THS_PER	FRI1	2014		u	
ESTAT:LFST_R_LFSD2POP(1.0)	17/04/26 11:00:00	A	NRP	F	Y25-34	THS_PER	FRJ1	2014		u	
ESTAT:LFST_R_LFSD2POP(1.0)	17/04/26 11:00:00	A	NRP	F	Y25-34	THS_PER	FRJ2	2014		u	
ESTAT:LFST_R_LFSD2POP(1.0)	17/04/26 11:00:00	A	NRP	F	Y25-34	THS_PER	FRK2	2014	2.7	u	
ESTAT:LFST_R_LFSD2POP(1.0)	17/04/26 11:00:00	A	NRP	F	Y25-34	THS_PER	FRL0	2014	1.1	u	
ESTAT:LFST_R_LFSD2POP(1.0)	17/04/26 11:00:00	A	NRP	F	Y25-64	THS_PER	FR10	2014	9.2	u	
ESTAT:LFST_R_LFSD2POP(1.0)	17/04/26 11:00:00	A	NRP	F	Y25-64	THS_PER	FRB0	2014	0.6	u	
ESTAT:LFST_R_LFSD2POP(1.0)	17/04/26 11:00:00	A	NRP	F	Y25-64	THS_PER	FRC1	2014		u	
ESTAT:LFST_R_LFSD2POP(1.0)	17/04/26 11:00:00	A	NRP	F	Y25-64	THS_PER	FRC2	2014	0.9	u	
ESTAT:LFST_R_LFSD2POP(1.0)	17/04/26 11:00:00	A	NRP	F	Y25-64	THS_PER	FRD1	2014	1.1	u	
ESTAT:LFST_R_LFSD2POP(1.0)	17/04/26 11:00:00	A	NRP	F	Y25-64	THS_PER	FRD2	2014	1.8	u	
ESTAT:LFST_R_LFSD2POP(1.0)	17/04/26 11:00:00	A	NRP	F	Y25-64	THS_PER	FRE1	2014	0.8	u	
ESTAT:LFST_R_LFSD2POP(1.0)	17/04/26 11:00:00	A	NRP	F	Y25-64	THS_PER	FRE2	2014	0.7	u	
ESTAT:LFST_R_LFSD2POP(1.0)	17/04/26 11:00:00	A	NRP	F	Y25-64	THS_PER	FRF1	2014	0.6	u	
ESTAT:LFST_R_LFSD2POP(1.0)	17/04/26 11:00:00	A	NRP	F	Y25-64	THS_PER	FRF2	2014		u	
ESTAT:LFST_R_LFSD2POP(1.0)	17/04/26 11:00:00	A	NRP	F	Y25-64	THS_PER	FRF3	2014	2.7	u	
ESTAT:LFST_R_LFSD2POP(1.0)	17/04/26 11:00:00	A	NRP	F	Y25-64	THS_PER	FRG0	2014	1.3	u	
ESTAT:LFST_R_LFSD2POP(1.0)	17/04/26 11:00:00	A	NRP	F	Y25-64	THS_PER	FRH0	2014	0.9	u	
ESTAT:LFST_R_LFSD2POP(1.0)	17/04/26 11:00:00	A	NRP	F	Y25-64	THS_PER	FRI1	2014	2.4	u	
ESTAT:LFST_R_LFSD2POP(1.0)	17/04/26 11:00:00	A	NRP	F	Y25-64	THS_PER	FRI2	2014		u	
ESTAT:LFST_R_LFSD2POP(1.0)	17/04/26 11:00:00	A	NRP	F	Y25-64	THS_PER	FRI3	2014		u	
ESTAT:LFST_R_LFSD2POP(1.0)	17/04/26 11:00:00	A	NRP	F	Y25-64	THS_PER	FRJ1	2014	2.2	u	
ESTAT:LFST_R_LFSD2POP(1.0)	17/04/26 11:00:00	A	NRP	F	Y25-64	THS_PER	FRJ2	2014	1.2	u	
ESTAT:LFST_R_LFSD2POP(1.0)	17/04/26 11:00:00	A	NRP	F	Y25-64	THS_PER	FRK1	2014	0.8	u	
ESTAT:LFST_R_LFSD2POP(1.0)	17/04/26 11:00:00	A	NRP	F	Y25-64	THS_PER	FRK2	2014	4.3	u	
ESTAT:LFST_R_LFSD2POP(1.0)	17/04/26 11:00:00	A	NRP	F	Y25-64	THS_PER	FRL0	2014	2.4	u	
ESTAT:LFST_R_LFSD2POP(1.0)	17/04/26 11:00:00	A	NRP	F	Y25-64	THS_PER	FRM0	2014		u	
ESTAT:LFST_R_LFSD2POP(1.0)	17/04/26 11:00:00	A	NRP	F	Y35-44	THS_PER	FR10	2014	2.8	u	
ESTAT:LFST_R_LFSD2POP(1.0)	17/04/26 11:00:00	A	NRP	F	Y35-44	THS_PER	FRB0	2014		u	
ESTAT:LFST_R_LFSD2POP(1.0)	17/04/26 11:00:00	A	NRP	F	Y35-44	THS_PER	FRC2	2014		u	
ESTAT:LFST_R_LFSD2POP(1.0)	17/04/26 11:00:00	A	NRP	F	Y35-44	THS_PER	FRD1	2014		u	
ESTAT:LFST_R_LFSD2POP(1.0)	17/04/26 11:00:00	A	NRP	F	Y35-44	THS_PER	FRD2	2014	0.5	u	
ESTAT:LFST_R_LFSD2POP(1.0)	17/04/26 11:00:00	A	NRP	F	Y35-44	THS_PER	FRE1	2014		u	
ESTAT:LFST_R_LFSD2POP(1.0)	17/04/26 11:00:00	A	NRP	F	Y35-44	THS_PER	FRF1	2014	0.6	u	
ESTAT:LFST_R_LFSD2POP(1.0)	17/04/26 11:00:00	A	NRP	F	Y35-44	THS_PER	FRF3	2014		u	
ESTAT:LFST_R_LFSD2POP(1.0)	17/04/26 11:00:00	A	NRP	F	Y35-44	THS_PER	FRG0	2014		u	
ESTAT:LFST_R_LFSD2POP(1.0)	17/04/26 11:00:00	A	NRP	F	Y35-44	THS_PER	FRH0	2014		u	
ESTAT:LFST_R_LFSD2POP(1.0)	17/04/26 11:00:00	A	NRP	F	Y35-44	THS_PER	FRI1	2014		u	
ESTAT:LFST_R_LFSD2POP(1.0)	17/04/26 11:00:00	A	NRP	F	Y35-44	THS_PER	FRI2	2014		u	
ESTAT:LFST_R_LFSD2POP(1.0)	17/04/26 11:00:00	A	NRP	F	Y35-44	THS_PER	FRJ1	2014		u	
ESTAT:LFST_R_LFSD2POP(1.0)	17/04/26 11:00:00	A	NRP	F	Y35-44	THS_PER	FRJ2	2014		u	
ESTAT:LFST_R_LFSD2POP(1.0)	17/04/26 11:00:00	A	NRP	F	Y35-44	THS_PER	FRK2	2014		u	
ESTAT:LFST_R_LFSD2POP(1.0)	17/04/26 11:00:00	A	NRP	F	Y35-44	THS_PER	FRL0	2014	1.0	u	
ESTAT:LFST_R_LFSD2POP(1.0)	17/04/26 11:00:00	A	NRP	F	Y45-54	THS_PER	FR10	2014	1.9	u	
ESTAT:LFST_R_LFSD2POP(1.0)	17/04/26 11:00:00	A	NRP	F	Y45-54	THS_PER	FRB0	2014		u	
ESTAT:LFST_R_LFSD2POP(1.0)	17/04/26 11:00:00	A	NRP	F	Y45-54	THS_PER	FRC1	2014		u	
ESTAT:LFST_R_LFSD2POP(1.0)	17/04/26 11:00:00	A	NRP	F	Y45-54	THS_PER	FRC2	2014	0.6	u	
ESTAT:LFST_R_LFSD2POP(1.0)	17/04/26 11:00:00	A	NRP	F	Y45-54	THS_PER	FRD1	2014		u	
ESTAT:LFST_R_LFSD2POP(1.0)	17/04/26 11:00:00	A	NRP	F	Y45-54	THS_PER	FRD2	2014		u	
ESTAT:LFST_R_LFSD2POP(1.0)	17/04/26 11:00:00	A	NRP	F	Y45-54	THS_PER	FRE1	2014	0.6	u	
ESTAT:LFST_R_LFSD2POP(1.0)	17/04/26 11:00:00	A	NRP	F	Y45-54	THS_PER	FRF1	2014		u	
ESTAT:LFST_R_LFSD2POP(1.0)	17/04/26 11:00:00	A	NRP	F	Y45-54	THS_PER	FRF2	2014		u	
ESTAT:LFST_R_LFSD2POP(1.0)	17/04/26 11:00:00	A	NRP	F	Y45-54	THS_PER	FRF3	2014		u	
ESTAT:LFST_R_LFSD2POP(1.0)	17/04/26 11:00:00	A	NRP	F	Y45-54	THS_PER	FRG0	2014		u	
ESTAT:LFST_R_LFSD2POP(1.0)	17/04/26 11:00:00	A	NRP	F	Y45-54	THS_PER	FRH0	2014		u	
ESTAT:LFST_R_LFSD2POP(1.0)	17/04/26 11:00:00	A	NRP	F	Y45-54	THS_PER	FRI1	2014	1.3	u	
ESTAT:LFST_R_LFSD2POP(1.0)	17/04/26 11:00:00	A	NRP	F	Y45-54	THS_PER	FRI2	2014		u	
ESTAT:LFST_R_LFSD2POP(1.0)	17/04/26 11:00:00	A	NRP	F	Y45-54	THS_PER	FRI3	2014		u	
ESTAT:LFST_R_LFSD2POP(1.0)	17/04/26 11:00:00	A	NRP	F	Y45-54	THS_PER	FRJ1	2014		u	
ESTAT:LFST_R_LFSD2POP(1.0)	17/04/26 11:00:00	A	NRP	F	Y45-54	THS_PER	FRJ2	2014		u	
ESTAT:LFST_R_LFSD2POP(1.0)	17/04/26 11:00:00	A	NRP	F	Y45-54	THS_PER	FRK1	2014		u	
ESTAT:LFST_R_LFSD2POP(1.0)	17/04/26 11:00:00	A	NRP	F	Y45-54	THS_PER	FRK2	2014	0.9	u	
ESTAT:LFST_R_LFSD2POP(1.0)	17/04/26 11:00:00	A	NRP	F	Y45-54	THS_PER	FRL0	2014		u	
ESTAT:LFST_R_LFSD2POP(1.0)	17/04/26 11:00:00	A	NRP	F	Y45-54	THS_PER	FRM0	2014		u	
ESTAT:LFST_R_LFSD2POP(1.0)	17/04/26 11:00:00	A	NRP	F	Y55-64	THS_PER	FR10	2014	1.7	u	
ESTAT:LFST_R_LFSD2POP(1.0)	17/04/26 11:00:00	A	NRP	F	Y55-64	THS_PER	FRC1	2014		u	
ESTAT:LFST_R_LFSD2POP(1.0)	17/04/26 11:00:00	A	NRP	F	Y55-64	THS_PER	FRC2	2014		u	
ESTAT:LFST_R_LFSD2POP(1.0)	17/04/26 11:00:00	A	NRP	F	Y55-64	THS_PER	FRD1	2014		u	
ESTAT:LFST_R_LFSD2POP(1.0)	17/04/26 11:00:00	A	NRP	F	Y55-64	THS_PER	FRD2	2014	0.6	u	
ESTAT:LFST_R_LFSD2POP(1.0)	17/04/26 11:00:00	A	NRP	F	Y55-64	THS_PER	FRF3	2014	1.1	u	
ESTAT:LFST_R_LFSD2POP(1.0)	17/04/26 11:00:00	A	NRP	F	Y55-64	THS_PER	FRH0	2014		u	
ESTAT:LFST_R_LFSD2POP(1.0)	17/04/26 11:00:00	A	NRP	F	Y55-64	THS_PER	FRI1	2014		u	
ESTAT:LFST_R_LFSD2POP(1.0)	17/04/26 11:00:00	A	NRP	F	Y55-64	THS_PER	FRI2	2014		u	
ESTAT:LFST_R_LFSD2POP(1.0)	17/04/26 11:00:00	A	NRP	F	Y55-64	THS_PER	FRJ2	2014		u	
ESTAT:LFST_R_LFSD2POP(1.0)	17/04/26 11:00:00	A	NRP	F	Y55-64	THS_PER	FRK1	2014		u	
ESTAT:LFST_R_LFSD2POP(1.0)	17/04/26 11:00:00	A	NRP	F	Y55-64	THS_PER	FRK2	2014		u	
ESTAT:LFST_R_LFSD2POP(1.0)	17/04/26 11:00:00	A	NRP	F	Y55-64	THS_PER	FRL0	2014		u	
ESTAT:LFST_R_LFSD2POP(1.0)	17/04/26 11:00:00	A	NRP	F	Y55-64	THS_PER	FRM0	2014		u	
ESTAT:LFST_R_LFSD2POP(1.0)	17/04/26 11:00:00	A	NRP	F	Y_GE15	THS_PER	FR10	2014	16.7		
ESTAT:LFST_R_LFSD2POP(1.0)	17/04/26 11:00:00	A	NRP	F	Y_GE15	THS_PER	FRB0	2014	1.1	u	
ESTAT:LFST_R_LFSD2POP(1.0)	17/04/26 11:00:00	A	NRP	F	Y_GE15	THS_PER	FRC1	2014		u	
ESTAT:LFST_R_LFSD2POP(1.0)	17/04/26 11:00:00	A	NRP	F	Y_GE15	THS_PER	FRC2	2014	1.3	u	
ESTAT:LFST_R_LFSD2POP(1.0)	17/04/26 11:00:00	A	NRP	F	Y_GE15	THS_PER	FRD1	2014	1.1	u	
ESTAT:LFST_R_LFSD2POP(1.0)	17/04/26 11:00:00	A	NRP	F	Y_GE15	THS_PER	FRD2	2014	2.2	u	
ESTAT:LFST_R_LFSD2POP(1.0)	17/04/26 11:00:00	A	NRP	F	Y_GE15	THS_PER	FRE1	2014	1.5	u	
ESTAT:LFST_R_LFSD2POP(1.0)	17/04/26 11:00:00	A	NRP	F	Y_GE15	THS_PER	FRE2	2014	0.9	u	
ESTAT:LFST_R_LFSD2POP(1.0)	17/04/26 11:00:00	A	NRP	F	Y_GE15	THS_PER	FRF1	2014	1.1	u	
ESTAT:LFST_R_LFSD2POP(1.0)	17/04/26 11:00:00	A	NRP	F	Y_GE15	THS_PER	FRF2	2014	0.5	u	
ESTAT:LFST_R_LFSD2POP(1.0)	17/04/26 11:00:00	A	NRP	F	Y_GE15	THS_PER	FRF3	2014	3.1	u	
ESTAT:LFST_R_LFSD2POP(1.0)	17/04/26 11:00:00	A	NRP	F	Y_GE15	THS_PER	FRG0	2014	2.2	u	
ESTAT:LFST_R_LFSD2POP(1.0)	17/04/26 11:00:00	A	NRP	F	Y_GE15	THS_PER	FRH0	2014	1.5	u	
ESTAT:LFST_R_LFSD2POP(1.0)	17/04/26 11:00:00	A	NRP	F	Y_GE15	THS_PER	FRI1	2014	5.0	u	
ESTAT:LFST_R_LFSD2POP(1.0)	17/04/26 11:00:00	A	NRP	F	Y_GE15	THS_PER	FRI2	2014		u	
ESTAT:LFST_R_LFSD2POP(1.0)	17/04/26 11:00:00	A	NRP	F	Y_GE15	THS_PER	FRI3	2014		u	
ESTAT:LFST_R_LFSD2POP(1.0)	17/04/26 11:00:00	A	NRP	F	Y_GE15	THS_PER	FRJ1	2014	2.9	u	
ESTAT:LFST_R_LFSD2POP(1.0)	17/04/26 11:00:00	A	NRP	F	Y_GE15	THS_PER	FRJ2	2014	1.9	u	
ESTAT:LFST_R_LFSD2POP(1.0)	17/04/26 11:00:00	A	NRP	F	Y_GE15	THS_PER	FRK1	2014	1.2	u	
ESTAT:LFST_R_LFSD2POP(1.0)	17/04/26 11:00:00	A	NRP	F	Y_GE15	THS_PER	FRK2	2014	5.7	u	
ESTAT:LFST_R_LFSD2POP(1.0)	17/04/26 11:00:00	A	NRP	F	Y_GE15	THS_PER	FRL0	2014	2.8	u	
ESTAT:LFST_R_LFSD2POP(1.0)	17/04/26 11:00:00	A	NRP	F	Y_GE15	THS_PER	FRM0	2014		u	
ESTAT:LFST_R_LFSD2POP(1.0)	17/04/26 11:00:00	A	NRP	F	Y_GE25	THS_PER	FR10	2014	10.8		
ESTAT:LFST_R_LFSD2POP(1.0)	17/04/26 11:00:00	A	NRP	F	Y_GE25	THS_PER	FRB0	2014	0.6	u	
ESTAT:LFST_R_LFSD2POP(1.0)	17/04/26 11:00:00	A	NRP	F	Y_GE25	THS_PER	FRC1	2014		u	
ESTAT:LFST_R_LFSD2POP(1.0)	17/04/26 11:00:00	A	NRP	F	Y_GE25	THS_PER	FRC2	2014	0.9	u	
ESTAT:LFST_R_LFSD2POP(1.0)	17/04/26 11:00:00	A	NRP	F	Y_GE25	THS_PER	FRD1	2014	1.1	u	
ESTAT:LFST_R_LFSD2POP(1.0)	17/04/26 11:00:00	A	NRP	F	Y_GE25	THS_PER	FRD2	2014	1.8	u	
ESTAT:LFST_R_LFSD2POP(1.0)	17/04/26 11:00:00	A	NRP	F	Y_GE25	THS_PER	FRE1	2014	0.8	u	
ESTAT:LFST_R_LFSD2POP(1.0)	17/04/26 11:00:00	A	NRP	F	Y_GE25	THS_PER	FRE2	2014	0.7	u	
ESTAT:LFST_R_LFSD2POP(1.0)	17/04/26 11:00:00	A	NRP	F	Y_GE25	THS_PER	FRF1	2014	0.6	u	
ESTAT:LFST_R_LFSD2POP(1.0)	17/04/26 11:00:00	A	NRP	F	Y_GE25	THS_PER	FRF2	2014		u	
ESTAT:LFST_R_LFSD2POP(1.0)	17/04/26 11:00:00	A	NRP	F	Y_GE25	THS_PER	FRF3	2014	2.8	u	
ESTAT:LFST_R_LFSD2POP(1.0)	17/04/26 11:00:00	A	NRP	F	Y_GE25	THS_PER	FRG0	2014	1.5	u	
ESTAT:LFST_R_LFSD2POP(1.0)	17/04/26 11:00:00	A	NRP	F	Y_GE25	THS_PER	FRH0	2014	0.9	u	
ESTAT:LFST_R_LFSD2POP(1.0)	17/04/26 11:00:00	A	NRP	F	Y_GE25	THS_PER	FRI1	2014	2.4	u	
ESTAT:LFST_R_LFSD2POP(1.0)	17/04/26 11:00:00	A	NRP	F	Y_GE25	THS_PER	FRI2	2014		u	
ESTAT:LFST_R_LFSD2POP(1.0)	17/04/26 11:00:00	A	NRP	F	Y_GE25	THS_PER	FRI3	2014		u	
ESTAT:LFST_R_LFSD2POP(1.0)	17/04/26 11:00:00	A	NRP	F	Y_GE25	THS_PER	FRJ1	2014	2.4	u	
ESTAT:LFST_R_LFSD2POP(1.0)	17/04/26 11:00:00	A	NRP	F	Y_GE25	THS_PER	FRJ2	2014	1.3	u	
ESTAT:LFST_R_LFSD2POP(1.0)	17/04/26 11:00:00	A	NRP	F	Y_GE25	THS_PER	FRK1	2014	0.8	u	
ESTAT:LFST_R_LFSD2POP(1.0)	17/04/26 11:00:00	A	NRP	F	Y_GE25	THS_PER	FRK2	2014	4.3	u	
ESTAT:LFST_R_LFSD2POP(1.0)	17/04/26 11:00:00	A	NRP	F	Y_GE25	THS_PER	FRL0	2014	2.6	u	
ESTAT:LFST_R_LFSD2POP(1.0)	17/04/26 11:00:00	A	NRP	F	Y_GE25	THS_PER	FRM0	2014		u	
ESTAT:LFST_R_LFSD2POP(1.0)	17/04/26 11:00:00	A	NRP	F	Y_GE65	THS_PER	FR10	2014	1.6	u	
ESTAT:LFST_R_LFSD2POP(1.0)	17/04/26 11:00:00	A	NRP	F	Y_GE65	THS_PER	FRF3	2014		u	
ESTAT:LFST_R_LFSD2POP(1.0)	17/04/26 11:00:00	A	NRP	F	Y_GE65	THS_PER	FRG0	2014		u	
ESTAT:LFST_R_LFSD2POP(1.0)	17/04/26 11:00:00	A	NRP	F	Y_GE65	THS_PER	FRI2	2014		u	
ESTAT:LFST_R_LFSD2POP(1.0)	17/04/26 11:00:00	A	NRP	F	Y_GE65	THS_PER	FRJ1	2014		u	
ESTAT:LFST_R_LFSD2POP(1.0)	17/04/26 11:00:00	A	NRP	F	Y_GE65	THS_PER	FRJ2	2014		u	
ESTAT:LFST_R_LFSD2POP(1.0)	17/04/26 11:00:00	A	NRP	F	Y_GE65	THS_PER	FRL0	2014		u	
ESTAT:LFST_R_LFSD2POP(1.0)	17/04/26 11:00:00	A	NRP	M	Y15-24	THS_PER	FR10	2014	4.7	u	
ESTAT:LFST_R_LFSD2POP(1.0)	17/04/26 11:00:00	A	NRP	M	Y15-24	THS_PER	FRB0	2014		u	
ESTAT:LFST_R_LFSD2POP(1.0)	17/04/26 11:00:00	A	NRP	M	Y15-24	THS_PER	FRC2	2014	0.8	u	
ESTAT:LFST_R_LFSD2POP(1.0)	17/04/26 11:00:00	A	NRP	M	Y15-24	THS_PER	FRD1	2014		u	
ESTAT:LFST_R_LFSD2POP(1.0)	17/04/26 11:00:00	A	NRP	M	Y15-24	THS_PER	FRD2	2014		u	
ESTAT:LFST_R_LFSD2POP(1.0)	17/04/26 11:00:00	A	NRP	M	Y15-24	THS_PER	FRE1	2014		u	
ESTAT:LFST_R_LFSD2POP(1.0)	17/04/26 11:00:00	A	NRP	M	Y15-24	THS_PER	FRE2	2014		u	
ESTAT:LFST_R_LFSD2POP(1.0)	17/04/26 11:00:00	A	NRP	M	Y15-24	THS_PER	FRF1	2014	0.7	u	
ESTAT:LFST_R_LFSD2POP(1.0)	17/04/26 11:00:00	A	NRP	M	Y15-24	THS_PER	FRF2	2014		u	
ESTAT:LFST_R_LFSD2POP(1.0)	17/04/26 11:00:00	A	NRP	M	Y15-24	THS_PER	FRF3	2014		u	
ESTAT:LFST_R_LFSD2POP(1.0)	17/04/26 11:00:00	A	NRP	M	Y15-24	THS_PER	FRG0	2014		u	
ESTAT:LFST_R_LFSD2POP(1.0)	17/04/26 11:00:00	A	NRP	M	Y15-24	THS_PER	FRH0	2014		u	
ESTAT:LFST_R_LFSD2POP(1.0)	17/04/26 11:00:00	A	NRP	M	Y15-24	THS_PER	FRI1	2014	0.7	u	
ESTAT:LFST_R_LFSD2POP(1.0)	17/04/26 11:00:00	A	NRP	M	Y15-24	THS_PER	FRI2	2014		u	
ESTAT:LFST_R_LFSD2POP(1.0)	17/04/26 11:00:00	A	NRP	M	Y15-24	THS_PER	FRJ2	2014		u	
ESTAT:LFST_R_LFSD2POP(1.0)	17/04/26 11:00:00	A	NRP	M	Y15-24	THS_PER	FRK2	2014	1.8	u	
ESTAT:LFST_R_LFSD2POP(1.0)	17/04/26 11:00:00	A	NRP	M	Y15-24	THS_PER	FRL0	2014	2.2	u	
ESTAT:LFST_R_LFSD2POP(1.0)	17/04/26 11:00:00	A	NRP	M	Y15-24	THS_PER	FRM0	2014		u	
ESTAT:LFST_R_LFSD2POP(1.0)	17/04/26 11:00:00	A	NRP	M	Y15-64	THS_PER	FR10	2014	19.6		
ESTAT:LFST_R_LFSD2POP(1.0)	17/04/26 11:00:00	A	NRP	M	Y15-64	THS_PER	FRB0	2014	2.4	u	
ESTAT:LFST_R_LFSD2POP(1.0)	17/04/26 11:00:00	A	NRP	M	Y15-64	THS_PER	FRC1	2014		u	
ESTAT:LFST_R_LFSD2POP(1.0)	17/04/26 11:00:00	A	NRP	M	Y15-64	THS_PER	FRC2	2014	1.7	u	
ESTAT:LFST_R_LFSD2POP(1.0)	17/04/26 11:00:00	A	NRP	M	Y15-64	THS_PER	FRD1	2014	1.1	u	
ESTAT:LFST_R_LFSD2POP(1.0)	17/04/26 11:00:00	A	NRP	M	Y15-64	THS_PER	FRD2	2014	1.3	u	
ESTAT:LFST_R_LFSD2POP(1.0)	17/04/26 11:00:00	A	NRP	M	Y15-64	THS_PER	FRE1	2014	1.5	u	
ESTAT:LFST_R_LFSD2POP(1.0)	17/04/26 11:00:00	A	NRP	M	Y15-64	THS_PER	FRE2	2014	1.0	u	
ESTAT:LFST_R_LFSD2POP(1.0)	17/04/26 11:00:00	A	NRP	M	Y15-64	THS_PER	FRF1	2014	2.5	u	
ESTAT:LFST_R_LFSD2POP(1.0)	17/04/26 11:00:00	A	NRP	M	Y15-64	THS_PER	FRF2	2014		u	
ESTAT:LFST_R_LFSD2POP(1.0)	17/04/26 11:00:00	A	NRP	M	Y15-64	THS_PER	FRF3	2014	2.0	u	
ESTAT:LFST_R_LFSD2POP(1.0)	17/04/26 11:00:00	A	NRP	M	Y15-64	THS_PER	FRG0	2014	1.4	u	
ESTAT:LFST_R_LFSD2POP(1.0)	17/04/26 11:00:00	A	NRP	M	Y15-64	THS_PER	FRH0	2014	1.5	u	
ESTAT:LFST_R_LFSD2POP(1.0)	17/04/26 11:00:00	A	NRP	M	Y15-64	THS_PER	FRI1	2014	2.9	u	
ESTAT:LFST_R_LFSD2POP(1.0)	17/04/26 11:00:00	A	NRP	M	Y15-64	THS_PER	FRI2	2014	0.5	u	
ESTAT:LFST_R_LFSD2POP(1.0)	17/04/26 11:00:00	A	NRP	M	Y15-64	THS_PER	FRI3	2014		u	
ESTAT:LFST_R_LFSD2POP(1.0)	17/04/26 11:00:00	A	NRP	M	Y15-64	THS_PER	FRJ1	2014	2.0	u	
ESTAT:LFST_R_LFSD2POP(1.0)	17/04/26 11:00:00	A	NRP	M	Y15-64	THS_PER	FRJ2	2014	1.3	u	
ESTAT:LFST_R_LFSD2POP(1.0)	17/04/26 11:00:00	A	NRP	M	Y15-64	THS_PER	FRK1	2014	0.8	u	
ESTAT:LFST_R_LFSD2POP(1.0)	17/04/26 11:00:00	A	NRP	M	Y15-64	THS_PER	FRK2	2014	6.3	u	
ESTAT:LFST_R_LFSD2POP(1.0)	17/04/26 11:00:00	A	NRP	M	Y15-64	THS_PER	FRL0	2014	7.0	u	
ESTAT:LFST_R_LFSD2POP(1.0)	17/04/26 11:00:00	A	NRP	M	Y15-64	THS_PER	FRM0	2014		u	
ESTAT:LFST_R_LFSD2POP(1.0)	17/04/26 11:00:00	A	NRP	M	Y15-74	THS_PER	FR10	2014	20.3		
ESTAT:LFST_R_LFSD2POP(1.0)	17/04/26 11:00:00	A	NRP	M	Y15-74	THS_PER	FRB0	2014	2.6	u	
ESTAT:LFST_R_LFSD2POP(1.0)	17/04/26 11:00:00	A	NRP	M	Y15-74	THS_PER	FRC1	2014		u	
ESTAT:LFST_R_LFSD2POP(1.0)	17/04/26 11:00:00	A	NRP	M	Y15-74	THS_PER	FRC2	2014	1.8	u	
ESTAT:LFST_R_LFSD2POP(1.0)	17/04/26 11:00:00	A	NRP	M	Y15-74	THS_PER	FRD1	2014	1.2	u	
ESTAT:LFST_R_LFSD2POP(1.0)	17/04/26 11:00:00	A	NRP	M	Y15-74	THS_PER	FRD2	2014	1.5	u	
ESTAT:LFST_R_LFSD2POP(1.0)	17/04/26 11:00:00	A	NRP	M	Y15-74	THS_PER	FRE1	2014	1.5	u	
ESTAT:LFST_R_LFSD2POP(1.0)	17/04/26 11:00:00	A	NRP	M	Y15-74	THS_PER	FRE2	2014	1.1	u	
ESTAT:LFST_R_LFSD2POP(1.0)	17/04/26 11:00:00	A	NRP	M	Y15-74	THS_PER	FRF1	2014	2.5	u	
ESTAT:LFST_R_LFSD2POP(1.0)	17/04/26 11:00:00	A	NRP	M	Y15-74	THS_PER	FRF2	2014		u	
ESTAT:LFST_R_LFSD2POP(1.0)	17/04/26 11:00:00	A	NRP	M	Y15-74	THS_PER	FRF3	2014	2.0	u	
ESTAT:LFST_R_LFSD2POP(1.0)	17/04/26 11:00:00	A	NRP	M	Y15-74	THS_PER	FRG0	2014	1.5	u	
ESTAT:LFST_R_LFSD2POP(1.0)	17/04/26 11:00:00	A	NRP	M	Y15-74	THS_PER	FRH0	2014	1.5	u	
ESTAT:LFST_R_LFSD2POP(1.0)	17/04/26 11:00:00	A	NRP	M	Y15-74	THS_PER	FRI1	2014	2.9	u	
ESTAT:LFST_R_LFSD2POP(1.0)	17/04/26 11:00:00	A	NRP	M	Y15-74	THS_PER	FRI2	2014	0.6	u	
ESTAT:LFST_R_LFSD2POP(1.0)	17/04/26 11:00:00	A	NRP	M	Y15-74	THS_PER	FRI3	2014		u	
ESTAT:LFST_R_LFSD2POP(1.0)	17/04/26 11:00:00	A	NRP	M	Y15-74	THS_PER	FRJ1	2014	2.0	u	
ESTAT:LFST_R_LFSD2POP(1.0)	17/04/26 11:00:00	A	NRP	M	Y15-74	THS_PER	FRJ2	2014	1.3	u	
ESTAT:LFST_R_LFSD2POP(1.0)	17/04/26 11:00:00	A	NRP	M	Y15-74	THS_PER	FRK1	2014	0.8	u	
ESTAT:LFST_R_LFSD2POP(1.0)	17/04/26 11:00:00	A	NRP	M	Y15-74	THS_PER	FRK2	2014	6.3	u	
ESTAT:LFST_R_LFSD2POP(1.0)	17/04/26 11:00:00	A	NRP	M	Y15-74	THS_PER	FRL0	2014	7.0	u	
ESTAT:LFST_R_LFSD2POP(1.0)	17/04/26 11:00:00	A	NRP	M	Y15-74	THS_PER	FRM0	2014		u	
ESTAT:LFST_R_LFSD2POP(1.0)	17/04/26 11:00:00	A	NRP	M	Y20-64	THS_PER	FR10	2014	17.8		
ESTAT:LFST_R_LFSD2POP(1.0)	17/04/26 11:00:00	A	NRP	M	Y20-64	THS_PER	FRB0	2014	2.4	u	
ESTAT:LFST_R_LFSD2POP(1.0)	17/04/26 11:00:00	A	NRP	M	Y20-64	THS_PER	FRC1	2014		u	
ESTAT:LFST_R_LFSD2POP(1.0)	17/04/26 11:00:00	A	NRP	M	Y20-64	THS_PER	FRC2	2014	1.4	u	
ESTAT:LFST_R_LFSD2POP(1.0)	17/04/26 11:00:00	A	NRP	M	Y20-64	THS_PER	FRD1	2014	1.1	u	
ESTAT:LFST_R_LFSD2POP(1.0)	17/04/26 11:00:00	A	NRP	M	Y20-64	THS_PER	FRD2	2014	1.0	u	
ESTAT:LFST_R_LFSD2POP(1.0)	17/04/26 11:00:00	A	NRP	M	Y20-64	THS_PER	FRE1	2014	1.3	u	
ESTAT:LFST_R_LFSD2POP(1.0)	17/04/26 11:00:00	A	NRP	M	Y20-64	THS_PER	FRE2	2014	0.9	u	
ESTAT:LFST_R_LFSD2POP(1.0)	17/04/26 11:00:00	A	NRP	M	Y20-64	THS_PER	FRF1	2014	2.1	u	
ESTAT:LFST_R_LFSD2POP(1.0)	17/04/26 11:00:00	A	NRP	M	Y20-64	THS_PER	FRF2	2014		u	
ESTAT:LFST_R_LFSD2POP(1.0)	17/04/26 11:00:00	A	NRP	M	Y20-64	THS_PER	FRF3	2014	1.9	u	
ESTAT:LFST_R_LFSD2POP(1.0)	17/04/26 11:00:00	A	NRP	M	Y20-64	THS_PER	FRG0	2014	1.4	u	
ESTAT:LFST_R_LFSD2POP(1.0)	17/04/26 11:00:00	A	NRP	M	Y20-64	THS_PER	FRH0	2014	1.5	u	
ESTAT:LFST_R_LFSD2POP(1.0)	17/04/26 11:00:00	A	NRP	M	Y20-64	THS_PER	FRI1	2014	2.8	u	
ESTAT:LFST_R_LFSD2POP(1.0)	17/04/26 11:00:00	A	NRP	M	Y20-64	THS_PER	FRI2	2014		u	
ESTAT:LFST_R_LFSD2POP(1.0)	17/04/26 11:00:00	A	NRP	M	Y20-64	THS_PER	FRI3	2014		u	
ESTAT:LFST_R_LFSD2POP(1.0)	17/04/26 11:00:00	A	NRP	M	Y20-64	THS_PER	FRJ1	2014	2.0	u	
ESTAT:LFST_R_LFSD2POP(1.0)	17/04/26 11:00:00	A	NRP	M	Y20-64	THS_PER	FRJ2	2014	1.3	u	
ESTAT:LFST_R_LFSD2POP(1.0)	17/04/26 11:00:00	A	NRP	M	Y20-64	THS_PER	FRK1	2014	0.8	u	
ESTAT:LFST_R_LFSD2POP(1.0)	17/04/26 11:00:00	A	NRP	M	Y20-64	THS_PER	FRK2	2014	5.4	u	
ESTAT:LFST_R_LFSD2POP(1.0)	17/04/26 11:00:00	A	NRP	M	Y20-64	THS_PER	FRL0	2014	7.0	u	
ESTAT:LFST_R_LFSD2POP(1.0)	17/04/26 11:00:00	A	NRP	M	Y20-64	THS_PER	FRM0	2014		u	
ESTAT:LFST_R_LFSD2POP(1.0)	17/04/26 11:00:00	A	NRP	M	Y25-34	THS_PER	FR10	2014	4.8	u	
ESTAT:LFST_R_LFSD2POP(1.0)	17/04/26 11:00:00	A	NRP	M	Y25-34	THS_PER	FRB0	2014	0.9	u	
ESTAT:LFST_R_LFSD2POP(1.0)	17/04/26 11:00:00	A	NRP	M	Y25-34	THS_PER	FRC1	2014		u	
ESTAT:LFST_R_LFSD2POP(1.0)	17/04/26 11:00:00	A	NRP	M	Y25-34	THS_PER	FRC2	2014		u	
ESTAT:LFST_R_LFSD2POP(1.0)	17/04/26 11:00:00	A	NRP	M	Y25-34	THS_PER	FRD1	2014		u	
ESTAT:LFST_R_LFSD2POP(1.0)	17/04/26 11:00:00	A	NRP	M	Y25-34	THS_PER	FRE2	2014		u	
ESTAT:LFST_R_LFSD2POP(1.0)	17/04/26 11:00:00	A	NRP	M	Y25-34	THS_PER	FRF1	2014	0.5	u	
ESTAT:LFST_R_LFSD2POP(1.0)	17/04/26 11:00:00	A	NRP	M	Y25-34	THS_PER	FRF3	2014		u	
ESTAT:LFST_R_LFSD2POP(1.0)	17/04/26 11:00:00	A	NRP	M	Y25-34	THS_PER	FRH0	2014	0.9	u	
ESTAT:LFST_R_LFSD2POP(1.0)	17/04/26 11:00:00	A	NRP	M	Y25-34	THS_PER	FRI1	2014		u	
ESTAT:LFST_R_LFSD2POP(1.0)	17/04/26 11:00:00	A	NRP	M	Y25-34	THS_PER	FRI2	2014		u	
ESTAT:LFST_R_LFSD2POP(1.0)	17/04/26 11:00:00	A	NRP	M	Y25-34	THS_PER	FRI3	2014		u	
ESTAT:LFST_R_LFSD2POP(1.0)	17/04/26 11:00:00	A	NRP	M	Y25-34	THS_PER	FRJ1	2014	1.4	u	
ESTAT:LFST_R_LFSD2POP(1.0)	17/04/26 11:00:00	A	NRP	M	Y25-34	THS_PER	FRJ2	2014		u	
ESTAT:LFST_R_LFSD2POP(1.0)	17/04/26 11:00:00	A	NRP	M	Y25-34	THS_PER	FRK2	2014		u	
ESTAT:LFST_R_LFSD2POP(1.0)	17/04/26 11:00:00	A	NRP	M	Y25-34	THS_PER	FRL0	2014	1.2	u	
ESTAT:LFST_R_LFSD2POP(1.0)	17/04/26 11:00:00	A	NRP	M	Y25-34	THS_PER	FRM0	2014		u	
ESTAT:LFST_R_LFSD2POP(1.0)	17/04/26 11:00:00	A	NRP	M	Y25-64	THS_PER	FR10	2014	14.9		
ESTAT:LFST_R_LFSD2POP(1.0)	17/04/26 11:00:00	A	NRP	M	Y25-64	THS_PER	FRB0	2014	2.2	u	
ESTAT:LFST_R_LFSD2POP(1.0)	17/04/26 11:00:00	A	NRP	M	Y25-64	THS_PER	FRC1	2014		u	
ESTAT:LFST_R_LFSD2POP(1.0)	17/04/26 11:00:00	A	NRP	M	Y25-64	THS_PER	FRC2	2014	1.0	u	
ESTAT:LFST_R_LFSD2POP(1.0)	17/04/26 11:00:00	A	NRP	M	Y25-64	THS_PER	FRD1	2014	0.9	u	
ESTAT:LFST_R_LFSD2POP(1.0)	17/04/26 11:00:00	A	NRP	M	Y25-64	THS_PER	FRD2	2014	1.0	u	
ESTAT:LFST_R_LFSD2POP(1.0)	17/04/26 11:00:00	A	NRP	M	Y25-64	THS_PER	FRE1	2014	1.2	u	
ESTAT:LFST_R_LFSD2POP(1.0)	17/04/26 11:00:00	A	NRP	M	Y25-64	THS_PER	FRE2	2014	0.9	u	
ESTAT:LFST_R_LFSD2POP(1.0)	17/04/26 11:00:00	A	NRP	M	Y25-64	THS_PER	FRF1	2014	1.8	u	
ESTAT:LFST_R_LFSD2POP(1.0)	17/04/26 11:00:00	A	NRP	M	Y25-64	THS_PER	FRF2	2014		u	
ESTAT:LFST_R_LFSD2POP(1.0)	17/04/26 11:00:00	A	NRP	M	Y25-64	THS_PER	FRF3	2014	1.6	u	
ESTAT:LFST_R_LFSD2POP(1.0)	17/04/26 11:00:00	A	NRP	M	Y25-64	THS_PER	FRG0	2014	1.3	u	
ESTAT:LFST_R_LFSD2POP(1.0)	17/04/26 11:00:00	A	NRP	M	Y25-64	THS_PER	FRH0	2014	1.3	u	
ESTAT:LFST_R_LFSD2POP(1.0)	17/04/26 11:00:00	A	NRP	M	Y25-64	THS_PER	FRI1	2014	2.2	u	
ESTAT:LFST_R_LFSD2POP(1.0)	17/04/26 11:00:00	A	NRP	M	Y25-64	THS_PER	FRI2	2014		u	
ESTAT:LFST_R_LFSD2POP(1.0)	17/04/26 11:00:00	A	NRP	M	Y25-64	THS_PER	FRI3	2014		u	
ESTAT:LFST_R_LFSD2POP(1.0)	17/04/26 11:00:00	A	NRP	M	Y25-64	THS_PER	FRJ1	2014	2.0	u	
ESTAT:LFST_R_LFSD2POP(1.0)	17/04/26 11:00:00	A	NRP	M	Y25-64	THS_PER	FRJ2	2014	1.1	u	
ESTAT:LFST_R_LFSD2POP(1.0)	17/04/26 11:00:00	A	NRP	M	Y25-64	THS_PER	FRK1	2014	0.8	u	
ESTAT:LFST_R_LFSD2POP(1.0)	17/04/26 11:00:00	A	NRP	M	Y25-64	THS_PER	FRK2	2014	4.5	u	
ESTAT:LFST_R_LFSD2POP(1.0)	17/04/26 11:00:00	A	NRP	M	Y25-64	THS_PER	FRL0	2014	4.8	u	
ESTAT:LFST_R_LFSD2POP(1.0)	17/04/26 11:00:00	A	NRP	M	Y25-64	THS_PER	FRM0	2014		u	
ESTAT:LFST_R_LFSD2POP(1.0)	17/04/26 11:00:00	A	NRP	M	Y35-44	THS_PER	FR10	2014	4.7	u	
ESTAT:LFST_R_LFSD2POP(1.0)	17/04/26 11:00:00	A	NRP	M	Y35-44	THS_PER	FRB0	2014		u	
ESTAT:LFST_R_LFSD2POP(1.0)	17/04/26 11:00:00	A	NRP	M	Y35-44	THS_PER	FRC1	2014		u	
ESTAT:LFST_R_LFSD2POP(1.0)	17/04/26 11:00:00	A	NRP	M	Y35-44	THS_PER	FRD1	2014		u	
ESTAT:LFST_R_LFSD2POP(1.0)	17/04/26 11:00:00	A	NRP	M	Y35-44	THS_PER	FRD2	2014		u	
ESTAT:LFST_R_LFSD2POP(1.0)	17/04/26 11:00:00	A	NRP	M	Y35-44	THS_PER	FRE1	2014		u	
ESTAT:LFST_R_LFSD2POP(1.0)	17/04/26 11:00:00	A	NRP	M	Y35-44	THS_PER	FRE2	2014		u	
ESTAT:LFST_R_LFSD2POP(1.0)	17/04/26 11:00:00	A	NRP	M	Y35-44	THS_PER	FRF1	2014		u	
ESTAT:LFST_R_LFSD2POP(1.0)	17/04/26 11:00:00	A	NRP	M	Y35-44	THS_PER	FRF3	2014		u	
ESTAT:LFST_R_LFSD2POP(1.0)	17/04/26 11:00:00	A	NRP	M	Y35-44	THS_PER	FRG0	2014		u	
ESTAT:LFST_R_LFSD2POP(1.0)	17/04/26 11:00:00	A	NRP	M	Y35-44	THS_PER	FRH0	2014		u	
ESTAT:LFST_R_LFSD2POP(1.0)	17/04/26 11:00:00	A	NRP	M	Y35-44	THS_PER	FRI2	2014		u	
ESTAT:LFST_R_LFSD2POP(1.0)	17/04/26 11:00:00	A	NRP	M	Y35-44	THS_PER	FRJ1	2014		u	
ESTAT:LFST_R_LFSD2POP(1.0)	17/04/26 11:00:00	A	NRP	M	Y35-44	THS_PER	FRJ2	2014		u	
ESTAT:LFST_R_LFSD2POP(1.0)	17/04/26 11:00:00	A	NRP	M	Y35-44	THS_PER	FRK1	2014		u	
ESTAT:LFST_R_LFSD2POP(1.0)	17/04/26 11:00:00	A	NRP	M	Y35-44	THS_PER	FRK2	2014	1.5	u	
ESTAT:LFST_R_LFSD2POP(1.0)	17/04/26 11:00:00	A	NRP	M	Y35-44	THS_PER	FRL0	2014	1.0	u	
ESTAT:LFST_R_LFSD2POP(1.0)	17/04/26 11:00:00	A	NRP	M	Y45-54	THS_PER	FR10	2014	3.8	u	
ESTAT:LFST_R_LFSD2POP(1.0)	17/04/26 11:00:00	A	NRP	M	Y45-54	THS_PER	FRB0	2014	0.9	u	
ESTAT:LFST_R_LFSD2POP(1.0)	17/04/26 11:00:00	A	NRP	M	Y45-54	THS_PER	FRC1	2014		u	
ESTAT:LFST_R_LFSD2POP(1.0)	17/04/26 11:00:00	A	NRP	M	Y45-54	THS_PER	FRC2	2014	0.6	u	
ESTAT:LFST_R_LFSD2POP(1.0)	17/04/26 11:00:00	A	NRP	M	Y45-54	THS_PER	FRD2	2014		u	
ESTAT:LFST_R_LFSD2POP(1.0)	17/04/26 11:00:00	A	NRP	M	Y45-54	THS_PER	FRE1	2014	0.8	u	
ESTAT:LFST_R_LFSD2POP(1.0)	17/04/26 11:00:00	A	NRP	M	Y45-54	THS_PER	FRE2	2014		u	
ESTAT:LFST_R_LFSD2POP(1.0)	17/04/26 11:00:00	A	NRP	M	Y45-54	THS_PER	FRF1	2014	1.3	u	
ESTAT:LFST_R_LFSD2POP(1.0)	17/04/26 11:00:00	A	NRP	M	Y45-54	THS_PER	FRF2	2014		u	
ESTAT:LFST_R_LFSD2POP(1.0)	17/04/26 11:00:00	A	NRP	M	Y45-54	THS_PER	FRF3	2014	0.8	u	
ESTAT:LFST_R_LFSD2POP(1.0)	17/04/26 11:00:00	A	NRP	M	Y45-54	THS_PER	FRG0	2014	0.8	u	
ESTAT:LFST_R_LFSD2POP(1.0)	17/04/26 11:00:00	A	NRP	M	Y45-54	THS_PER	FRH0	2014		u	
ESTAT:LFST_R_LFSD2POP(1.0)	17/04/26 11:00:00	A	NRP	M	Y45-54	THS_PER	FRI1	2014	1.2	u	
ESTAT:LFST_R_LFSD2POP(1.0)	17/04/26 11:00:00	A	NRP	M	Y45-54	THS_PER	FRI2	2014		u	
ESTAT:LFST_R_LFSD2POP(1.0)	17/04/26 11:00:00	A	NRP	M	Y45-54	THS_PER	FRJ2	2014		u	
ESTAT:LFST_R_LFSD2POP(1.0)	17/04/26 11:00:00	A	NRP	M	Y45-54	THS_PER	FRK1	2014		u	
ESTAT:LFST_R_LFSD2POP(1.0)	17/04/26 11:00:00	A	NRP	M	Y45-54	THS_PER	FRK2	2014	1.2	u	
ESTAT:LFST_R_LFSD2POP(1.0)	17/04/26 11:00:00	A	NRP	M	Y45-54	THS_PER	FRL0	2014	2.6	u	
ESTAT:LFST_R_LFSD2POP(1.0)	17/04/26 11:00:00	A	NRP	M	Y55-64	THS_PER	FR10	2014	1.7	u	
ESTAT:LFST_R_LFSD2POP(1.0)	17/04/26 11:00:00	A	NRP	M	Y55-64	THS_PER	FRB0	2014		u	
ESTAT:LFST_R_LFSD2POP(1.0)	17/04/26 11:00:00	A	NRP	M	Y55-64	THS_PER	FRC2	2014		u	
ESTAT:LFST_R_LFSD2POP(1.0)	17/04/26 11:00:00	A	NRP	M	Y55-64	THS_PER	FRD1	2014		u	
ESTAT:LFST_R_LFSD2POP(1.0)	17/04/26 11:00:00	A	NRP	M	Y55-64	THS_PER	FRD2	2014		u	
ESTAT:LFST_R_LFSD2POP(1.0)	17/04/26 11:00:00	A	NRP	M	Y55-64	THS_PER	FRF3	2014		u	
ESTAT:LFST_R_LFSD2POP(1.0)	17/04/26 11:00:00	A	NRP	M	Y55-64	THS_PER	FRG0	2014		u	
ESTAT:LFST_R_LFSD2POP(1.0)	17/04/26 11:00:00	A	NRP	M	Y55-64	THS_PER	FRI1	2014		u	
ESTAT:LFST_R_LFSD2POP(1.0)	17/04/26 11:00:00	A	NRP	M	Y55-64	THS_PER	FRI2	2014		u	
ESTAT:LFST_R_LFSD2POP(1.0)	17/04/26 11:00:00	A	NRP	M	Y55-64	THS_PER	FRJ1	2014		u	
ESTAT:LFST_R_LFSD2POP(1.0)	17/04/26 11:00:00	A	NRP	M	Y55-64	THS_PER	FRK1	2014		u	
ESTAT:LFST_R_LFSD2POP(1.0)	17/04/26 11:00:00	A	NRP	M	Y55-64	THS_PER	FRK2	2014	1.2	u	
ESTAT:LFST_R_LFSD2POP(1.0)	17/04/26 11:00:00	A	NRP	M	Y55-64	THS_PER	FRL0	2014		u	
ESTAT:LFST_R_LFSD2POP(1.0)	17/04/26 11:00:00	A	NRP	M	Y_GE15	THS_PER	FR10	2014	20.5		
ESTAT:LFST_R_LFSD2POP(1.0)	17/04/26 11:00:00	A	NRP	M	Y_GE15	THS_PER	FRB0	2014	2.6	u	
ESTAT:LFST_R_LFSD2POP(1.0)	17/04/26 11:00:00	A	NRP	M	Y_GE15	THS_PER	FRC1	2014		u	
ESTAT:LFST_R_LFSD2POP(1.0)	17/04/26 11:00:00	A	NRP	M	Y_GE15	THS_PER	FRC2	2014	1.8	u	
ESTAT:LFST_R_LFSD2POP(1.0)	17/04/26 11:00:00	A	NRP	M	Y_GE15	THS_PER	FRD1	2014	1.2	u	
ESTAT:LFST_R_LFSD2POP(1.0)	17/04/26 11:00:00	A	NRP	M	Y_GE15	THS_PER	FRD2	2014	1.5	u	
ESTAT:LFST_R_LFSD2POP(1.0)	17/04/26 11:00:00	A	NRP	M	Y_GE15	THS_PER	FRE1	2014	1.7	u	
ESTAT:LFST_R_LFSD2POP(1.0)	17/04/26 11:00:00	A	NRP	M	Y_GE15	THS_PER	FRE2	2014	1.1	u	
ESTAT:LFST_R_LFSD2POP(1.0)	17/04/26 11:00:00	A	NRP	M	Y_GE15	THS_PER	FRF1	2014	2.5	u	
ESTAT:LFST_R_LFSD2POP(1.0)	17/04/26 11:00:00	A	NRP	M	Y_GE15	THS_PER	FRF2	2014		u	
ESTAT:LFST_R_LFSD2POP(1.0)	17/04/26 11:00:00	A	NRP	M	Y_GE15	THS_PER	FRF3	2014	2.1	u	
ESTAT:LFST_R_LFSD2POP(1.0)	17/04/26 11:00:00	A	NRP	M	Y_GE15	THS_PER	FRG0	2014	1.5	u	
ESTAT:LFST_R_LFSD2POP(1.0)	17/04/26 11:00:00	A	NRP	M	Y_GE15	THS_PER	FRH0	2014	1.5	u	
ESTAT:LFST_R_LFSD2POP(1.0)	17/04/26 11:00:00	A	NRP	M	Y_GE15	THS_PER	FRI1	2014	2.9	u	
ESTAT:LFST_R_LFSD2POP(1.0)	17/04/26 11:00:00	A	NRP	M	Y_GE15	THS_PER	FRI2	2014	0.6	u	
ESTAT:LFST_R_LFSD2POP(1.0)	17/04/26 11:00:00	A	NRP	M	Y_GE15	THS_PER	FRI3	2014		u	
ESTAT:LFST_R_LFSD2POP(1.0)	17/04/26 11:00:00	A	NRP	M	Y_GE15	THS_PER	FRJ1	2014	2.1	u	
ESTAT:LFST_R_LFSD2POP(1.0)	17/04/26 11:00:00	A	NRP	M	Y_GE15	THS_PER	FRJ2	2014	1.3	u	
ESTAT:LFST_R_LFSD2POP(1.0)	17/04/26 11:00:00	A	NRP	M	Y_GE15	THS_PER	FRK1	2014	0.8	u	
ESTAT:LFST_R_LFSD2POP(1.0)	17/04/26 11:00:00	A	NRP	M	Y_GE15	THS_PER	FRK2	2014	6.7	u	
ESTAT:LFST_R_LFSD2POP(1.0)	17/04/26 11:00:00	A	NRP	M	Y_GE15	THS_PER	FRL0	2014	7.0	u	
ESTAT:LFST_R_LFSD2POP(1.0)	17/04/26 11:00:00	A	NRP	M	Y_GE15	THS_PER	FRM0	2014		u	
ESTAT:LFST_R_LFSD2POP(1.0)	17/04/26 11:00:00	A	NRP	M	Y_GE25	THS_PER	FR10	2014	15.9		
ESTAT:LFST_R_LFSD2POP(1.0)	17/04/26 11:00:00	A	NRP	M	Y_GE25	THS_PER	FRB0	2014	2.4	u	
ESTAT:LFST_R_LFSD2POP(1.0)	17/04/26 11:00:00	A	NRP	M	Y_GE25	THS_PER	FRC1	2014		u	
ESTAT:LFST_R_LFSD2POP(1.0)	17/04/26 11:00:00	A	NRP	M	Y_GE25	THS_PER	FRC2	2014	1.0	u	
ESTAT:LFST_R_LFSD2POP(1.0)	17/04/26 11:00:00	A	NRP	M	Y_GE25	THS_PER	FRD1	2014	1.0	u	
ESTAT:LFST_R_LFSD2POP(1.0)	17/04/26 11:00:00	A	NRP	M	Y_GE25	THS_PER	FRD2	2014	1.2	u	
ESTAT:LFST_R_LFSD2POP(1.0)	17/04/26 11:00:00	A	NRP	M	Y_GE25	THS_PER	FRE1	2014	1.4	u	
ESTAT:LFST_R_LFSD2POP(1.0)	17/04/26 11:00:00	A	NRP	M	Y_GE25	THS_PER	FRE2	2014	1.0	u	
ESTAT:LFST_R_LFSD2POP(1.0)	17/04/26 11:00:00	A	NRP	M	Y_GE25	THS_PER	FRF1	2014	1.8	u	
ESTAT:LFST_R_LFSD2POP(1.0)	17/04/26 11:00:00	A	NRP	M	Y_GE25	THS_PER	FRF2	2014		u	
ESTAT:LFST_R_LFSD2POP(1.0)	17/04/26 11:00:00	A	NRP	M	Y_GE25	THS_PER	FRF3	2014	1.7	u	
ESTAT:LFST_R_LFSD2POP(1.0)	17/04/26 11:00:00	A	NRP	M	Y_GE25	THS_PER	FRG0	2014	1.4	u	
ESTAT:LFST_R_LFSD2POP(1.0)	17/04/26 11:00:00	A	NRP	M	Y_GE25	THS_PER	FRH0	2014	1.3	u	
ESTAT:LFST_R_LFSD2POP(1.0)	17/04/26 11:00:00	A	NRP	M	Y_GE25	THS_PER	FRI1	2014	2.2	u	
ESTAT:LFST_R_LFSD2POP(1.0)	17/04/26 11:00:00	A	NRP	M	Y_GE25	THS_PER	FRI2	2014		u	
ESTAT:LFST_R_LFSD2POP(1.0)	17/04/26 11:00:00	A	NRP	M	Y_GE25	THS_PER	FRI3	2014		u	
ESTAT:LFST_R_LFSD2POP(1.0)	17/04/26 11:00:00	A	NRP	M	Y_GE25	THS_PER	FRJ1	2014	2.1	u	
ESTAT:LFST_R_LFSD2POP(1.0)	17/04/26 11:00:00	A	NRP	M	Y_GE25	THS_PER	FRJ2	2014	1.1	u	
ESTAT:LFST_R_LFSD2POP(1.0)	17/04/26 11:00:00	A	NRP	M	Y_GE25	THS_PER	FRK1	2014	0.8	u	
ESTAT:LFST_R_LFSD2POP(1.0)	17/04/26 11:00:00	A	NRP	M	Y_GE25	THS_PER	FRK2	2014	4.9	u	
ESTAT:LFST_R_LFSD2POP(1.0)	17/04/26 11:00:00	A	NRP	M	Y_GE25	THS_PER	FRL0	2014	4.8	u	
ESTAT:LFST_R_LFSD2POP(1.0)	17/04/26 11:00:00	A	NRP	M	Y_GE25	THS_PER	FRM0	2014		u	
ESTAT:LFST_R_LFSD2POP(1.0)	17/04/26 11:00:00	A	NRP	M	Y_GE65	THS_PER	FR10	2014	0.9	u	
ESTAT:LFST_R_LFSD2POP(1.0)	17/04/26 11:00:00	A	NRP	M	Y_GE65	THS_PER	FRB0	2014		u	
ESTAT:LFST_R_LFSD2POP(1.0)	17/04/26 11:00:00	A	NRP	M	Y_GE65	THS_PER	FRC2	2014		u	
ESTAT:LFST_R_LFSD2POP(1.0)	17/04/26 11:00:00	A	NRP	M	Y_GE65	THS_PER	FRD1	2014		u	
ESTAT:LFST_R_LFSD2POP(1.0)	17/04/26 11:00:00	A	NRP	M	Y_GE65	THS_PER	FRD2	2014		u	
ESTAT:LFST_R_LFSD2POP(1.0)	17/04/26 11:00:00	A	NRP	M	Y_GE65	THS_PER	FRE1	2014		u	
ESTAT:LFST_R_LFSD2POP(1.0)	17/04/26 11:00:00	A	NRP	M	Y_GE65	THS_PER	FRE2	2014		u	
ESTAT:LFST_R_LFSD2POP(1.0)	17/04/26 11:00:00	A	NRP	M	Y_GE65	THS_PER	FRF3	2014		u	
ESTAT:LFST_R_LFSD2POP(1.0)	17/04/26 11:00:00	A	NRP	M	Y_GE65	THS_PER	FRG0	2014		u	
ESTAT:LFST_R_LFSD2POP(1.0)	17/04/26 11:00:00	A	NRP	M	Y_GE65	THS_PER	FRI2	2014		u	
ESTAT:LFST_R_LFSD2POP(1.0)	17/04/26 11:00:00	A	NRP	M	Y_GE65	THS_PER	FRJ1	2014		u	
ESTAT:LFST_R_LFSD2POP(1.0)	17/04/26 11:00:00	A	NRP	M	Y_GE65	THS_PER	FRK2	2014		u	
ESTAT:LFST_R_LFSD2POP(1.0)	17/04/26 11:00:00	A	NRP	T	Y15-24	THS_PER	FR10	2014	10.6		
ESTAT:LFST_R_LFSD2POP(1.0)	17/04/26 11:00:00	A	NRP	T	Y15-24	THS_PER	FRB0	2014	0.7	u	
ESTAT:LFST_R_LFSD2POP(1.0)	17/04/26 11:00:00	A	NRP	T	Y15-24	THS_PER	FRC1	2014		u	
ESTAT:LFST_R_LFSD2POP(1.0)	17/04/26 11:00:00	A	NRP	T	Y15-24	THS_PER	FRC2	2014	1.1	u	
ESTAT:LFST_R_LFSD2POP(1.0)	17/04/26 11:00:00	A	NRP	T	Y15-24	THS_PER	FRD1	2014		u	
ESTAT:LFST_R_LFSD2POP(1.0)	17/04/26 11:00:00	A	NRP	T	Y15-24	THS_PER	FRD2	2014	0.7	u	
ESTAT:LFST_R_LFSD2POP(1.0)	17/04/26 11:00:00	A	NRP	T	Y15-24	THS_PER	FRE1	2014	1.0	u	
ESTAT:LFST_R_LFSD2POP(1.0)	17/04/26 11:00:00	A	NRP	T	Y15-24	THS_PER	FRE2	2014		u	
ESTAT:LFST_R_LFSD2POP(1.0)	17/04/26 11:00:00	A	NRP	T	Y15-24	THS_PER	FRF1	2014	1.1	u	
ESTAT:LFST_R_LFSD2POP(1.0)	17/04/26 11:00:00	A	NRP	T	Y15-24	THS_PER	FRF2	2014		u	
ESTAT:LFST_R_LFSD2POP(1.0)	17/04/26 11:00:00	A	NRP	T	Y15-24	THS_PER	FRF3	2014	0.8	u	
ESTAT:LFST_R_LFSD2POP(1.0)	17/04/26 11:00:00	A	NRP	T	Y15-24	THS_PER	FRG0	2014	0.8	u	
ESTAT:LFST_R_LFSD2POP(1.0)	17/04/26 11:00:00	A	NRP	T	Y15-24	THS_PER	FRH0	2014	0.9	u	
ESTAT:LFST_R_LFSD2POP(1.0)	17/04/26 11:00:00	A	NRP	T	Y15-24	THS_PER	FRI1	2014	3.2	u	
ESTAT:LFST_R_LFSD2POP(1.0)	17/04/26 11:00:00	A	NRP	T	Y15-24	THS_PER	FRI2	2014		u	
ESTAT:LFST_R_LFSD2POP(1.0)	17/04/26 11:00:00	A	NRP	T	Y15-24	THS_PER	FRJ1	2014	0.5	u	
ESTAT:LFST_R_LFSD2POP(1.0)	17/04/26 11:00:00	A	NRP	T	Y15-24	THS_PER	FRJ2	2014	0.9	u	
ESTAT:LFST_R_LFSD2POP(1.0)	17/04/26 11:00:00	A	NRP	T	Y15-24	THS_PER	FRK1	2014		u	
ESTAT:LFST_R_LFSD2POP(1.0)	17/04/26 11:00:00	A	NRP	T	Y15-24	THS_PER	FRK2	2014	3.1	u	
ESTAT:LFST_R_LFSD2POP(1.0)	17/04/26 11:00:00	A	NRP	T	Y15-24	THS_PER	FRL0	2014	2.4	u	
ESTAT:LFST_R_LFSD2POP(1.0)	17/04/26 11:00:00	A	NRP	T	Y15-24	THS_PER	FRM0	2014		u	
ESTAT:LFST_R_LFSD2POP(1.0)	17/04/26 11:00:00	A	NRP	T	Y15-64	THS_PER	FR10	2014	34.7		
ESTAT:LFST_R_LFSD2POP(1.0)	17/04/26 11:00:00	A	NRP	T	Y15-64	THS_PER	FRB0	2014	3.5	u	
ESTAT:LFST_R_LFSD2POP(1.0)	17/04/26 11:00:00	A	NRP	T	Y15-64	THS_PER	FRC1	2014	0.7	u	
ESTAT:LFST_R_LFSD2POP(1.0)	17/04/26 11:00:00	A	NRP	T	Y15-64	THS_PER	FRC2	2014	3.0	u	
ESTAT:LFST_R_LFSD2POP(1.0)	17/04/26 11:00:00	A	NRP	T	Y15-64	THS_PER	FRD1	2014	2.2	u	
ESTAT:LFST_R_LFSD2POP(1.0)	17/04/26 11:00:00	A	NRP	T	Y15-64	THS_PER	FRD2	2014	3.6	u	
ESTAT:LFST_R_LFSD2POP(1.0)	17/04/26 11:00:00	A	NRP	T	Y15-64	THS_PER	FRE1	2014	3.0	u	
ESTAT:LFST_R_LFSD2POP(1.0)	17/04/26 11:00:00	A	NRP	T	Y15-64	THS_PER	FRE2	2014	1.9	u	
ESTAT:LFST_R_LFSD2POP(1.0)	17/04/26 11:00:00	A	NRP	T	Y15-64	THS_PER	FRF1	2014	3.6	u	
ESTAT:LFST_R_LFSD2POP(1.0)	17/04/26 11:00:00	A	NRP	T	Y15-64	THS_PER	FRF2	2014	0.8	u	
ESTAT:LFST_R_LFSD2POP(1.0)	17/04/26 11:00:00	A	NRP	T	Y15-64	THS_PER	FRF3	2014	5.1	u	
ESTAT:LFST_R_LFSD2POP(1.0)	17/04/26 11:00:00	A	NRP	T	Y15-64	THS_PER	FRG0	2014	3.4	u	
ESTAT:LFST_R_LFSD2POP(1.0)	17/04/26 11:00:00	A	NRP	T	Y15-64	THS_PER	FRH0	2014	3.1	u	
ESTAT:LFST_R_LFSD2POP(1.0)	17/04/26 11:00:00	A	NRP	T	Y15-64	THS_PER	FRI1	2014	7.9	u	
ESTAT:LFST_R_LFSD2POP(1.0)	17/04/26 11:00:00	A	NRP	T	Y15-64	THS_PER	FRI2	2014	0.9	u	
ESTAT:LFST_R_LFSD2POP(1.0)	17/04/26 11:00:00	A	NRP	T	Y15-64	THS_PER	FRI3	2014		u	
ESTAT:LFST_R_LFSD2POP(1.0)	17/04/26 11:00:00	A	NRP	T	Y15-64	THS_PER	FRJ1	2014	4.7	u	
ESTAT:LFST_R_LFSD2POP(1.0)	17/04/26 11:00:00	A	NRP	T	Y15-64	THS_PER	FRJ2	2014	3.2	u	
ESTAT:LFST_R_LFSD2POP(1.0)	17/04/26 11:00:00	A	NRP	T	Y15-64	THS_PER	FRK1	2014	2.0	u	
ESTAT:LFST_R_LFSD2POP(1.0)	17/04/26 11:00:00	A	NRP	T	Y15-64	THS_PER	FRK2	2014	12.0		
ESTAT:LFST_R_LFSD2POP(1.0)	17/04/26 11:00:00	A	NRP	T	Y15-64	THS_PER	FRL0	2014	9.7	u	
ESTAT:LFST_R_LFSD2POP(1.0)	17/04/26 11:00:00	A	NRP	T	Y15-64	THS_PER	FRM0	2014	0.6	u	
ESTAT:LFST_R_LFSD2POP(1.0)	17/04/26 11:00:00	A	NRP	T	Y15-74	THS_PER	FR10	2014	36.0		
ESTAT:LFST_R_LFSD2POP(1.0)	17/04/26 11:00:00	A	NRP	T	Y15-74	THS_PER	FRB0	2014	3.7	u	
ESTAT:LFST_R_LFSD2POP(1.0)	17/04/26 11:00:00	A	NRP	T	Y15-74	THS_PER	FRC1	2014	0.7	u	
ESTAT:LFST_R_LFSD2POP(1.0)	17/04/26 11:00:00	A	NRP	T	Y15-74	THS_PER	FRC2	2014	3.1	u	
ESTAT:LFST_R_LFSD2POP(1.0)	17/04/26 11:00:00	A	NRP	T	Y15-74	THS_PER	FRD1	2014	2.3	u	
ESTAT:LFST_R_LFSD2POP(1.0)	17/04/26 11:00:00	A	NRP	T	Y15-74	THS_PER	FRD2	2014	3.7	u	
ESTAT:LFST_R_LFSD2POP(1.0)	17/04/26 11:00:00	A	NRP	T	Y15-74	THS_PER	FRE1	2014	3.0	u	
ESTAT:LFST_R_LFSD2POP(1.0)	17/04/26 11:00:00	A	NRP	T	Y15-74	THS_PER	FRE2	2014	2.0	u	
ESTAT:LFST_R_LFSD2POP(1.0)	17/04/26 11:00:00	A	NRP	T	Y15-74	THS_PER	FRF1	2014	3.6	u	
ESTAT:LFST_R_LFSD2POP(1.0)	17/04/26 11:00:00	A	NRP	T	Y15-74	THS_PER	FRF2	2014	0.8	u	
ESTAT:LFST_R_LFSD2POP(1.0)	17/04/26 11:00:00	A	NRP	T	Y15-74	THS_PER	FRF3	2014	5.2	u	
ESTAT:LFST_R_LFSD2POP(1.0)	17/04/26 11:00:00	A	NRP	T	Y15-74	THS_PER	FRG0	2014	3.5	u	
ESTAT:LFST_R_LFSD2POP(1.0)	17/04/26 11:00:00	A	NRP	T	Y15-74	THS_PER	FRH0	2014	3.1	u	
ESTAT:LFST_R_LFSD2POP(1.0)	17/04/26 11:00:00	A	NRP	T	Y15-74	THS_PER	FRI1	2014	7.9	u	
ESTAT:LFST_R_LFSD2POP(1.0)	17/04/26 11:00:00	A	NRP	T	Y15-74	THS_PER	FRI2	2014	1.0	u	
ESTAT:LFST_R_LFSD2POP(1.0)	17/04/26 11:00:00	A	NRP	T	Y15-74	THS_PER	FRI3	2014		u	
ESTAT:LFST_R_LFSD2POP(1.0)	17/04/26 11:00:00	A	NRP	T	Y15-74	THS_PER	FRJ1	2014	4.7	u	
ESTAT:LFST_R_LFSD2POP(1.0)	17/04/26 11:00:00	A	NRP	T	Y15-74	THS_PER	FRJ2	2014	3.2	u	
ESTAT:LFST_R_LFSD2POP(1.0)	17/04/26 11:00:00	A	NRP	T	Y15-74	THS_PER	FRK1	2014	2.0	u	
ESTAT:LFST_R_LFSD2POP(1.0)	17/04/26 11:00:00	A	NRP	T	Y15-74	THS_PER	FRK2	2014	12.0		
ESTAT:LFST_R_LFSD2POP(1.0)	17/04/26 11:00:00	A	NRP	T	Y15-74	THS_PER	FRL0	2014	9.7	u	
ESTAT:LFST_R_LFSD2POP(1.0)	17/04/26 11:00:00	A	NRP	T	Y15-74	THS_PER	FRM0	2014	0.6	u	
ESTAT:LFST_R_LFSD2POP(1.0)	17/04/26 11:00:00	A	NRP	T	Y20-64	THS_PER	FR10	2014	31.2		
ESTAT:LFST_R_LFSD2POP(1.0)	17/04/26 11:00:00	A	NRP	T	Y20-64	THS_PER	FRB0	2014	3.2	u	
ESTAT:LFST_R_LFSD2POP(1.0)	17/04/26 11:00:00	A	NRP	T	Y20-64	THS_PER	FRC1	2014	0.7	u	
ESTAT:LFST_R_LFSD2POP(1.0)	17/04/26 11:00:00	A	NRP	T	Y20-64	THS_PER	FRC2	2014	2.6	u	
ESTAT:LFST_R_LFSD2POP(1.0)	17/04/26 11:00:00	A	NRP	T	Y20-64	THS_PER	FRD1	2014	2.2	u	
ESTAT:LFST_R_LFSD2POP(1.0)	17/04/26 11:00:00	A	NRP	T	Y20-64	THS_PER	FRD2	2014	2.9	u	
ESTAT:LFST_R_LFSD2POP(1.0)	17/04/26 11:00:00	A	NRP	T	Y20-64	THS_PER	FRE1	2014	2.2	u	
ESTAT:LFST_R_LFSD2POP(1.0)	17/04/26 11:00:00	A	NRP	T	Y20-64	THS_PER	FRE2	2014	1.8	u	
ESTAT:LFST_R_LFSD2POP(1.0)	17/04/26 11:00:00	A	NRP	T	Y20-64	THS_PER	FRF1	2014	3.2	u	
ESTAT:LFST_R_LFSD2POP(1.0)	17/04/26 11:00:00	A	NRP	T	Y20-64	THS_PER	FRF2	2014	0.8	u	
ESTAT:LFST_R_LFSD2POP(1.0)	17/04/26 11:00:00	A	NRP	T	Y20-64	THS_PER	FRF3	2014	5.0	u	
ESTAT:LFST_R_LFSD2POP(1.0)	17/04/26 11:00:00	A	NRP	T	Y20-64	THS_PER	FRG0	2014	3.4	u	
ESTAT:LFST_R_LFSD2POP(1.0)	17/04/26 11:00:00	A	NRP	T	Y20-64	THS_PER	FRH0	2014	2.7	u	
ESTAT:LFST_R_LFSD2POP(1.0)	17/04/26 11:00:00	A	NRP	T	Y20-64	THS_PER	FRI1	2014	6.0	u	
ESTAT:LFST_R_LFSD2POP(1.0)	17/04/26 11:00:00	A	NRP	T	Y20-64	THS_PER	FRI2	2014	0.7	u	
ESTAT:LFST_R_LFSD2POP(1.0)	17/04/26 11:00:00	A	NRP	T	Y20-64	THS_PER	FRI3	2014		u	
ESTAT:LFST_R_LFSD2POP(1.0)	17/04/26 11:00:00	A	NRP	T	Y20-64	THS_PER	FRJ1	2014	4.7	u	
ESTAT:LFST_R_LFSD2POP(1.0)	17/04/26 11:00:00	A	NRP	T	Y20-64	THS_PER	FRJ2	2014	2.7	u	
ESTAT:LFST_R_LFSD2POP(1.0)	17/04/26 11:00:00	A	NRP	T	Y20-64	THS_PER	FRK1	2014	2.0	u	
ESTAT:LFST_R_LFSD2POP(1.0)	17/04/26 11:00:00	A	NRP	T	Y20-64	THS_PER	FRK2	2014	10.8		
ESTAT:LFST_R_LFSD2POP(1.0)	17/04/26 11:00:00	A	NRP	T	Y20-64	THS_PER	FRL0	2014	9.4	u	
ESTAT:LFST_R_LFSD2POP(1.0)	17/04/26 11:00:00	A	NRP	T	Y20-64	THS_PER	FRM0	2014		u	
ESTAT:LFST_R_LFSD2POP(1.0)	17/04/26 11:00:00	A	NRP	T	Y25-34	THS_PER	FR10	2014	7.6	u	
ESTAT:LFST_R_LFSD2POP(1.0)	17/04/26 11:00:00	A	NRP	T	Y25-34	THS_PER	FRB0	2014	0.9	u	
ESTAT:LFST_R_LFSD2POP(1.0)	17/04/26 11:00:00	A	NRP	T	Y25-34	THS_PER	FRC1	2014		u	
ESTAT:LFST_R_LFSD2POP(1.0)	17/04/26 11:00:00	A	NRP	T	Y25-34	THS_PER	FRC2	2014		u	
ESTAT:LFST_R_LFSD2POP(1.0)	17/04/26 11:00:00	A	NRP	T	Y25-34	THS_PER	FRD1	2014		u	
ESTAT:LFST_R_LFSD2POP(1.0)	17/04/26 11:00:00	A	NRP	T	Y25-34	THS_PER	FRD2	2014		u	
ESTAT:LFST_R_LFSD2POP(1.0)	17/04/26 11:00:00	A	NRP	T	Y25-34	THS_PER	FRE2	2014	1.2	u	
ESTAT:LFST_R_LFSD2POP(1.0)	17/04/26 11:00:00	A	NRP	T	Y25-34	THS_PER	FRF1	2014	0.5	u	
ESTAT:LFST_R_LFSD2POP(1.0)	17/04/26 11:00:00	A	NRP	T	Y25-34	THS_PER	FRF2	2014		u	
ESTAT:LFST_R_LFSD2POP(1.0)	17/04/26 11:00:00	A	NRP	T	Y25-34	THS_PER	FRF3	2014	1.3	u	
ESTAT:LFST_R_LFSD2POP(1.0)	17/04/26 11:00:00	A	NRP	T	Y25-34	THS_PER	FRG0	2014	0.7	u	
ESTAT:LFST_R_LFSD2POP(1.0)	17/04/26 11:00:00	A	NRP	T	Y25-34	THS_PER	FRH0	2014	0.9	u	
ESTAT:LFST_R_LFSD2POP(1.0)	17/04/26 11:00:00	A	NRP	T	Y25-34	THS_PER	FRI1	2014	0.7	u	
ESTAT:LFST_R_LFSD2POP(1.0)	17/04/26 11:00:00	A	NRP	T	Y25-34	THS_PER	FRI2	2014		u	
ESTAT:LFST_R_LFSD2POP(1.0)	17/04/26 11:00:00	A	NRP	T	Y25-34	THS_PER	FRI3	2014		u	
ESTAT:LFST_R_LFSD2POP(1.0)	17/04/26 11:00:00	A	NRP	T	Y25-34	THS_PER	FRJ1	2014	2.5	u	
ESTAT:LFST_R_LFSD2POP(1.0)	17/04/26 11:00:00	A	NRP	T	Y25-34	THS_PER	FRJ2	2014		u	
ESTAT:LFST_R_LFSD2POP(1.0)	17/04/26 11:00:00	A	NRP	T	Y25-34	THS_PER	FRK2	2014	3.2	u	
ESTAT:LFST_R_LFSD2POP(1.0)	17/04/26 11:00:00	A	NRP	T	Y25-34	THS_PER	FRL0	2014	2.3	u	
ESTAT:LFST_R_LFSD2POP(1.0)	17/04/26 11:00:00	A	NRP	T	Y25-34	THS_PER	FRM0	2014		u	
ESTAT:LFST_R_LFSD2POP(1.0)	17/04/26 11:00:00	A	NRP	T	Y25-64	THS_PER	FR10	2014	24.1		
ESTAT:LFST_R_LFSD2POP(1.0)	17/04/26 11:00:00	A	NRP	T	Y25-64	THS_PER	FRB0	2014	2.8	u	
ESTAT:LFST_R_LFSD2POP(1.0)	17/04/26 11:00:00	A	NRP	T	Y25-64	THS_PER	FRC1	2014	0.7	u	
ESTAT:LFST_R_LFSD2POP(1.0)	17/04/26 11:00:00	A	NRP	T	Y25-64	THS_PER	FRC2	2014	1.9	u	
ESTAT:LFST_R_LFSD2POP(1.0)	17/04/26 11:00:00	A	NRP	T	Y25-64	THS_PER	FRD1	2014	2.0	u	
ESTAT:LFST_R_LFSD2POP(1.0)	17/04/26 11:00:00	A	NRP	T	Y25-64	THS_PER	FRD2	2014	2.9	u	
ESTAT:LFST_R_LFSD2POP(1.0)	17/04/26 11:00:00	A	NRP	T	Y25-64	THS_PER	FRE1	2014	2.0	u	
ESTAT:LFST_R_LFSD2POP(1.0)	17/04/26 11:00:00	A	NRP	T	Y25-64	THS_PER	FRE2	2014	1.6	u	
ESTAT:LFST_R_LFSD2POP(1.0)	17/04/26 11:00:00	A	NRP	T	Y25-64	THS_PER	FRF1	2014	2.5	u	
ESTAT:LFST_R_LFSD2POP(1.0)	17/04/26 11:00:00	A	NRP	T	Y25-64	THS_PER	FRF2	2014		u	
ESTAT:LFST_R_LFSD2POP(1.0)	17/04/26 11:00:00	A	NRP	T	Y25-64	THS_PER	FRF3	2014	4.3	u	
ESTAT:LFST_R_LFSD2POP(1.0)	17/04/26 11:00:00	A	NRP	T	Y25-64	THS_PER	FRG0	2014	2.6	u	
ESTAT:LFST_R_LFSD2POP(1.0)	17/04/26 11:00:00	A	NRP	T	Y25-64	THS_PER	FRH0	2014	2.2	u	
ESTAT:LFST_R_LFSD2POP(1.0)	17/04/26 11:00:00	A	NRP	T	Y25-64	THS_PER	FRI1	2014	4.7	u	
ESTAT:LFST_R_LFSD2POP(1.0)	17/04/26 11:00:00	A	NRP	T	Y25-64	THS_PER	FRI2	2014	0.7	u	
ESTAT:LFST_R_LFSD2POP(1.0)	17/04/26 11:00:00	A	NRP	T	Y25-64	THS_PER	FRI3	2014		u	
ESTAT:LFST_R_LFSD2POP(1.0)	17/04/26 11:00:00	A	NRP	T	Y25-64	THS_PER	FRJ1	2014	4.2	u	
ESTAT:LFST_R_LFSD2POP(1.0)	17/04/26 11:00:00	A	NRP	T	Y25-64	THS_PER	FRJ2	2014	2.3	u	
ESTAT:LFST_R_LFSD2POP(1.0)	17/04/26 11:00:00	A	NRP	T	Y25-64	THS_PER	FRK1	2014	1.6	u	
ESTAT:LFST_R_LFSD2POP(1.0)	17/04/26 11:00:00	A	NRP	T	Y25-64	THS_PER	FRK2	2014	8.8	u	
ESTAT:LFST_R_LFSD2POP(1.0)	17/04/26 11:00:00	A	NRP	T	Y25-64	THS_PER	FRL0	2014	7.3	u	
ESTAT:LFST_R_LFSD2POP(1.0)	17/04/26 11:00:00	A	NRP	T	Y25-64	THS_PER	FRM0	2014		u	
ESTAT:LFST_R_LFSD2POP(1.0)	17/04/26 11:00:00	A	NRP	T	Y35-44	THS_PER	FR10	2014	7.5	u	
ESTAT:LFST_R_LFSD2POP(1.0)	17/04/26 11:00:00	A	NRP	T	Y35-44	THS_PER	FRB0	2014	0.6	u	
ESTAT:LFST_R_LFSD2POP(1.0)	17/04/26 11:00:00	A	NRP	T	Y35-44	THS_PER	FRC1	2014		u	
ESTAT:LFST_R_LFSD2POP(1.0)	17/04/26 11:00:00	A	NRP	T	Y35-44	THS_PER	FRC2	2014		u	
ESTAT:LFST_R_LFSD2POP(1.0)	17/04/26 11:00:00	A	NRP	T	Y35-44	THS_PER	FRD1	2014	0.7	u	
ESTAT:LFST_R_LFSD2POP(1.0)	17/04/26 11:00:00	A	NRP	T	Y35-44	THS_PER	FRD2	2014	0.8	u	
ESTAT:LFST_R_LFSD2POP(1.0)	17/04/26 11:00:00	A	NRP	T	Y35-44	THS_PER	FRE1	2014	0.7	u	
ESTAT:LFST_R_LFSD2POP(1.0)	17/04/26 11:00:00	A	NRP	T	Y35-44	THS_PER	FRE2	2014		u	
ESTAT:LFST_R_LFSD2POP(1.0)	17/04/26 11:00:00	A	NRP	T	Y35-44	THS_PER	FRF1	2014	0.6	u	
ESTAT:LFST_R_LFSD2POP(1.0)	17/04/26 11:00:00	A	NRP	T	Y35-44	THS_PER	FRF3	2014	0.7	u	
ESTAT:LFST_R_LFSD2POP(1.0)	17/04/26 11:00:00	A	NRP	T	Y35-44	THS_PER	FRG0	2014	0.6	u	
ESTAT:LFST_R_LFSD2POP(1.0)	17/04/26 11:00:00	A	NRP	T	Y35-44	THS_PER	FRH0	2014	0.7	u	
ESTAT:LFST_R_LFSD2POP(1.0)	17/04/26 11:00:00	A	NRP	T	Y35-44	THS_PER	FRI1	2014		u	
ESTAT:LFST_R_LFSD2POP(1.0)	17/04/26 11:00:00	A	NRP	T	Y35-44	THS_PER	FRI2	2014		u	
ESTAT:LFST_R_LFSD2POP(1.0)	17/04/26 11:00:00	A	NRP	T	Y35-44	THS_PER	FRJ1	2014		u	
ESTAT:LFST_R_LFSD2POP(1.0)	17/04/26 11:00:00	A	NRP	T	Y35-44	THS_PER	FRJ2	2014	0.6	u	
ESTAT:LFST_R_LFSD2POP(1.0)	17/04/26 11:00:00	A	NRP	T	Y35-44	THS_PER	FRK1	2014		u	
ESTAT:LFST_R_LFSD2POP(1.0)	17/04/26 11:00:00	A	NRP	T	Y35-44	THS_PER	FRK2	2014	2.0	u	
ESTAT:LFST_R_LFSD2POP(1.0)	17/04/26 11:00:00	A	NRP	T	Y35-44	THS_PER	FRL0	2014	1.9	u	
ESTAT:LFST_R_LFSD2POP(1.0)	17/04/26 11:00:00	A	NRP	T	Y45-54	THS_PER	FR10	2014	5.7	u	
ESTAT:LFST_R_LFSD2POP(1.0)	17/04/26 11:00:00	A	NRP	T	Y45-54	THS_PER	FRB0	2014	1.1	u	
ESTAT:LFST_R_LFSD2POP(1.0)	17/04/26 11:00:00	A	NRP	T	Y45-54	THS_PER	FRC1	2014		u	
ESTAT:LFST_R_LFSD2POP(1.0)	17/04/26 11:00:00	A	NRP	T	Y45-54	THS_PER	FRC2	2014	1.2	u	
ESTAT:LFST_R_LFSD2POP(1.0)	17/04/26 11:00:00	A	NRP	T	Y45-54	THS_PER	FRD1	2014		u	
ESTAT:LFST_R_LFSD2POP(1.0)	17/04/26 11:00:00	A	NRP	T	Y45-54	THS_PER	FRD2	2014	0.9	u	
ESTAT:LFST_R_LFSD2POP(1.0)	17/04/26 11:00:00	A	NRP	T	Y45-54	THS_PER	FRE1	2014	1.3	u	
ESTAT:LFST_R_LFSD2POP(1.0)	17/04/26 11:00:00	A	NRP	T	Y45-54	THS_PER	FRE2	2014		u	
ESTAT:LFST_R_LFSD2POP(1.0)	17/04/26 11:00:00	A	NRP	T	Y45-54	THS_PER	FRF1	2014	1.3	u	
ESTAT:LFST_R_LFSD2POP(1.0)	17/04/26 11:00:00	A	NRP	T	Y45-54	THS_PER	FRF2	2014		u	
ESTAT:LFST_R_LFSD2POP(1.0)	17/04/26 11:00:00	A	NRP	T	Y45-54	THS_PER	FRF3	2014	0.8	u	
ESTAT:LFST_R_LFSD2POP(1.0)	17/04/26 11:00:00	A	NRP	T	Y45-54	THS_PER	FRG0	2014	1.1	u	
ESTAT:LFST_R_LFSD2POP(1.0)	17/04/26 11:00:00	A	NRP	T	Y45-54	THS_PER	FRH0	2014		u	
ESTAT:LFST_R_LFSD2POP(1.0)	17/04/26 11:00:00	A	NRP	T	Y45-54	THS_PER	FRI1	2014	2.5	u	
ESTAT:LFST_R_LFSD2POP(1.0)	17/04/26 11:00:00	A	NRP	T	Y45-54	THS_PER	FRI2	2014		u	
ESTAT:LFST_R_LFSD2POP(1.0)	17/04/26 11:00:00	A	NRP	T	Y45-54	THS_PER	FRI3	2014		u	
ESTAT:LFST_R_LFSD2POP(1.0)	17/04/26 11:00:00	A	NRP	T	Y45-54	THS_PER	FRJ1	2014		u	
ESTAT:LFST_R_LFSD2POP(1.0)	17/04/26 11:00:00	A	NRP	T	Y45-54	THS_PER	FRJ2	2014	0.8	u	
ESTAT:LFST_R_LFSD2POP(1.0)	17/04/26 11:00:00	A	NRP	T	Y45-54	THS_PER	FRK1	2014	0.9	u	
ESTAT:LFST_R_LFSD2POP(1.0)	17/04/26 11:00:00	A	NRP	T	Y45-54	THS_PER	FRK2	2014	2.1	u	
ESTAT:LFST_R_LFSD2POP(1.0)	17/04/26 11:00:00	A	NRP	T	Y45-54	THS_PER	FRL0	2014	2.8	u	
ESTAT:LFST_R_LFSD2POP(1.0)	17/04/26 11:00:00	A	NRP	T	Y45-54	THS_PER	FRM0	2014		u	
ESTAT:LFST_R_LFSD2POP(1.0)	17/04/26 11:00:00	A	NRP	T	Y55-64	THS_PER	FR10	2014	3.4	u	
ESTAT:LFST_R_LFSD2POP(1.0)	17/04/26 11:00:00	A	NRP	T	Y55-64	THS_PER	FRB0	2014		u	
ESTAT:LFST_R_LFSD2POP(1.0)	17/04/26 11:00:00	A	NRP	T	Y55-64	THS_PER	FRC1	2014		u	
ESTAT:LFST_R_LFSD2POP(1.0)	17/04/26 11:00:00	A	NRP	T	Y55-64	THS_PER	FRC2	2014	0.5	u	
ESTAT:LFST_R_LFSD2POP(1.0)	17/04/26 11:00:00	A	NRP	T	Y55-64	THS_PER	FRD1	2014	0.7	u	
ESTAT:LFST_R_LFSD2POP(1.0)	17/04/26 11:00:00	A	NRP	T	Y55-64	THS_PER	FRD2	2014	0.9	u	
ESTAT:LFST_R_LFSD2POP(1.0)	17/04/26 11:00:00	A	NRP	T	Y55-64	THS_PER	FRF3	2014	1.6	u	
ESTAT:LFST_R_LFSD2POP(1.0)	17/04/26 11:00:00	A	NRP	T	Y55-64	THS_PER	FRG0	2014		u	
ESTAT:LFST_R_LFSD2POP(1.0)	17/04/26 11:00:00	A	NRP	T	Y55-64	THS_PER	FRH0	2014		u	
ESTAT:LFST_R_LFSD2POP(1.0)	17/04/26 11:00:00	A	NRP	T	Y55-64	THS_PER	FRI1	2014	1.0	u	
ESTAT:LFST_R_LFSD2POP(1.0)	17/04/26 11:00:00	A	NRP	T	Y55-64	THS_PER	FRI2	2014		u	
ESTAT:LFST_R_LFSD2POP(1.0)	17/04/26 11:00:00	A	NRP	T	Y55-64	THS_PER	FRJ1	2014		u	
ESTAT:LFST_R_LFSD2POP(1.0)	17/04/26 11:00:00	A	NRP	T	Y55-64	THS_PER	FRJ2	2014		u	
ESTAT:LFST_R_LFSD2POP(1.0)	17/04/26 11:00:00	A	NRP	T	Y55-64	THS_PER	FRK1	2014		u	
ESTAT:LFST_R_LFSD2POP(1.0)	17/04/26 11:00:00	A	NRP	T	Y55-64	THS_PER	FRK2	2014	1.5	u	
ESTAT:LFST_R_LFSD2POP(1.0)	17/04/26 11:00:00	A	NRP	T	Y55-64	THS_PER	FRL0	2014		u	
ESTAT:LFST_R_LFSD2POP(1.0)	17/04/26 11:00:00	A	NRP	T	Y55-64	THS_PER	FRM0	2014		u	
ESTAT:LFST_R_LFSD2POP(1.0)	17/04/26 11:00:00	A	NRP	T	Y_GE15	THS_PER	FR10	2014	37.2		
ESTAT:LFST_R_LFSD2POP(1.0)	17/04/26 11:00:00	A	NRP	T	Y_GE15	THS_PER	FRB0	2014	3.7	u	
ESTAT:LFST_R_LFSD2POP(1.0)	17/04/26 11:00:00	A	NRP	T	Y_GE15	THS_PER	FRC1	2014	0.7	u	
ESTAT:LFST_R_LFSD2POP(1.0)	17/04/26 11:00:00	A	NRP	T	Y_GE15	THS_PER	FRC2	2014	3.1	u	
ESTAT:LFST_R_LFSD2POP(1.0)	17/04/26 11:00:00	A	NRP	T	Y_GE15	THS_PER	FRD1	2014	2.3	u	
ESTAT:LFST_R_LFSD2POP(1.0)	17/04/26 11:00:00	A	NRP	T	Y_GE15	THS_PER	FRD2	2014	3.7	u	
ESTAT:LFST_R_LFSD2POP(1.0)	17/04/26 11:00:00	A	NRP	T	Y_GE15	THS_PER	FRE1	2014	3.1	u	
ESTAT:LFST_R_LFSD2POP(1.0)	17/04/26 11:00:00	A	NRP	T	Y_GE15	THS_PER	FRE2	2014	2.0	u	
ESTAT:LFST_R_LFSD2POP(1.0)	17/04/26 11:00:00	A	NRP	T	Y_GE15	THS_PER	FRF1	2014	3.6	u	
ESTAT:LFST_R_LFSD2POP(1.0)	17/04/26 11:00:00	A	NRP	T	Y_GE15	THS_PER	FRF2	2014	0.8	u	
ESTAT:LFST_R_LFSD2POP(1.0)	17/04/26 11:00:00	A	NRP	T	Y_GE15	THS_PER	FRF3	2014	5.3	u	
ESTAT:LFST_R_LFSD2POP(1.0)	17/04/26 11:00:00	A	NRP	T	Y_GE15	THS_PER	FRG0	2014	3.7	u	
ESTAT:LFST_R_LFSD2POP(1.0)	17/04/26 11:00:00	A	NRP	T	Y_GE15	THS_PER	FRH0	2014	3.1	u	
ESTAT:LFST_R_LFSD2POP(1.0)	17/04/26 11:00:00	A	NRP	T	Y_GE15	THS_PER	FRI1	2014	7.9	u	
ESTAT:LFST_R_LFSD2POP(1.0)	17/04/26 11:00:00	A	NRP	T	Y_GE15	THS_PER	FRI2	2014	1.0	u	
ESTAT:LFST_R_LFSD2POP(1.0)	17/04/26 11:00:00	A	NRP	T	Y_GE15	THS_PER	FRI3	2014		u	
ESTAT:LFST_R_LFSD2POP(1.0)	17/04/26 11:00:00	A	NRP	T	Y_GE15	THS_PER	FRJ1	2014	5.1	u	
ESTAT:LFST_R_LFSD2POP(1.0)	17/04/26 11:00:00	A	NRP	T	Y_GE15	THS_PER	FRJ2	2014	3.3	u	
ESTAT:LFST_R_LFSD2POP(1.0)	17/04/26 11:00:00	A	NRP	T	Y_GE15	THS_PER	FRK1	2014	2.0	u	
ESTAT:LFST_R_LFSD2POP(1.0)	17/04/26 11:00:00	A	NRP	T	Y_GE15	THS_PER	FRK2	2014	12.4		
ESTAT:LFST_R_LFSD2POP(1.0)	17/04/26 11:00:00	A	NRP	T	Y_GE15	THS_PER	FRL0	2014	9.8	u	
ESTAT:LFST_R_LFSD2POP(1.0)	17/04/26 11:00:00	A	NRP	T	Y_GE15	THS_PER	FRM0	2014	0.6	u	
ESTAT:LFST_R_LFSD2POP(1.0)	17/04/26 11:00:00	A	NRP	T	Y_GE25	THS_PER	FR10	2014	26.7		
ESTAT:LFST_R_LFSD2POP(1.0)	17/04/26 11:00:00	A	NRP	T	Y_GE25	THS_PER	FRB0	2014	3.0	u	
ESTAT:LFST_R_LFSD2POP(1.0)	17/04/26 11:00:00	A	NRP	T	Y_GE25	THS_PER	FRC1	2014	0.7	u	
ESTAT:LFST_R_LFSD2POP(1.0)	17/04/26 11:00:00	A	NRP	T	Y_GE25	THS_PER	FRC2	2014	2.0	u	
ESTAT:LFST_R_LFSD2POP(1.0)	17/04/26 11:00:00	A	NRP	T	Y_GE25	THS_PER	FRD1	2014	2.1	u	
ESTAT:LFST_R_LFSD2POP(1.0)	17/04/26 11:00:00	A	NRP	T	Y_GE25	THS_PER	FRD2	2014	3.1	u	
ESTAT:LFST_R_LFSD2POP(1.0)	17/04/26 11:00:00	A	NRP	T	Y_GE25	THS_PER	FRE1	2014	2.1	u	
ESTAT:LFST_R_LFSD2POP(1.0)	17/04/26 11:00:00	A	NRP	T	Y_GE25	THS_PER	FRE2	2014	1.7	u	
ESTAT:LFST_R_LFSD2POP(1.0)	17/04/26 11:00:00	A	NRP	T	Y_GE25	THS_PER	FRF1	2014	2.5	u	
ESTAT:LFST_R_LFSD2POP(1.0)	17/04/26 11:00:00	A	NRP	T	Y_GE25	THS_PER	FRF2	2014		u	
ESTAT:LFST_R_LFSD2POP(1.0)	17/04/26 11:00:00	A	NRP	T	Y_GE25	THS_PER	FRF3	2014	4.5	u	
ESTAT:LFST_R_LFSD2POP(1.0)	17/04/26 11:00:00	A	NRP	T	Y_GE25	THS_PER	FRG0	2014	2.9	u	
ESTAT:LFST_R_LFSD2POP(1.0)	17/04/26 11:00:00	A	NRP	T	Y_GE25	THS_PER	FRH0	2014	2.2	u	
ESTAT:LFST_R_LFSD2POP(1.0)	17/04/26 11:00:00	A	NRP	T	Y_GE25	THS_PER	FRI1	2014	4.7	u	
ESTAT:LFST_R_LFSD2POP(1.0)	17/04/26 11:00:00	A	NRP	T	Y_GE25	THS_PER	FRI2	2014	0.8	u	
ESTAT:LFST_R_LFSD2POP(1.0)	17/04/26 11:00:00	A	NRP	T	Y_GE25	THS_PER	FRI3	2014		u	
ESTAT:LFST_R_LFSD2POP(1.0)	17/04/26 11:00:00	A	NRP	T	Y_GE25	THS_PER	FRJ1	2014	4.5	u	
ESTAT:LFST_R_LFSD2POP(1.0)	17/04/26 11:00:00	A	NRP	T	Y_GE25	THS_PER	FRJ2	2014	2.4	u	
ESTAT:LFST_R_LFSD2POP(1.0)	17/04/26 11:00:00	A	NRP	T	Y_GE25	THS_PER	FRK1	2014	1.6	u	
ESTAT:LFST_R_LFSD2POP(1.0)	17/04/26 11:00:00	A	NRP	T	Y_GE25	THS_PER	FRK2	2014	9.3	u	
ESTAT:LFST_R_LFSD2POP(1.0)	17/04/26 11:00:00	A	NRP	T	Y_GE25	THS_PER	FRL0	2014	7.4	u	
ESTAT:LFST_R_LFSD2POP(1.0)	17/04/26 11:00:00	A	NRP	T	Y_GE25	THS_PER	FRM0	2014		u	
ESTAT:LFST_R_LFSD2POP(1.0)	17/04/26 11:00:00	A	NRP	T	Y_GE65	THS_PER	FR10	2014	2.6	u	
ESTAT:LFST_R_LFSD2POP(1.0)	17/04/26 11:00:00	A	NRP	T	Y_GE65	THS_PER	FRB0	2014		u	
ESTAT:LFST_R_LFSD2POP(1.0)	17/04/26 11:00:00	A	NRP	T	Y_GE65	THS_PER	FRC2	2014		u	
ESTAT:LFST_R_LFSD2POP(1.0)	17/04/26 11:00:00	A	NRP	T	Y_GE65	THS_PER	FRD1	2014		u	
ESTAT:LFST_R_LFSD2POP(1.0)	17/04/26 11:00:00	A	NRP	T	Y_GE65	THS_PER	FRD2	2014		u	
ESTAT:LFST_R_LFSD2POP(1.0)	17/04/26 11:00:00	A	NRP	T	Y_GE65	THS_PER	FRE1	2014		u	
ESTAT:LFST_R_LFSD2POP(1.0)	17/04/26 11:00:00	A	NRP	T	Y_GE65	THS_PER	FRE2	2014		u	
ESTAT:LFST_R_LFSD2POP(1.0)	17/04/26 11:00:00	A	NRP	T	Y_GE65	THS_PER	FRF3	2014		u	
ESTAT:LFST_R_LFSD2POP(1.0)	17/04/26 11:00:00	A	NRP	T	Y_GE65	THS_PER	FRG0	2014		u	
ESTAT:LFST_R_LFSD2POP(1.0)	17/04/26 11:00:00	A	NRP	T	Y_GE65	THS_PER	FRI2	2014		u	
ESTAT:LFST_R_LFSD2POP(1.0)	17/04/26 11:00:00	A	NRP	T	Y_GE65	THS_PER	FRJ1	2014		u	
ESTAT:LFST_R_LFSD2POP(1.0)	17/04/26 11:00:00	A	NRP	T	Y_GE65	THS_PER	FRJ2	2014		u	
ESTAT:LFST_R_LFSD2POP(1.0)	17/04/26 11:00:00	A	NRP	T	Y_GE65	THS_PER	FRK2	2014		u	
ESTAT:LFST_R_LFSD2POP(1.0)	17/04/26 11:00:00	A	NRP	T	Y_GE65	THS_PER	FRL0	2014		u	
ESTAT:LFST_R_LFSD2POP(1.0)	17/04/26 11:00:00	A	TOTAL	F	Y15-24	THS_PER	FR10	2014	754.0		
ESTAT:LFST_R_LFSD2POP(1.0)	17/04/26 11:00:00	A	TOTAL	F	Y15-24	THS_PER	FRB0	2014	129.9		
ESTAT:LFST_R_LFSD2POP(1.0)	17/04/26 11:00:00	A	TOTAL	F	Y15-24	THS_PER	FRC1	2014	94.7		
ESTAT:LFST_R_LFSD2POP(1.0)	17/04/26 11:00:00	A	TOTAL	F	Y15-24	THS_PER	FRC2	2014	55.4		
ESTAT:LFST_R_LFSD2POP(1.0)	17/04/26 11:00:00	A	TOTAL	F	Y15-24	THS_PER	FRD1	2014	86.6		
ESTAT:LFST_R_LFSD2POP(1.0)	17/04/26 11:00:00	A	TOTAL	F	Y15-24	THS_PER	FRD2	2014	110.2		
ESTAT:LFST_R_LFSD2POP(1.0)	17/04/26 11:00:00	A	TOTAL	F	Y15-24	THS_PER	FRE1	2014	239.6		
ESTAT:LFST_R_LFSD2POP(1.0)	17/04/26 11:00:00	A	TOTAL	F	Y15-24	THS_PER	FRE2	2014	114.6		
ESTAT:LFST_R_LFSD2POP(1.0)	17/04/26 11:00:00	A	TOTAL	F	Y15-24	THS_PER	FRF1	2014	122.4		
ESTAT:LFST_R_LFSD2POP(1.0)	17/04/26 11:00:00	A	TOTAL	F	Y15-24	THS_PER	FRF2	2014	73.7		
ESTAT:LFST_R_LFSD2POP(1.0)	17/04/26 11:00:00	A	TOTAL	F	Y15-24	THS_PER	FRF3	2014	130.3		
ESTAT:LFST_R_LFSD2POP(1.0)	17/04/26 11:00:00	A	TOTAL	F	Y15-24	THS_PER	FRG0	2014	180.4		
ESTAT:LFST_R_LFSD2POP(1.0)	17/04/26 11:00:00	A	TOTAL	F	Y15-24	THS_PER	FRH0	2014	172.6		
ESTAT:LFST_R_LFSD2POP(1.0)	17/04/26 11:00:00	A	TOTAL	F	Y15-24	THS_PER	FRI1	2014	167.1		
ESTAT:LFST_R_LFSD2POP(1.0)	17/04/26 11:00:00	A	TOTAL	F	Y15-24	THS_PER	FRI2	2014	36.9		
ESTAT:LFST_R_LFSD2POP(1.0)	17/04/26 11:00:00	A	TOTAL	F	Y15-24	THS_PER	FRI3	2014	92.4		
ESTAT:LFST_R_LFSD2POP(1.0)	17/04/26 11:00:00	A	TOTAL	F	Y15-24	THS_PER	FRJ1	2014	149.3		
ESTAT:LFST_R_LFSD2POP(1.0)	17/04/26 11:00:00	A	TOTAL	F	Y15-24	THS_PER	FRJ2	2014	163.7		
ESTAT:LFST_R_LFSD2POP(1.0)	17/04/26 11:00:00	A	TOTAL	F	Y15-24	THS_PER	FRK1	2014	59.9		
ESTAT:LFST_R_LFSD2POP(1.0)	17/04/26 11:00:00	A	TOTAL	F	Y15-24	THS_PER	FRK2	2014	389.1		
ESTAT:LFST_R_LFSD2POP(1.0)	17/04/26 11:00:00	A	TOTAL	F	Y15-24	THS_PER	FRL0	2014	272.7		
ESTAT:LFST_R_LFSD2POP(1.0)	17/04/26 11:00:00	A	TOTAL	F	Y15-24	THS_PER	FRM0	2014	7.4	u	
ESTAT:LFST_R_LFSD2POP(1.0)	17/04/26 11:00:00	A	TOTAL	F	Y15-64	THS_PER	FR10	2014	4053.3		
ESTAT:LFST_R_LFSD2POP(1.0)	17/04/26 11:00:00	A	TOTAL	F	Y15-64	THS_PER	FRB0	2014	781.9		
ESTAT:LFST_R_LFSD2POP(1.0)	17/04/26 11:00:00	A	TOTAL	F	Y15-64	THS_PER	FRC1	2014	507.8		
ESTAT:LFST_R_LFSD2POP(1.0)	17/04/26 11:00:00	A	TOTAL	F	Y15-64	THS_PER	FRC2	2014	354.0		
ESTAT:LFST_R_LFSD2POP(1.0)	17/04/26 11:00:00	A	TOTAL	F	Y15-64	THS_PER	FRD1	2014	460.1		
ESTAT:LFST_R_LFSD2POP(1.0)	17/04/26 11:00:00	A	TOTAL	F	Y15-64	THS_PER	FRD2	2014	592.3		
ESTAT:LFST_R_LFSD2POP(1.0)	17/04/26 11:00:00	A	TOTAL	F	Y15-64	THS_PER	FRE1	2014	1306.9		
ESTAT:LFST_R_LFSD2POP(1.0)	17/04/26 11:00:00	A	TOTAL	F	Y15-64	THS_PER	FRE2	2014	614.9		
ESTAT:LFST_R_LFSD2POP(1.0)	17/04/26 11:00:00	A	TOTAL	F	Y15-64	THS_PER	FRF1	2014	624.9		
ESTAT:LFST_R_LFSD2POP(1.0)	17/04/26 11:00:00	A	TOTAL	F	Y15-64	THS_PER	FRF2	2014	412.7		
ESTAT:LFST_R_LFSD2POP(1.0)	17/04/26 11:00:00	A	TOTAL	F	Y15-64	THS_PER	FRF3	2014	738.0		
ESTAT:LFST_R_LFSD2POP(1.0)	17/04/26 11:00:00	A	TOTAL	F	Y15-64	THS_PER	FRG0	2014	1124.0		
ESTAT:LFST_R_LFSD2POP(1.0)	17/04/26 11:00:00	A	TOTAL	F	Y15-64	THS_PER	FRH0	2014	993.9		
ESTAT:LFST_R_LFSD2POP(1.0)	17/04/26 11:00:00	A	TOTAL	F	Y15-64	THS_PER	FRI1	2014	1049.1		
ESTAT:LFST_R_LFSD2POP(1.0)	17/04/26 11:00:00	A	TOTAL	F	Y15-64	THS_PER	FRI2	2014	222.4		
ESTAT:LFST_R_LFSD2POP(1.0)	17/04/26 11:00:00	A	TOTAL	F	Y15-64	THS_PER	FRI3	2014	540.3		
ESTAT:LFST_R_LFSD2POP(1.0)	17/04/26 11:00:00	A	TOTAL	F	Y15-64	THS_PER	FRJ1	2014	855.6		
ESTAT:LFST_R_LFSD2POP(1.0)	17/04/26 11:00:00	A	TOTAL	F	Y15-64	THS_PER	FRJ2	2014	929.1		
ESTAT:LFST_R_LFSD2POP(1.0)	17/04/26 11:00:00	A	TOTAL	F	Y15-64	THS_PER	FRK1	2014	399.2		
ESTAT:LFST_R_LFSD2POP(1.0)	17/04/26 11:00:00	A	TOTAL	F	Y15-64	THS_PER	FRK2	2014	2046.9		
ESTAT:LFST_R_LFSD2POP(1.0)	17/04/26 11:00:00	A	TOTAL	F	Y15-64	THS_PER	FRL0	2014	1605.9		
ESTAT:LFST_R_LFSD2POP(1.0)	17/04/26 11:00:00	A	TOTAL	F	Y15-64	THS_PER	FRM0	2014	54.0	u	
ESTAT:LFST_R_LFSD2POP(1.0)	17/04/26 11:00:00	A	TOTAL	F	Y15-74	THS_PER	FR10	2014	4507.5		
ESTAT:LFST_R_LFSD2POP(1.0)	17/04/26 11:00:00	A	TOTAL	F	Y15-74	THS_PER	FRB0	2014	923.4		
ESTAT:LFST_R_LFSD2POP(1.0)	17/04/26 11:00:00	A	TOTAL	F	Y15-74	THS_PER	FRC1	2014	603.8		
ESTAT:LFST_R_LFSD2POP(1.0)	17/04/26 11:00:00	A	TOTAL	F	Y15-74	THS_PER	FRC2	2014	411.2		
ESTAT:LFST_R_LFSD2POP(1.0)	17/04/26 11:00:00	A	TOTAL	F	Y15-74	THS_PER	FRD1	2014	538.6		
ESTAT:LFST_R_LFSD2POP(1.0)	17/04/26 11:00:00	A	TOTAL	F	Y15-74	THS_PER	FRD2	2014	683.7		
ESTAT:LFST_R_LFSD2POP(1.0)	17/04/26 11:00:00	A	TOTAL	F	Y15-74	THS_PER	FRE1	2014	1492.9		
ESTAT:LFST_R_LFSD2POP(1.0)	17/04/26 11:00:00	A	TOTAL	F	Y15-74	THS_PER	FRE2	2014	696.8		
ESTAT:LFST_R_LFSD2POP(1.0)	17/04/26 11:00:00	A	TOTAL	F	Y15-74	THS_PER	FRF1	2014	705.8		
ESTAT:LFST_R_LFSD2POP(1.0)	17/04/26 11:00:00	A	TOTAL	F	Y15-74	THS_PER	FRF2	2014	479.7		
ESTAT:LFST_R_LFSD2POP(1.0)	17/04/26 11:00:00	A	TOTAL	F	Y15-74	THS_PER	FRF3	2014	848.9		
ESTAT:LFST_R_LFSD2POP(1.0)	17/04/26 11:00:00	A	TOTAL	F	Y15-74	THS_PER	FRG0	2014	1298.4		
ESTAT:LFST_R_LFSD2POP(1.0)	17/04/26 11:00:00	A	TOTAL	F	Y15-74	THS_PER	FRH0	2014	1158.2		
ESTAT:LFST_R_LFSD2POP(1.0)	17/04/26 11:00:00	A	TOTAL	F	Y15-74	THS_PER	FRI1	2014	1237.2		
ESTAT:LFST_R_LFSD2POP(1.0)	17/04/26 11:00:00	A	TOTAL	F	Y15-74	THS_PER	FRI2	2014	267.4		
ESTAT:LFST_R_LFSD2POP(1.0)	17/04/26 11:00:00	A	TOTAL	F	Y15-74	THS_PER	FRI3	2014	642.9		
ESTAT:LFST_R_LFSD2POP(1.0)	17/04/26 11:00:00	A	TOTAL	F	Y15-74	THS_PER	FRJ1	2014	1009.1		
ESTAT:LFST_R_LFSD2POP(1.0)	17/04/26 11:00:00	A	TOTAL	F	Y15-74	THS_PER	FRJ2	2014	1071.8		
ESTAT:LFST_R_LFSD2POP(1.0)	17/04/26 11:00:00	A	TOTAL	F	Y15-74	THS_PER	FRK1	2014	469.9		
ESTAT:LFST_R_LFSD2POP(1.0)	17/04/26 11:00:00	A	TOTAL	F	Y15-74	THS_PER	FRK2	2014	2351.8		
ESTAT:LFST_R_LFSD2POP(1.0)	17/04/26 11:00:00	A	TOTAL	F	Y15-74	THS_PER	FRL0	2014	1888.9		
ESTAT:LFST_R_LFSD2POP(1.0)	17/04/26 11:00:00	A	TOTAL	F	Y15-74	THS_PER	FRM0	2014	68.4	u	
ESTAT:LFST_R_LFSD2POP(1.0)	17/04/26 11:00:00	A	TOTAL	F	Y20-64	THS_PER	FR10	2014	3701.5		
ESTAT:LFST_R_LFSD2POP(1.0)	17/04/26 11:00:00	A	TOTAL	F	Y20-64	THS_PER	FRB0	2014	717.5		
ESTAT:LFST_R_LFSD2POP(1.0)	17/04/26 11:00:00	A	TOTAL	F	Y20-64	THS_PER	FRC1	2014	453.0		
ESTAT:LFST_R_LFSD2POP(1.0)	17/04/26 11:00:00	A	TOTAL	F	Y20-64	THS_PER	FRC2	2014	323.6		
ESTAT:LFST_R_LFSD2POP(1.0)	17/04/26 11:00:00	A	TOTAL	F	Y20-64	THS_PER	FRD1	2014	415.5		
ESTAT:LFST_R_LFSD2POP(1.0)	17/04/26 11:00:00	A	TOTAL	F	Y20-64	THS_PER	FRD2	2014	534.6		
ESTAT:LFST_R_LFSD2POP(1.0)	17/04/26 11:00:00	A	TOTAL	F	Y20-64	THS_PER	FRE1	2014	1196.1		
ESTAT:LFST_R_LFSD2POP(1.0)	17/04/26 11:00:00	A	TOTAL	F	Y20-64	THS_PER	FRE2	2014	552.4		
ESTAT:LFST_R_LFSD2POP(1.0)	17/04/26 11:00:00	A	TOTAL	F	Y20-64	THS_PER	FRF1	2014	561.5		
ESTAT:LFST_R_LFSD2POP(1.0)	17/04/26 11:00:00	A	TOTAL	F	Y20-64	THS_PER	FRF2	2014	374.0		
ESTAT:LFST_R_LFSD2POP(1.0)	17/04/26 11:00:00	A	TOTAL	F	Y20-64	THS_PER	FRF3	2014	677.1		
ESTAT:LFST_R_LFSD2POP(1.0)	17/04/26 11:00:00	A	TOTAL	F	Y20-64	THS_PER	FRG0	2014	1027.1		
ESTAT:LFST_R_LFSD2POP(1.0)	17/04/26 11:00:00	A	TOTAL	F	Y20-64	THS_PER	FRH0	2014	904.5		
ESTAT:LFST_R_LFSD2POP(1.0)	17/04/26 11:00:00	A	TOTAL	F	Y20-64	THS_PER	FRI1	2014	958.4		
ESTAT:LFST_R_LFSD2POP(1.0)	17/04/26 11:00:00	A	TOTAL	F	Y20-64	THS_PER	FRI2	2014	204.9		
ESTAT:LFST_R_LFSD2POP(1.0)	17/04/26 11:00:00	A	TOTAL	F	Y20-64	THS_PER	FRI3	2014	498.1		
ESTAT:LFST_R_LFSD2POP(1.0)	17/04/26 11:00:00	A	TOTAL	F	Y20-64	THS_PER	FRJ1	2014	782.5		
ESTAT:LFST_R_LFSD2POP(1.0)	17/04/26 11:00:00	A	TOTAL	F	Y20-64	THS_PER	FRJ2	2014	848.1		
ESTAT:LFST_R_LFSD2POP(1.0)	17/04/26 11:00:00	A	TOTAL	F	Y20-64	THS_PER	FRK1	2014	362.5		
ESTAT:LFST_R_LFSD2POP(1.0)	17/04/26 11:00:00	A	TOTAL	F	Y20-64	THS_PER	FRK2	2014	1838.8		
ESTAT:LFST_R_LFSD2POP(1.0)	17/04/26 11:00:00	A	TOTAL	F	Y20-64	THS_PER	FRL0	2014	1476.9		
ESTAT:LFST_R_LFSD2POP(1.0)	17/04/26 11:00:00	A	TOTAL	F	Y20-64	THS_PER	FRM0	2014	49.6	u	
ESTAT:LFST_R_LFSD2POP(1.0)	17/04/26 11:00:00	A	TOTAL	F	Y25-34	THS_PER	FR10	2014	912.7		
ESTAT:LFST_R_LFSD2POP(1.0)	17/04/26 11:00:00	A	TOTAL	F	Y25-34	THS_PER	FRB0	2014	138.8		
ESTAT:LFST_R_LFSD2POP(1.0)	17/04/26 11:00:00	A	TOTAL	F	Y25-34	THS_PER	FRC1	2014	89.9		
ESTAT:LFST_R_LFSD2POP(1.0)	17/04/26 11:00:00	A	TOTAL	F	Y25-34	THS_PER	FRC2	2014	65.7		
ESTAT:LFST_R_LFSD2POP(1.0)	17/04/26 11:00:00	A	TOTAL	F	Y25-34	THS_PER	FRD1	2014	78.7		
ESTAT:LFST_R_LFSD2POP(1.0)	17/04/26 11:00:00	A	TOTAL	F	Y25-34	THS_PER	FRD2	2014	112.7		
ESTAT:LFST_R_LFSD2POP(1.0)	17/04/26 11:00:00	A	TOTAL	F	Y25-34	THS_PER	FRE1	2014	285.0		
ESTAT:LFST_R_LFSD2POP(1.0)	17/04/26 11:00:00	A	TOTAL	F	Y25-34	THS_PER	FRE2	2014	113.9		
ESTAT:LFST_R_LFSD2POP(1.0)	17/04/26 11:00:00	A	TOTAL	F	Y25-34	THS_PER	FRF1	2014	118.0		
ESTAT:LFST_R_LFSD2POP(1.0)	17/04/26 11:00:00	A	TOTAL	F	Y25-34	THS_PER	FRF2	2014	73.9		
ESTAT:LFST_R_LFSD2POP(1.0)	17/04/26 11:00:00	A	TOTAL	F	Y25-34	THS_PER	FRF3	2014	148.1		
ESTAT:LFST_R_LFSD2POP(1.0)	17/04/26 11:00:00	A	TOTAL	F	Y25-34	THS_PER	FRG0	2014	211.7		
ESTAT:LFST_R_LFSD2POP(1.0)	17/04/26 11:00:00	A	TOTAL	F	Y25-34	THS_PER	FRH0	2014	187.3		
ESTAT:LFST_R_LFSD2POP(1.0)	17/04/26 11:00:00	A	TOTAL	F	Y25-34	THS_PER	FRI1	2014	175.2		
ESTAT:LFST_R_LFSD2POP(1.0)	17/04/26 11:00:00	A	TOTAL	F	Y25-34	THS_PER	FRI2	2014	30.9		
ESTAT:LFST_R_LFSD2POP(1.0)	17/04/26 11:00:00	A	TOTAL	F	Y25-34	THS_PER	FRI3	2014	95.6		
ESTAT:LFST_R_LFSD2POP(1.0)	17/04/26 11:00:00	A	TOTAL	F	Y25-34	THS_PER	FRJ1	2014	152.3		
ESTAT:LFST_R_LFSD2POP(1.0)	17/04/26 11:00:00	A	TOTAL	F	Y25-34	THS_PER	FRJ2	2014	187.4		
ESTAT:LFST_R_LFSD2POP(1.0)	17/04/26 11:00:00	A	TOTAL	F	Y25-34	THS_PER	FRK1	2014	66.9		
ESTAT:LFST_R_LFSD2POP(1.0)	17/04/26 11:00:00	A	TOTAL	F	Y25-34	THS_PER	FRK2	2014	393.3		
ESTAT:LFST_R_LFSD2POP(1.0)	17/04/26 11:00:00	A	TOTAL	F	Y25-34	THS_PER	FRL0	2014	309.4		
ESTAT:LFST_R_LFSD2POP(1.0)	17/04/26 11:00:00	A	TOTAL	F	Y25-34	THS_PER	FRM0	2014	7.3	u	
ESTAT:LFST_R_LFSD2POP(1.0)	17/04/26 11:00:00	A	TOTAL	F	Y25-64	THS_PER	FR10	2014	3299.4		
ESTAT:LFST_R_LFSD2POP(1.0)	17/04/26 11:00:00	A	TOTAL	F	Y25-64	THS_PER	FRB0	2014	652.0		
ESTAT:LFST_R_LFSD2POP(1.0)	17/04/26 11:00:00	A	TOTAL	F	Y25-64	THS_PER	FRC1	2014	413.1		
ESTAT:LFST_R_LFSD2POP(1.0)	17/04/26 11:00:00	A	TOTAL	F	Y25-64	THS_PER	FRC2	2014	298.5		
ESTAT:LFST_R_LFSD2POP(1.0)	17/04/26 11:00:00	A	TOTAL	F	Y25-64	THS_PER	FRD1	2014	373.6		
ESTAT:LFST_R_LFSD2POP(1.0)	17/04/26 11:00:00	A	TOTAL	F	Y25-64	THS_PER	FRD2	2014	482.1		
ESTAT:LFST_R_LFSD2POP(1.0)	17/04/26 11:00:00	A	TOTAL	F	Y25-64	THS_PER	FRE1	2014	1067.2		
ESTAT:LFST_R_LFSD2POP(1.0)	17/04/26 11:00:00	A	TOTAL	F	Y25-64	THS_PER	FRE2	2014	500.2		
ESTAT:LFST_R_LFSD2POP(1.0)	17/04/26 11:00:00	A	TOTAL	F	Y25-64	THS_PER	FRF1	2014	502.5		
ESTAT:LFST_R_LFSD2POP(1.0)	17/04/26 11:00:00	A	TOTAL	F	Y25-64	THS_PER	FRF2	2014	339.0		
ESTAT:LFST_R_LFSD2POP(1.0)	17/04/26 11:00:00	A	TOTAL	F	Y25-64	THS_PER	FRF3	2014	607.7		
ESTAT:LFST_R_LFSD2POP(1.0)	17/04/26 11:00:00	A	TOTAL	F	Y25-64	THS_PER	FRG0	2014	943.6		
ESTAT:LFST_R_LFSD2POP(1.0)	17/04/26 11:00:00	A	TOTAL	F	Y25-64	THS_PER	FRH0	2014	821.3		
ESTAT:LFST_R_LFSD2POP(1.0)	17/04/26 11:00:00	A	TOTAL	F	Y25-64	THS_PER	FRI1	2014	882.0		
ESTAT:LFST_R_LFSD2POP(1.0)	17/04/26 11:00:00	A	TOTAL	F	Y25-64	THS_PER	FRI2	2014	185.5		
ESTAT:LFST_R_LFSD2POP(1.0)	17/04/26 11:00:00	A	TOTAL	F	Y25-64	THS_PER	FRI3	2014	447.9		
ESTAT:LFST_R_LFSD2POP(1.0)	17/04/26 11:00:00	A	TOTAL	F	Y25-64	THS_PER	FRJ1	2014	706.4		
ESTAT:LFST_R_LFSD2POP(1.0)	17/04/26 11:00:00	A	TOTAL	F	Y25-64	THS_PER	FRJ2	2014	765.4		
ESTAT:LFST_R_LFSD2POP(1.0)	17/04/26 11:00:00	A	TOTAL	F	Y25-64	THS_PER	FRK1	2014	339.3		
ESTAT:LFST_R_LFSD2POP(1.0)	17/04/26 11:00:00	A	TOTAL	F	Y25-64	THS_PER	FRK2	2014	1657.9		
ESTAT:LFST_R_LFSD2POP(1.0)	17/04/26 11:00:00	A	TOTAL	F	Y25-64	THS_PER	FRL0	2014	1333.2		
ESTAT:LFST_R_LFSD2POP(1.0)	17/04/26 11:00:00	A	TOTAL	F	Y25-64	THS_PER	FRM0	2014	46.5	u	
ESTAT:LFST_R_LFSD2POP(1.0)	17/04/26 11:00:00	A	TOTAL	F	Y35-44	THS_PER	FR10	2014	866.6		
ESTAT:LFST_R_LFSD2POP(1.0)	17/04/26 11:00:00	A	TOTAL	F	Y35-44	THS_PER	FRB0	2014	164.9		
ESTAT:LFST_R_LFSD2POP(1.0)	17/04/26 11:00:00	A	TOTAL	F	Y35-44	THS_PER	FRC1	2014	94.3		
ESTAT:LFST_R_LFSD2POP(1.0)	17/04/26 11:00:00	A	TOTAL	F	Y35-44	THS_PER	FRC2	2014	69.5		
ESTAT:LFST_R_LFSD2POP(1.0)	17/04/26 11:00:00	A	TOTAL	F	Y35-44	THS_PER	FRD1	2014	82.0		
ESTAT:LFST_R_LFSD2POP(1.0)	17/04/26 11:00:00	A	TOTAL	F	Y35-44	THS_PER	FRD2	2014	121.4		
ESTAT:LFST_R_LFSD2POP(1.0)	17/04/26 11:00:00	A	TOTAL	F	Y35-44	THS_PER	FRE1	2014	259.2		
ESTAT:LFST_R_LFSD2POP(1.0)	17/04/26 11:00:00	A	TOTAL	F	Y35-44	THS_PER	FRE2	2014	121.8		
ESTAT:LFST_R_LFSD2POP(1.0)	17/04/26 11:00:00	A	TOTAL	F	Y35-44	THS_PER	FRF1	2014	126.2		
ESTAT:LFST_R_LFSD2POP(1.0)	17/04/26 11:00:00	A	TOTAL	F	Y35-44	THS_PER	FRF2	2014	80.2		
ESTAT:LFST_R_LFSD2POP(1.0)	17/04/26 11:00:00	A	TOTAL	F	Y35-44	THS_PER	FRF3	2014	142.6		
ESTAT:LFST_R_LFSD2POP(1.0)	17/04/26 11:00:00	A	TOTAL	F	Y35-44	THS_PER	FRG0	2014	242.1		
ESTAT:LFST_R_LFSD2POP(1.0)	17/04/26 11:00:00	A	TOTAL	F	Y35-44	THS_PER	FRH0	2014	214.6		
ESTAT:LFST_R_LFSD2POP(1.0)	17/04/26 11:00:00	A	TOTAL	F	Y35-44	THS_PER	FRI1	2014	218.6		
ESTAT:LFST_R_LFSD2POP(1.0)	17/04/26 11:00:00	A	TOTAL	F	Y35-44	THS_PER	FRI2	2014	44.0		
ESTAT:LFST_R_LFSD2POP(1.0)	17/04/26 11:00:00	A	TOTAL	F	Y35-44	THS_PER	FRI3	2014	120.8		
ESTAT:LFST_R_LFSD2POP(1.0)	17/04/26 11:00:00	A	TOTAL	F	Y35-44	THS_PER	FRJ1	2014	164.5		
ESTAT:LFST_R_LFSD2POP(1.0)	17/04/26 11:00:00	A	TOTAL	F	Y35-44	THS_PER	FRJ2	2014	199.4		
ESTAT:LFST_R_LFSD2POP(1.0)	17/04/26 11:00:00	A	TOTAL	F	Y35-44	THS_PER	FRK1	2014	89.8		
ESTAT:LFST_R_LFSD2POP(1.0)	17/04/26 11:00:00	A	TOTAL	F	Y35-44	THS_PER	FRK2	2014	426.7		
ESTAT:LFST_R_LFSD2POP(1.0)	17/04/26 11:00:00	A	TOTAL	F	Y35-44	THS_PER	FRL0	2014	321.4		
ESTAT:LFST_R_LFSD2POP(1.0)	17/04/26 11:00:00	A	TOTAL	F	Y35-44	THS_PER	FRM0	2014	10.2	u	
ESTAT:LFST_R_LFSD2POP(1.0)	17/04/26 11:00:00	A	TOTAL	F	Y45-54	THS_PER	FR10	2014	824.5		
ESTAT:LFST_R_LFSD2POP(1.0)	17/04/26 11:00:00	A	TOTAL	F	Y45-54	THS_PER	FRB0	2014	172.6		
ESTAT:LFST_R_LFSD2POP(1.0)	17/04/26 11:00:00	A	TOTAL	F	Y45-54	THS_PER	FRC1	2014	111.8		
ESTAT:LFST_R_LFSD2POP(1.0)	17/04/26 11:00:00	A	TOTAL	F	Y45-54	THS_PER	FRC2	2014	74.8		
ESTAT:LFST_R_LFSD2POP(1.0)	17/04/26 11:00:00	A	TOTAL	F	Y45-54	THS_PER	FRD1	2014	105.8		
ESTAT:LFST_R_LFSD2POP(1.0)	17/04/26 11:00:00	A	TOTAL	F	Y45-54	THS_PER	FRD2	2014	130.1		
ESTAT:LFST_R_LFSD2POP(1.0)	17/04/26 11:00:00	A	TOTAL	F	Y45-54	THS_PER	FRE1	2014	254.4		
ESTAT:LFST_R_LFSD2POP(1.0)	17/04/26 11:00:00	A	TOTAL	F	Y45-54	THS_PER	FRE2	2014	148.9		
ESTAT:LFST_R_LFSD2POP(1.0)	17/04/26 11:00:00	A	TOTAL	F	Y45-54	THS_PER	FRF1	2014	131.7		
ESTAT:LFST_R_LFSD2POP(1.0)	17/04/26 11:00:00	A	TOTAL	F	Y45-54	THS_PER	FRF2	2014	91.4		
ESTAT:LFST_R_LFSD2POP(1.0)	17/04/26 11:00:00	A	TOTAL	F	Y45-54	THS_PER	FRF3	2014	152.7		
ESTAT:LFST_R_LFSD2POP(1.0)	17/04/26 11:00:00	A	TOTAL	F	Y45-54	THS_PER	FRG0	2014	245.1		
ESTAT:LFST_R_LFSD2POP(1.0)	17/04/26 11:00:00	A	TOTAL	F	Y45-54	THS_PER	FRH0	2014	220.3		
ESTAT:LFST_R_LFSD2POP(1.0)	17/04/26 11:00:00	A	TOTAL	F	Y45-54	THS_PER	FRI1	2014	246.0		
ESTAT:LFST_R_LFSD2POP(1.0)	17/04/26 11:00:00	A	TOTAL	F	Y45-54	THS_PER	FRI2	2014	52.8		
ESTAT:LFST_R_LFSD2POP(1.0)	17/04/26 11:00:00	A	TOTAL	F	Y45-54	THS_PER	FRI3	2014	110.7		
ESTAT:LFST_R_LFSD2POP(1.0)	17/04/26 11:00:00	A	TOTAL	F	Y45-54	THS_PER	FRJ1	2014	201.0		
ESTAT:LFST_R_LFSD2POP(1.0)	17/04/26 11:00:00	A	TOTAL	F	Y45-54	THS_PER	FRJ2	2014	195.6		
ESTAT:LFST_R_LFSD2POP(1.0)	17/04/26 11:00:00	A	TOTAL	F	Y45-54	THS_PER	FRK1	2014	90.8		
ESTAT:LFST_R_LFSD2POP(1.0)	17/04/26 11:00:00	A	TOTAL	F	Y45-54	THS_PER	FRK2	2014	432.8		
ESTAT:LFST_R_LFSD2POP(1.0)	17/04/26 11:00:00	A	TOTAL	F	Y45-54	THS_PER	FRL0	2014	368.1		
ESTAT:LFST_R_LFSD2POP(1.0)	17/04/26 11:00:00	A	TOTAL	F	Y45-54	THS_PER	FRM0	2014	11.8	u	
ESTAT:LFST_R_LFSD2POP(1.0)	17/04/26 11:00:00	A	TOTAL	F	Y55-64	THS_PER	FR10	2014	695.6		
ESTAT:LFST_R_LFSD2POP(1.0)	17/04/26 11:00:00	A	TOTAL	F	Y55-64	THS_PER	FRB0	2014	175.7		
ESTAT:LFST_R_LFSD2POP(1.0)	17/04/26 11:00:00	A	TOTAL	F	Y55-64	THS_PER	FRC1	2014	117.1		
ESTAT:LFST_R_LFSD2POP(1.0)	17/04/26 11:00:00	A	TOTAL	F	Y55-64	THS_PER	FRC2	2014	88.5		
ESTAT:LFST_R_LFSD2POP(1.0)	17/04/26 11:00:00	A	TOTAL	F	Y55-64	THS_PER	FRD1	2014	107.0		
ESTAT:LFST_R_LFSD2POP(1.0)	17/04/26 11:00:00	A	TOTAL	F	Y55-64	THS_PER	FRD2	2014	117.9		
ESTAT:LFST_R_LFSD2POP(1.0)	17/04/26 11:00:00	A	TOTAL	F	Y55-64	THS_PER	FRE1	2014	268.7		
ESTAT:LFST_R_LFSD2POP(1.0)	17/04/26 11:00:00	A	TOTAL	F	Y55-64	THS_PER	FRE2	2014	115.5		
ESTAT:LFST_R_LFSD2POP(1.0)	17/04/26 11:00:00	A	TOTAL	F	Y55-64	THS_PER	FRF1	2014	126.6		
ESTAT:LFST_R_LFSD2POP(1.0)	17/04/26 11:00:00	A	TOTAL	F	Y55-64	THS_PER	FRF2	2014	93.5		
ESTAT:LFST_R_LFSD2POP(1.0)	17/04/26 11:00:00	A	TOTAL	F	Y55-64	THS_PER	FRF3	2014	164.3		
ESTAT:LFST_R_LFSD2POP(1.0)	17/04/26 11:00:00	A	TOTAL	F	Y55-64	THS_PER	FRG0	2014	244.7		
ESTAT:LFST_R_LFSD2POP(1.0)	17/04/26 11:00:00	A	TOTAL	F	Y55-64	THS_PER	FRH0	2014	199.1		
ESTAT:LFST_R_LFSD2POP(1.0)	17/04/26 11:00:00	A	TOTAL	F	Y55-64	THS_PER	FRI1	2014	242.3		
ESTAT:LFST_R_LFSD2POP(1.0)	17/04/26 11:00:00	A	TOTAL	F	Y55-64	THS_PER	FRI2	2014	57.8		
ESTAT:LFST_R_LFSD2POP(1.0)	17/04/26 11:00:00	A	TOTAL	F	Y55-64	THS_PER	FRI3	2014	120.8		
ESTAT:LFST_R_LFSD2POP(1.0)	17/04/26 11:00:00	A	TOTAL	F	Y55-64	THS_PER	FRJ1	2014	188.6		
ESTAT:LFST_R_LFSD2POP(1.0)	17/04/26 11:00:00	A	TOTAL	F	Y55-64	THS_PER	FRJ2	2014	183.0		
ESTAT:LFST_R_LFSD2POP(1.0)	17/04/26 11:00:00	A	TOTAL	F	Y55-64	THS_PER	FRK1	2014	91.8		
ESTAT:LFST_R_LFSD2POP(1.0)	17/04/26 11:00:00	A	TOTAL	F	Y55-64	THS_PER	FRK2	2014	405.0		
ESTAT:LFST_R_LFSD2POP(1.0)	17/04/26 11:00:00	A	TOTAL	F	Y55-64	THS_PER	FRL0	2014	334.3		
ESTAT:LFST_R_LFSD2POP(1.0)	17/04/26 11:00:00	A	TOTAL	F	Y55-64	THS_PER	FRM0	2014	17.3	u	
ESTAT:LFST_R_LFSD2POP(1.0)	17/04/26 11:00:00	A	TOTAL	F	Y_GE15	THS_PER	FR10	2014	4968.8		
ESTAT:LFST_R_LFSD2POP(1.0)	17/04/26 11:00:00	A	TOTAL	F	Y_GE15	THS_PER	FRB0	2014	1061.9		
ESTAT:LFST_R_LFSD2POP(1.0)	17/04/26 11:00:00	A	TOTAL	F	Y_GE15	THS_PER	FRC1	2014	700.4		
ESTAT:LFST_R_LFSD2POP(1.0)	17/04/26 11:00:00	A	TOTAL	F	Y_GE15	THS_PER	FRC2	2014	480.2		
ESTAT:LFST_R_LFSD2POP(1.0)	17/04/26 11:00:00	A	TOTAL	F	Y_GE15	THS_PER	FRD1	2014	628.8		
ESTAT:LFST_R_LFSD2POP(1.0)	17/04/26 11:00:00	A	TOTAL	F	Y_GE15	THS_PER	FRD2	2014	775.8		
ESTAT:LFST_R_LFSD2POP(1.0)	17/04/26 11:00:00	A	TOTAL	F	Y_GE15	THS_PER	FRE1	2014	1682.0		
ESTAT:LFST_R_LFSD2POP(1.0)	17/04/26 11:00:00	A	TOTAL	F	Y_GE15	THS_PER	FRE2	2014	781.0		
ESTAT:LFST_R_LFSD2POP(1.0)	17/04/26 11:00:00	A	TOTAL	F	Y_GE15	THS_PER	FRF1	2014	786.3		
ESTAT:LFST_R_LFSD2POP(1.0)	17/04/26 11:00:00	A	TOTAL	F	Y_GE15	THS_PER	FRF2	2014	554.3		
ESTAT:LFST_R_LFSD2POP(1.0)	17/04/26 11:00:00	A	TOTAL	F	Y_GE15	THS_PER	FRF3	2014	964.4		
ESTAT:LFST_R_LFSD2POP(1.0)	17/04/26 11:00:00	A	TOTAL	F	Y_GE15	THS_PER	FRG0	2014	1491.0		
ESTAT:LFST_R_LFSD2POP(1.0)	17/04/26 11:00:00	A	TOTAL	F	Y_GE15	THS_PER	FRH0	2014	1359.9		
ESTAT:LFST_R_LFSD2POP(1.0)	17/04/26 11:00:00	A	TOTAL	F	Y_GE15	THS_PER	FRI1	2014	1420.1		
ESTAT:LFST_R_LFSD2POP(1.0)	17/04/26 11:00:00	A	TOTAL	F	Y_GE15	THS_PER	FRI2	2014	327.9		
ESTAT:LFST_R_LFSD2POP(1.0)	17/04/26 11:00:00	A	TOTAL	F	Y_GE15	THS_PER	FRI3	2014	759.3		
ESTAT:LFST_R_LFSD2POP(1.0)	17/04/26 11:00:00	A	TOTAL	F	Y_GE15	THS_PER	FRJ1	2014	1159.2		
ESTAT:LFST_R_LFSD2POP(1.0)	17/04/26 11:00:00	A	TOTAL	F	Y_GE15	THS_PER	FRJ2	2014	1239.4		
ESTAT:LFST_R_LFSD2POP(1.0)	17/04/26 11:00:00	A	TOTAL	F	Y_GE15	THS_PER	FRK1	2014	554.8		
ESTAT:LFST_R_LFSD2POP(1.0)	17/04/26 11:00:00	A	TOTAL	F	Y_GE15	THS_PER	FRK2	2014	2651.3		
ESTAT:LFST_R_LFSD2POP(1.0)	17/04/26 11:00:00	A	TOTAL	F	Y_GE15	THS_PER	FRL0	2014	2183.0		
ESTAT:LFST_R_LFSD2POP(1.0)	17/04/26 11:00:00	A	TOTAL	F	Y_GE15	THS_PER	FRM0	2014	80.6	u	
ESTAT:LFST_R_LFSD2POP(1.0)	17/04/26 11:00:00	A	TOTAL	F	Y_GE25	THS_PER	FR10	2014	4214.8		
ESTAT:LFST_R_LFSD2POP(1.0)	17/04/26 11:00:00	A	TOTAL	F	Y_GE25	THS_PER	FRB0	2014	931.9		
ESTAT:LFST_R_LFSD2POP(1.0)	17/04/26 11:00:00	A	TOTAL	F	Y_GE25	THS_PER	FRC1	2014	605.7		
ESTAT:LFST_R_LFSD2POP(1.0)	17/04/26 11:00:00	A	TOTAL	F	Y_GE25	THS_PER	FRC2	2014	424.7		
ESTAT:LFST_R_LFSD2POP(1.0)	17/04/26 11:00:00	A	TOTAL	F	Y_GE25	THS_PER	FRD1	2014	542.3		
ESTAT:LFST_R_LFSD2POP(1.0)	17/04/26 11:00:00	A	TOTAL	F	Y_GE25	THS_PER	FRD2	2014	665.6		
ESTAT:LFST_R_LFSD2POP(1.0)	17/04/26 11:00:00	A	TOTAL	F	Y_GE25	THS_PER	FRE1	2014	1442.4		
ESTAT:LFST_R_LFSD2POP(1.0)	17/04/26 11:00:00	A	TOTAL	F	Y_GE25	THS_PER	FRE2	2014	666.4		
ESTAT:LFST_R_LFSD2POP(1.0)	17/04/26 11:00:00	A	TOTAL	F	Y_GE25	THS_PER	FRF1	2014	663.8		
ESTAT:LFST_R_LFSD2POP(1.0)	17/04/26 11:00:00	A	TOTAL	F	Y_GE25	THS_PER	FRF2	2014	480.6		
ESTAT:LFST_R_LFSD2POP(1.0)	17/04/26 11:00:00	A	TOTAL	F	Y_GE25	THS_PER	FRF3	2014	834.1		
ESTAT:LFST_R_LFSD2POP(1.0)	17/04/26 11:00:00	A	TOTAL	F	Y_GE25	THS_PER	FRG0	2014	1310.6		
ESTAT:LFST_R_LFSD2POP(1.0)	17/04/26 11:00:00	A	TOTAL	F	Y_GE25	THS_PER	FRH0	2014	1187.3		
ESTAT:LFST_R_LFSD2POP(1.0)	17/04/26 11:00:00	A	TOTAL	F	Y_GE25	THS_PER	FRI1	2014	1253.0		
ESTAT:LFST_R_LFSD2POP(1.0)	17/04/26 11:00:00	A	TOTAL	F	Y_GE25	THS_PER	FRI2	2014	291.0		
ESTAT:LFST_R_LFSD2POP(1.0)	17/04/26 11:00:00	A	TOTAL	F	Y_GE25	THS_PER	FRI3	2014	666.9		
ESTAT:LFST_R_LFSD2POP(1.0)	17/04/26 11:00:00	A	TOTAL	F	Y_GE25	THS_PER	FRJ1	2014	1009.9		
ESTAT:LFST_R_LFSD2POP(1.0)	17/04/26 11:00:00	A	TOTAL	F	Y_GE25	THS_PER	FRJ2	2014	1075.7		
ESTAT:LFST_R_LFSD2POP(1.0)	17/04/26 11:00:00	A	TOTAL	F	Y_GE25	THS_PER	FRK1	2014	494.9		
ESTAT:LFST_R_LFSD2POP(1.0)	17/04/26 11:00:00	A	TOTAL	F	Y_GE25	THS_PER	FRK2	2014	2262.2		
ESTAT:LFST_R_LFSD2POP(1.0)	17/04/26 11:00:00	A	TOTAL	F	Y_GE25	THS_PER	FRL0	2014	1910.4		
ESTAT:LFST_R_LFSD2POP(1.0)	17/04/26 11:00:00	A	TOTAL	F	Y_GE25	THS_PER	FRM0	2014	73.2	u	
ESTAT:LFST_R_LFSD2POP(1.0)	17/04/26 11:00:00	A	TOTAL	F	Y_GE65	THS_PER	FR10	2014	915.4		
ESTAT:LFST_R_LFSD2POP(1.0)	17/04/26 11:00:00	A	TOTAL	F	Y_GE65	THS_PER	FRB0	2014	280.0		
ESTAT:LFST_R_LFSD2POP(1.0)	17/04/26 11:00:00	A	TOTAL	F	Y_GE65	THS_PER	FRC1	2014	192.6		
ESTAT:LFST_R_LFSD2POP(1.0)	17/04/26 11:00:00	A	TOTAL	F	Y_GE65	THS_PER	FRC2	2014	126.2		
ESTAT:LFST_R_LFSD2POP(1.0)	17/04/26 11:00:00	A	TOTAL	F	Y_GE65	THS_PER	FRD1	2014	168.7		
ESTAT:LFST_R_LFSD2POP(1.0)	17/04/26 11:00:00	A	TOTAL	F	Y_GE65	THS_PER	FRD2	2014	183.5		
ESTAT:LFST_R_LFSD2POP(1.0)	17/04/26 11:00:00	A	TOTAL	F	Y_GE65	THS_PER	FRE1	2014	375.1		
ESTAT:LFST_R_LFSD2POP(1.0)	17/04/26 11:00:00	A	TOTAL	F	Y_GE65	THS_PER	FRE2	2014	166.2		
ESTAT:LFST_R_LFSD2POP(1.0)	17/04/26 11:00:00	A	TOTAL	F	Y_GE65	THS_PER	FRF1	2014	161.3		
ESTAT:LFST_R_LFSD2POP(1.0)	17/04/26 11:00:00	A	TOTAL	F	Y_GE65	THS_PER	FRF2	2014	141.6		
ESTAT:LFST_R_LFSD2POP(1.0)	17/04/26 11:00:00	A	TOTAL	F	Y_GE65	THS_PER	FRF3	2014	226.4		
ESTAT:LFST_R_LFSD2POP(1.0)	17/04/26 11:00:00	A	TOTAL	F	Y_GE65	THS_PER	FRG0	2014	367.0		
ESTAT:LFST_R_LFSD2POP(1.0)	17/04/26 11:00:00	A	TOTAL	F	Y_GE65	THS_PER	FRH0	2014	366.0		
ESTAT:LFST_R_LFSD2POP(1.0)	17/04/26 11:00:00	A	TOTAL	F	Y_GE65	THS_PER	FRI1	2014	371.1		
ESTAT:LFST_R_LFSD2POP(1.0)	17/04/26 11:00:00	A	TOTAL	F	Y_GE65	THS_PER	FRI2	2014	105.5		
ESTAT:LFST_R_LFSD2POP(1.0)	17/04/26 11:00:00	A	TOTAL	F	Y_GE65	THS_PER	FRI3	2014	219.0		
ESTAT:LFST_R_LFSD2POP(1.0)	17/04/26 11:00:00	A	TOTAL	F	Y_GE65	THS_PER	FRJ1	2014	303.6		
ESTAT:LFST_R_LFSD2POP(1.0)	17/04/26 11:00:00	A	TOTAL	F	Y_GE65	THS_PER	FRJ2	2014	310.3		
ESTAT:LFST_R_LFSD2POP(1.0)	17/04/26 11:00:00	A	TOTAL	F	Y_GE65	THS_PER	FRK1	2014	155.6		
ESTAT:LFST_R_LFSD2POP(1.0)	17/04/26 11:00:00	A	TOTAL	F	Y_GE65	THS_PER	FRK2	2014	604.4		
ESTAT:LFST_R_LFSD2POP(1.0)	17/04/26 11:00:00	A	TOTAL	F	Y_GE65	THS_PER	FRL0	2014	577.1		
ESTAT:LFST_R_LFSD2POP(1.0)	17/04/26 11:00:00	A	TOTAL	F	Y_GE65	THS_PER	FRM0	2014	26.7	u	
ESTAT:LFST_R_LFSD2POP(1.0)	17/04/26 11:00:00	A	TOTAL	M	Y15-24	THS_PER	FR10	2014	730.8		
ESTAT:LFST_R_LFSD2POP(1.0)	17/04/26 11:00:00	A	TOTAL	M	Y15-24	THS_PER	FRB0	2014	162.7		
ESTAT:LFST_R_LFSD2POP(1.0)	17/04/26 11:00:00	A	TOTAL	M	Y15-24	THS_PER	FRC1	2014	88.5		
ESTAT:LFST_R_LFSD2POP(1.0)	17/04/26 11:00:00	A	TOTAL	M	Y15-24	THS_PER	FRC2	2014	72.1		
ESTAT:LFST_R_LFSD2POP(1.0)	17/04/26 11:00:00	A	TOTAL	M	Y15-24	THS_PER	FRD1	2014	78.1		
ESTAT:LFST_R_LFSD2POP(1.0)	17/04/26 11:00:00	A	TOTAL	M	Y15-24	THS_PER	FRD2	2014	107.9		
ESTAT:LFST_R_LFSD2POP(1.0)	17/04/26 11:00:00	A	TOTAL	M	Y15-24	THS_PER	FRE1	2014	244.4		
ESTAT:LFST_R_LFSD2POP(1.0)	17/04/26 11:00:00	A	TOTAL	M	Y15-24	THS_PER	FRE2	2014	121.9		
ESTAT:LFST_R_LFSD2POP(1.0)	17/04/26 11:00:00	A	TOTAL	M	Y15-24	THS_PER	FRF1	2014	118.1		
ESTAT:LFST_R_LFSD2POP(1.0)	17/04/26 11:00:00	A	TOTAL	M	Y15-24	THS_PER	FRF2	2014	84.5		
ESTAT:LFST_R_LFSD2POP(1.0)	17/04/26 11:00:00	A	TOTAL	M	Y15-24	THS_PER	FRF3	2014	124.7		
ESTAT:LFST_R_LFSD2POP(1.0)	17/04/26 11:00:00	A	TOTAL	M	Y15-24	THS_PER	FRG0	2014	202.3		
ESTAT:LFST_R_LFSD2POP(1.0)	17/04/26 11:00:00	A	TOTAL	M	Y15-24	THS_PER	FRH0	2014	176.3		
ESTAT:LFST_R_LFSD2POP(1.0)	17/04/26 11:00:00	A	TOTAL	M	Y15-24	THS_PER	FRI1	2014	179.3		
ESTAT:LFST_R_LFSD2POP(1.0)	17/04/26 11:00:00	A	TOTAL	M	Y15-24	THS_PER	FRI2	2014	38.1		
ESTAT:LFST_R_LFSD2POP(1.0)	17/04/26 11:00:00	A	TOTAL	M	Y15-24	THS_PER	FRI3	2014	99.6		
ESTAT:LFST_R_LFSD2POP(1.0)	17/04/26 11:00:00	A	TOTAL	M	Y15-24	THS_PER	FRJ1	2014	141.7		
ESTAT:LFST_R_LFSD2POP(1.0)	17/04/26 11:00:00	A	TOTAL	M	Y15-24	THS_PER	FRJ2	2014	151.0		
ESTAT:LFST_R_LFSD2POP(1.0)	17/04/26 11:00:00	A	TOTAL	M	Y15-24	THS_PER	FRK1	2014	68.6		
ESTAT:LFST_R_LFSD2POP(1.0)	17/04/26 11:00:00	A	TOTAL	M	Y15-24	THS_PER	FRK2	2014	377.5		
ESTAT:LFST_R_LFSD2POP(1.0)	17/04/26 11:00:00	A	TOTAL	M	Y15-24	THS_PER	FRL0	2014	283.1		
ESTAT:LFST_R_LFSD2POP(1.0)	17/04/26 11:00:00	A	TOTAL	M	Y15-24	THS_PER	FRM0	2014	10.4	u	
ESTAT:LFST_R_LFSD2POP(1.0)	17/04/26 11:00:00	A	TOTAL	M	Y15-64	THS_PER	FR10	2014	3794.3		
ESTAT:LFST_R_LFSD2POP(1.0)	17/04/26 11:00:00	A	TOTAL	M	Y15-64	THS_PER	FRB0	2014	780.7		
ESTAT:LFST_R_LFSD2POP(1.0)	17/04/26 11:00:00	A	TOTAL	M	Y15-64	THS_PER	FRC1	2014	484.8		
ESTAT:LFST_R_LFSD2POP(1.0)	17/04/26 11:00:00	A	TOTAL	M	Y15-64	THS_PER	FRC2	2014	369.8		
ESTAT:LFST_R_LFSD2POP(1.0)	17/04/26 11:00:00	A	TOTAL	M	Y15-64	THS_PER	FRD1	2014	449.1		
ESTAT:LFST_R_LFSD2POP(1.0)	17/04/26 11:00:00	A	TOTAL	M	Y15-64	THS_PER	FRD2	2014	560.3		
ESTAT:LFST_R_LFSD2POP(1.0)	17/04/26 11:00:00	A	TOTAL	M	Y15-64	THS_PER	FRE1	2014	1269.6		
ESTAT:LFST_R_LFSD2POP(1.0)	17/04/26 11:00:00	A	TOTAL	M	Y15-64	THS_PER	FRE2	2014	602.5		
ESTAT:LFST_R_LFSD2POP(1.0)	17/04/26 11:00:00	A	TOTAL	M	Y15-64	THS_PER	FRF1	2014	589.2		
ESTAT:LFST_R_LFSD2POP(1.0)	17/04/26 11:00:00	A	TOTAL	M	Y15-64	THS_PER	FRF2	2014	406.3		
ESTAT:LFST_R_LFSD2POP(1.0)	17/04/26 11:00:00	A	TOTAL	M	Y15-64	THS_PER	FRF3	2014	723.7		
ESTAT:LFST_R_LFSD2POP(1.0)	17/04/26 11:00:00	A	TOTAL	M	Y15-64	THS_PER	FRG0	2014	1114.5		
ESTAT:LFST_R_LFSD2POP(1.0)	17/04/26 11:00:00	A	TOTAL	M	Y15-64	THS_PER	FRH0	2014	995.5		
ESTAT:LFST_R_LFSD2POP(1.0)	17/04/26 11:00:00	A	TOTAL	M	Y15-64	THS_PER	FRI1	2014	1006.1		
ESTAT:LFST_R_LFSD2POP(1.0)	17/04/26 11:00:00	A	TOTAL	M	Y15-64	THS_PER	FRI2	2014	208.9		
ESTAT:LFST_R_LFSD2POP(1.0)	17/04/26 11:00:00	A	TOTAL	M	Y15-64	THS_PER	FRI3	2014	531.5		
ESTAT:LFST_R_LFSD2POP(1.0)	17/04/26 11:00:00	A	TOTAL	M	Y15-64	THS_PER	FRJ1	2014	806.7		
ESTAT:LFST_R_LFSD2POP(1.0)	17/04/26 11:00:00	A	TOTAL	M	Y15-64	THS_PER	FRJ2	2014	906.5		
ESTAT:LFST_R_LFSD2POP(1.0)	17/04/26 11:00:00	A	TOTAL	M	Y15-64	THS_PER	FRK1	2014	414.3		
ESTAT:LFST_R_LFSD2POP(1.0)	17/04/26 11:00:00	A	TOTAL	M	Y15-64	THS_PER	FRK2	2014	1992.3		
ESTAT:LFST_R_LFSD2POP(1.0)	17/04/26 11:00:00	A	TOTAL	M	Y15-64	THS_PER	FRL0	2014	1502.4		
ESTAT:LFST_R_LFSD2POP(1.0)	17/04/26 11:00:00	A	TOTAL	M	Y15-64	THS_PER	FRM0	2014	53.8	u	
ESTAT:LFST_R_LFSD2POP(1.0)	17/04/26 11:00:00	A	TOTAL	M	Y15-74	THS_PER	FR10	2014	4186.7		
ESTAT:LFST_R_LFSD2POP(1.0)	17/04/26 11:00:00	A	TOTAL	M	Y15-74	THS_PER	FRB0	2014	903.4		
ESTAT:LFST_R_LFSD2POP(1.0)	17/04/26 11:00:00	A	TOTAL	M	Y15-74	THS_PER	FRC1	2014	562.3		
ESTAT:LFST_R_LFSD2POP(1.0)	17/04/26 11:00:00	A	TOTAL	M	Y15-74	THS_PER	FRC2	2014	421.5		
ESTAT:LFST_R_LFSD2POP(1.0)	17/04/26 11:00:00	A	TOTAL	M	Y15-74	THS_PER	FRD1	2014	519.2		
ESTAT:LFST_R_LFSD2POP(1.0)	17/04/26 11:00:00	A	TOTAL	M	Y15-74	THS_PER	FRD2	2014	634.8		
ESTAT:LFST_R_LFSD2POP(1.0)	17/04/26 11:00:00	A	TOTAL	M	Y15-74	THS_PER	FRE1	2014	1416.3		
ESTAT:LFST_R_LFSD2POP(1.0)	17/04/26 11:00:00	A	TOTAL	M	Y15-74	THS_PER	FRE2	2014	680.5		
ESTAT:LFST_R_LFSD2POP(1.0)	17/04/26 11:00:00	A	TOTAL	M	Y15-74	THS_PER	FRF1	2014	662.2		
ESTAT:LFST_R_LFSD2POP(1.0)	17/04/26 11:00:00	A	TOTAL	M	Y15-74	THS_PER	FRF2	2014	464.4		
ESTAT:LFST_R_LFSD2POP(1.0)	17/04/26 11:00:00	A	TOTAL	M	Y15-74	THS_PER	FRF3	2014	823.7		
ESTAT:LFST_R_LFSD2POP(1.0)	17/04/26 11:00:00	A	TOTAL	M	Y15-74	THS_PER	FRG0	2014	1263.2		
ESTAT:LFST_R_LFSD2POP(1.0)	17/04/26 11:00:00	A	TOTAL	M	Y15-74	THS_PER	FRH0	2014	1129.0		
ESTAT:LFST_R_LFSD2POP(1.0)	17/04/26 11:00:00	A	TOTAL	M	Y15-74	THS_PER	FRI1	2014	1172.8		
ESTAT:LFST_R_LFSD2POP(1.0)	17/04/26 11:00:00	A	TOTAL	M	Y15-74	THS_PER	FRI2	2014	246.2		
ESTAT:LFST_R_LFSD2POP(1.0)	17/04/26 11:00:00	A	TOTAL	M	Y15-74	THS_PER	FRI3	2014	615.4		
ESTAT:LFST_R_LFSD2POP(1.0)	17/04/26 11:00:00	A	TOTAL	M	Y15-74	THS_PER	FRJ1	2014	950.1		
ESTAT:LFST_R_LFSD2POP(1.0)	17/04/26 11:00:00	A	TOTAL	M	Y15-74	THS_PER	FRJ2	2014	1044.7		
ESTAT:LFST_R_LFSD2POP(1.0)	17/04/26 11:00:00	A	TOTAL	M	Y15-74	THS_PER	FRK1	2014	483.8		
ESTAT:LFST_R_LFSD2POP(1.0)	17/04/26 11:00:00	A	TOTAL	M	Y15-74	THS_PER	FRK2	2014	2266.5		
ESTAT:LFST_R_LFSD2POP(1.0)	17/04/26 11:00:00	A	TOTAL	M	Y15-74	THS_PER	FRL0	2014	1760.2		
ESTAT:LFST_R_LFSD2POP(1.0)	17/04/26 11:00:00	A	TOTAL	M	Y15-74	THS_PER	FRM0	2014	73.4	u	
ESTAT:LFST_R_LFSD2POP(1.0)	17/04/26 11:00:00	A	TOTAL	M	Y20-64	THS_PER	FR10	2014	3437.9		
ESTAT:LFST_R_LFSD2POP(1.0)	17/04/26 11:00:00	A	TOTAL	M	Y20-64	THS_PER	FRB0	2014	693.3		
ESTAT:LFST_R_LFSD2POP(1.0)	17/04/26 11:00:00	A	TOTAL	M	Y20-64	THS_PER	FRC1	2014	442.0		
ESTAT:LFST_R_LFSD2POP(1.0)	17/04/26 11:00:00	A	TOTAL	M	Y20-64	THS_PER	FRC2	2014	331.5		
ESTAT:LFST_R_LFSD2POP(1.0)	17/04/26 11:00:00	A	TOTAL	M	Y20-64	THS_PER	FRD1	2014	410.4		
ESTAT:LFST_R_LFSD2POP(1.0)	17/04/26 11:00:00	A	TOTAL	M	Y20-64	THS_PER	FRD2	2014	511.3		
ESTAT:LFST_R_LFSD2POP(1.0)	17/04/26 11:00:00	A	TOTAL	M	Y20-64	THS_PER	FRE1	2014	1145.8		
ESTAT:LFST_R_LFSD2POP(1.0)	17/04/26 11:00:00	A	TOTAL	M	Y20-64	THS_PER	FRE2	2014	538.9		
ESTAT:LFST_R_LFSD2POP(1.0)	17/04/26 11:00:00	A	TOTAL	M	Y20-64	THS_PER	FRF1	2014	527.9		
ESTAT:LFST_R_LFSD2POP(1.0)	17/04/26 11:00:00	A	TOTAL	M	Y20-64	THS_PER	FRF2	2014	370.0		
ESTAT:LFST_R_LFSD2POP(1.0)	17/04/26 11:00:00	A	TOTAL	M	Y20-64	THS_PER	FRF3	2014	663.1		
ESTAT:LFST_R_LFSD2POP(1.0)	17/04/26 11:00:00	A	TOTAL	M	Y20-64	THS_PER	FRG0	2014	1011.6		
ESTAT:LFST_R_LFSD2POP(1.0)	17/04/26 11:00:00	A	TOTAL	M	Y20-64	THS_PER	FRH0	2014	896.7		
ESTAT:LFST_R_LFSD2POP(1.0)	17/04/26 11:00:00	A	TOTAL	M	Y20-64	THS_PER	FRI1	2014	913.1		
ESTAT:LFST_R_LFSD2POP(1.0)	17/04/26 11:00:00	A	TOTAL	M	Y20-64	THS_PER	FRI2	2014	190.3		
ESTAT:LFST_R_LFSD2POP(1.0)	17/04/26 11:00:00	A	TOTAL	M	Y20-64	THS_PER	FRI3	2014	479.2		
ESTAT:LFST_R_LFSD2POP(1.0)	17/04/26 11:00:00	A	TOTAL	M	Y20-64	THS_PER	FRJ1	2014	727.3		
ESTAT:LFST_R_LFSD2POP(1.0)	17/04/26 11:00:00	A	TOTAL	M	Y20-64	THS_PER	FRJ2	2014	828.3		
ESTAT:LFST_R_LFSD2POP(1.0)	17/04/26 11:00:00	A	TOTAL	M	Y20-64	THS_PER	FRK1	2014	376.1		
ESTAT:LFST_R_LFSD2POP(1.0)	17/04/26 11:00:00	A	TOTAL	M	Y20-64	THS_PER	FRK2	2014	1800.4		
ESTAT:LFST_R_LFSD2POP(1.0)	17/04/26 11:00:00	A	TOTAL	M	Y20-64	THS_PER	FRL0	2014	1343.3		
ESTAT:LFST_R_LFSD2POP(1.0)	17/04/26 11:00:00	A	TOTAL	M	Y20-64	THS_PER	FRM0	2014	47.6	u	
ESTAT:LFST_R_LFSD2POP(1.0)	17/04/26 11:00:00	A	TOTAL	M	Y25-34	THS_PER	FR10	2014	834.5		
ESTAT:LFST_R_LFSD2POP(1.0)	17/04/26 11:00:00	A	TOTAL	M	Y25-34	THS_PER	FRB0	2014	122.4		
ESTAT:LFST_R_LFSD2POP(1.0)	17/04/26 11:00:00	A	TOTAL	M	Y25-34	THS_PER	FRC1	2014	81.3		
ESTAT:LFST_R_LFSD2POP(1.0)	17/04/26 11:00:00	A	TOTAL	M	Y25-34	THS_PER	FRC2	2014	66.5		
ESTAT:LFST_R_LFSD2POP(1.0)	17/04/26 11:00:00	A	TOTAL	M	Y25-34	THS_PER	FRD1	2014	86.7		
ESTAT:LFST_R_LFSD2POP(1.0)	17/04/26 11:00:00	A	TOTAL	M	Y25-34	THS_PER	FRD2	2014	102.9		
ESTAT:LFST_R_LFSD2POP(1.0)	17/04/26 11:00:00	A	TOTAL	M	Y25-34	THS_PER	FRE1	2014	270.7		
ESTAT:LFST_R_LFSD2POP(1.0)	17/04/26 11:00:00	A	TOTAL	M	Y25-34	THS_PER	FRE2	2014	105.4		
ESTAT:LFST_R_LFSD2POP(1.0)	17/04/26 11:00:00	A	TOTAL	M	Y25-34	THS_PER	FRF1	2014	100.2		
ESTAT:LFST_R_LFSD2POP(1.0)	17/04/26 11:00:00	A	TOTAL	M	Y25-34	THS_PER	FRF2	2014	68.7		
ESTAT:LFST_R_LFSD2POP(1.0)	17/04/26 11:00:00	A	TOTAL	M	Y25-34	THS_PER	FRF3	2014	158.1		
ESTAT:LFST_R_LFSD2POP(1.0)	17/04/26 11:00:00	A	TOTAL	M	Y25-34	THS_PER	FRG0	2014	197.3		
ESTAT:LFST_R_LFSD2POP(1.0)	17/04/26 11:00:00	A	TOTAL	M	Y25-34	THS_PER	FRH0	2014	191.0		
ESTAT:LFST_R_LFSD2POP(1.0)	17/04/26 11:00:00	A	TOTAL	M	Y25-34	THS_PER	FRI1	2014	171.8		
ESTAT:LFST_R_LFSD2POP(1.0)	17/04/26 11:00:00	A	TOTAL	M	Y25-34	THS_PER	FRI2	2014	34.4		
ESTAT:LFST_R_LFSD2POP(1.0)	17/04/26 11:00:00	A	TOTAL	M	Y25-34	THS_PER	FRI3	2014	87.2		
ESTAT:LFST_R_LFSD2POP(1.0)	17/04/26 11:00:00	A	TOTAL	M	Y25-34	THS_PER	FRJ1	2014	133.2		
ESTAT:LFST_R_LFSD2POP(1.0)	17/04/26 11:00:00	A	TOTAL	M	Y25-34	THS_PER	FRJ2	2014	209.2		
ESTAT:LFST_R_LFSD2POP(1.0)	17/04/26 11:00:00	A	TOTAL	M	Y25-34	THS_PER	FRK1	2014	63.0		
ESTAT:LFST_R_LFSD2POP(1.0)	17/04/26 11:00:00	A	TOTAL	M	Y25-34	THS_PER	FRK2	2014	406.2		
ESTAT:LFST_R_LFSD2POP(1.0)	17/04/26 11:00:00	A	TOTAL	M	Y25-34	THS_PER	FRL0	2014	278.2		
ESTAT:LFST_R_LFSD2POP(1.0)	17/04/26 11:00:00	A	TOTAL	M	Y25-34	THS_PER	FRM0	2014	4.7	u	
ESTAT:LFST_R_LFSD2POP(1.0)	17/04/26 11:00:00	A	TOTAL	M	Y25-64	THS_PER	FR10	2014	3063.5		
ESTAT:LFST_R_LFSD2POP(1.0)	17/04/26 11:00:00	A	TOTAL	M	Y25-64	THS_PER	FRB0	2014	618.0		
ESTAT:LFST_R_LFSD2POP(1.0)	17/04/26 11:00:00	A	TOTAL	M	Y25-64	THS_PER	FRC1	2014	396.3		
ESTAT:LFST_R_LFSD2POP(1.0)	17/04/26 11:00:00	A	TOTAL	M	Y25-64	THS_PER	FRC2	2014	297.7		
ESTAT:LFST_R_LFSD2POP(1.0)	17/04/26 11:00:00	A	TOTAL	M	Y25-64	THS_PER	FRD1	2014	371.0		
ESTAT:LFST_R_LFSD2POP(1.0)	17/04/26 11:00:00	A	TOTAL	M	Y25-64	THS_PER	FRD2	2014	452.4		
ESTAT:LFST_R_LFSD2POP(1.0)	17/04/26 11:00:00	A	TOTAL	M	Y25-64	THS_PER	FRE1	2014	1025.2		
ESTAT:LFST_R_LFSD2POP(1.0)	17/04/26 11:00:00	A	TOTAL	M	Y25-64	THS_PER	FRE2	2014	480.6		
ESTAT:LFST_R_LFSD2POP(1.0)	17/04/26 11:00:00	A	TOTAL	M	Y25-64	THS_PER	FRF1	2014	471.2		
ESTAT:LFST_R_LFSD2POP(1.0)	17/04/26 11:00:00	A	TOTAL	M	Y25-64	THS_PER	FRF2	2014	321.8		
ESTAT:LFST_R_LFSD2POP(1.0)	17/04/26 11:00:00	A	TOTAL	M	Y25-64	THS_PER	FRF3	2014	599.0		
ESTAT:LFST_R_LFSD2POP(1.0)	17/04/26 11:00:00	A	TOTAL	M	Y25-64	THS_PER	FRG0	2014	912.2		
ESTAT:LFST_R_LFSD2POP(1.0)	17/04/26 11:00:00	A	TOTAL	M	Y25-64	THS_PER	FRH0	2014	819.2		
ESTAT:LFST_R_LFSD2POP(1.0)	17/04/26 11:00:00	A	TOTAL	M	Y25-64	THS_PER	FRI1	2014	826.8		
ESTAT:LFST_R_LFSD2POP(1.0)	17/04/26 11:00:00	A	TOTAL	M	Y25-64	THS_PER	FRI2	2014	170.7		
ESTAT:LFST_R_LFSD2POP(1.0)	17/04/26 11:00:00	A	TOTAL	M	Y25-64	THS_PER	FRI3	2014	431.9		
ESTAT:LFST_R_LFSD2POP(1.0)	17/04/26 11:00:00	A	TOTAL	M	Y25-64	THS_PER	FRJ1	2014	665.0		
ESTAT:LFST_R_LFSD2POP(1.0)	17/04/26 11:00:00	A	TOTAL	M	Y25-64	THS_PER	FRJ2	2014	755.6		
ESTAT:LFST_R_LFSD2POP(1.0)	17/04/26 11:00:00	A	TOTAL	M	Y25-64	THS_PER	FRK1	2014	345.6		
ESTAT:LFST_R_LFSD2POP(1.0)	17/04/26 11:00:00	A	TOTAL	M	Y25-64	THS_PER	FRK2	2014	1614.8		
ESTAT:LFST_R_LFSD2POP(1.0)	17/04/26 11:00:00	A	TOTAL	M	Y25-64	THS_PER	FRL0	2014	1219.2		
ESTAT:LFST_R_LFSD2POP(1.0)	17/04/26 11:00:00	A	TOTAL	M	Y25-64	THS_PER	FRM0	2014	43.4	u	
ESTAT:LFST_R_LFSD2POP(1.0)	17/04/26 11:00:00	A	TOTAL	M	Y35-44	THS_PER	FR10	2014	841.7		
ESTAT:LFST_R_LFSD2POP(1.0)	17/04/26 11:00:00	A	TOTAL	M	Y35-44	THS_PER	FRB0	2014	161.6		
ESTAT:LFST_R_LFSD2POP(1.0)	17/04/26 11:00:00	A	TOTAL	M	Y35-44	THS_PER	FRC1	2014	93.9		
ESTAT:LFST_R_LFSD2POP(1.0)	17/04/26 11:00:00	A	TOTAL	M	Y35-44	THS_PER	FRC2	2014	74.4		
ESTAT:LFST_R_LFSD2POP(1.0)	17/04/26 11:00:00	A	TOTAL	M	Y35-44	THS_PER	FRD1	2014	75.0		
ESTAT:LFST_R_LFSD2POP(1.0)	17/04/26 11:00:00	A	TOTAL	M	Y35-44	THS_PER	FRD2	2014	109.1		
ESTAT:LFST_R_LFSD2POP(1.0)	17/04/26 11:00:00	A	TOTAL	M	Y35-44	THS_PER	FRE1	2014	268.2		
ESTAT:LFST_R_LFSD2POP(1.0)	17/04/26 11:00:00	A	TOTAL	M	Y35-44	THS_PER	FRE2	2014	113.3		
ESTAT:LFST_R_LFSD2POP(1.0)	17/04/26 11:00:00	A	TOTAL	M	Y35-44	THS_PER	FRF1	2014	125.1		
ESTAT:LFST_R_LFSD2POP(1.0)	17/04/26 11:00:00	A	TOTAL	M	Y35-44	THS_PER	FRF2	2014	86.1		
ESTAT:LFST_R_LFSD2POP(1.0)	17/04/26 11:00:00	A	TOTAL	M	Y35-44	THS_PER	FRF3	2014	133.6		
ESTAT:LFST_R_LFSD2POP(1.0)	17/04/26 11:00:00	A	TOTAL	M	Y35-44	THS_PER	FRG0	2014	249.4		
ESTAT:LFST_R_LFSD2POP(1.0)	17/04/26 11:00:00	A	TOTAL	M	Y35-44	THS_PER	FRH0	2014	202.2		
ESTAT:LFST_R_LFSD2POP(1.0)	17/04/26 11:00:00	A	TOTAL	M	Y35-44	THS_PER	FRI1	2014	217.0		
ESTAT:LFST_R_LFSD2POP(1.0)	17/04/26 11:00:00	A	TOTAL	M	Y35-44	THS_PER	FRI2	2014	35.2		
ESTAT:LFST_R_LFSD2POP(1.0)	17/04/26 11:00:00	A	TOTAL	M	Y35-44	THS_PER	FRI3	2014	122.3		
ESTAT:LFST_R_LFSD2POP(1.0)	17/04/26 11:00:00	A	TOTAL	M	Y35-44	THS_PER	FRJ1	2014	161.7		
ESTAT:LFST_R_LFSD2POP(1.0)	17/04/26 11:00:00	A	TOTAL	M	Y35-44	THS_PER	FRJ2	2014	198.1		
ESTAT:LFST_R_LFSD2POP(1.0)	17/04/26 11:00:00	A	TOTAL	M	Y35-44	THS_PER	FRK1	2014	88.2		
ESTAT:LFST_R_LFSD2POP(1.0)	17/04/26 11:00:00	A	TOTAL	M	Y35-44	THS_PER	FRK2	2014	419.2		
ESTAT:LFST_R_LFSD2POP(1.0)	17/04/26 11:00:00	A	TOTAL	M	Y35-44	THS_PER	FRL0	2014	303.9		
ESTAT:LFST_R_LFSD2POP(1.0)	17/04/26 11:00:00	A	TOTAL	M	Y35-44	THS_PER	FRM0	2014	9.8	u	
ESTAT:LFST_R_LFSD2POP(1.0)	17/04/26 11:00:00	A	TOTAL	M	Y45-54	THS_PER	FR10	2014	768.8		
ESTAT:LFST_R_LFSD2POP(1.0)	17/04/26 11:00:00	A	TOTAL	M	Y45-54	THS_PER	FRB0	2014	157.6		
ESTAT:LFST_R_LFSD2POP(1.0)	17/04/26 11:00:00	A	TOTAL	M	Y45-54	THS_PER	FRC1	2014	110.4		
ESTAT:LFST_R_LFSD2POP(1.0)	17/04/26 11:00:00	A	TOTAL	M	Y45-54	THS_PER	FRC2	2014	73.8		
ESTAT:LFST_R_LFSD2POP(1.0)	17/04/26 11:00:00	A	TOTAL	M	Y45-54	THS_PER	FRD1	2014	103.8		
ESTAT:LFST_R_LFSD2POP(1.0)	17/04/26 11:00:00	A	TOTAL	M	Y45-54	THS_PER	FRD2	2014	122.2		
ESTAT:LFST_R_LFSD2POP(1.0)	17/04/26 11:00:00	A	TOTAL	M	Y45-54	THS_PER	FRE1	2014	251.5		
ESTAT:LFST_R_LFSD2POP(1.0)	17/04/26 11:00:00	A	TOTAL	M	Y45-54	THS_PER	FRE2	2014	139.2		
ESTAT:LFST_R_LFSD2POP(1.0)	17/04/26 11:00:00	A	TOTAL	M	Y45-54	THS_PER	FRF1	2014	128.6		
ESTAT:LFST_R_LFSD2POP(1.0)	17/04/26 11:00:00	A	TOTAL	M	Y45-54	THS_PER	FRF2	2014	87.1		
ESTAT:LFST_R_LFSD2POP(1.0)	17/04/26 11:00:00	A	TOTAL	M	Y45-54	THS_PER	FRF3	2014	153.9		
ESTAT:LFST_R_LFSD2POP(1.0)	17/04/26 11:00:00	A	TOTAL	M	Y45-54	THS_PER	FRG0	2014	227.5		
ESTAT:LFST_R_LFSD2POP(1.0)	17/04/26 11:00:00	A	TOTAL	M	Y45-54	THS_PER	FRH0	2014	230.3		
ESTAT:LFST_R_LFSD2POP(1.0)	17/04/26 11:00:00	A	TOTAL	M	Y45-54	THS_PER	FRI1	2014	221.1		
ESTAT:LFST_R_LFSD2POP(1.0)	17/04/26 11:00:00	A	TOTAL	M	Y45-54	THS_PER	FRI2	2014	46.4		
ESTAT:LFST_R_LFSD2POP(1.0)	17/04/26 11:00:00	A	TOTAL	M	Y45-54	THS_PER	FRI3	2014	114.2		
ESTAT:LFST_R_LFSD2POP(1.0)	17/04/26 11:00:00	A	TOTAL	M	Y45-54	THS_PER	FRJ1	2014	198.6		
ESTAT:LFST_R_LFSD2POP(1.0)	17/04/26 11:00:00	A	TOTAL	M	Y45-54	THS_PER	FRJ2	2014	182.3		
ESTAT:LFST_R_LFSD2POP(1.0)	17/04/26 11:00:00	A	TOTAL	M	Y45-54	THS_PER	FRK1	2014	102.5		
ESTAT:LFST_R_LFSD2POP(1.0)	17/04/26 11:00:00	A	TOTAL	M	Y45-54	THS_PER	FRK2	2014	431.5		
ESTAT:LFST_R_LFSD2POP(1.0)	17/04/26 11:00:00	A	TOTAL	M	Y45-54	THS_PER	FRL0	2014	330.7		
ESTAT:LFST_R_LFSD2POP(1.0)	17/04/26 11:00:00	A	TOTAL	M	Y45-54	THS_PER	FRM0	2014	12.8	u	
ESTAT:LFST_R_LFSD2POP(1.0)	17/04/26 11:00:00	A	TOTAL	M	Y55-64	THS_PER	FR10	2014	618.5		
ESTAT:LFST_R_LFSD2POP(1.0)	17/04/26 11:00:00	A	TOTAL	M	Y55-64	THS_PER	FRB0	2014	176.4		
ESTAT:LFST_R_LFSD2POP(1.0)	17/04/26 11:00:00	A	TOTAL	M	Y55-64	THS_PER	FRC1	2014	110.7		
ESTAT:LFST_R_LFSD2POP(1.0)	17/04/26 11:00:00	A	TOTAL	M	Y55-64	THS_PER	FRC2	2014	83.1		
ESTAT:LFST_R_LFSD2POP(1.0)	17/04/26 11:00:00	A	TOTAL	M	Y55-64	THS_PER	FRD1	2014	105.5		
ESTAT:LFST_R_LFSD2POP(1.0)	17/04/26 11:00:00	A	TOTAL	M	Y55-64	THS_PER	FRD2	2014	118.2		
ESTAT:LFST_R_LFSD2POP(1.0)	17/04/26 11:00:00	A	TOTAL	M	Y55-64	THS_PER	FRE1	2014	234.8		
ESTAT:LFST_R_LFSD2POP(1.0)	17/04/26 11:00:00	A	TOTAL	M	Y55-64	THS_PER	FRE2	2014	122.8		
ESTAT:LFST_R_LFSD2POP(1.0)	17/04/26 11:00:00	A	TOTAL	M	Y55-64	THS_PER	FRF1	2014	117.3		
ESTAT:LFST_R_LFSD2POP(1.0)	17/04/26 11:00:00	A	TOTAL	M	Y55-64	THS_PER	FRF2	2014	80.0		
ESTAT:LFST_R_LFSD2POP(1.0)	17/04/26 11:00:00	A	TOTAL	M	Y55-64	THS_PER	FRF3	2014	153.4		
ESTAT:LFST_R_LFSD2POP(1.0)	17/04/26 11:00:00	A	TOTAL	M	Y55-64	THS_PER	FRG0	2014	238.0		
ESTAT:LFST_R_LFSD2POP(1.0)	17/04/26 11:00:00	A	TOTAL	M	Y55-64	THS_PER	FRH0	2014	195.7		
ESTAT:LFST_R_LFSD2POP(1.0)	17/04/26 11:00:00	A	TOTAL	M	Y55-64	THS_PER	FRI1	2014	216.8		
ESTAT:LFST_R_LFSD2POP(1.0)	17/04/26 11:00:00	A	TOTAL	M	Y55-64	THS_PER	FRI2	2014	54.8		
ESTAT:LFST_R_LFSD2POP(1.0)	17/04/26 11:00:00	A	TOTAL	M	Y55-64	THS_PER	FRI3	2014	108.1		
ESTAT:LFST_R_LFSD2POP(1.0)	17/04/26 11:00:00	A	TOTAL	M	Y55-64	THS_PER	FRJ1	2014	171.5		
ESTAT:LFST_R_LFSD2POP(1.0)	17/04/26 11:00:00	A	TOTAL	M	Y55-64	THS_PER	FRJ2	2014	166.0		
ESTAT:LFST_R_LFSD2POP(1.0)	17/04/26 11:00:00	A	TOTAL	M	Y55-64	THS_PER	FRK1	2014	92.0		
ESTAT:LFST_R_LFSD2POP(1.0)	17/04/26 11:00:00	A	TOTAL	M	Y55-64	THS_PER	FRK2	2014	357.9		
ESTAT:LFST_R_LFSD2POP(1.0)	17/04/26 11:00:00	A	TOTAL	M	Y55-64	THS_PER	FRL0	2014	306.4		
ESTAT:LFST_R_LFSD2POP(1.0)	17/04/26 11:00:00	A	TOTAL	M	Y55-64	THS_PER	FRM0	2014	16.1	u	
ESTAT:LFST_R_LFSD2POP(1.0)	17/04/26 11:00:00	A	TOTAL	M	Y_GE15	THS_PER	FR10	2014	4472.9		
ESTAT:LFST_R_LFSD2POP(1.0)	17/04/26 11:00:00	A	TOTAL	M	Y_GE15	THS_PER	FRB0	2014	998.2		
ESTAT:LFST_R_LFSD2POP(1.0)	17/04/26 11:00:00	A	TOTAL	M	Y_GE15	THS_PER	FRC1	2014	629.8		
ESTAT:LFST_R_LFSD2POP(1.0)	17/04/26 11:00:00	A	TOTAL	M	Y_GE15	THS_PER	FRC2	2014	465.2		
ESTAT:LFST_R_LFSD2POP(1.0)	17/04/26 11:00:00	A	TOTAL	M	Y_GE15	THS_PER	FRD1	2014	566.5		
ESTAT:LFST_R_LFSD2POP(1.0)	17/04/26 11:00:00	A	TOTAL	M	Y_GE15	THS_PER	FRD2	2014	686.4		
ESTAT:LFST_R_LFSD2POP(1.0)	17/04/26 11:00:00	A	TOTAL	M	Y_GE15	THS_PER	FRE1	2014	1508.6		
ESTAT:LFST_R_LFSD2POP(1.0)	17/04/26 11:00:00	A	TOTAL	M	Y_GE15	THS_PER	FRE2	2014	742.1		
ESTAT:LFST_R_LFSD2POP(1.0)	17/04/26 11:00:00	A	TOTAL	M	Y_GE15	THS_PER	FRF1	2014	714.6		
ESTAT:LFST_R_LFSD2POP(1.0)	17/04/26 11:00:00	A	TOTAL	M	Y_GE15	THS_PER	FRF2	2014	510.5		
ESTAT:LFST_R_LFSD2POP(1.0)	17/04/26 11:00:00	A	TOTAL	M	Y_GE15	THS_PER	FRF3	2014	904.6		
ESTAT:LFST_R_LFSD2POP(1.0)	17/04/26 11:00:00	A	TOTAL	M	Y_GE15	THS_PER	FRG0	2014	1392.3		
ESTAT:LFST_R_LFSD2POP(1.0)	17/04/26 11:00:00	A	TOTAL	M	Y_GE15	THS_PER	FRH0	2014	1251.0		
ESTAT:LFST_R_LFSD2POP(1.0)	17/04/26 11:00:00	A	TOTAL	M	Y_GE15	THS_PER	FRI1	2014	1302.1		
ESTAT:LFST_R_LFSD2POP(1.0)	17/04/26 11:00:00	A	TOTAL	M	Y_GE15	THS_PER	FRI2	2014	284.3		
ESTAT:LFST_R_LFSD2POP(1.0)	17/04/26 11:00:00	A	TOTAL	M	Y_GE15	THS_PER	FRI3	2014	695.1		
ESTAT:LFST_R_LFSD2POP(1.0)	17/04/26 11:00:00	A	TOTAL	M	Y_GE15	THS_PER	FRJ1	2014	1067.5		
ESTAT:LFST_R_LFSD2POP(1.0)	17/04/26 11:00:00	A	TOTAL	M	Y_GE15	THS_PER	FRJ2	2014	1167.7		
ESTAT:LFST_R_LFSD2POP(1.0)	17/04/26 11:00:00	A	TOTAL	M	Y_GE15	THS_PER	FRK1	2014	535.8		
ESTAT:LFST_R_LFSD2POP(1.0)	17/04/26 11:00:00	A	TOTAL	M	Y_GE15	THS_PER	FRK2	2014	2459.4		
ESTAT:LFST_R_LFSD2POP(1.0)	17/04/26 11:00:00	A	TOTAL	M	Y_GE15	THS_PER	FRL0	2014	1951.3		
ESTAT:LFST_R_LFSD2POP(1.0)	17/04/26 11:00:00	A	TOTAL	M	Y_GE15	THS_PER	FRM0	2014	80.8	u	
ESTAT:LFST_R_LFSD2POP(1.0)	17/04/26 11:00:00	A	TOTAL	M	Y_GE25	THS_PER	FR10	2014	3742.0		
ESTAT:LFST_R_LFSD2POP(1.0)	17/04/26 11:00:00	A	TOTAL	M	Y_GE25	THS_PER	FRB0	2014	835.5		
ESTAT:LFST_R_LFSD2POP(1.0)	17/04/26 11:00:00	A	TOTAL	M	Y_GE25	THS_PER	FRC1	2014	541.3		
ESTAT:LFST_R_LFSD2POP(1.0)	17/04/26 11:00:00	A	TOTAL	M	Y_GE25	THS_PER	FRC2	2014	393.0		
ESTAT:LFST_R_LFSD2POP(1.0)	17/04/26 11:00:00	A	TOTAL	M	Y_GE25	THS_PER	FRD1	2014	488.4		
ESTAT:LFST_R_LFSD2POP(1.0)	17/04/26 11:00:00	A	TOTAL	M	Y_GE25	THS_PER	FRD2	2014	578.6		
ESTAT:LFST_R_LFSD2POP(1.0)	17/04/26 11:00:00	A	TOTAL	M	Y_GE25	THS_PER	FRE1	2014	1264.2		
ESTAT:LFST_R_LFSD2POP(1.0)	17/04/26 11:00:00	A	TOTAL	M	Y_GE25	THS_PER	FRE2	2014	620.2		
ESTAT:LFST_R_LFSD2POP(1.0)	17/04/26 11:00:00	A	TOTAL	M	Y_GE25	THS_PER	FRF1	2014	596.6		
ESTAT:LFST_R_LFSD2POP(1.0)	17/04/26 11:00:00	A	TOTAL	M	Y_GE25	THS_PER	FRF2	2014	426.0		
ESTAT:LFST_R_LFSD2POP(1.0)	17/04/26 11:00:00	A	TOTAL	M	Y_GE25	THS_PER	FRF3	2014	779.9		
ESTAT:LFST_R_LFSD2POP(1.0)	17/04/26 11:00:00	A	TOTAL	M	Y_GE25	THS_PER	FRG0	2014	1190.1		
ESTAT:LFST_R_LFSD2POP(1.0)	17/04/26 11:00:00	A	TOTAL	M	Y_GE25	THS_PER	FRH0	2014	1074.7		
ESTAT:LFST_R_LFSD2POP(1.0)	17/04/26 11:00:00	A	TOTAL	M	Y_GE25	THS_PER	FRI1	2014	1122.8		
ESTAT:LFST_R_LFSD2POP(1.0)	17/04/26 11:00:00	A	TOTAL	M	Y_GE25	THS_PER	FRI2	2014	246.2		
ESTAT:LFST_R_LFSD2POP(1.0)	17/04/26 11:00:00	A	TOTAL	M	Y_GE25	THS_PER	FRI3	2014	595.5		
ESTAT:LFST_R_LFSD2POP(1.0)	17/04/26 11:00:00	A	TOTAL	M	Y_GE25	THS_PER	FRJ1	2014	925.8		
ESTAT:LFST_R_LFSD2POP(1.0)	17/04/26 11:00:00	A	TOTAL	M	Y_GE25	THS_PER	FRJ2	2014	1016.8		
ESTAT:LFST_R_LFSD2POP(1.0)	17/04/26 11:00:00	A	TOTAL	M	Y_GE25	THS_PER	FRK1	2014	467.2		
ESTAT:LFST_R_LFSD2POP(1.0)	17/04/26 11:00:00	A	TOTAL	M	Y_GE25	THS_PER	FRK2	2014	2081.9		
ESTAT:LFST_R_LFSD2POP(1.0)	17/04/26 11:00:00	A	TOTAL	M	Y_GE25	THS_PER	FRL0	2014	1668.2		
ESTAT:LFST_R_LFSD2POP(1.0)	17/04/26 11:00:00	A	TOTAL	M	Y_GE25	THS_PER	FRM0	2014	70.4	u	
ESTAT:LFST_R_LFSD2POP(1.0)	17/04/26 11:00:00	A	TOTAL	M	Y_GE65	THS_PER	FR10	2014	678.6		
ESTAT:LFST_R_LFSD2POP(1.0)	17/04/26 11:00:00	A	TOTAL	M	Y_GE65	THS_PER	FRB0	2014	217.5		
ESTAT:LFST_R_LFSD2POP(1.0)	17/04/26 11:00:00	A	TOTAL	M	Y_GE65	THS_PER	FRC1	2014	144.9		
ESTAT:LFST_R_LFSD2POP(1.0)	17/04/26 11:00:00	A	TOTAL	M	Y_GE65	THS_PER	FRC2	2014	95.3		
ESTAT:LFST_R_LFSD2POP(1.0)	17/04/26 11:00:00	A	TOTAL	M	Y_GE65	THS_PER	FRD1	2014	117.4		
ESTAT:LFST_R_LFSD2POP(1.0)	17/04/26 11:00:00	A	TOTAL	M	Y_GE65	THS_PER	FRD2	2014	126.2		
ESTAT:LFST_R_LFSD2POP(1.0)	17/04/26 11:00:00	A	TOTAL	M	Y_GE65	THS_PER	FRE1	2014	239.0		
ESTAT:LFST_R_LFSD2POP(1.0)	17/04/26 11:00:00	A	TOTAL	M	Y_GE65	THS_PER	FRE2	2014	139.6		
ESTAT:LFST_R_LFSD2POP(1.0)	17/04/26 11:00:00	A	TOTAL	M	Y_GE65	THS_PER	FRF1	2014	125.4		
ESTAT:LFST_R_LFSD2POP(1.0)	17/04/26 11:00:00	A	TOTAL	M	Y_GE65	THS_PER	FRF2	2014	104.1		
ESTAT:LFST_R_LFSD2POP(1.0)	17/04/26 11:00:00	A	TOTAL	M	Y_GE65	THS_PER	FRF3	2014	180.9		
ESTAT:LFST_R_LFSD2POP(1.0)	17/04/26 11:00:00	A	TOTAL	M	Y_GE65	THS_PER	FRG0	2014	277.9		
ESTAT:LFST_R_LFSD2POP(1.0)	17/04/26 11:00:00	A	TOTAL	M	Y_GE65	THS_PER	FRH0	2014	255.5		
ESTAT:LFST_R_LFSD2POP(1.0)	17/04/26 11:00:00	A	TOTAL	M	Y_GE65	THS_PER	FRI1	2014	296.1		
ESTAT:LFST_R_LFSD2POP(1.0)	17/04/26 11:00:00	A	TOTAL	M	Y_GE65	THS_PER	FRI2	2014	75.5		
ESTAT:LFST_R_LFSD2POP(1.0)	17/04/26 11:00:00	A	TOTAL	M	Y_GE65	THS_PER	FRI3	2014	163.6		
ESTAT:LFST_R_LFSD2POP(1.0)	17/04/26 11:00:00	A	TOTAL	M	Y_GE65	THS_PER	FRJ1	2014	260.8		
ESTAT:LFST_R_LFSD2POP(1.0)	17/04/26 11:00:00	A	TOTAL	M	Y_GE65	THS_PER	FRJ2	2014	261.2		
ESTAT:LFST_R_LFSD2POP(1.0)	17/04/26 11:00:00	A	TOTAL	M	Y_GE65	THS_PER	FRK1	2014	121.5		
ESTAT:LFST_R_LFSD2POP(1.0)	17/04/26 11:00:00	A	TOTAL	M	Y_GE65	THS_PER	FRK2	2014	467.1		
ESTAT:LFST_R_LFSD2POP(1.0)	17/04/26 11:00:00	A	TOTAL	M	Y_GE65	THS_PER	FRL0	2014	448.9		
ESTAT:LFST_R_LFSD2POP(1.0)	17/04/26 11:00:00	A	TOTAL	M	Y_GE65	THS_PER	FRM0	2014	27.0	u	
ESTAT:LFST_R_LFSD2POP(1.0)	17/04/26 11:00:00	A	TOTAL	T	Y15-24	THS_PER	FR10	2014	1484.8		
ESTAT:LFST_R_LFSD2POP(1.0)	17/04/26 11:00:00	A	TOTAL	T	Y15-24	THS_PER	FRB0	2014	292.6		
ESTAT:LFST_R_LFSD2POP(1.0)	17/04/26 11:00:00	A	TOTAL	T	Y15-24	THS_PER	FRC1	2014	183.3		
ESTAT:LFST_R_LFSD2POP(1.0)	17/04/26 11:00:00	A	TOTAL	T	Y15-24	THS_PER	FRC2	2014	127.5		
ESTAT:LFST_R_LFSD2POP(1.0)	17/04/26 11:00:00	A	TOTAL	T	Y15-24	THS_PER	FRD1	2014	164.6		
ESTAT:LFST_R_LFSD2POP(1.0)	17/04/26 11:00:00	A	TOTAL	T	Y15-24	THS_PER	FRD2	2014	218.1		
ESTAT:LFST_R_LFSD2POP(1.0)	17/04/26 11:00:00	A	TOTAL	T	Y15-24	THS_PER	FRE1	2014	484.1		
ESTAT:LFST_R_LFSD2POP(1.0)	17/04/26 11:00:00	A	TOTAL	T	Y15-24	THS_PER	FRE2	2014	236.6		
ESTAT:LFST_R_LFSD2POP(1.0)	17/04/26 11:00:00	A	TOTAL	T	Y15-24	THS_PER	FRF1	2014	240.5		
ESTAT:LFST_R_LFSD2POP(1.0)	17/04/26 11:00:00	A	TOTAL	T	Y15-24	THS_PER	FRF2	2014	158.2		
ESTAT:LFST_R_LFSD2POP(1.0)	17/04/26 11:00:00	A	TOTAL	T	Y15-24	THS_PER	FRF3	2014	254.9		
ESTAT:LFST_R_LFSD2POP(1.0)	17/04/26 11:00:00	A	TOTAL	T	Y15-24	THS_PER	FRG0	2014	382.7		
ESTAT:LFST_R_LFSD2POP(1.0)	17/04/26 11:00:00	A	TOTAL	T	Y15-24	THS_PER	FRH0	2014	349.0		
ESTAT:LFST_R_LFSD2POP(1.0)	17/04/26 11:00:00	A	TOTAL	T	Y15-24	THS_PER	FRI1	2014	346.4		
ESTAT:LFST_R_LFSD2POP(1.0)	17/04/26 11:00:00	A	TOTAL	T	Y15-24	THS_PER	FRI2	2014	75.0		
ESTAT:LFST_R_LFSD2POP(1.0)	17/04/26 11:00:00	A	TOTAL	T	Y15-24	THS_PER	FRI3	2014	192.0		
ESTAT:LFST_R_LFSD2POP(1.0)	17/04/26 11:00:00	A	TOTAL	T	Y15-24	THS_PER	FRJ1	2014	291.0		
ESTAT:LFST_R_LFSD2POP(1.0)	17/04/26 11:00:00	A	TOTAL	T	Y15-24	THS_PER	FRJ2	2014	314.7		
ESTAT:LFST_R_LFSD2POP(1.0)	17/04/26 11:00:00	A	TOTAL	T	Y15-24	THS_PER	FRK1	2014	128.5		
ESTAT:LFST_R_LFSD2POP(1.0)	17/04/26 11:00:00	A	TOTAL	T	Y15-24	THS_PER	FRK2	2014	766.5		
ESTAT:LFST_R_LFSD2POP(1.0)	17/04/26 11:00:00	A	TOTAL	T	Y15-24	THS_PER	FRL0	2014	555.8		
ESTAT:LFST_R_LFSD2POP(1.0)	17/04/26 11:00:00	A	TOTAL	T	Y15-24	THS_PER	FRM0	2014	17.8	u	
ESTAT:LFST_R_LFSD2POP(1.0)	17/04/26 11:00:00	A	TOTAL	T	Y15-64	THS_PER	FR10	2014	7847.7		
ESTAT:LFST_R_LFSD2POP(1.0)	17/04/26 11:00:00	A	TOTAL	T	Y15-64	THS_PER	FRB0	2014	1562.6		
ESTAT:LFST_R_LFSD2POP(1.0)	17/04/26 11:00:00	A	TOTAL	T	Y15-64	THS_PER	FRC1	2014	992.7		
ESTAT:LFST_R_LFSD2POP(1.0)	17/04/26 11:00:00	A	TOTAL	T	Y15-64	THS_PER	FRC2	2014	723.8		
ESTAT:LFST_R_LFSD2POP(1.0)	17/04/26 11:00:00	A	TOTAL	T	Y15-64	THS_PER	FRD1	2014	909.2		
ESTAT:LFST_R_LFSD2POP(1.0)	17/04/26 11:00:00	A	TOTAL	T	Y15-64	THS_PER	FRD2	2014	1152.6		
ESTAT:LFST_R_LFSD2POP(1.0)	17/04/26 11:00:00	A	TOTAL	T	Y15-64	THS_PER	FRE1	2014	2576.5		
ESTAT:LFST_R_LFSD2POP(1.0)	17/04/26 11:00:00	A	TOTAL	T	Y15-64	THS_PER	FRE2	2014	1217.4		
ESTAT:LFST_R_LFSD2POP(1.0)	17/04/26 11:00:00	A	TOTAL	T	Y15-64	THS_PER	FRF1	2014	1214.2		
ESTAT:LFST_R_LFSD2POP(1.0)	17/04/26 11:00:00	A	TOTAL	T	Y15-64	THS_PER	FRF2	2014	819.0		
ESTAT:LFST_R_LFSD2POP(1.0)	17/04/26 11:00:00	A	TOTAL	T	Y15-64	THS_PER	FRF3	2014	1461.7		
ESTAT:LFST_R_LFSD2POP(1.0)	17/04/26 11:00:00	A	TOTAL	T	Y15-64	THS_PER	FRG0	2014	2238.5		
ESTAT:LFST_R_LFSD2POP(1.0)	17/04/26 11:00:00	A	TOTAL	T	Y15-64	THS_PER	FRH0	2014	1989.4		
ESTAT:LFST_R_LFSD2POP(1.0)	17/04/26 11:00:00	A	TOTAL	T	Y15-64	THS_PER	FRI1	2014	2055.1		
ESTAT:LFST_R_LFSD2POP(1.0)	17/04/26 11:00:00	A	TOTAL	T	Y15-64	THS_PER	FRI2	2014	431.2		
ESTAT:LFST_R_LFSD2POP(1.0)	17/04/26 11:00:00	A	TOTAL	T	Y15-64	THS_PER	FRI3	2014	1071.7		
ESTAT:LFST_R_LFSD2POP(1.0)	17/04/26 11:00:00	A	TOTAL	T	Y15-64	THS_PER	FRJ1	2014	1662.4		
ESTAT:LFST_R_LFSD2POP(1.0)	17/04/26 11:00:00	A	TOTAL	T	Y15-64	THS_PER	FRJ2	2014	1835.7		
ESTAT:LFST_R_LFSD2POP(1.0)	17/04/26 11:00:00	A	TOTAL	T	Y15-64	THS_PER	FRK1	2014	813.4		
ESTAT:LFST_R_LFSD2POP(1.0)	17/04/26 11:00:00	A	TOTAL	T	Y15-64	THS_PER	FRK2	2014	4039.2		
ESTAT:LFST_R_LFSD2POP(1.0)	17/04/26 11:00:00	A	TOTAL	T	Y15-64	THS_PER	FRL0	2014	3108.2		
ESTAT:LFST_R_LFSD2POP(1.0)	17/04/26 11:00:00	A	TOTAL	T	Y15-64	THS_PER	FRM0	2014	107.8	u	
ESTAT:LFST_R_LFSD2POP(1.0)	17/04/26 11:00:00	A	TOTAL	T	Y15-74	THS_PER	FR10	2014	8694.2		
ESTAT:LFST_R_LFSD2POP(1.0)	17/04/26 11:00:00	A	TOTAL	T	Y15-74	THS_PER	FRB0	2014	1826.7		
ESTAT:LFST_R_LFSD2POP(1.0)	17/04/26 11:00:00	A	TOTAL	T	Y15-74	THS_PER	FRC1	2014	1166.1		
ESTAT:LFST_R_LFSD2POP(1.0)	17/04/26 11:00:00	A	TOTAL	T	Y15-74	THS_PER	FRC2	2014	832.7		
ESTAT:LFST_R_LFSD2POP(1.0)	17/04/26 11:00:00	A	TOTAL	T	Y15-74	THS_PER	FRD1	2014	1057.8		
ESTAT:LFST_R_LFSD2POP(1.0)	17/04/26 11:00:00	A	TOTAL	T	Y15-74	THS_PER	FRD2	2014	1318.5		
ESTAT:LFST_R_LFSD2POP(1.0)	17/04/26 11:00:00	A	TOTAL	T	Y15-74	THS_PER	FRE1	2014	2909.2		
ESTAT:LFST_R_LFSD2POP(1.0)	17/04/26 11:00:00	A	TOTAL	T	Y15-74	THS_PER	FRE2	2014	1377.3		
ESTAT:LFST_R_LFSD2POP(1.0)	17/04/26 11:00:00	A	TOTAL	T	Y15-74	THS_PER	FRF1	2014	1368.0		
ESTAT:LFST_R_LFSD2POP(1.0)	17/04/26 11:00:00	A	TOTAL	T	Y15-74	THS_PER	FRF2	2014	944.1		
ESTAT:LFST_R_LFSD2POP(1.0)	17/04/26 11:00:00	A	TOTAL	T	Y15-74	THS_PER	FRF3	2014	1672.6		
ESTAT:LFST_R_LFSD2POP(1.0)	17/04/26 11:00:00	A	TOTAL	T	Y15-74	THS_PER	FRG0	2014	2561.6		
ESTAT:LFST_R_LFSD2POP(1.0)	17/04/26 11:00:00	A	TOTAL	T	Y15-74	THS_PER	FRH0	2014	2287.2		
ESTAT:LFST_R_LFSD2POP(1.0)	17/04/26 11:00:00	A	TOTAL	T	Y15-74	THS_PER	FRI1	2014	2410.0		
ESTAT:LFST_R_LFSD2POP(1.0)	17/04/26 11:00:00	A	TOTAL	T	Y15-74	THS_PER	FRI2	2014	513.6		
ESTAT:LFST_R_LFSD2POP(1.0)	17/04/26 11:00:00	A	TOTAL	T	Y15-74	THS_PER	FRI3	2014	1258.3		
ESTAT:LFST_R_LFSD2POP(1.0)	17/04/26 11:00:00	A	TOTAL	T	Y15-74	THS_PER	FRJ1	2014	1959.2		
ESTAT:LFST_R_LFSD2POP(1.0)	17/04/26 11:00:00	A	TOTAL	T	Y15-74	THS_PER	FRJ2	2014	2116.4		
ESTAT:LFST_R_LFSD2POP(1.0)	17/04/26 11:00:00	A	TOTAL	T	Y15-74	THS_PER	FRK1	2014	953.7		
ESTAT:LFST_R_LFSD2POP(1.0)	17/04/26 11:00:00	A	TOTAL	T	Y15-74	THS_PER	FRK2	2014	4618.3		
ESTAT:LFST_R_LFSD2POP(1.0)	17/04/26 11:00:00	A	TOTAL	T	Y15-74	THS_PER	FRL0	2014	3649.2		
ESTAT:LFST_R_LFSD2POP(1.0)	17/04/26 11:00:00	A	TOTAL	T	Y15-74	THS_PER	FRM0	2014	141.8	u	
ESTAT:LFST_R_LFSD2POP(1.0)	17/04/26 11:00:00	A	TOTAL	T	Y20-64	THS_PER	FR10	2014	7139.3		
ESTAT:LFST_R_LFSD2POP(1.0)	17/04/26 11:00:00	A	TOTAL	T	Y20-64	THS_PER	FRB0	2014	1410.9		
ESTAT:LFST_R_LFSD2POP(1.0)	17/04/26 11:00:00	A	TOTAL	T	Y20-64	THS_PER	FRC1	2014	895.0		
ESTAT:LFST_R_LFSD2POP(1.0)	17/04/26 11:00:00	A	TOTAL	T	Y20-64	THS_PER	FRC2	2014	655.0		
ESTAT:LFST_R_LFSD2POP(1.0)	17/04/26 11:00:00	A	TOTAL	T	Y20-64	THS_PER	FRD1	2014	825.9		
ESTAT:LFST_R_LFSD2POP(1.0)	17/04/26 11:00:00	A	TOTAL	T	Y20-64	THS_PER	FRD2	2014	1045.9		
ESTAT:LFST_R_LFSD2POP(1.0)	17/04/26 11:00:00	A	TOTAL	T	Y20-64	THS_PER	FRE1	2014	2341.9		
ESTAT:LFST_R_LFSD2POP(1.0)	17/04/26 11:00:00	A	TOTAL	T	Y20-64	THS_PER	FRE2	2014	1091.3		
ESTAT:LFST_R_LFSD2POP(1.0)	17/04/26 11:00:00	A	TOTAL	T	Y20-64	THS_PER	FRF1	2014	1089.3		
ESTAT:LFST_R_LFSD2POP(1.0)	17/04/26 11:00:00	A	TOTAL	T	Y20-64	THS_PER	FRF2	2014	744.0		
ESTAT:LFST_R_LFSD2POP(1.0)	17/04/26 11:00:00	A	TOTAL	T	Y20-64	THS_PER	FRF3	2014	1340.2		
ESTAT:LFST_R_LFSD2POP(1.0)	17/04/26 11:00:00	A	TOTAL	T	Y20-64	THS_PER	FRG0	2014	2038.7		
ESTAT:LFST_R_LFSD2POP(1.0)	17/04/26 11:00:00	A	TOTAL	T	Y20-64	THS_PER	FRH0	2014	1801.1		
ESTAT:LFST_R_LFSD2POP(1.0)	17/04/26 11:00:00	A	TOTAL	T	Y20-64	THS_PER	FRI1	2014	1871.5		
ESTAT:LFST_R_LFSD2POP(1.0)	17/04/26 11:00:00	A	TOTAL	T	Y20-64	THS_PER	FRI2	2014	395.3		
ESTAT:LFST_R_LFSD2POP(1.0)	17/04/26 11:00:00	A	TOTAL	T	Y20-64	THS_PER	FRI3	2014	977.3		
ESTAT:LFST_R_LFSD2POP(1.0)	17/04/26 11:00:00	A	TOTAL	T	Y20-64	THS_PER	FRJ1	2014	1509.8		
ESTAT:LFST_R_LFSD2POP(1.0)	17/04/26 11:00:00	A	TOTAL	T	Y20-64	THS_PER	FRJ2	2014	1676.4		
ESTAT:LFST_R_LFSD2POP(1.0)	17/04/26 11:00:00	A	TOTAL	T	Y20-64	THS_PER	FRK1	2014	738.6		
ESTAT:LFST_R_LFSD2POP(1.0)	17/04/26 11:00:00	A	TOTAL	T	Y20-64	THS_PER	FRK2	2014	3639.2		
ESTAT:LFST_R_LFSD2POP(1.0)	17/04/26 11:00:00	A	TOTAL	T	Y20-64	THS_PER	FRL0	2014	2820.2		
ESTAT:LFST_R_LFSD2POP(1.0)	17/04/26 11:00:00	A	TOTAL	T	Y20-64	THS_PER	FRM0	2014	97.2	u	
ESTAT:LFST_R_LFSD2POP(1.0)	17/04/26 11:00:00	A	TOTAL	T	Y25-34	THS_PER	FR10	2014	1747.2		
ESTAT:LFST_R_LFSD2POP(1.0)	17/04/26 11:00:00	A	TOTAL	T	Y25-34	THS_PER	FRB0	2014	261.3		
ESTAT:LFST_R_LFSD2POP(1.0)	17/04/26 11:00:00	A	TOTAL	T	Y25-34	THS_PER	FRC1	2014	171.2		
ESTAT:LFST_R_LFSD2POP(1.0)	17/04/26 11:00:00	A	TOTAL	T	Y25-34	THS_PER	FRC2	2014	132.2		
ESTAT:LFST_R_LFSD2POP(1.0)	17/04/26 11:00:00	A	TOTAL	T	Y25-34	THS_PER	FRD1	2014	165.4		
ESTAT:LFST_R_LFSD2POP(1.0)	17/04/26 11:00:00	A	TOTAL	T	Y25-34	THS_PER	FRD2	2014	215.6		
ESTAT:LFST_R_LFSD2POP(1.0)	17/04/26 11:00:00	A	TOTAL	T	Y25-34	THS_PER	FRE1	2014	555.7		
ESTAT:LFST_R_LFSD2POP(1.0)	17/04/26 11:00:00	A	TOTAL	T	Y25-34	THS_PER	FRE2	2014	219.3		
ESTAT:LFST_R_LFSD2POP(1.0)	17/04/26 11:00:00	A	TOTAL	T	Y25-34	THS_PER	FRF1	2014	218.3		
ESTAT:LFST_R_LFSD2POP(1.0)	17/04/26 11:00:00	A	TOTAL	T	Y25-34	THS_PER	FRF2	2014	142.6		
ESTAT:LFST_R_LFSD2POP(1.0)	17/04/26 11:00:00	A	TOTAL	T	Y25-34	THS_PER	FRF3	2014	306.3		
ESTAT:LFST_R_LFSD2POP(1.0)	17/04/26 11:00:00	A	TOTAL	T	Y25-34	THS_PER	FRG0	2014	409.0		
ESTAT:LFST_R_LFSD2POP(1.0)	17/04/26 11:00:00	A	TOTAL	T	Y25-34	THS_PER	FRH0	2014	378.3		
ESTAT:LFST_R_LFSD2POP(1.0)	17/04/26 11:00:00	A	TOTAL	T	Y25-34	THS_PER	FRI1	2014	347.0		
ESTAT:LFST_R_LFSD2POP(1.0)	17/04/26 11:00:00	A	TOTAL	T	Y25-34	THS_PER	FRI2	2014	65.2		
ESTAT:LFST_R_LFSD2POP(1.0)	17/04/26 11:00:00	A	TOTAL	T	Y25-34	THS_PER	FRI3	2014	182.8		
ESTAT:LFST_R_LFSD2POP(1.0)	17/04/26 11:00:00	A	TOTAL	T	Y25-34	THS_PER	FRJ1	2014	285.5		
ESTAT:LFST_R_LFSD2POP(1.0)	17/04/26 11:00:00	A	TOTAL	T	Y25-34	THS_PER	FRJ2	2014	396.6		
ESTAT:LFST_R_LFSD2POP(1.0)	17/04/26 11:00:00	A	TOTAL	T	Y25-34	THS_PER	FRK1	2014	129.8		
ESTAT:LFST_R_LFSD2POP(1.0)	17/04/26 11:00:00	A	TOTAL	T	Y25-34	THS_PER	FRK2	2014	799.5		
ESTAT:LFST_R_LFSD2POP(1.0)	17/04/26 11:00:00	A	TOTAL	T	Y25-34	THS_PER	FRL0	2014	587.6		
ESTAT:LFST_R_LFSD2POP(1.0)	17/04/26 11:00:00	A	TOTAL	T	Y25-34	THS_PER	FRM0	2014	12.0	u	
ESTAT:LFST_R_LFSD2POP(1.0)	17/04/26 11:00:00	A	TOTAL	T	Y25-64	THS_PER	FR10	2014	6362.8		
ESTAT:LFST_R_LFSD2POP(1.0)	17/04/26 11:00:00	A	TOTAL	T	Y25-64	THS_PER	FRB0	2014	1270.0		
ESTAT:LFST_R_LFSD2POP(1.0)	17/04/26 11:00:00	A	TOTAL	T	Y25-64	THS_PER	FRC1	2014	809.4		
ESTAT:LFST_R_LFSD2POP(1.0)	17/04/26 11:00:00	A	TOTAL	T	Y25-64	THS_PER	FRC2	2014	596.3		
ESTAT:LFST_R_LFSD2POP(1.0)	17/04/26 11:00:00	A	TOTAL	T	Y25-64	THS_PER	FRD1	2014	744.6		
ESTAT:LFST_R_LFSD2POP(1.0)	17/04/26 11:00:00	A	TOTAL	T	Y25-64	THS_PER	FRD2	2014	934.5		
ESTAT:LFST_R_LFSD2POP(1.0)	17/04/26 11:00:00	A	TOTAL	T	Y25-64	THS_PER	FRE1	2014	2092.4		
ESTAT:LFST_R_LFSD2POP(1.0)	17/04/26 11:00:00	A	TOTAL	T	Y25-64	THS_PER	FRE2	2014	980.8		
ESTAT:LFST_R_LFSD2POP(1.0)	17/04/26 11:00:00	A	TOTAL	T	Y25-64	THS_PER	FRF1	2014	973.7		
ESTAT:LFST_R_LFSD2POP(1.0)	17/04/26 11:00:00	A	TOTAL	T	Y25-64	THS_PER	FRF2	2014	660.9		
ESTAT:LFST_R_LFSD2POP(1.0)	17/04/26 11:00:00	A	TOTAL	T	Y25-64	THS_PER	FRF3	2014	1206.8		
ESTAT:LFST_R_LFSD2POP(1.0)	17/04/26 11:00:00	A	TOTAL	T	Y25-64	THS_PER	FRG0	2014	1855.8		
ESTAT:LFST_R_LFSD2POP(1.0)	17/04/26 11:00:00	A	TOTAL	T	Y25-64	THS_PER	FRH0	2014	1640.4		
ESTAT:LFST_R_LFSD2POP(1.0)	17/04/26 11:00:00	A	TOTAL	T	Y25-64	THS_PER	FRI1	2014	1708.8		
ESTAT:LFST_R_LFSD2POP(1.0)	17/04/26 11:00:00	A	TOTAL	T	Y25-64	THS_PER	FRI2	2014	356.2		
ESTAT:LFST_R_LFSD2POP(1.0)	17/04/26 11:00:00	A	TOTAL	T	Y25-64	THS_PER	FRI3	2014	879.7		
ESTAT:LFST_R_LFSD2POP(1.0)	17/04/26 11:00:00	A	TOTAL	T	Y25-64	THS_PER	FRJ1	2014	1371.4		
ESTAT:LFST_R_LFSD2POP(1.0)	17/04/26 11:00:00	A	TOTAL	T	Y25-64	THS_PER	FRJ2	2014	1521.0		
ESTAT:LFST_R_LFSD2POP(1.0)	17/04/26 11:00:00	A	TOTAL	T	Y25-64	THS_PER	FRK1	2014	684.9		
ESTAT:LFST_R_LFSD2POP(1.0)	17/04/26 11:00:00	A	TOTAL	T	Y25-64	THS_PER	FRK2	2014	3272.6		
ESTAT:LFST_R_LFSD2POP(1.0)	17/04/26 11:00:00	A	TOTAL	T	Y25-64	THS_PER	FRL0	2014	2552.4		
ESTAT:LFST_R_LFSD2POP(1.0)	17/04/26 11:00:00	A	TOTAL	T	Y25-64	THS_PER	FRM0	2014	90.0	u	
ESTAT:LFST_R_LFSD2POP(1.0)	17/04/26 11:00:00	A	TOTAL	T	Y35-44	THS_PER	FR10	2014	1708.2		
ESTAT:LFST_R_LFSD2POP(1.0)	17/04/26 11:00:00	A	TOTAL	T	Y35-44	THS_PER	FRB0	2014	326.5		
ESTAT:LFST_R_LFSD2POP(1.0)	17/04/26 11:00:00	A	TOTAL	T	Y35-44	THS_PER	FRC1	2014	188.2		
ESTAT:LFST_R_LFSD2POP(1.0)	17/04/26 11:00:00	A	TOTAL	T	Y35-44	THS_PER	FRC2	2014	143.9		
ESTAT:LFST_R_LFSD2POP(1.0)	17/04/26 11:00:00	A	TOTAL	T	Y35-44	THS_PER	FRD1	2014	157.0		
ESTAT:LFST_R_LFSD2POP(1.0)	17/04/26 11:00:00	A	TOTAL	T	Y35-44	THS_PER	FRD2	2014	230.5		
ESTAT:LFST_R_LFSD2POP(1.0)	17/04/26 11:00:00	A	TOTAL	T	Y35-44	THS_PER	FRE1	2014	527.4		
ESTAT:LFST_R_LFSD2POP(1.0)	17/04/26 11:00:00	A	TOTAL	T	Y35-44	THS_PER	FRE2	2014	235.1		
ESTAT:LFST_R_LFSD2POP(1.0)	17/04/26 11:00:00	A	TOTAL	T	Y35-44	THS_PER	FRF1	2014	251.3		
ESTAT:LFST_R_LFSD2POP(1.0)	17/04/26 11:00:00	A	TOTAL	T	Y35-44	THS_PER	FRF2	2014	166.3		
ESTAT:LFST_R_LFSD2POP(1.0)	17/04/26 11:00:00	A	TOTAL	T	Y35-44	THS_PER	FRF3	2014	276.2		
ESTAT:LFST_R_LFSD2POP(1.0)	17/04/26 11:00:00	A	TOTAL	T	Y35-44	THS_PER	FRG0	2014	491.5		
ESTAT:LFST_R_LFSD2POP(1.0)	17/04/26 11:00:00	A	TOTAL	T	Y35-44	THS_PER	FRH0	2014	416.8		
ESTAT:LFST_R_LFSD2POP(1.0)	17/04/26 11:00:00	A	TOTAL	T	Y35-44	THS_PER	FRI1	2014	435.6		
ESTAT:LFST_R_LFSD2POP(1.0)	17/04/26 11:00:00	A	TOTAL	T	Y35-44	THS_PER	FRI2	2014	79.2		
ESTAT:LFST_R_LFSD2POP(1.0)	17/04/26 11:00:00	A	TOTAL	T	Y35-44	THS_PER	FRI3	2014	243.1		
ESTAT:LFST_R_LFSD2POP(1.0)	17/04/26 11:00:00	A	TOTAL	T	Y35-44	THS_PER	FRJ1	2014	326.2		
ESTAT:LFST_R_LFSD2POP(1.0)	17/04/26 11:00:00	A	TOTAL	T	Y35-44	THS_PER	FRJ2	2014	397.5		
ESTAT:LFST_R_LFSD2POP(1.0)	17/04/26 11:00:00	A	TOTAL	T	Y35-44	THS_PER	FRK1	2014	178.0		
ESTAT:LFST_R_LFSD2POP(1.0)	17/04/26 11:00:00	A	TOTAL	T	Y35-44	THS_PER	FRK2	2014	845.9		
ESTAT:LFST_R_LFSD2POP(1.0)	17/04/26 11:00:00	A	TOTAL	T	Y35-44	THS_PER	FRL0	2014	625.3		
ESTAT:LFST_R_LFSD2POP(1.0)	17/04/26 11:00:00	A	TOTAL	T	Y35-44	THS_PER	FRM0	2014	20.0	u	
ESTAT:LFST_R_LFSD2POP(1.0)	17/04/26 11:00:00	A	TOTAL	T	Y45-54	THS_PER	FR10	2014	1593.4		
ESTAT:LFST_R_LFSD2POP(1.0)	17/04/26 11:00:00	A	TOTAL	T	Y45-54	THS_PER	FRB0	2014	330.2		
ESTAT:LFST_R_LFSD2POP(1.0)	17/04/26 11:00:00	A	TOTAL	T	Y45-54	THS_PER	FRC1	2014	222.2		
ESTAT:LFST_R_LFSD2POP(1.0)	17/04/26 11:00:00	A	TOTAL	T	Y45-54	THS_PER	FRC2	2014	148.6		
ESTAT:LFST_R_LFSD2POP(1.0)	17/04/26 11:00:00	A	TOTAL	T	Y45-54	THS_PER	FRD1	2014	209.7		
ESTAT:LFST_R_LFSD2POP(1.0)	17/04/26 11:00:00	A	TOTAL	T	Y45-54	THS_PER	FRD2	2014	252.3		
ESTAT:LFST_R_LFSD2POP(1.0)	17/04/26 11:00:00	A	TOTAL	T	Y45-54	THS_PER	FRE1	2014	505.9		
ESTAT:LFST_R_LFSD2POP(1.0)	17/04/26 11:00:00	A	TOTAL	T	Y45-54	THS_PER	FRE2	2014	288.1		
ESTAT:LFST_R_LFSD2POP(1.0)	17/04/26 11:00:00	A	TOTAL	T	Y45-54	THS_PER	FRF1	2014	260.3		
ESTAT:LFST_R_LFSD2POP(1.0)	17/04/26 11:00:00	A	TOTAL	T	Y45-54	THS_PER	FRF2	2014	178.5		
ESTAT:LFST_R_LFSD2POP(1.0)	17/04/26 11:00:00	A	TOTAL	T	Y45-54	THS_PER	FRF3	2014	306.6		
ESTAT:LFST_R_LFSD2POP(1.0)	17/04/26 11:00:00	A	TOTAL	T	Y45-54	THS_PER	FRG0	2014	472.6		
ESTAT:LFST_R_LFSD2POP(1.0)	17/04/26 11:00:00	A	TOTAL	T	Y45-54	THS_PER	FRH0	2014	450.6		
ESTAT:LFST_R_LFSD2POP(1.0)	17/04/26 11:00:00	A	TOTAL	T	Y45-54	THS_PER	FRI1	2014	467.1		
ESTAT:LFST_R_LFSD2POP(1.0)	17/04/26 11:00:00	A	TOTAL	T	Y45-54	THS_PER	FRI2	2014	99.2		
ESTAT:LFST_R_LFSD2POP(1.0)	17/04/26 11:00:00	A	TOTAL	T	Y45-54	THS_PER	FRI3	2014	224.9		
ESTAT:LFST_R_LFSD2POP(1.0)	17/04/26 11:00:00	A	TOTAL	T	Y45-54	THS_PER	FRJ1	2014	399.6		
ESTAT:LFST_R_LFSD2POP(1.0)	17/04/26 11:00:00	A	TOTAL	T	Y45-54	THS_PER	FRJ2	2014	378.0		
ESTAT:LFST_R_LFSD2POP(1.0)	17/04/26 11:00:00	A	TOTAL	T	Y45-54	THS_PER	FRK1	2014	193.4		
ESTAT:LFST_R_LFSD2POP(1.0)	17/04/26 11:00:00	A	TOTAL	T	Y45-54	THS_PER	FRK2	2014	864.3		
ESTAT:LFST_R_LFSD2POP(1.0)	17/04/26 11:00:00	A	TOTAL	T	Y45-54	THS_PER	FRL0	2014	698.8		
ESTAT:LFST_R_LFSD2POP(1.0)	17/04/26 11:00:00	A	TOTAL	T	Y45-54	THS_PER	FRM0	2014	24.6	u	
ESTAT:LFST_R_LFSD2POP(1.0)	17/04/26 11:00:00	A	TOTAL	T	Y55-64	THS_PER	FR10	2014	1314.0		
ESTAT:LFST_R_LFSD2POP(1.0)	17/04/26 11:00:00	A	TOTAL	T	Y55-64	THS_PER	FRB0	2014	352.1		
ESTAT:LFST_R_LFSD2POP(1.0)	17/04/26 11:00:00	A	TOTAL	T	Y55-64	THS_PER	FRC1	2014	227.8		
ESTAT:LFST_R_LFSD2POP(1.0)	17/04/26 11:00:00	A	TOTAL	T	Y55-64	THS_PER	FRC2	2014	171.5		
ESTAT:LFST_R_LFSD2POP(1.0)	17/04/26 11:00:00	A	TOTAL	T	Y55-64	THS_PER	FRD1	2014	212.5		
ESTAT:LFST_R_LFSD2POP(1.0)	17/04/26 11:00:00	A	TOTAL	T	Y55-64	THS_PER	FRD2	2014	236.2		
ESTAT:LFST_R_LFSD2POP(1.0)	17/04/26 11:00:00	A	TOTAL	T	Y55-64	THS_PER	FRE1	2014	503.4		
ESTAT:LFST_R_LFSD2POP(1.0)	17/04/26 11:00:00	A	TOTAL	T	Y55-64	THS_PER	FRE2	2014	238.3		
ESTAT:LFST_R_LFSD2POP(1.0)	17/04/26 11:00:00	A	TOTAL	T	Y55-64	THS_PER	FRF1	2014	243.9		
ESTAT:LFST_R_LFSD2POP(1.0)	17/04/26 11:00:00	A	TOTAL	T	Y55-64	THS_PER	FRF2	2014	173.5		
ESTAT:LFST_R_LFSD2POP(1.0)	17/04/26 11:00:00	A	TOTAL	T	Y55-64	THS_PER	FRF3	2014	317.7		
ESTAT:LFST_R_LFSD2POP(1.0)	17/04/26 11:00:00	A	TOTAL	T	Y55-64	THS_PER	FRG0	2014	482.7		
ESTAT:LFST_R_LFSD2POP(1.0)	17/04/26 11:00:00	A	TOTAL	T	Y55-64	THS_PER	FRH0	2014	394.8		
ESTAT:LFST_R_LFSD2POP(1.0)	17/04/26 11:00:00	A	TOTAL	T	Y55-64	THS_PER	FRI1	2014	459.1		
ESTAT:LFST_R_LFSD2POP(1.0)	17/04/26 11:00:00	A	TOTAL	T	Y55-64	THS_PER	FRI2	2014	112.5		
ESTAT:LFST_R_LFSD2POP(1.0)	17/04/26 11:00:00	A	TOTAL	T	Y55-64	THS_PER	FRI3	2014	228.9		
ESTAT:LFST_R_LFSD2POP(1.0)	17/04/26 11:00:00	A	TOTAL	T	Y55-64	THS_PER	FRJ1	2014	360.1		
ESTAT:LFST_R_LFSD2POP(1.0)	17/04/26 11:00:00	A	TOTAL	T	Y55-64	THS_PER	FRJ2	2014	349.0		
ESTAT:LFST_R_LFSD2POP(1.0)	17/04/26 11:00:00	A	TOTAL	T	Y55-64	THS_PER	FRK1	2014	183.8		
ESTAT:LFST_R_LFSD2POP(1.0)	17/04/26 11:00:00	A	TOTAL	T	Y55-64	THS_PER	FRK2	2014	763.0		
ESTAT:LFST_R_LFSD2POP(1.0)	17/04/26 11:00:00	A	TOTAL	T	Y55-64	THS_PER	FRL0	2014	640.7		
ESTAT:LFST_R_LFSD2POP(1.0)	17/04/26 11:00:00	A	TOTAL	T	Y55-64	THS_PER	FRM0	2014	33.4	u	
ESTAT:LFST_R_LFSD2POP(1.0)	17/04/26 11:00:00	A	TOTAL	T	Y_GE15	THS_PER	FR10	2014	9441.6		
ESTAT:LFST_R_LFSD2POP(1.0)	17/04/26 11:00:00	A	TOTAL	T	Y_GE15	THS_PER	FRB0	2014	2060.0		
ESTAT:LFST_R_LFSD2POP(1.0)	17/04/26 11:00:00	A	TOTAL	T	Y_GE15	THS_PER	FRC1	2014	1330.2		
ESTAT:LFST_R_LFSD2POP(1.0)	17/04/26 11:00:00	A	TOTAL	T	Y_GE15	THS_PER	FRC2	2014	945.3		
ESTAT:LFST_R_LFSD2POP(1.0)	17/04/26 11:00:00	A	TOTAL	T	Y_GE15	THS_PER	FRD1	2014	1195.4		
ESTAT:LFST_R_LFSD2POP(1.0)	17/04/26 11:00:00	A	TOTAL	T	Y_GE15	THS_PER	FRD2	2014	1462.2		
ESTAT:LFST_R_LFSD2POP(1.0)	17/04/26 11:00:00	A	TOTAL	T	Y_GE15	THS_PER	FRE1	2014	3190.6		
ESTAT:LFST_R_LFSD2POP(1.0)	17/04/26 11:00:00	A	TOTAL	T	Y_GE15	THS_PER	FRE2	2014	1523.1		
ESTAT:LFST_R_LFSD2POP(1.0)	17/04/26 11:00:00	A	TOTAL	T	Y_GE15	THS_PER	FRF1	2014	1500.9		
ESTAT:LFST_R_LFSD2POP(1.0)	17/04/26 11:00:00	A	TOTAL	T	Y_GE15	THS_PER	FRF2	2014	1064.7		
ESTAT:LFST_R_LFSD2POP(1.0)	17/04/26 11:00:00	A	TOTAL	T	Y_GE15	THS_PER	FRF3	2014	1869.0		
ESTAT:LFST_R_LFSD2POP(1.0)	17/04/26 11:00:00	A	TOTAL	T	Y_GE15	THS_PER	FRG0	2014	2883.3		
ESTAT:LFST_R_LFSD2POP(1.0)	17/04/26 11:00:00	A	TOTAL	T	Y_GE15	THS_PER	FRH0	2014	2610.9		
ESTAT:LFST_R_LFSD2POP(1.0)	17/04/26 11:00:00	A	TOTAL	T	Y_GE15	THS_PER	FRI1	2014	2722.2		
ESTAT:LFST_R_LFSD2POP(1.0)	17/04/26 11:00:00	A	TOTAL	T	Y_GE15	THS_PER	FRI2	2014	612.2		
ESTAT:LFST_R_LFSD2POP(1.0)	17/04/26 11:00:00	A	TOTAL	T	Y_GE15	THS_PER	FRI3	2014	1454.4		
ESTAT:LFST_R_LFSD2POP(1.0)	17/04/26 11:00:00	A	TOTAL	T	Y_GE15	THS_PER	FRJ1	2014	2226.7		
ESTAT:LFST_R_LFSD2POP(1.0)	17/04/26 11:00:00	A	TOTAL	T	Y_GE15	THS_PER	FRJ2	2014	2407.1		
ESTAT:LFST_R_LFSD2POP(1.0)	17/04/26 11:00:00	A	TOTAL	T	Y_GE15	THS_PER	FRK1	2014	1090.6		
ESTAT:LFST_R_LFSD2POP(1.0)	17/04/26 11:00:00	A	TOTAL	T	Y_GE15	THS_PER	FRK2	2014	5110.7		
ESTAT:LFST_R_LFSD2POP(1.0)	17/04/26 11:00:00	A	TOTAL	T	Y_GE15	THS_PER	FRL0	2014	4134.3		
ESTAT:LFST_R_LFSD2POP(1.0)	17/04/26 11:00:00	A	TOTAL	T	Y_GE15	THS_PER	FRM0	2014	161.5	u	
ESTAT:LFST_R_LFSD2POP(1.0)	17/04/26 11:00:00	A	TOTAL	T	Y_GE25	THS_PER	FR10	2014	7956.8		
ESTAT:LFST_R_LFSD2POP(1.0)	17/04/26 11:00:00	A	TOTAL	T	Y_GE25	THS_PER	FRB0	2014	1767.4		
ESTAT:LFST_R_LFSD2POP(1.0)	17/04/26 11:00:00	A	TOTAL	T	Y_GE25	THS_PER	FRC1	2014	1146.9		
ESTAT:LFST_R_LFSD2POP(1.0)	17/04/26 11:00:00	A	TOTAL	T	Y_GE25	THS_PER	FRC2	2014	817.8		
ESTAT:LFST_R_LFSD2POP(1.0)	17/04/26 11:00:00	A	TOTAL	T	Y_GE25	THS_PER	FRD1	2014	1030.7		
ESTAT:LFST_R_LFSD2POP(1.0)	17/04/26 11:00:00	A	TOTAL	T	Y_GE25	THS_PER	FRD2	2014	1244.1		
ESTAT:LFST_R_LFSD2POP(1.0)	17/04/26 11:00:00	A	TOTAL	T	Y_GE25	THS_PER	FRE1	2014	2706.6		
ESTAT:LFST_R_LFSD2POP(1.0)	17/04/26 11:00:00	A	TOTAL	T	Y_GE25	THS_PER	FRE2	2014	1286.6		
ESTAT:LFST_R_LFSD2POP(1.0)	17/04/26 11:00:00	A	TOTAL	T	Y_GE25	THS_PER	FRF1	2014	1260.4		
ESTAT:LFST_R_LFSD2POP(1.0)	17/04/26 11:00:00	A	TOTAL	T	Y_GE25	THS_PER	FRF2	2014	906.6		
ESTAT:LFST_R_LFSD2POP(1.0)	17/04/26 11:00:00	A	TOTAL	T	Y_GE25	THS_PER	FRF3	2014	1614.0		
ESTAT:LFST_R_LFSD2POP(1.0)	17/04/26 11:00:00	A	TOTAL	T	Y_GE25	THS_PER	FRG0	2014	2500.7		
ESTAT:LFST_R_LFSD2POP(1.0)	17/04/26 11:00:00	A	TOTAL	T	Y_GE25	THS_PER	FRH0	2014	2262.0		
ESTAT:LFST_R_LFSD2POP(1.0)	17/04/26 11:00:00	A	TOTAL	T	Y_GE25	THS_PER	FRI1	2014	2375.9		
ESTAT:LFST_R_LFSD2POP(1.0)	17/04/26 11:00:00	A	TOTAL	T	Y_GE25	THS_PER	FRI2	2014	537.2		
ESTAT:LFST_R_LFSD2POP(1.0)	17/04/26 11:00:00	A	TOTAL	T	Y_GE25	THS_PER	FRI3	2014	1262.4		
ESTAT:LFST_R_LFSD2POP(1.0)	17/04/26 11:00:00	A	TOTAL	T	Y_GE25	THS_PER	FRJ1	2014	1935.7		
ESTAT:LFST_R_LFSD2POP(1.0)	17/04/26 11:00:00	A	TOTAL	T	Y_GE25	THS_PER	FRJ2	2014	2092.4		
ESTAT:LFST_R_LFSD2POP(1.0)	17/04/26 11:00:00	A	TOTAL	T	Y_GE25	THS_PER	FRK1	2014	962.0		
ESTAT:LFST_R_LFSD2POP(1.0)	17/04/26 11:00:00	A	TOTAL	T	Y_GE25	THS_PER	FRK2	2014	4344.2		
ESTAT:LFST_R_LFSD2POP(1.0)	17/04/26 11:00:00	A	TOTAL	T	Y_GE25	THS_PER	FRL0	2014	3578.5		
ESTAT:LFST_R_LFSD2POP(1.0)	17/04/26 11:00:00	A	TOTAL	T	Y_GE25	THS_PER	FRM0	2014	143.7	u	
ESTAT:LFST_R_LFSD2POP(1.0)	17/04/26 11:00:00	A	TOTAL	T	Y_GE65	THS_PER	FR10	2014	1594.0		
ESTAT:LFST_R_LFSD2POP(1.0)	17/04/26 11:00:00	A	TOTAL	T	Y_GE65	THS_PER	FRB0	2014	497.4		
ESTAT:LFST_R_LFSD2POP(1.0)	17/04/26 11:00:00	A	TOTAL	T	Y_GE65	THS_PER	FRC1	2014	337.5		
ESTAT:LFST_R_LFSD2POP(1.0)	17/04/26 11:00:00	A	TOTAL	T	Y_GE65	THS_PER	FRC2	2014	221.5		
ESTAT:LFST_R_LFSD2POP(1.0)	17/04/26 11:00:00	A	TOTAL	T	Y_GE65	THS_PER	FRD1	2014	286.1		
ESTAT:LFST_R_LFSD2POP(1.0)	17/04/26 11:00:00	A	TOTAL	T	Y_GE65	THS_PER	FRD2	2014	309.6		
ESTAT:LFST_R_LFSD2POP(1.0)	17/04/26 11:00:00	A	TOTAL	T	Y_GE65	THS_PER	FRE1	2014	614.1		
ESTAT:LFST_R_LFSD2POP(1.0)	17/04/26 11:00:00	A	TOTAL	T	Y_GE65	THS_PER	FRE2	2014	305.8		
ESTAT:LFST_R_LFSD2POP(1.0)	17/04/26 11:00:00	A	TOTAL	T	Y_GE65	THS_PER	FRF1	2014	286.7		
ESTAT:LFST_R_LFSD2POP(1.0)	17/04/26 11:00:00	A	TOTAL	T	Y_GE65	THS_PER	FRF2	2014	245.7		
ESTAT:LFST_R_LFSD2POP(1.0)	17/04/26 11:00:00	A	TOTAL	T	Y_GE65	THS_PER	FRF3	2014	407.3		
ESTAT:LFST_R_LFSD2POP(1.0)	17/04/26 11:00:00	A	TOTAL	T	Y_GE65	THS_PER	FRG0	2014	644.9		
ESTAT:LFST_R_LFSD2POP(1.0)	17/04/26 11:00:00	A	TOTAL	T	Y_GE65	THS_PER	FRH0	2014	621.5		
ESTAT:LFST_R_LFSD2POP(1.0)	17/04/26 11:00:00	A	TOTAL	T	Y_GE65	THS_PER	FRI1	2014	667.1		
ESTAT:LFST_R_LFSD2POP(1.0)	17/04/26 11:00:00	A	TOTAL	T	Y_GE65	THS_PER	FRI2	2014	181.0		
ESTAT:LFST_R_LFSD2POP(1.0)	17/04/26 11:00:00	A	TOTAL	T	Y_GE65	THS_PER	FRI3	2014	382.6		
ESTAT:LFST_R_LFSD2POP(1.0)	17/04/26 11:00:00	A	TOTAL	T	Y_GE65	THS_PER	FRJ1	2014	564.4		
ESTAT:LFST_R_LFSD2POP(1.0)	17/04/26 11:00:00	A	TOTAL	T	Y_GE65	THS_PER	FRJ2	2014	571.4		
ESTAT:LFST_R_LFSD2POP(1.0)	17/04/26 11:00:00	A	TOTAL	T	Y_GE65	THS_PER	FRK1	2014	277.1		
ESTAT:LFST_R_LFSD2POP(1.0)	17/04/26 11:00:00	A	TOTAL	T	Y_GE65	THS_PER	FRK2	2014	1071.5		
ESTAT:LFST_R_LFSD2POP(1.0)	17/04/26 11:00:00	A	TOTAL	T	Y_GE65	THS_PER	FRL0	2014	1026.1		
ESTAT:LFST_R_LFSD2POP(1.0)	17/04/26 11:00:00	A	TOTAL	T	Y_GE65	THS_PER	FRM0	2014	53.7	u	
ESTAT:LFST_R_LFSD2POP(1.0)	17/04/26 11:00:00	A	UNK	F	Y_GE15	THS_PER	FR10	2014	61.8		
ESTAT:LFST_R_LFSD2POP(1.0)	17/04/26 11:00:00	A	UNK	F	Y_GE15	THS_PER	FRB0	2014	10.9		
ESTAT:LFST_R_LFSD2POP(1.0)	17/04/26 11:00:00	A	UNK	F	Y_GE15	THS_PER	FRC1	2014	6.8	u	
ESTAT:LFST_R_LFSD2POP(1.0)	17/04/26 11:00:00	A	UNK	F	Y_GE15	THS_PER	FRC2	2014	3.9	u	
ESTAT:LFST_R_LFSD2POP(1.0)	17/04/26 11:00:00	A	UNK	F	Y_GE15	THS_PER	FRD1	2014	8.1	u	
ESTAT:LFST_R_LFSD2POP(1.0)	17/04/26 11:00:00	A	UNK	F	Y_GE15	THS_PER	FRD2	2014	8.3	u	
ESTAT:LFST_R_LFSD2POP(1.0)	17/04/26 11:00:00	A	UNK	F	Y_GE15	THS_PER	FRE1	2014	17.0		
ESTAT:LFST_R_LFSD2POP(1.0)	17/04/26 11:00:00	A	UNK	F	Y_GE15	THS_PER	FRE2	2014	7.9	u	
ESTAT:LFST_R_LFSD2POP(1.0)	17/04/26 11:00:00	A	UNK	F	Y_GE15	THS_PER	FRF1	2014	5.9	u	
ESTAT:LFST_R_LFSD2POP(1.0)	17/04/26 11:00:00	A	UNK	F	Y_GE15	THS_PER	FRF2	2014	7.4	u	
ESTAT:LFST_R_LFSD2POP(1.0)	17/04/26 11:00:00	A	UNK	F	Y_GE15	THS_PER	FRF3	2014	7.3	u	
ESTAT:LFST_R_LFSD2POP(1.0)	17/04/26 11:00:00	A	UNK	F	Y_GE15	THS_PER	FRG0	2014	19.6		
ESTAT:LFST_R_LFSD2POP(1.0)	17/04/26 11:00:00	A	UNK	F	Y_GE15	THS_PER	FRH0	2014	16.1		
ESTAT:LFST_R_LFSD2POP(1.0)	17/04/26 11:00:00	A	UNK	F	Y_GE15	THS_PER	FRI1	2014	23.1		
ESTAT:LFST_R_LFSD2POP(1.0)	17/04/26 11:00:00	A	UNK	F	Y_GE15	THS_PER	FRI2	2014	7.2	u	
ESTAT:LFST_R_LFSD2POP(1.0)	17/04/26 11:00:00	A	UNK	F	Y_GE15	THS_PER	FRI3	2014	9.9	u	
ESTAT:LFST_R_LFSD2POP(1.0)	17/04/26 11:00:00	A	UNK	F	Y_GE15	THS_PER	FRJ1	2014	15.4		
ESTAT:LFST_R_LFSD2POP(1.0)	17/04/26 11:00:00	A	UNK	F	Y_GE15	THS_PER	FRJ2	2014	13.8		
ESTAT:LFST_R_LFSD2POP(1.0)	17/04/26 11:00:00	A	UNK	F	Y_GE15	THS_PER	FRK1	2014	9.0	u	
ESTAT:LFST_R_LFSD2POP(1.0)	17/04/26 11:00:00	A	UNK	F	Y_GE15	THS_PER	FRK2	2014	30.1		
ESTAT:LFST_R_LFSD2POP(1.0)	17/04/26 11:00:00	A	UNK	F	Y_GE15	THS_PER	FRL0	2014	31.0		
ESTAT:LFST_R_LFSD2POP(1.0)	17/04/26 11:00:00	A	UNK	F	Y_GE15	THS_PER	FRM0	2014	1.2	u	
ESTAT:LFST_R_LFSD2POP(1.0)	17/04/26 11:00:00	A	UNK	F	Y_GE25	THS_PER	FR10	2014	61.8		
ESTAT:LFST_R_LFSD2POP(1.0)	17/04/26 11:00:00	A	UNK	F	Y_GE25	THS_PER	FRB0	2014	10.9		
ESTAT:LFST_R_LFSD2POP(1.0)	17/04/26 11:00:00	A	UNK	F	Y_GE25	THS_PER	FRC1	2014	6.8	u	
ESTAT:LFST_R_LFSD2POP(1.0)	17/04/26 11:00:00	A	UNK	F	Y_GE25	THS_PER	FRC2	2014	3.9	u	
ESTAT:LFST_R_LFSD2POP(1.0)	17/04/26 11:00:00	A	UNK	F	Y_GE25	THS_PER	FRD1	2014	8.1	u	
ESTAT:LFST_R_LFSD2POP(1.0)	17/04/26 11:00:00	A	UNK	F	Y_GE25	THS_PER	FRD2	2014	8.3	u	
ESTAT:LFST_R_LFSD2POP(1.0)	17/04/26 11:00:00	A	UNK	F	Y_GE25	THS_PER	FRE1	2014	17.0		
ESTAT:LFST_R_LFSD2POP(1.0)	17/04/26 11:00:00	A	UNK	F	Y_GE25	THS_PER	FRE2	2014	7.9	u	
ESTAT:LFST_R_LFSD2POP(1.0)	17/04/26 11:00:00	A	UNK	F	Y_GE25	THS_PER	FRF1	2014	5.9	u	
ESTAT:LFST_R_LFSD2POP(1.0)	17/04/26 11:00:00	A	UNK	F	Y_GE25	THS_PER	FRF2	2014	7.4	u	
ESTAT:LFST_R_LFSD2POP(1.0)	17/04/26 11:00:00	A	UNK	F	Y_GE25	THS_PER	FRF3	2014	7.3	u	
ESTAT:LFST_R_LFSD2POP(1.0)	17/04/26 11:00:00	A	UNK	F	Y_GE25	THS_PER	FRG0	2014	19.6		
ESTAT:LFST_R_LFSD2POP(1.0)	17/04/26 11:00:00	A	UNK	F	Y_GE25	THS_PER	FRH0	2014	16.1		
ESTAT:LFST_R_LFSD2POP(1.0)	17/04/26 11:00:00	A	UNK	F	Y_GE25	THS_PER	FRI1	2014	23.1		
ESTAT:LFST_R_LFSD2POP(1.0)	17/04/26 11:00:00	A	UNK	F	Y_GE25	THS_PER	FRI2	2014	7.2	u	
ESTAT:LFST_R_LFSD2POP(1.0)	17/04/26 11:00:00	A	UNK	F	Y_GE25	THS_PER	FRI3	2014	9.9	u	
ESTAT:LFST_R_LFSD2POP(1.0)	17/04/26 11:00:00	A	UNK	F	Y_GE25	THS_PER	FRJ1	2014	15.4		
ESTAT:LFST_R_LFSD2POP(1.0)	17/04/26 11:00:00	A	UNK	F	Y_GE25	THS_PER	FRJ2	2014	13.8		
ESTAT:LFST_R_LFSD2POP(1.0)	17/04/26 11:00:00	A	UNK	F	Y_GE25	THS_PER	FRK1	2014	9.0	u	
ESTAT:LFST_R_LFSD2POP(1.0)	17/04/26 11:00:00	A	UNK	F	Y_GE25	THS_PER	FRK2	2014	30.1		
ESTAT:LFST_R_LFSD2POP(1.0)	17/04/26 11:00:00	A	UNK	F	Y_GE25	THS_PER	FRL0	2014	31.0		
ESTAT:LFST_R_LFSD2POP(1.0)	17/04/26 11:00:00	A	UNK	F	Y_GE25	THS_PER	FRM0	2014	1.2	u	
ESTAT:LFST_R_LFSD2POP(1.0)	17/04/26 11:00:00	A	UNK	F	Y_GE65	THS_PER	FR10	2014	61.8		
ESTAT:LFST_R_LFSD2POP(1.0)	17/04/26 11:00:00	A	UNK	F	Y_GE65	THS_PER	FRB0	2014	10.9		
ESTAT:LFST_R_LFSD2POP(1.0)	17/04/26 11:00:00	A	UNK	F	Y_GE65	THS_PER	FRC1	2014	6.8	u	
ESTAT:LFST_R_LFSD2POP(1.0)	17/04/26 11:00:00	A	UNK	F	Y_GE65	THS_PER	FRC2	2014	3.9	u	
ESTAT:LFST_R_LFSD2POP(1.0)	17/04/26 11:00:00	A	UNK	F	Y_GE65	THS_PER	FRD1	2014	8.1	u	
ESTAT:LFST_R_LFSD2POP(1.0)	17/04/26 11:00:00	A	UNK	F	Y_GE65	THS_PER	FRD2	2014	8.3	u	
ESTAT:LFST_R_LFSD2POP(1.0)	17/04/26 11:00:00	A	UNK	F	Y_GE65	THS_PER	FRE1	2014	17.0		
ESTAT:LFST_R_LFSD2POP(1.0)	17/04/26 11:00:00	A	UNK	F	Y_GE65	THS_PER	FRE2	2014	7.9	u	
ESTAT:LFST_R_LFSD2POP(1.0)	17/04/26 11:00:00	A	UNK	F	Y_GE65	THS_PER	FRF1	2014	5.9	u	
ESTAT:LFST_R_LFSD2POP(1.0)	17/04/26 11:00:00	A	UNK	F	Y_GE65	THS_PER	FRF2	2014	7.4	u	
ESTAT:LFST_R_LFSD2POP(1.0)	17/04/26 11:00:00	A	UNK	F	Y_GE65	THS_PER	FRF3	2014	7.3	u	
ESTAT:LFST_R_LFSD2POP(1.0)	17/04/26 11:00:00	A	UNK	F	Y_GE65	THS_PER	FRG0	2014	19.6		
ESTAT:LFST_R_LFSD2POP(1.0)	17/04/26 11:00:00	A	UNK	F	Y_GE65	THS_PER	FRH0	2014	16.1		
ESTAT:LFST_R_LFSD2POP(1.0)	17/04/26 11:00:00	A	UNK	F	Y_GE65	THS_PER	FRI1	2014	23.1		
ESTAT:LFST_R_LFSD2POP(1.0)	17/04/26 11:00:00	A	UNK	F	Y_GE65	THS_PER	FRI2	2014	7.2	u	
ESTAT:LFST_R_LFSD2POP(1.0)	17/04/26 11:00:00	A	UNK	F	Y_GE65	THS_PER	FRI3	2014	9.9	u	
ESTAT:LFST_R_LFSD2POP(1.0)	17/04/26 11:00:00	A	UNK	F	Y_GE65	THS_PER	FRJ1	2014	15.4		
ESTAT:LFST_R_LFSD2POP(1.0)	17/04/26 11:00:00	A	UNK	F	Y_GE65	THS_PER	FRJ2	2014	13.8		
ESTAT:LFST_R_LFSD2POP(1.0)	17/04/26 11:00:00	A	UNK	F	Y_GE65	THS_PER	FRK1	2014	9.0	u	
ESTAT:LFST_R_LFSD2POP(1.0)	17/04/26 11:00:00	A	UNK	F	Y_GE65	THS_PER	FRK2	2014	30.1		
ESTAT:LFST_R_LFSD2POP(1.0)	17/04/26 11:00:00	A	UNK	F	Y_GE65	THS_PER	FRL0	2014	31.0		
ESTAT:LFST_R_LFSD2POP(1.0)	17/04/26 11:00:00	A	UNK	F	Y_GE65	THS_PER	FRM0	2014	1.2	u	
ESTAT:LFST_R_LFSD2POP(1.0)	17/04/26 11:00:00	A	UNK	M	Y_GE15	THS_PER	FR10	2014	22.8		
ESTAT:LFST_R_LFSD2POP(1.0)	17/04/26 11:00:00	A	UNK	M	Y_GE15	THS_PER	FRB0	2014	5.9	u	
ESTAT:LFST_R_LFSD2POP(1.0)	17/04/26 11:00:00	A	UNK	M	Y_GE15	THS_PER	FRC1	2014	5.9	u	
ESTAT:LFST_R_LFSD2POP(1.0)	17/04/26 11:00:00	A	UNK	M	Y_GE15	THS_PER	FRC2	2014	2.7	u	
ESTAT:LFST_R_LFSD2POP(1.0)	17/04/26 11:00:00	A	UNK	M	Y_GE15	THS_PER	FRD1	2014	2.6	u	
ESTAT:LFST_R_LFSD2POP(1.0)	17/04/26 11:00:00	A	UNK	M	Y_GE15	THS_PER	FRD2	2014	2.9	u	
ESTAT:LFST_R_LFSD2POP(1.0)	17/04/26 11:00:00	A	UNK	M	Y_GE15	THS_PER	FRE1	2014	2.6	u	
ESTAT:LFST_R_LFSD2POP(1.0)	17/04/26 11:00:00	A	UNK	M	Y_GE15	THS_PER	FRE2	2014	2.7	u	
ESTAT:LFST_R_LFSD2POP(1.0)	17/04/26 11:00:00	A	UNK	M	Y_GE15	THS_PER	FRF1	2014	4.0	u	
ESTAT:LFST_R_LFSD2POP(1.0)	17/04/26 11:00:00	A	UNK	M	Y_GE15	THS_PER	FRF2	2014	2.6	u	
ESTAT:LFST_R_LFSD2POP(1.0)	17/04/26 11:00:00	A	UNK	M	Y_GE15	THS_PER	FRF3	2014	5.5	u	
ESTAT:LFST_R_LFSD2POP(1.0)	17/04/26 11:00:00	A	UNK	M	Y_GE15	THS_PER	FRG0	2014	7.8	u	
ESTAT:LFST_R_LFSD2POP(1.0)	17/04/26 11:00:00	A	UNK	M	Y_GE15	THS_PER	FRH0	2014	6.5	u	
ESTAT:LFST_R_LFSD2POP(1.0)	17/04/26 11:00:00	A	UNK	M	Y_GE15	THS_PER	FRI1	2014	8.1	u	
ESTAT:LFST_R_LFSD2POP(1.0)	17/04/26 11:00:00	A	UNK	M	Y_GE15	THS_PER	FRI2	2014	3.2	u	
ESTAT:LFST_R_LFSD2POP(1.0)	17/04/26 11:00:00	A	UNK	M	Y_GE15	THS_PER	FRI3	2014	4.6	u	
ESTAT:LFST_R_LFSD2POP(1.0)	17/04/26 11:00:00	A	UNK	M	Y_GE15	THS_PER	FRJ1	2014	9.2	u	
ESTAT:LFST_R_LFSD2POP(1.0)	17/04/26 11:00:00	A	UNK	M	Y_GE15	THS_PER	FRJ2	2014	9.4	u	
ESTAT:LFST_R_LFSD2POP(1.0)	17/04/26 11:00:00	A	UNK	M	Y_GE15	THS_PER	FRK1	2014	5.5	u	
ESTAT:LFST_R_LFSD2POP(1.0)	17/04/26 11:00:00	A	UNK	M	Y_GE15	THS_PER	FRK2	2014	13.3		
ESTAT:LFST_R_LFSD2POP(1.0)	17/04/26 11:00:00	A	UNK	M	Y_GE15	THS_PER	FRL0	2014	16.5		
ESTAT:LFST_R_LFSD2POP(1.0)	17/04/26 11:00:00	A	UNK	M	Y_GE15	THS_PER	FRM0	2014	1.1	u	
ESTAT:LFST_R_LFSD2POP(1.0)	17/04/26 11:00:00	A	UNK	M	Y_GE25	THS_PER	FR10	2014	22.8		
ESTAT:LFST_R_LFSD2POP(1.0)	17/04/26 11:00:00	A	UNK	M	Y_GE25	THS_PER	FRB0	2014	5.9	u	
ESTAT:LFST_R_LFSD2POP(1.0)	17/04/26 11:00:00	A	UNK	M	Y_GE25	THS_PER	FRC1	2014	5.9	u	
ESTAT:LFST_R_LFSD2POP(1.0)	17/04/26 11:00:00	A	UNK	M	Y_GE25	THS_PER	FRC2	2014	2.7	u	
ESTAT:LFST_R_LFSD2POP(1.0)	17/04/26 11:00:00	A	UNK	M	Y_GE25	THS_PER	FRD1	2014	2.6	u	
ESTAT:LFST_R_LFSD2POP(1.0)	17/04/26 11:00:00	A	UNK	M	Y_GE25	THS_PER	FRD2	2014	2.9	u	
ESTAT:LFST_R_LFSD2POP(1.0)	17/04/26 11:00:00	A	UNK	M	Y_GE25	THS_PER	FRE1	2014	2.6	u	
ESTAT:LFST_R_LFSD2POP(1.0)	17/04/26 11:00:00	A	UNK	M	Y_GE25	THS_PER	FRE2	2014	2.7	u	
ESTAT:LFST_R_LFSD2POP(1.0)	17/04/26 11:00:00	A	UNK	M	Y_GE25	THS_PER	FRF1	2014	4.0	u	
ESTAT:LFST_R_LFSD2POP(1.0)	17/04/26 11:00:00	A	UNK	M	Y_GE25	THS_PER	FRF2	2014	2.6	u	
ESTAT:LFST_R_LFSD2POP(1.0)	17/04/26 11:00:00	A	UNK	M	Y_GE25	THS_PER	FRF3	2014	5.5	u	
ESTAT:LFST_R_LFSD2POP(1.0)	17/04/26 11:00:00	A	UNK	M	Y_GE25	THS_PER	FRG0	2014	7.8	u	
ESTAT:LFST_R_LFSD2POP(1.0)	17/04/26 11:00:00	A	UNK	M	Y_GE25	THS_PER	FRH0	2014	6.5	u	
ESTAT:LFST_R_LFSD2POP(1.0)	17/04/26 11:00:00	A	UNK	M	Y_GE25	THS_PER	FRI1	2014	8.1	u	
ESTAT:LFST_R_LFSD2POP(1.0)	17/04/26 11:00:00	A	UNK	M	Y_GE25	THS_PER	FRI2	2014	3.2	u	
ESTAT:LFST_R_LFSD2POP(1.0)	17/04/26 11:00:00	A	UNK	M	Y_GE25	THS_PER	FRI3	2014	4.6	u	
ESTAT:LFST_R_LFSD2POP(1.0)	17/04/26 11:00:00	A	UNK	M	Y_GE25	THS_PER	FRJ1	2014	9.2	u	
ESTAT:LFST_R_LFSD2POP(1.0)	17/04/26 11:00:00	A	UNK	M	Y_GE25	THS_PER	FRJ2	2014	9.4	u	
ESTAT:LFST_R_LFSD2POP(1.0)	17/04/26 11:00:00	A	UNK	M	Y_GE25	THS_PER	FRK1	2014	5.5	u	
ESTAT:LFST_R_LFSD2POP(1.0)	17/04/26 11:00:00	A	UNK	M	Y_GE25	THS_PER	FRK2	2014	13.3		
ESTAT:LFST_R_LFSD2POP(1.0)	17/04/26 11:00:00	A	UNK	M	Y_GE25	THS_PER	FRL0	2014	16.5		
ESTAT:LFST_R_LFSD2POP(1.0)	17/04/26 11:00:00	A	UNK	M	Y_GE25	THS_PER	FRM0	2014	1.1	u	
ESTAT:LFST_R_LFSD2POP(1.0)	17/04/26 11:00:00	A	UNK	M	Y_GE65	THS_PER	FR10	2014	22.8		
ESTAT:LFST_R_LFSD2POP(1.0)	17/04/26 11:00:00	A	UNK	M	Y_GE65	THS_PER	FRB0	2014	5.9	u	
ESTAT:LFST_R_LFSD2POP(1.0)	17/04/26 11:00:00	A	UNK	M	Y_GE65	THS_PER	FRC1	2014	5.9	u	
ESTAT:LFST_R_LFSD2POP(1.0)	17/04/26 11:00:00	A	UNK	M	Y_GE65	THS_PER	FRC2	2014	2.7	u	
ESTAT:LFST_R_LFSD2POP(1.0)	17/04/26 11:00:00	A	UNK	M	Y_GE65	THS_PER	FRD1	2014	2.6	u	
ESTAT:LFST_R_LFSD2POP(1.0)	17/04/26 11:00:00	A	UNK	M	Y_GE65	THS_PER	FRD2	2014	2.9	u	
ESTAT:LFST_R_LFSD2POP(1.0)	17/04/26 11:00:00	A	UNK	M	Y_GE65	THS_PER	FRE1	2014	2.6	u	
ESTAT:LFST_R_LFSD2POP(1.0)	17/04/26 11:00:00	A	UNK	M	Y_GE65	THS_PER	FRE2	2014	2.7	u	
ESTAT:LFST_R_LFSD2POP(1.0)	17/04/26 11:00:00	A	UNK	M	Y_GE65	THS_PER	FRF1	2014	4.0	u	
ESTAT:LFST_R_LFSD2POP(1.0)	17/04/26 11:00:00	A	UNK	M	Y_GE65	THS_PER	FRF2	2014	2.6	u	
ESTAT:LFST_R_LFSD2POP(1.0)	17/04/26 11:00:00	A	UNK	M	Y_GE65	THS_PER	FRF3	2014	5.5	u	
ESTAT:LFST_R_LFSD2POP(1.0)	17/04/26 11:00:00	A	UNK	M	Y_GE65	THS_PER	FRG0	2014	7.8	u	
ESTAT:LFST_R_LFSD2POP(1.0)	17/04/26 11:00:00	A	UNK	M	Y_GE65	THS_PER	FRH0	2014	6.5	u	
ESTAT:LFST_R_LFSD2POP(1.0)	17/04/26 11:00:00	A	UNK	M	Y_GE65	THS_PER	FRI1	2014	8.1	u	
ESTAT:LFST_R_LFSD2POP(1.0)	17/04/26 11:00:00	A	UNK	M	Y_GE65	THS_PER	FRI2	2014	3.2	u	
ESTAT:LFST_R_LFSD2POP(1.0)	17/04/26 11:00:00	A	UNK	M	Y_GE65	THS_PER	FRI3	2014	4.6	u	
ESTAT:LFST_R_LFSD2POP(1.0)	17/04/26 11:00:00	A	UNK	M	Y_GE65	THS_PER	FRJ1	2014	9.2	u	
ESTAT:LFST_R_LFSD2POP(1.0)	17/04/26 11:00:00	A	UNK	M	Y_GE65	THS_PER	FRJ2	2014	9.4	u	
ESTAT:LFST_R_LFSD2POP(1.0)	17/04/26 11:00:00	A	UNK	M	Y_GE65	THS_PER	FRK1	2014	5.5	u	
ESTAT:LFST_R_LFSD2POP(1.0)	17/04/26 11:00:00	A	UNK	M	Y_GE65	THS_PER	FRK2	2014	13.3		
ESTAT:LFST_R_LFSD2POP(1.0)	17/04/26 11:00:00	A	UNK	M	Y_GE65	THS_PER	FRL0	2014	16.5		
ESTAT:LFST_R_LFSD2POP(1.0)	17/04/26 11:00:00	A	UNK	M	Y_GE65	THS_PER	FRM0	2014	1.1	u	
ESTAT:LFST_R_LFSD2POP(1.0)	17/04/26 11:00:00	A	UNK	T	Y_GE15	THS_PER	FR10	2014	84.6		
ESTAT:LFST_R_LFSD2POP(1.0)	17/04/26 11:00:00	A	UNK	T	Y_GE15	THS_PER	FRB0	2014	16.7		
ESTAT:LFST_R_LFSD2POP(1.0)	17/04/26 11:00:00	A	UNK	T	Y_GE15	THS_PER	FRC1	2014	12.7		
ESTAT:LFST_R_LFSD2POP(1.0)	17/04/26 11:00:00	A	UNK	T	Y_GE15	THS_PER	FRC2	2014	6.7	u	
ESTAT:LFST_R_LFSD2POP(1.0)	17/04/26 11:00:00	A	UNK	T	Y_GE15	THS_PER	FRD1	2014	10.7		
ESTAT:LFST_R_LFSD2POP(1.0)	17/04/26 11:00:00	A	UNK	T	Y_GE15	THS_PER	FRD2	2014	11.2		
ESTAT:LFST_R_LFSD2POP(1.0)	17/04/26 11:00:00	A	UNK	T	Y_GE15	THS_PER	FRE1	2014	19.6		
ESTAT:LFST_R_LFSD2POP(1.0)	17/04/26 11:00:00	A	UNK	T	Y_GE15	THS_PER	FRE2	2014	10.6		
ESTAT:LFST_R_LFSD2POP(1.0)	17/04/26 11:00:00	A	UNK	T	Y_GE15	THS_PER	FRF1	2014	9.9	u	
ESTAT:LFST_R_LFSD2POP(1.0)	17/04/26 11:00:00	A	UNK	T	Y_GE15	THS_PER	FRF2	2014	9.9	u	
ESTAT:LFST_R_LFSD2POP(1.0)	17/04/26 11:00:00	A	UNK	T	Y_GE15	THS_PER	FRF3	2014	12.8		
ESTAT:LFST_R_LFSD2POP(1.0)	17/04/26 11:00:00	A	UNK	T	Y_GE15	THS_PER	FRG0	2014	27.4		
ESTAT:LFST_R_LFSD2POP(1.0)	17/04/26 11:00:00	A	UNK	T	Y_GE15	THS_PER	FRH0	2014	22.6		
ESTAT:LFST_R_LFSD2POP(1.0)	17/04/26 11:00:00	A	UNK	T	Y_GE15	THS_PER	FRI1	2014	31.2		
ESTAT:LFST_R_LFSD2POP(1.0)	17/04/26 11:00:00	A	UNK	T	Y_GE15	THS_PER	FRI2	2014	10.5		
ESTAT:LFST_R_LFSD2POP(1.0)	17/04/26 11:00:00	A	UNK	T	Y_GE15	THS_PER	FRI3	2014	14.5		
ESTAT:LFST_R_LFSD2POP(1.0)	17/04/26 11:00:00	A	UNK	T	Y_GE15	THS_PER	FRJ1	2014	24.7		
ESTAT:LFST_R_LFSD2POP(1.0)	17/04/26 11:00:00	A	UNK	T	Y_GE15	THS_PER	FRJ2	2014	23.2		
ESTAT:LFST_R_LFSD2POP(1.0)	17/04/26 11:00:00	A	UNK	T	Y_GE15	THS_PER	FRK1	2014	14.4		
ESTAT:LFST_R_LFSD2POP(1.0)	17/04/26 11:00:00	A	UNK	T	Y_GE15	THS_PER	FRK2	2014	43.5		
ESTAT:LFST_R_LFSD2POP(1.0)	17/04/26 11:00:00	A	UNK	T	Y_GE15	THS_PER	FRL0	2014	47.5		
ESTAT:LFST_R_LFSD2POP(1.0)	17/04/26 11:00:00	A	UNK	T	Y_GE15	THS_PER	FRM0	2014	2.3	u	
ESTAT:LFST_R_LFSD2POP(1.0)	17/04/26 11:00:00	A	UNK	T	Y_GE25	THS_PER	FR10	2014	84.6		
ESTAT:LFST_R_LFSD2POP(1.0)	17/04/26 11:00:00	A	UNK	T	Y_GE25	THS_PER	FRB0	2014	16.7		
ESTAT:LFST_R_LFSD2POP(1.0)	17/04/26 11:00:00	A	UNK	T	Y_GE25	THS_PER	FRC1	2014	12.7		
ESTAT:LFST_R_LFSD2POP(1.0)	17/04/26 11:00:00	A	UNK	T	Y_GE25	THS_PER	FRC2	2014	6.7	u	
ESTAT:LFST_R_LFSD2POP(1.0)	17/04/26 11:00:00	A	UNK	T	Y_GE25	THS_PER	FRD1	2014	10.7		
ESTAT:LFST_R_LFSD2POP(1.0)	17/04/26 11:00:00	A	UNK	T	Y_GE25	THS_PER	FRD2	2014	11.2		
ESTAT:LFST_R_LFSD2POP(1.0)	17/04/26 11:00:00	A	UNK	T	Y_GE25	THS_PER	FRE1	2014	19.6		
ESTAT:LFST_R_LFSD2POP(1.0)	17/04/26 11:00:00	A	UNK	T	Y_GE25	THS_PER	FRE2	2014	10.6		
ESTAT:LFST_R_LFSD2POP(1.0)	17/04/26 11:00:00	A	UNK	T	Y_GE25	THS_PER	FRF1	2014	9.9	u	
ESTAT:LFST_R_LFSD2POP(1.0)	17/04/26 11:00:00	A	UNK	T	Y_GE25	THS_PER	FRF2	2014	9.9	u	
ESTAT:LFST_R_LFSD2POP(1.0)	17/04/26 11:00:00	A	UNK	T	Y_GE25	THS_PER	FRF3	2014	12.8		
ESTAT:LFST_R_LFSD2POP(1.0)	17/04/26 11:00:00	A	UNK	T	Y_GE25	THS_PER	FRG0	2014	27.4		
ESTAT:LFST_R_LFSD2POP(1.0)	17/04/26 11:00:00	A	UNK	T	Y_GE25	THS_PER	FRH0	2014	22.6		
ESTAT:LFST_R_LFSD2POP(1.0)	17/04/26 11:00:00	A	UNK	T	Y_GE25	THS_PER	FRI1	2014	31.2		
ESTAT:LFST_R_LFSD2POP(1.0)	17/04/26 11:00:00	A	UNK	T	Y_GE25	THS_PER	FRI2	2014	10.5		
ESTAT:LFST_R_LFSD2POP(1.0)	17/04/26 11:00:00	A	UNK	T	Y_GE25	THS_PER	FRI3	2014	14.5		
ESTAT:LFST_R_LFSD2POP(1.0)	17/04/26 11:00:00	A	UNK	T	Y_GE25	THS_PER	FRJ1	2014	24.7		
ESTAT:LFST_R_LFSD2POP(1.0)	17/04/26 11:00:00	A	UNK	T	Y_GE25	THS_PER	FRJ2	2014	23.2		
ESTAT:LFST_R_LFSD2POP(1.0)	17/04/26 11:00:00	A	UNK	T	Y_GE25	THS_PER	FRK1	2014	14.4		
ESTAT:LFST_R_LFSD2POP(1.0)	17/04/26 11:00:00	A	UNK	T	Y_GE25	THS_PER	FRK2	2014	43.5		
ESTAT:LFST_R_LFSD2POP(1.0)	17/04/26 11:00:00	A	UNK	T	Y_GE25	THS_PER	FRL0	2014	47.5		
ESTAT:LFST_R_LFSD2POP(1.0)	17/04/26 11:00:00	A	UNK	T	Y_GE25	THS_PER	FRM0	2014	2.3	u	
ESTAT:LFST_R_LFSD2POP(1.0)	17/04/26 11:00:00	A	UNK	T	Y_GE65	THS_PER	FR10	2014	84.6		
ESTAT:LFST_R_LFSD2POP(1.0)	17/04/26 11:00:00	A	UNK	T	Y_GE65	THS_PER	FRB0	2014	16.7		
ESTAT:LFST_R_LFSD2POP(1.0)	17/04/26 11:00:00	A	UNK	T	Y_GE65	THS_PER	FRC1	2014	12.7		
ESTAT:LFST_R_LFSD2POP(1.0)	17/04/26 11:00:00	A	UNK	T	Y_GE65	THS_PER	FRC2	2014	6.7	u	
ESTAT:LFST_R_LFSD2POP(1.0)	17/04/26 11:00:00	A	UNK	T	Y_GE65	THS_PER	FRD1	2014	10.7		
ESTAT:LFST_R_LFSD2POP(1.0)	17/04/26 11:00:00	A	UNK	T	Y_GE65	THS_PER	FRD2	2014	11.2		
ESTAT:LFST_R_LFSD2POP(1.0)	17/04/26 11:00:00	A	UNK	T	Y_GE65	THS_PER	FRE1	2014	19.6		
ESTAT:LFST_R_LFSD2POP(1.0)	17/04/26 11:00:00	A	UNK	T	Y_GE65	THS_PER	FRE2	2014	10.6		
ESTAT:LFST_R_LFSD2POP(1.0)	17/04/26 11:00:00	A	UNK	T	Y_GE65	THS_PER	FRF1	2014	9.9	u	
ESTAT:LFST_R_LFSD2POP(1.0)	17/04/26 11:00:00	A	UNK	T	Y_GE65	THS_PER	FRF2	2014	9.9	u	
ESTAT:LFST_R_LFSD2POP(1.0)	17/04/26 11:00:00	A	UNK	T	Y_GE65	THS_PER	FRF3	2014	12.8		
ESTAT:LFST_R_LFSD2POP(1.0)	17/04/26 11:00:00	A	UNK	T	Y_GE65	THS_PER	FRG0	2014	27.4		
ESTAT:LFST_R_LFSD2POP(1.0)	17/04/26 11:00:00	A	UNK	T	Y_GE65	THS_PER	FRH0	2014	22.6		
ESTAT:LFST_R_LFSD2POP(1.0)	17/04/26 11:00:00	A	UNK	T	Y_GE65	THS_PER	FRI1	2014	31.2		
ESTAT:LFST_R_LFSD2POP(1.0)	17/04/26 11:00:00	A	UNK	T	Y_GE65	THS_PER	FRI2	2014	10.5		
ESTAT:LFST_R_LFSD2POP(1.0)	17/04/26 11:00:00	A	UNK	T	Y_GE65	THS_PER	FRI3	2014	14.5		
ESTAT:LFST_R_LFSD2POP(1.0)	17/04/26 11:00:00	A	UNK	T	Y_GE65	THS_PER	FRJ1	2014	24.7		
ESTAT:LFST_R_LFSD2POP(1.0)	17/04/26 11:00:00	A	UNK	T	Y_GE65	THS_PER	FRJ2	2014	23.2		
ESTAT:LFST_R_LFSD2POP(1.0)	17/04/26 11:00:00	A	UNK	T	Y_GE65	THS_PER	FRK1	2014	14.4		
ESTAT:LFST_R_LFSD2POP(1.0)	17/04/26 11:00:00	A	UNK	T	Y_GE65	THS_PER	FRK2	2014	43.5		
ESTAT:LFST_R_LFSD2POP(1.0)	17/04/26 11:00:00	A	UNK	T	Y_GE65	THS_PER	FRL0	2014	47.5		
ESTAT:LFST_R_LFSD2POP(1.0)	17/04/26 11:00:00	A	UNK	T	Y_GE65	THS_PER	FRM0	2014	2.3	u	
