DATAFLOW	LAST UPDATE	freq	isced11	sex	age	unit	geo	TIME_PERIOD	OBS_VALUE	OBS_FLAG	CONF_STATUS
ESTAT:LFST_R_LFSD2POP(1.0)	17/04/26 11:00:00	A	ED0-2	F	Y15-24	THS_PER	FR10	2016	271.9		
ESTAT:LFST_R_LFSD2POP(1.0)	17/04/26 11:00:00	A	ED0-2	F	Y15-24	THS_PER	FRB0	2016	56.2		
ESTAT:LFST_R_LFSD2POP(1.0)	17/04/26 11:00:00	A	ED0-2	F	Y15-24	THS_PER	FRC1	2016	34.8		
ESTAT:LFST_R_LFSD2POP(1.0)	17/04/26 11:00:00	A	ED0-2	F	Y15-24	THS_PER	FRC2	2016	23.0		
ESTAT:LFST_R_LFSD2POP(1.0)	17/04/26 11:00:00	A	ED0-2	F	Y15-24	THS_PER	FRD1	2016	34.2		
ESTAT:LFST_R_LFSD2POP(1.0)	17/04/26 11:00:00	A	ED0-2	F	Y15-24	THS_PER	FRD2	2016	37.3		
ESTAT:LFST_R_LFSD2POP(1.0)	17/04/26 11:00:00	A	ED0-2	F	Y15-24	THS_PER	FRE1	2016	94.6		
ESTAT:LFST_R_LFSD2POP(1.0)	17/04/26 11:00:00	A	ED0-2	F	Y15-24	THS_PER	FRE2	2016	46.6		
ESTAT:LFST_R_LFSD2POP(1.0)	17/04/26 11:00:00	A	ED0-2	F	Y15-24	THS_PER	FRF1	2016	35.0		
ESTAT:LFST_R_LFSD2POP(1.0)	17/04/26 11:00:00	A	ED0-2	F	Y15-24	THS_PER	FRF2	2016	26.5		
ESTAT:LFST_R_LFSD2POP(1.0)	17/04/26 11:00:00	A	ED0-2	F	Y15-24	THS_PER	FRF3	2016	48.4		
ESTAT:LFST_R_LFSD2POP(1.0)	17/04/26 11:00:00	A	ED0-2	F	Y15-24	THS_PER	FRG0	2016	84.5		
ESTAT:LFST_R_LFSD2POP(1.0)	17/04/26 11:00:00	A	ED0-2	F	Y15-24	THS_PER	FRH0	2016	65.7		
ESTAT:LFST_R_LFSD2POP(1.0)	17/04/26 11:00:00	A	ED0-2	F	Y15-24	THS_PER	FRI1	2016	63.0		
ESTAT:LFST_R_LFSD2POP(1.0)	17/04/26 11:00:00	A	ED0-2	F	Y15-24	THS_PER	FRI2	2016	14.1		
ESTAT:LFST_R_LFSD2POP(1.0)	17/04/26 11:00:00	A	ED0-2	F	Y15-24	THS_PER	FRI3	2016	34.5		
ESTAT:LFST_R_LFSD2POP(1.0)	17/04/26 11:00:00	A	ED0-2	F	Y15-24	THS_PER	FRJ1	2016	59.8		
ESTAT:LFST_R_LFSD2POP(1.0)	17/04/26 11:00:00	A	ED0-2	F	Y15-24	THS_PER	FRJ2	2016	62.2		
ESTAT:LFST_R_LFSD2POP(1.0)	17/04/26 11:00:00	A	ED0-2	F	Y15-24	THS_PER	FRK1	2016	30.2		
ESTAT:LFST_R_LFSD2POP(1.0)	17/04/26 11:00:00	A	ED0-2	F	Y15-24	THS_PER	FRK2	2016	147.4		
ESTAT:LFST_R_LFSD2POP(1.0)	17/04/26 11:00:00	A	ED0-2	F	Y15-24	THS_PER	FRL0	2016	121.4		
ESTAT:LFST_R_LFSD2POP(1.0)	17/04/26 11:00:00	A	ED0-2	F	Y15-24	THS_PER	FRM0	2016	5.2	u	
ESTAT:LFST_R_LFSD2POP(1.0)	17/04/26 11:00:00	A	ED0-2	F	Y15-64	THS_PER	FR10	2016	941.0		
ESTAT:LFST_R_LFSD2POP(1.0)	17/04/26 11:00:00	A	ED0-2	F	Y15-64	THS_PER	FRB0	2016	203.3		
ESTAT:LFST_R_LFSD2POP(1.0)	17/04/26 11:00:00	A	ED0-2	F	Y15-64	THS_PER	FRC1	2016	138.5		
ESTAT:LFST_R_LFSD2POP(1.0)	17/04/26 11:00:00	A	ED0-2	F	Y15-64	THS_PER	FRC2	2016	94.6		
ESTAT:LFST_R_LFSD2POP(1.0)	17/04/26 11:00:00	A	ED0-2	F	Y15-64	THS_PER	FRD1	2016	131.2		
ESTAT:LFST_R_LFSD2POP(1.0)	17/04/26 11:00:00	A	ED0-2	F	Y15-64	THS_PER	FRD2	2016	169.8		
ESTAT:LFST_R_LFSD2POP(1.0)	17/04/26 11:00:00	A	ED0-2	F	Y15-64	THS_PER	FRE1	2016	371.2		
ESTAT:LFST_R_LFSD2POP(1.0)	17/04/26 11:00:00	A	ED0-2	F	Y15-64	THS_PER	FRE2	2016	191.0		
ESTAT:LFST_R_LFSD2POP(1.0)	17/04/26 11:00:00	A	ED0-2	F	Y15-64	THS_PER	FRF1	2016	130.3		
ESTAT:LFST_R_LFSD2POP(1.0)	17/04/26 11:00:00	A	ED0-2	F	Y15-64	THS_PER	FRF2	2016	136.0		
ESTAT:LFST_R_LFSD2POP(1.0)	17/04/26 11:00:00	A	ED0-2	F	Y15-64	THS_PER	FRF3	2016	191.4		
ESTAT:LFST_R_LFSD2POP(1.0)	17/04/26 11:00:00	A	ED0-2	F	Y15-64	THS_PER	FRG0	2016	266.1		
ESTAT:LFST_R_LFSD2POP(1.0)	17/04/26 11:00:00	A	ED0-2	F	Y15-64	THS_PER	FRH0	2016	207.1		
ESTAT:LFST_R_LFSD2POP(1.0)	17/04/26 11:00:00	A	ED0-2	F	Y15-64	THS_PER	FRI1	2016	225.0		
ESTAT:LFST_R_LFSD2POP(1.0)	17/04/26 11:00:00	A	ED0-2	F	Y15-64	THS_PER	FRI2	2016	49.3		
ESTAT:LFST_R_LFSD2POP(1.0)	17/04/26 11:00:00	A	ED0-2	F	Y15-64	THS_PER	FRI3	2016	134.1		
ESTAT:LFST_R_LFSD2POP(1.0)	17/04/26 11:00:00	A	ED0-2	F	Y15-64	THS_PER	FRJ1	2016	252.2		
ESTAT:LFST_R_LFSD2POP(1.0)	17/04/26 11:00:00	A	ED0-2	F	Y15-64	THS_PER	FRJ2	2016	198.2		
ESTAT:LFST_R_LFSD2POP(1.0)	17/04/26 11:00:00	A	ED0-2	F	Y15-64	THS_PER	FRK1	2016	103.0		
ESTAT:LFST_R_LFSD2POP(1.0)	17/04/26 11:00:00	A	ED0-2	F	Y15-64	THS_PER	FRK2	2016	455.1		
ESTAT:LFST_R_LFSD2POP(1.0)	17/04/26 11:00:00	A	ED0-2	F	Y15-64	THS_PER	FRL0	2016	402.6		
ESTAT:LFST_R_LFSD2POP(1.0)	17/04/26 11:00:00	A	ED0-2	F	Y15-64	THS_PER	FRM0	2016	18.1	u	
ESTAT:LFST_R_LFSD2POP(1.0)	17/04/26 11:00:00	A	ED0-2	F	Y15-74	THS_PER	FR10	2016	1142.3		
ESTAT:LFST_R_LFSD2POP(1.0)	17/04/26 11:00:00	A	ED0-2	F	Y15-74	THS_PER	FRB0	2016	283.3		
ESTAT:LFST_R_LFSD2POP(1.0)	17/04/26 11:00:00	A	ED0-2	F	Y15-74	THS_PER	FRC1	2016	187.4		
ESTAT:LFST_R_LFSD2POP(1.0)	17/04/26 11:00:00	A	ED0-2	F	Y15-74	THS_PER	FRC2	2016	128.3		
ESTAT:LFST_R_LFSD2POP(1.0)	17/04/26 11:00:00	A	ED0-2	F	Y15-74	THS_PER	FRD1	2016	180.6		
ESTAT:LFST_R_LFSD2POP(1.0)	17/04/26 11:00:00	A	ED0-2	F	Y15-74	THS_PER	FRD2	2016	223.7		
ESTAT:LFST_R_LFSD2POP(1.0)	17/04/26 11:00:00	A	ED0-2	F	Y15-74	THS_PER	FRE1	2016	500.4		
ESTAT:LFST_R_LFSD2POP(1.0)	17/04/26 11:00:00	A	ED0-2	F	Y15-74	THS_PER	FRE2	2016	248.8		
ESTAT:LFST_R_LFSD2POP(1.0)	17/04/26 11:00:00	A	ED0-2	F	Y15-74	THS_PER	FRF1	2016	172.6		
ESTAT:LFST_R_LFSD2POP(1.0)	17/04/26 11:00:00	A	ED0-2	F	Y15-74	THS_PER	FRF2	2016	178.9		
ESTAT:LFST_R_LFSD2POP(1.0)	17/04/26 11:00:00	A	ED0-2	F	Y15-74	THS_PER	FRF3	2016	243.4		
ESTAT:LFST_R_LFSD2POP(1.0)	17/04/26 11:00:00	A	ED0-2	F	Y15-74	THS_PER	FRG0	2016	360.8		
ESTAT:LFST_R_LFSD2POP(1.0)	17/04/26 11:00:00	A	ED0-2	F	Y15-74	THS_PER	FRH0	2016	298.9		
ESTAT:LFST_R_LFSD2POP(1.0)	17/04/26 11:00:00	A	ED0-2	F	Y15-74	THS_PER	FRI1	2016	307.1		
ESTAT:LFST_R_LFSD2POP(1.0)	17/04/26 11:00:00	A	ED0-2	F	Y15-74	THS_PER	FRI2	2016	70.1		
ESTAT:LFST_R_LFSD2POP(1.0)	17/04/26 11:00:00	A	ED0-2	F	Y15-74	THS_PER	FRI3	2016	199.3		
ESTAT:LFST_R_LFSD2POP(1.0)	17/04/26 11:00:00	A	ED0-2	F	Y15-74	THS_PER	FRJ1	2016	344.6		
ESTAT:LFST_R_LFSD2POP(1.0)	17/04/26 11:00:00	A	ED0-2	F	Y15-74	THS_PER	FRJ2	2016	272.7		
ESTAT:LFST_R_LFSD2POP(1.0)	17/04/26 11:00:00	A	ED0-2	F	Y15-74	THS_PER	FRK1	2016	142.2		
ESTAT:LFST_R_LFSD2POP(1.0)	17/04/26 11:00:00	A	ED0-2	F	Y15-74	THS_PER	FRK2	2016	600.4		
ESTAT:LFST_R_LFSD2POP(1.0)	17/04/26 11:00:00	A	ED0-2	F	Y15-74	THS_PER	FRL0	2016	531.1		
ESTAT:LFST_R_LFSD2POP(1.0)	17/04/26 11:00:00	A	ED0-2	F	Y15-74	THS_PER	FRM0	2016	33.1	u	
ESTAT:LFST_R_LFSD2POP(1.0)	17/04/26 11:00:00	A	ED0-2	F	Y20-64	THS_PER	FR10	2016	708.5		
ESTAT:LFST_R_LFSD2POP(1.0)	17/04/26 11:00:00	A	ED0-2	F	Y20-64	THS_PER	FRB0	2016	151.7		
ESTAT:LFST_R_LFSD2POP(1.0)	17/04/26 11:00:00	A	ED0-2	F	Y20-64	THS_PER	FRC1	2016	106.5		
ESTAT:LFST_R_LFSD2POP(1.0)	17/04/26 11:00:00	A	ED0-2	F	Y20-64	THS_PER	FRC2	2016	75.7		
ESTAT:LFST_R_LFSD2POP(1.0)	17/04/26 11:00:00	A	ED0-2	F	Y20-64	THS_PER	FRD1	2016	101.4		
ESTAT:LFST_R_LFSD2POP(1.0)	17/04/26 11:00:00	A	ED0-2	F	Y20-64	THS_PER	FRD2	2016	138.0		
ESTAT:LFST_R_LFSD2POP(1.0)	17/04/26 11:00:00	A	ED0-2	F	Y20-64	THS_PER	FRE1	2016	296.7		
ESTAT:LFST_R_LFSD2POP(1.0)	17/04/26 11:00:00	A	ED0-2	F	Y20-64	THS_PER	FRE2	2016	151.9		
ESTAT:LFST_R_LFSD2POP(1.0)	17/04/26 11:00:00	A	ED0-2	F	Y20-64	THS_PER	FRF1	2016	99.4		
ESTAT:LFST_R_LFSD2POP(1.0)	17/04/26 11:00:00	A	ED0-2	F	Y20-64	THS_PER	FRF2	2016	113.2		
ESTAT:LFST_R_LFSD2POP(1.0)	17/04/26 11:00:00	A	ED0-2	F	Y20-64	THS_PER	FRF3	2016	151.0		
ESTAT:LFST_R_LFSD2POP(1.0)	17/04/26 11:00:00	A	ED0-2	F	Y20-64	THS_PER	FRG0	2016	190.2		
ESTAT:LFST_R_LFSD2POP(1.0)	17/04/26 11:00:00	A	ED0-2	F	Y20-64	THS_PER	FRH0	2016	145.5		
ESTAT:LFST_R_LFSD2POP(1.0)	17/04/26 11:00:00	A	ED0-2	F	Y20-64	THS_PER	FRI1	2016	164.9		
ESTAT:LFST_R_LFSD2POP(1.0)	17/04/26 11:00:00	A	ED0-2	F	Y20-64	THS_PER	FRI2	2016	36.7		
ESTAT:LFST_R_LFSD2POP(1.0)	17/04/26 11:00:00	A	ED0-2	F	Y20-64	THS_PER	FRI3	2016	106.3		
ESTAT:LFST_R_LFSD2POP(1.0)	17/04/26 11:00:00	A	ED0-2	F	Y20-64	THS_PER	FRJ1	2016	198.7		
ESTAT:LFST_R_LFSD2POP(1.0)	17/04/26 11:00:00	A	ED0-2	F	Y20-64	THS_PER	FRJ2	2016	143.4		
ESTAT:LFST_R_LFSD2POP(1.0)	17/04/26 11:00:00	A	ED0-2	F	Y20-64	THS_PER	FRK1	2016	75.5		
ESTAT:LFST_R_LFSD2POP(1.0)	17/04/26 11:00:00	A	ED0-2	F	Y20-64	THS_PER	FRK2	2016	321.2		
ESTAT:LFST_R_LFSD2POP(1.0)	17/04/26 11:00:00	A	ED0-2	F	Y20-64	THS_PER	FRL0	2016	301.1		
ESTAT:LFST_R_LFSD2POP(1.0)	17/04/26 11:00:00	A	ED0-2	F	Y20-64	THS_PER	FRM0	2016	12.9	u	
ESTAT:LFST_R_LFSD2POP(1.0)	17/04/26 11:00:00	A	ED0-2	F	Y25-34	THS_PER	FR10	2016	95.4		
ESTAT:LFST_R_LFSD2POP(1.0)	17/04/26 11:00:00	A	ED0-2	F	Y25-34	THS_PER	FRB0	2016	15.7		
ESTAT:LFST_R_LFSD2POP(1.0)	17/04/26 11:00:00	A	ED0-2	F	Y25-34	THS_PER	FRC1	2016	9.3	u	
ESTAT:LFST_R_LFSD2POP(1.0)	17/04/26 11:00:00	A	ED0-2	F	Y25-34	THS_PER	FRC2	2016	8.5	u	
ESTAT:LFST_R_LFSD2POP(1.0)	17/04/26 11:00:00	A	ED0-2	F	Y25-34	THS_PER	FRD1	2016	9.8	u	
ESTAT:LFST_R_LFSD2POP(1.0)	17/04/26 11:00:00	A	ED0-2	F	Y25-34	THS_PER	FRD2	2016	16.5		
ESTAT:LFST_R_LFSD2POP(1.0)	17/04/26 11:00:00	A	ED0-2	F	Y25-34	THS_PER	FRE1	2016	31.9		
ESTAT:LFST_R_LFSD2POP(1.0)	17/04/26 11:00:00	A	ED0-2	F	Y25-34	THS_PER	FRE2	2016	22.3		
ESTAT:LFST_R_LFSD2POP(1.0)	17/04/26 11:00:00	A	ED0-2	F	Y25-34	THS_PER	FRF1	2016	13.8		
ESTAT:LFST_R_LFSD2POP(1.0)	17/04/26 11:00:00	A	ED0-2	F	Y25-34	THS_PER	FRF2	2016	15.9		
ESTAT:LFST_R_LFSD2POP(1.0)	17/04/26 11:00:00	A	ED0-2	F	Y25-34	THS_PER	FRF3	2016	24.0		
ESTAT:LFST_R_LFSD2POP(1.0)	17/04/26 11:00:00	A	ED0-2	F	Y25-34	THS_PER	FRG0	2016	17.3		
ESTAT:LFST_R_LFSD2POP(1.0)	17/04/26 11:00:00	A	ED0-2	F	Y25-34	THS_PER	FRH0	2016	12.1		
ESTAT:LFST_R_LFSD2POP(1.0)	17/04/26 11:00:00	A	ED0-2	F	Y25-34	THS_PER	FRI1	2016	23.8		
ESTAT:LFST_R_LFSD2POP(1.0)	17/04/26 11:00:00	A	ED0-2	F	Y25-34	THS_PER	FRI2	2016	3.1	u	
ESTAT:LFST_R_LFSD2POP(1.0)	17/04/26 11:00:00	A	ED0-2	F	Y25-34	THS_PER	FRI3	2016	10.9		
ESTAT:LFST_R_LFSD2POP(1.0)	17/04/26 11:00:00	A	ED0-2	F	Y25-34	THS_PER	FRJ1	2016	25.3		
ESTAT:LFST_R_LFSD2POP(1.0)	17/04/26 11:00:00	A	ED0-2	F	Y25-34	THS_PER	FRJ2	2016	12.7		
ESTAT:LFST_R_LFSD2POP(1.0)	17/04/26 11:00:00	A	ED0-2	F	Y25-34	THS_PER	FRK1	2016	8.5	u	
ESTAT:LFST_R_LFSD2POP(1.0)	17/04/26 11:00:00	A	ED0-2	F	Y25-34	THS_PER	FRK2	2016	35.5		
ESTAT:LFST_R_LFSD2POP(1.0)	17/04/26 11:00:00	A	ED0-2	F	Y25-34	THS_PER	FRL0	2016	31.8		
ESTAT:LFST_R_LFSD2POP(1.0)	17/04/26 11:00:00	A	ED0-2	F	Y25-34	THS_PER	FRM0	2016		u	
ESTAT:LFST_R_LFSD2POP(1.0)	17/04/26 11:00:00	A	ED0-2	F	Y25-64	THS_PER	FR10	2016	669.1		
ESTAT:LFST_R_LFSD2POP(1.0)	17/04/26 11:00:00	A	ED0-2	F	Y25-64	THS_PER	FRB0	2016	147.1		
ESTAT:LFST_R_LFSD2POP(1.0)	17/04/26 11:00:00	A	ED0-2	F	Y25-64	THS_PER	FRC1	2016	103.7		
ESTAT:LFST_R_LFSD2POP(1.0)	17/04/26 11:00:00	A	ED0-2	F	Y25-64	THS_PER	FRC2	2016	71.5		
ESTAT:LFST_R_LFSD2POP(1.0)	17/04/26 11:00:00	A	ED0-2	F	Y25-64	THS_PER	FRD1	2016	97.0		
ESTAT:LFST_R_LFSD2POP(1.0)	17/04/26 11:00:00	A	ED0-2	F	Y25-64	THS_PER	FRD2	2016	132.5		
ESTAT:LFST_R_LFSD2POP(1.0)	17/04/26 11:00:00	A	ED0-2	F	Y25-64	THS_PER	FRE1	2016	276.6		
ESTAT:LFST_R_LFSD2POP(1.0)	17/04/26 11:00:00	A	ED0-2	F	Y25-64	THS_PER	FRE2	2016	144.5		
ESTAT:LFST_R_LFSD2POP(1.0)	17/04/26 11:00:00	A	ED0-2	F	Y25-64	THS_PER	FRF1	2016	95.3		
ESTAT:LFST_R_LFSD2POP(1.0)	17/04/26 11:00:00	A	ED0-2	F	Y25-64	THS_PER	FRF2	2016	109.5		
ESTAT:LFST_R_LFSD2POP(1.0)	17/04/26 11:00:00	A	ED0-2	F	Y25-64	THS_PER	FRF3	2016	143.0		
ESTAT:LFST_R_LFSD2POP(1.0)	17/04/26 11:00:00	A	ED0-2	F	Y25-64	THS_PER	FRG0	2016	181.6		
ESTAT:LFST_R_LFSD2POP(1.0)	17/04/26 11:00:00	A	ED0-2	F	Y25-64	THS_PER	FRH0	2016	141.4		
ESTAT:LFST_R_LFSD2POP(1.0)	17/04/26 11:00:00	A	ED0-2	F	Y25-64	THS_PER	FRI1	2016	162.0		
ESTAT:LFST_R_LFSD2POP(1.0)	17/04/26 11:00:00	A	ED0-2	F	Y25-64	THS_PER	FRI2	2016	35.3		
ESTAT:LFST_R_LFSD2POP(1.0)	17/04/26 11:00:00	A	ED0-2	F	Y25-64	THS_PER	FRI3	2016	99.6		
ESTAT:LFST_R_LFSD2POP(1.0)	17/04/26 11:00:00	A	ED0-2	F	Y25-64	THS_PER	FRJ1	2016	192.4		
ESTAT:LFST_R_LFSD2POP(1.0)	17/04/26 11:00:00	A	ED0-2	F	Y25-64	THS_PER	FRJ2	2016	135.9		
ESTAT:LFST_R_LFSD2POP(1.0)	17/04/26 11:00:00	A	ED0-2	F	Y25-64	THS_PER	FRK1	2016	72.8		
ESTAT:LFST_R_LFSD2POP(1.0)	17/04/26 11:00:00	A	ED0-2	F	Y25-64	THS_PER	FRK2	2016	307.7		
ESTAT:LFST_R_LFSD2POP(1.0)	17/04/26 11:00:00	A	ED0-2	F	Y25-64	THS_PER	FRL0	2016	281.2		
ESTAT:LFST_R_LFSD2POP(1.0)	17/04/26 11:00:00	A	ED0-2	F	Y25-64	THS_PER	FRM0	2016	12.9	u	
ESTAT:LFST_R_LFSD2POP(1.0)	17/04/26 11:00:00	A	ED0-2	F	Y35-44	THS_PER	FR10	2016	134.1		
ESTAT:LFST_R_LFSD2POP(1.0)	17/04/26 11:00:00	A	ED0-2	F	Y35-44	THS_PER	FRB0	2016	21.4		
ESTAT:LFST_R_LFSD2POP(1.0)	17/04/26 11:00:00	A	ED0-2	F	Y35-44	THS_PER	FRC1	2016	10.9		
ESTAT:LFST_R_LFSD2POP(1.0)	17/04/26 11:00:00	A	ED0-2	F	Y35-44	THS_PER	FRC2	2016	12.3		
ESTAT:LFST_R_LFSD2POP(1.0)	17/04/26 11:00:00	A	ED0-2	F	Y35-44	THS_PER	FRD1	2016	13.5		
ESTAT:LFST_R_LFSD2POP(1.0)	17/04/26 11:00:00	A	ED0-2	F	Y35-44	THS_PER	FRD2	2016	19.5		
ESTAT:LFST_R_LFSD2POP(1.0)	17/04/26 11:00:00	A	ED0-2	F	Y35-44	THS_PER	FRE1	2016	41.6		
ESTAT:LFST_R_LFSD2POP(1.0)	17/04/26 11:00:00	A	ED0-2	F	Y35-44	THS_PER	FRE2	2016	20.8		
ESTAT:LFST_R_LFSD2POP(1.0)	17/04/26 11:00:00	A	ED0-2	F	Y35-44	THS_PER	FRF1	2016	17.9		
ESTAT:LFST_R_LFSD2POP(1.0)	17/04/26 11:00:00	A	ED0-2	F	Y35-44	THS_PER	FRF2	2016	15.1		
ESTAT:LFST_R_LFSD2POP(1.0)	17/04/26 11:00:00	A	ED0-2	F	Y35-44	THS_PER	FRF3	2016	17.8		
ESTAT:LFST_R_LFSD2POP(1.0)	17/04/26 11:00:00	A	ED0-2	F	Y35-44	THS_PER	FRG0	2016	31.6		
ESTAT:LFST_R_LFSD2POP(1.0)	17/04/26 11:00:00	A	ED0-2	F	Y35-44	THS_PER	FRH0	2016	18.0		
ESTAT:LFST_R_LFSD2POP(1.0)	17/04/26 11:00:00	A	ED0-2	F	Y35-44	THS_PER	FRI1	2016	29.8		
ESTAT:LFST_R_LFSD2POP(1.0)	17/04/26 11:00:00	A	ED0-2	F	Y35-44	THS_PER	FRI2	2016	4.6	u	
ESTAT:LFST_R_LFSD2POP(1.0)	17/04/26 11:00:00	A	ED0-2	F	Y35-44	THS_PER	FRI3	2016	18.2		
ESTAT:LFST_R_LFSD2POP(1.0)	17/04/26 11:00:00	A	ED0-2	F	Y35-44	THS_PER	FRJ1	2016	25.9		
ESTAT:LFST_R_LFSD2POP(1.0)	17/04/26 11:00:00	A	ED0-2	F	Y35-44	THS_PER	FRJ2	2016	25.1		
ESTAT:LFST_R_LFSD2POP(1.0)	17/04/26 11:00:00	A	ED0-2	F	Y35-44	THS_PER	FRK1	2016	8.7	u	
ESTAT:LFST_R_LFSD2POP(1.0)	17/04/26 11:00:00	A	ED0-2	F	Y35-44	THS_PER	FRK2	2016	57.8		
ESTAT:LFST_R_LFSD2POP(1.0)	17/04/26 11:00:00	A	ED0-2	F	Y35-44	THS_PER	FRL0	2016	50.9		
ESTAT:LFST_R_LFSD2POP(1.0)	17/04/26 11:00:00	A	ED0-2	F	Y35-44	THS_PER	FRM0	2016	1.6	u	
ESTAT:LFST_R_LFSD2POP(1.0)	17/04/26 11:00:00	A	ED0-2	F	Y45-54	THS_PER	FR10	2016	199.8		
ESTAT:LFST_R_LFSD2POP(1.0)	17/04/26 11:00:00	A	ED0-2	F	Y45-54	THS_PER	FRB0	2016	44.7		
ESTAT:LFST_R_LFSD2POP(1.0)	17/04/26 11:00:00	A	ED0-2	F	Y45-54	THS_PER	FRC1	2016	23.3		
ESTAT:LFST_R_LFSD2POP(1.0)	17/04/26 11:00:00	A	ED0-2	F	Y45-54	THS_PER	FRC2	2016	18.7		
ESTAT:LFST_R_LFSD2POP(1.0)	17/04/26 11:00:00	A	ED0-2	F	Y45-54	THS_PER	FRD1	2016	29.2		
ESTAT:LFST_R_LFSD2POP(1.0)	17/04/26 11:00:00	A	ED0-2	F	Y45-54	THS_PER	FRD2	2016	36.4		
ESTAT:LFST_R_LFSD2POP(1.0)	17/04/26 11:00:00	A	ED0-2	F	Y45-54	THS_PER	FRE1	2016	74.5		
ESTAT:LFST_R_LFSD2POP(1.0)	17/04/26 11:00:00	A	ED0-2	F	Y45-54	THS_PER	FRE2	2016	43.4		
ESTAT:LFST_R_LFSD2POP(1.0)	17/04/26 11:00:00	A	ED0-2	F	Y45-54	THS_PER	FRF1	2016	22.8		
ESTAT:LFST_R_LFSD2POP(1.0)	17/04/26 11:00:00	A	ED0-2	F	Y45-54	THS_PER	FRF2	2016	32.3		
ESTAT:LFST_R_LFSD2POP(1.0)	17/04/26 11:00:00	A	ED0-2	F	Y45-54	THS_PER	FRF3	2016	38.2		
ESTAT:LFST_R_LFSD2POP(1.0)	17/04/26 11:00:00	A	ED0-2	F	Y45-54	THS_PER	FRG0	2016	52.4		
ESTAT:LFST_R_LFSD2POP(1.0)	17/04/26 11:00:00	A	ED0-2	F	Y45-54	THS_PER	FRH0	2016	35.3		
ESTAT:LFST_R_LFSD2POP(1.0)	17/04/26 11:00:00	A	ED0-2	F	Y45-54	THS_PER	FRI1	2016	34.9		
ESTAT:LFST_R_LFSD2POP(1.0)	17/04/26 11:00:00	A	ED0-2	F	Y45-54	THS_PER	FRI2	2016	11.4		
ESTAT:LFST_R_LFSD2POP(1.0)	17/04/26 11:00:00	A	ED0-2	F	Y45-54	THS_PER	FRI3	2016	23.1		
ESTAT:LFST_R_LFSD2POP(1.0)	17/04/26 11:00:00	A	ED0-2	F	Y45-54	THS_PER	FRJ1	2016	58.2		
ESTAT:LFST_R_LFSD2POP(1.0)	17/04/26 11:00:00	A	ED0-2	F	Y45-54	THS_PER	FRJ2	2016	34.4		
ESTAT:LFST_R_LFSD2POP(1.0)	17/04/26 11:00:00	A	ED0-2	F	Y45-54	THS_PER	FRK1	2016	19.1		
ESTAT:LFST_R_LFSD2POP(1.0)	17/04/26 11:00:00	A	ED0-2	F	Y45-54	THS_PER	FRK2	2016	83.7		
ESTAT:LFST_R_LFSD2POP(1.0)	17/04/26 11:00:00	A	ED0-2	F	Y45-54	THS_PER	FRL0	2016	87.6		
ESTAT:LFST_R_LFSD2POP(1.0)	17/04/26 11:00:00	A	ED0-2	F	Y45-54	THS_PER	FRM0	2016	4.4	u	
ESTAT:LFST_R_LFSD2POP(1.0)	17/04/26 11:00:00	A	ED0-2	F	Y55-64	THS_PER	FR10	2016	239.8		
ESTAT:LFST_R_LFSD2POP(1.0)	17/04/26 11:00:00	A	ED0-2	F	Y55-64	THS_PER	FRB0	2016	65.3		
ESTAT:LFST_R_LFSD2POP(1.0)	17/04/26 11:00:00	A	ED0-2	F	Y55-64	THS_PER	FRC1	2016	60.2		
ESTAT:LFST_R_LFSD2POP(1.0)	17/04/26 11:00:00	A	ED0-2	F	Y55-64	THS_PER	FRC2	2016	32.0		
ESTAT:LFST_R_LFSD2POP(1.0)	17/04/26 11:00:00	A	ED0-2	F	Y55-64	THS_PER	FRD1	2016	44.6		
ESTAT:LFST_R_LFSD2POP(1.0)	17/04/26 11:00:00	A	ED0-2	F	Y55-64	THS_PER	FRD2	2016	60.1		
ESTAT:LFST_R_LFSD2POP(1.0)	17/04/26 11:00:00	A	ED0-2	F	Y55-64	THS_PER	FRE1	2016	128.6		
ESTAT:LFST_R_LFSD2POP(1.0)	17/04/26 11:00:00	A	ED0-2	F	Y55-64	THS_PER	FRE2	2016	58.0		
ESTAT:LFST_R_LFSD2POP(1.0)	17/04/26 11:00:00	A	ED0-2	F	Y55-64	THS_PER	FRF1	2016	40.8		
ESTAT:LFST_R_LFSD2POP(1.0)	17/04/26 11:00:00	A	ED0-2	F	Y55-64	THS_PER	FRF2	2016	46.2		
ESTAT:LFST_R_LFSD2POP(1.0)	17/04/26 11:00:00	A	ED0-2	F	Y55-64	THS_PER	FRF3	2016	62.9		
ESTAT:LFST_R_LFSD2POP(1.0)	17/04/26 11:00:00	A	ED0-2	F	Y55-64	THS_PER	FRG0	2016	80.3		
ESTAT:LFST_R_LFSD2POP(1.0)	17/04/26 11:00:00	A	ED0-2	F	Y55-64	THS_PER	FRH0	2016	76.1		
ESTAT:LFST_R_LFSD2POP(1.0)	17/04/26 11:00:00	A	ED0-2	F	Y55-64	THS_PER	FRI1	2016	73.6		
ESTAT:LFST_R_LFSD2POP(1.0)	17/04/26 11:00:00	A	ED0-2	F	Y55-64	THS_PER	FRI2	2016	16.1		
ESTAT:LFST_R_LFSD2POP(1.0)	17/04/26 11:00:00	A	ED0-2	F	Y55-64	THS_PER	FRI3	2016	47.5		
ESTAT:LFST_R_LFSD2POP(1.0)	17/04/26 11:00:00	A	ED0-2	F	Y55-64	THS_PER	FRJ1	2016	83.0		
ESTAT:LFST_R_LFSD2POP(1.0)	17/04/26 11:00:00	A	ED0-2	F	Y55-64	THS_PER	FRJ2	2016	63.7		
ESTAT:LFST_R_LFSD2POP(1.0)	17/04/26 11:00:00	A	ED0-2	F	Y55-64	THS_PER	FRK1	2016	36.5		
ESTAT:LFST_R_LFSD2POP(1.0)	17/04/26 11:00:00	A	ED0-2	F	Y55-64	THS_PER	FRK2	2016	130.8		
ESTAT:LFST_R_LFSD2POP(1.0)	17/04/26 11:00:00	A	ED0-2	F	Y55-64	THS_PER	FRL0	2016	111.0		
ESTAT:LFST_R_LFSD2POP(1.0)	17/04/26 11:00:00	A	ED0-2	F	Y55-64	THS_PER	FRM0	2016	6.6	u	
ESTAT:LFST_R_LFSD2POP(1.0)	17/04/26 11:00:00	A	ED0-2	F	Y_GE15	THS_PER	FR10	2016	1391.0		
ESTAT:LFST_R_LFSD2POP(1.0)	17/04/26 11:00:00	A	ED0-2	F	Y_GE15	THS_PER	FRB0	2016	374.0		
ESTAT:LFST_R_LFSD2POP(1.0)	17/04/26 11:00:00	A	ED0-2	F	Y_GE15	THS_PER	FRC1	2016	260.6		
ESTAT:LFST_R_LFSD2POP(1.0)	17/04/26 11:00:00	A	ED0-2	F	Y_GE15	THS_PER	FRC2	2016	164.2		
ESTAT:LFST_R_LFSD2POP(1.0)	17/04/26 11:00:00	A	ED0-2	F	Y_GE15	THS_PER	FRD1	2016	239.8		
ESTAT:LFST_R_LFSD2POP(1.0)	17/04/26 11:00:00	A	ED0-2	F	Y_GE15	THS_PER	FRD2	2016	294.3		
ESTAT:LFST_R_LFSD2POP(1.0)	17/04/26 11:00:00	A	ED0-2	F	Y_GE15	THS_PER	FRE1	2016	624.4		
ESTAT:LFST_R_LFSD2POP(1.0)	17/04/26 11:00:00	A	ED0-2	F	Y_GE15	THS_PER	FRE2	2016	315.1		
ESTAT:LFST_R_LFSD2POP(1.0)	17/04/26 11:00:00	A	ED0-2	F	Y_GE15	THS_PER	FRF1	2016	231.0		
ESTAT:LFST_R_LFSD2POP(1.0)	17/04/26 11:00:00	A	ED0-2	F	Y_GE15	THS_PER	FRF2	2016	228.5		
ESTAT:LFST_R_LFSD2POP(1.0)	17/04/26 11:00:00	A	ED0-2	F	Y_GE15	THS_PER	FRF3	2016	335.9		
ESTAT:LFST_R_LFSD2POP(1.0)	17/04/26 11:00:00	A	ED0-2	F	Y_GE15	THS_PER	FRG0	2016	495.7		
ESTAT:LFST_R_LFSD2POP(1.0)	17/04/26 11:00:00	A	ED0-2	F	Y_GE15	THS_PER	FRH0	2016	414.3		
ESTAT:LFST_R_LFSD2POP(1.0)	17/04/26 11:00:00	A	ED0-2	F	Y_GE15	THS_PER	FRI1	2016	426.1		
ESTAT:LFST_R_LFSD2POP(1.0)	17/04/26 11:00:00	A	ED0-2	F	Y_GE15	THS_PER	FRI2	2016	100.4		
ESTAT:LFST_R_LFSD2POP(1.0)	17/04/26 11:00:00	A	ED0-2	F	Y_GE15	THS_PER	FRI3	2016	269.1		
ESTAT:LFST_R_LFSD2POP(1.0)	17/04/26 11:00:00	A	ED0-2	F	Y_GE15	THS_PER	FRJ1	2016	431.6		
ESTAT:LFST_R_LFSD2POP(1.0)	17/04/26 11:00:00	A	ED0-2	F	Y_GE15	THS_PER	FRJ2	2016	367.5		
ESTAT:LFST_R_LFSD2POP(1.0)	17/04/26 11:00:00	A	ED0-2	F	Y_GE15	THS_PER	FRK1	2016	195.5		
ESTAT:LFST_R_LFSD2POP(1.0)	17/04/26 11:00:00	A	ED0-2	F	Y_GE15	THS_PER	FRK2	2016	782.7		
ESTAT:LFST_R_LFSD2POP(1.0)	17/04/26 11:00:00	A	ED0-2	F	Y_GE15	THS_PER	FRL0	2016	688.6		
ESTAT:LFST_R_LFSD2POP(1.0)	17/04/26 11:00:00	A	ED0-2	F	Y_GE15	THS_PER	FRM0	2016	62.9	u	
ESTAT:LFST_R_LFSD2POP(1.0)	17/04/26 11:00:00	A	ED0-2	F	Y_GE25	THS_PER	FR10	2016	1119.1		
ESTAT:LFST_R_LFSD2POP(1.0)	17/04/26 11:00:00	A	ED0-2	F	Y_GE25	THS_PER	FRB0	2016	317.8		
ESTAT:LFST_R_LFSD2POP(1.0)	17/04/26 11:00:00	A	ED0-2	F	Y_GE25	THS_PER	FRC1	2016	225.7		
ESTAT:LFST_R_LFSD2POP(1.0)	17/04/26 11:00:00	A	ED0-2	F	Y_GE25	THS_PER	FRC2	2016	141.2		
ESTAT:LFST_R_LFSD2POP(1.0)	17/04/26 11:00:00	A	ED0-2	F	Y_GE25	THS_PER	FRD1	2016	205.6		
ESTAT:LFST_R_LFSD2POP(1.0)	17/04/26 11:00:00	A	ED0-2	F	Y_GE25	THS_PER	FRD2	2016	257.0		
ESTAT:LFST_R_LFSD2POP(1.0)	17/04/26 11:00:00	A	ED0-2	F	Y_GE25	THS_PER	FRE1	2016	529.8		
ESTAT:LFST_R_LFSD2POP(1.0)	17/04/26 11:00:00	A	ED0-2	F	Y_GE25	THS_PER	FRE2	2016	268.5		
ESTAT:LFST_R_LFSD2POP(1.0)	17/04/26 11:00:00	A	ED0-2	F	Y_GE25	THS_PER	FRF1	2016	196.0		
ESTAT:LFST_R_LFSD2POP(1.0)	17/04/26 11:00:00	A	ED0-2	F	Y_GE25	THS_PER	FRF2	2016	202.0		
ESTAT:LFST_R_LFSD2POP(1.0)	17/04/26 11:00:00	A	ED0-2	F	Y_GE25	THS_PER	FRF3	2016	287.5		
ESTAT:LFST_R_LFSD2POP(1.0)	17/04/26 11:00:00	A	ED0-2	F	Y_GE25	THS_PER	FRG0	2016	411.2		
ESTAT:LFST_R_LFSD2POP(1.0)	17/04/26 11:00:00	A	ED0-2	F	Y_GE25	THS_PER	FRH0	2016	348.7		
ESTAT:LFST_R_LFSD2POP(1.0)	17/04/26 11:00:00	A	ED0-2	F	Y_GE25	THS_PER	FRI1	2016	363.1		
ESTAT:LFST_R_LFSD2POP(1.0)	17/04/26 11:00:00	A	ED0-2	F	Y_GE25	THS_PER	FRI2	2016	86.3		
ESTAT:LFST_R_LFSD2POP(1.0)	17/04/26 11:00:00	A	ED0-2	F	Y_GE25	THS_PER	FRI3	2016	234.6		
ESTAT:LFST_R_LFSD2POP(1.0)	17/04/26 11:00:00	A	ED0-2	F	Y_GE25	THS_PER	FRJ1	2016	371.7		
ESTAT:LFST_R_LFSD2POP(1.0)	17/04/26 11:00:00	A	ED0-2	F	Y_GE25	THS_PER	FRJ2	2016	305.3		
ESTAT:LFST_R_LFSD2POP(1.0)	17/04/26 11:00:00	A	ED0-2	F	Y_GE25	THS_PER	FRK1	2016	165.4		
ESTAT:LFST_R_LFSD2POP(1.0)	17/04/26 11:00:00	A	ED0-2	F	Y_GE25	THS_PER	FRK2	2016	635.2		
ESTAT:LFST_R_LFSD2POP(1.0)	17/04/26 11:00:00	A	ED0-2	F	Y_GE25	THS_PER	FRL0	2016	567.2		
ESTAT:LFST_R_LFSD2POP(1.0)	17/04/26 11:00:00	A	ED0-2	F	Y_GE25	THS_PER	FRM0	2016	57.7	u	
ESTAT:LFST_R_LFSD2POP(1.0)	17/04/26 11:00:00	A	ED0-2	F	Y_GE65	THS_PER	FR10	2016	450.0		
ESTAT:LFST_R_LFSD2POP(1.0)	17/04/26 11:00:00	A	ED0-2	F	Y_GE65	THS_PER	FRB0	2016	170.7		
ESTAT:LFST_R_LFSD2POP(1.0)	17/04/26 11:00:00	A	ED0-2	F	Y_GE65	THS_PER	FRC1	2016	122.0		
ESTAT:LFST_R_LFSD2POP(1.0)	17/04/26 11:00:00	A	ED0-2	F	Y_GE65	THS_PER	FRC2	2016	69.7		
ESTAT:LFST_R_LFSD2POP(1.0)	17/04/26 11:00:00	A	ED0-2	F	Y_GE65	THS_PER	FRD1	2016	108.6		
ESTAT:LFST_R_LFSD2POP(1.0)	17/04/26 11:00:00	A	ED0-2	F	Y_GE65	THS_PER	FRD2	2016	124.5		
ESTAT:LFST_R_LFSD2POP(1.0)	17/04/26 11:00:00	A	ED0-2	F	Y_GE65	THS_PER	FRE1	2016	253.2		
ESTAT:LFST_R_LFSD2POP(1.0)	17/04/26 11:00:00	A	ED0-2	F	Y_GE65	THS_PER	FRE2	2016	124.0		
ESTAT:LFST_R_LFSD2POP(1.0)	17/04/26 11:00:00	A	ED0-2	F	Y_GE65	THS_PER	FRF1	2016	100.7		
ESTAT:LFST_R_LFSD2POP(1.0)	17/04/26 11:00:00	A	ED0-2	F	Y_GE65	THS_PER	FRF2	2016	92.5		
ESTAT:LFST_R_LFSD2POP(1.0)	17/04/26 11:00:00	A	ED0-2	F	Y_GE65	THS_PER	FRF3	2016	144.5		
ESTAT:LFST_R_LFSD2POP(1.0)	17/04/26 11:00:00	A	ED0-2	F	Y_GE65	THS_PER	FRG0	2016	229.6		
ESTAT:LFST_R_LFSD2POP(1.0)	17/04/26 11:00:00	A	ED0-2	F	Y_GE65	THS_PER	FRH0	2016	207.2		
ESTAT:LFST_R_LFSD2POP(1.0)	17/04/26 11:00:00	A	ED0-2	F	Y_GE65	THS_PER	FRI1	2016	201.1		
ESTAT:LFST_R_LFSD2POP(1.0)	17/04/26 11:00:00	A	ED0-2	F	Y_GE65	THS_PER	FRI2	2016	51.1		
ESTAT:LFST_R_LFSD2POP(1.0)	17/04/26 11:00:00	A	ED0-2	F	Y_GE65	THS_PER	FRI3	2016	135.0		
ESTAT:LFST_R_LFSD2POP(1.0)	17/04/26 11:00:00	A	ED0-2	F	Y_GE65	THS_PER	FRJ1	2016	179.3		
ESTAT:LFST_R_LFSD2POP(1.0)	17/04/26 11:00:00	A	ED0-2	F	Y_GE65	THS_PER	FRJ2	2016	169.4		
ESTAT:LFST_R_LFSD2POP(1.0)	17/04/26 11:00:00	A	ED0-2	F	Y_GE65	THS_PER	FRK1	2016	92.5		
ESTAT:LFST_R_LFSD2POP(1.0)	17/04/26 11:00:00	A	ED0-2	F	Y_GE65	THS_PER	FRK2	2016	327.6		
ESTAT:LFST_R_LFSD2POP(1.0)	17/04/26 11:00:00	A	ED0-2	F	Y_GE65	THS_PER	FRL0	2016	286.0		
ESTAT:LFST_R_LFSD2POP(1.0)	17/04/26 11:00:00	A	ED0-2	F	Y_GE65	THS_PER	FRM0	2016	44.8	u	
ESTAT:LFST_R_LFSD2POP(1.0)	17/04/26 11:00:00	A	ED0-2	M	Y15-24	THS_PER	FR10	2016	309.1		
ESTAT:LFST_R_LFSD2POP(1.0)	17/04/26 11:00:00	A	ED0-2	M	Y15-24	THS_PER	FRB0	2016	54.8		
ESTAT:LFST_R_LFSD2POP(1.0)	17/04/26 11:00:00	A	ED0-2	M	Y15-24	THS_PER	FRC1	2016	34.0		
ESTAT:LFST_R_LFSD2POP(1.0)	17/04/26 11:00:00	A	ED0-2	M	Y15-24	THS_PER	FRC2	2016	29.4		
ESTAT:LFST_R_LFSD2POP(1.0)	17/04/26 11:00:00	A	ED0-2	M	Y15-24	THS_PER	FRD1	2016	35.9		
ESTAT:LFST_R_LFSD2POP(1.0)	17/04/26 11:00:00	A	ED0-2	M	Y15-24	THS_PER	FRD2	2016	41.8		
ESTAT:LFST_R_LFSD2POP(1.0)	17/04/26 11:00:00	A	ED0-2	M	Y15-24	THS_PER	FRE1	2016	109.3		
ESTAT:LFST_R_LFSD2POP(1.0)	17/04/26 11:00:00	A	ED0-2	M	Y15-24	THS_PER	FRE2	2016	47.9		
ESTAT:LFST_R_LFSD2POP(1.0)	17/04/26 11:00:00	A	ED0-2	M	Y15-24	THS_PER	FRF1	2016	40.8		
ESTAT:LFST_R_LFSD2POP(1.0)	17/04/26 11:00:00	A	ED0-2	M	Y15-24	THS_PER	FRF2	2016	37.4		
ESTAT:LFST_R_LFSD2POP(1.0)	17/04/26 11:00:00	A	ED0-2	M	Y15-24	THS_PER	FRF3	2016	56.4		
ESTAT:LFST_R_LFSD2POP(1.0)	17/04/26 11:00:00	A	ED0-2	M	Y15-24	THS_PER	FRG0	2016	99.5		
ESTAT:LFST_R_LFSD2POP(1.0)	17/04/26 11:00:00	A	ED0-2	M	Y15-24	THS_PER	FRH0	2016	77.5		
ESTAT:LFST_R_LFSD2POP(1.0)	17/04/26 11:00:00	A	ED0-2	M	Y15-24	THS_PER	FRI1	2016	84.5		
ESTAT:LFST_R_LFSD2POP(1.0)	17/04/26 11:00:00	A	ED0-2	M	Y15-24	THS_PER	FRI2	2016	11.9		
ESTAT:LFST_R_LFSD2POP(1.0)	17/04/26 11:00:00	A	ED0-2	M	Y15-24	THS_PER	FRI3	2016	39.6		
ESTAT:LFST_R_LFSD2POP(1.0)	17/04/26 11:00:00	A	ED0-2	M	Y15-24	THS_PER	FRJ1	2016	80.2		
ESTAT:LFST_R_LFSD2POP(1.0)	17/04/26 11:00:00	A	ED0-2	M	Y15-24	THS_PER	FRJ2	2016	69.4		
ESTAT:LFST_R_LFSD2POP(1.0)	17/04/26 11:00:00	A	ED0-2	M	Y15-24	THS_PER	FRK1	2016	28.6		
ESTAT:LFST_R_LFSD2POP(1.0)	17/04/26 11:00:00	A	ED0-2	M	Y15-24	THS_PER	FRK2	2016	162.2		
ESTAT:LFST_R_LFSD2POP(1.0)	17/04/26 11:00:00	A	ED0-2	M	Y15-24	THS_PER	FRL0	2016	115.7		
ESTAT:LFST_R_LFSD2POP(1.0)	17/04/26 11:00:00	A	ED0-2	M	Y15-24	THS_PER	FRM0	2016	8.4	u	
ESTAT:LFST_R_LFSD2POP(1.0)	17/04/26 11:00:00	A	ED0-2	M	Y15-64	THS_PER	FR10	2016	901.3		
ESTAT:LFST_R_LFSD2POP(1.0)	17/04/26 11:00:00	A	ED0-2	M	Y15-64	THS_PER	FRB0	2016	181.1		
ESTAT:LFST_R_LFSD2POP(1.0)	17/04/26 11:00:00	A	ED0-2	M	Y15-64	THS_PER	FRC1	2016	115.4		
ESTAT:LFST_R_LFSD2POP(1.0)	17/04/26 11:00:00	A	ED0-2	M	Y15-64	THS_PER	FRC2	2016	86.3		
ESTAT:LFST_R_LFSD2POP(1.0)	17/04/26 11:00:00	A	ED0-2	M	Y15-64	THS_PER	FRD1	2016	127.3		
ESTAT:LFST_R_LFSD2POP(1.0)	17/04/26 11:00:00	A	ED0-2	M	Y15-64	THS_PER	FRD2	2016	155.7		
ESTAT:LFST_R_LFSD2POP(1.0)	17/04/26 11:00:00	A	ED0-2	M	Y15-64	THS_PER	FRE1	2016	340.9		
ESTAT:LFST_R_LFSD2POP(1.0)	17/04/26 11:00:00	A	ED0-2	M	Y15-64	THS_PER	FRE2	2016	195.0		
ESTAT:LFST_R_LFSD2POP(1.0)	17/04/26 11:00:00	A	ED0-2	M	Y15-64	THS_PER	FRF1	2016	128.4		
ESTAT:LFST_R_LFSD2POP(1.0)	17/04/26 11:00:00	A	ED0-2	M	Y15-64	THS_PER	FRF2	2016	128.6		
ESTAT:LFST_R_LFSD2POP(1.0)	17/04/26 11:00:00	A	ED0-2	M	Y15-64	THS_PER	FRF3	2016	173.1		
ESTAT:LFST_R_LFSD2POP(1.0)	17/04/26 11:00:00	A	ED0-2	M	Y15-64	THS_PER	FRG0	2016	249.9		
ESTAT:LFST_R_LFSD2POP(1.0)	17/04/26 11:00:00	A	ED0-2	M	Y15-64	THS_PER	FRH0	2016	194.2		
ESTAT:LFST_R_LFSD2POP(1.0)	17/04/26 11:00:00	A	ED0-2	M	Y15-64	THS_PER	FRI1	2016	246.6		
ESTAT:LFST_R_LFSD2POP(1.0)	17/04/26 11:00:00	A	ED0-2	M	Y15-64	THS_PER	FRI2	2016	46.1		
ESTAT:LFST_R_LFSD2POP(1.0)	17/04/26 11:00:00	A	ED0-2	M	Y15-64	THS_PER	FRI3	2016	133.2		
ESTAT:LFST_R_LFSD2POP(1.0)	17/04/26 11:00:00	A	ED0-2	M	Y15-64	THS_PER	FRJ1	2016	265.7		
ESTAT:LFST_R_LFSD2POP(1.0)	17/04/26 11:00:00	A	ED0-2	M	Y15-64	THS_PER	FRJ2	2016	197.6		
ESTAT:LFST_R_LFSD2POP(1.0)	17/04/26 11:00:00	A	ED0-2	M	Y15-64	THS_PER	FRK1	2016	93.1		
ESTAT:LFST_R_LFSD2POP(1.0)	17/04/26 11:00:00	A	ED0-2	M	Y15-64	THS_PER	FRK2	2016	447.1		
ESTAT:LFST_R_LFSD2POP(1.0)	17/04/26 11:00:00	A	ED0-2	M	Y15-64	THS_PER	FRL0	2016	396.1		
ESTAT:LFST_R_LFSD2POP(1.0)	17/04/26 11:00:00	A	ED0-2	M	Y15-64	THS_PER	FRM0	2016	24.9	u	
ESTAT:LFST_R_LFSD2POP(1.0)	17/04/26 11:00:00	A	ED0-2	M	Y15-74	THS_PER	FR10	2016	1064.0		
ESTAT:LFST_R_LFSD2POP(1.0)	17/04/26 11:00:00	A	ED0-2	M	Y15-74	THS_PER	FRB0	2016	234.2		
ESTAT:LFST_R_LFSD2POP(1.0)	17/04/26 11:00:00	A	ED0-2	M	Y15-74	THS_PER	FRC1	2016	146.7		
ESTAT:LFST_R_LFSD2POP(1.0)	17/04/26 11:00:00	A	ED0-2	M	Y15-74	THS_PER	FRC2	2016	109.6		
ESTAT:LFST_R_LFSD2POP(1.0)	17/04/26 11:00:00	A	ED0-2	M	Y15-74	THS_PER	FRD1	2016	157.5		
ESTAT:LFST_R_LFSD2POP(1.0)	17/04/26 11:00:00	A	ED0-2	M	Y15-74	THS_PER	FRD2	2016	189.2		
ESTAT:LFST_R_LFSD2POP(1.0)	17/04/26 11:00:00	A	ED0-2	M	Y15-74	THS_PER	FRE1	2016	417.1		
ESTAT:LFST_R_LFSD2POP(1.0)	17/04/26 11:00:00	A	ED0-2	M	Y15-74	THS_PER	FRE2	2016	230.9		
ESTAT:LFST_R_LFSD2POP(1.0)	17/04/26 11:00:00	A	ED0-2	M	Y15-74	THS_PER	FRF1	2016	148.7		
ESTAT:LFST_R_LFSD2POP(1.0)	17/04/26 11:00:00	A	ED0-2	M	Y15-74	THS_PER	FRF2	2016	156.2		
ESTAT:LFST_R_LFSD2POP(1.0)	17/04/26 11:00:00	A	ED0-2	M	Y15-74	THS_PER	FRF3	2016	214.4		
ESTAT:LFST_R_LFSD2POP(1.0)	17/04/26 11:00:00	A	ED0-2	M	Y15-74	THS_PER	FRG0	2016	311.7		
ESTAT:LFST_R_LFSD2POP(1.0)	17/04/26 11:00:00	A	ED0-2	M	Y15-74	THS_PER	FRH0	2016	247.7		
ESTAT:LFST_R_LFSD2POP(1.0)	17/04/26 11:00:00	A	ED0-2	M	Y15-74	THS_PER	FRI1	2016	306.0		
ESTAT:LFST_R_LFSD2POP(1.0)	17/04/26 11:00:00	A	ED0-2	M	Y15-74	THS_PER	FRI2	2016	56.4		
ESTAT:LFST_R_LFSD2POP(1.0)	17/04/26 11:00:00	A	ED0-2	M	Y15-74	THS_PER	FRI3	2016	176.1		
ESTAT:LFST_R_LFSD2POP(1.0)	17/04/26 11:00:00	A	ED0-2	M	Y15-74	THS_PER	FRJ1	2016	324.6		
ESTAT:LFST_R_LFSD2POP(1.0)	17/04/26 11:00:00	A	ED0-2	M	Y15-74	THS_PER	FRJ2	2016	251.3		
ESTAT:LFST_R_LFSD2POP(1.0)	17/04/26 11:00:00	A	ED0-2	M	Y15-74	THS_PER	FRK1	2016	125.7		
ESTAT:LFST_R_LFSD2POP(1.0)	17/04/26 11:00:00	A	ED0-2	M	Y15-74	THS_PER	FRK2	2016	548.1		
ESTAT:LFST_R_LFSD2POP(1.0)	17/04/26 11:00:00	A	ED0-2	M	Y15-74	THS_PER	FRL0	2016	488.7		
ESTAT:LFST_R_LFSD2POP(1.0)	17/04/26 11:00:00	A	ED0-2	M	Y15-74	THS_PER	FRM0	2016	33.3	u	
ESTAT:LFST_R_LFSD2POP(1.0)	17/04/26 11:00:00	A	ED0-2	M	Y20-64	THS_PER	FR10	2016	639.3		
ESTAT:LFST_R_LFSD2POP(1.0)	17/04/26 11:00:00	A	ED0-2	M	Y20-64	THS_PER	FRB0	2016	136.8		
ESTAT:LFST_R_LFSD2POP(1.0)	17/04/26 11:00:00	A	ED0-2	M	Y20-64	THS_PER	FRC1	2016	86.4		
ESTAT:LFST_R_LFSD2POP(1.0)	17/04/26 11:00:00	A	ED0-2	M	Y20-64	THS_PER	FRC2	2016	60.8		
ESTAT:LFST_R_LFSD2POP(1.0)	17/04/26 11:00:00	A	ED0-2	M	Y20-64	THS_PER	FRD1	2016	94.3		
ESTAT:LFST_R_LFSD2POP(1.0)	17/04/26 11:00:00	A	ED0-2	M	Y20-64	THS_PER	FRD2	2016	119.8		
ESTAT:LFST_R_LFSD2POP(1.0)	17/04/26 11:00:00	A	ED0-2	M	Y20-64	THS_PER	FRE1	2016	256.6		
ESTAT:LFST_R_LFSD2POP(1.0)	17/04/26 11:00:00	A	ED0-2	M	Y20-64	THS_PER	FRE2	2016	153.7		
ESTAT:LFST_R_LFSD2POP(1.0)	17/04/26 11:00:00	A	ED0-2	M	Y20-64	THS_PER	FRF1	2016	93.1		
ESTAT:LFST_R_LFSD2POP(1.0)	17/04/26 11:00:00	A	ED0-2	M	Y20-64	THS_PER	FRF2	2016	98.6		
ESTAT:LFST_R_LFSD2POP(1.0)	17/04/26 11:00:00	A	ED0-2	M	Y20-64	THS_PER	FRF3	2016	125.5		
ESTAT:LFST_R_LFSD2POP(1.0)	17/04/26 11:00:00	A	ED0-2	M	Y20-64	THS_PER	FRG0	2016	162.3		
ESTAT:LFST_R_LFSD2POP(1.0)	17/04/26 11:00:00	A	ED0-2	M	Y20-64	THS_PER	FRH0	2016	123.2		
ESTAT:LFST_R_LFSD2POP(1.0)	17/04/26 11:00:00	A	ED0-2	M	Y20-64	THS_PER	FRI1	2016	173.6		
ESTAT:LFST_R_LFSD2POP(1.0)	17/04/26 11:00:00	A	ED0-2	M	Y20-64	THS_PER	FRI2	2016	36.2		
ESTAT:LFST_R_LFSD2POP(1.0)	17/04/26 11:00:00	A	ED0-2	M	Y20-64	THS_PER	FRI3	2016	98.8		
ESTAT:LFST_R_LFSD2POP(1.0)	17/04/26 11:00:00	A	ED0-2	M	Y20-64	THS_PER	FRJ1	2016	199.1		
ESTAT:LFST_R_LFSD2POP(1.0)	17/04/26 11:00:00	A	ED0-2	M	Y20-64	THS_PER	FRJ2	2016	134.5		
ESTAT:LFST_R_LFSD2POP(1.0)	17/04/26 11:00:00	A	ED0-2	M	Y20-64	THS_PER	FRK1	2016	65.9		
ESTAT:LFST_R_LFSD2POP(1.0)	17/04/26 11:00:00	A	ED0-2	M	Y20-64	THS_PER	FRK2	2016	309.6		
ESTAT:LFST_R_LFSD2POP(1.0)	17/04/26 11:00:00	A	ED0-2	M	Y20-64	THS_PER	FRL0	2016	298.5		
ESTAT:LFST_R_LFSD2POP(1.0)	17/04/26 11:00:00	A	ED0-2	M	Y20-64	THS_PER	FRM0	2016	17.8	u	
ESTAT:LFST_R_LFSD2POP(1.0)	17/04/26 11:00:00	A	ED0-2	M	Y25-34	THS_PER	FR10	2016	105.8		
ESTAT:LFST_R_LFSD2POP(1.0)	17/04/26 11:00:00	A	ED0-2	M	Y25-34	THS_PER	FRB0	2016	22.9		
ESTAT:LFST_R_LFSD2POP(1.0)	17/04/26 11:00:00	A	ED0-2	M	Y25-34	THS_PER	FRC1	2016	18.5		
ESTAT:LFST_R_LFSD2POP(1.0)	17/04/26 11:00:00	A	ED0-2	M	Y25-34	THS_PER	FRC2	2016	5.5	u	
ESTAT:LFST_R_LFSD2POP(1.0)	17/04/26 11:00:00	A	ED0-2	M	Y25-34	THS_PER	FRD1	2016	11.9		
ESTAT:LFST_R_LFSD2POP(1.0)	17/04/26 11:00:00	A	ED0-2	M	Y25-34	THS_PER	FRD2	2016	15.4		
ESTAT:LFST_R_LFSD2POP(1.0)	17/04/26 11:00:00	A	ED0-2	M	Y25-34	THS_PER	FRE1	2016	47.5		
ESTAT:LFST_R_LFSD2POP(1.0)	17/04/26 11:00:00	A	ED0-2	M	Y25-34	THS_PER	FRE2	2016	26.7		
ESTAT:LFST_R_LFSD2POP(1.0)	17/04/26 11:00:00	A	ED0-2	M	Y25-34	THS_PER	FRF1	2016	15.0		
ESTAT:LFST_R_LFSD2POP(1.0)	17/04/26 11:00:00	A	ED0-2	M	Y25-34	THS_PER	FRF2	2016	14.8		
ESTAT:LFST_R_LFSD2POP(1.0)	17/04/26 11:00:00	A	ED0-2	M	Y25-34	THS_PER	FRF3	2016	18.4		
ESTAT:LFST_R_LFSD2POP(1.0)	17/04/26 11:00:00	A	ED0-2	M	Y25-34	THS_PER	FRG0	2016	22.0		
ESTAT:LFST_R_LFSD2POP(1.0)	17/04/26 11:00:00	A	ED0-2	M	Y25-34	THS_PER	FRH0	2016	16.2		
ESTAT:LFST_R_LFSD2POP(1.0)	17/04/26 11:00:00	A	ED0-2	M	Y25-34	THS_PER	FRI1	2016	25.6		
ESTAT:LFST_R_LFSD2POP(1.0)	17/04/26 11:00:00	A	ED0-2	M	Y25-34	THS_PER	FRI2	2016	3.7	u	
ESTAT:LFST_R_LFSD2POP(1.0)	17/04/26 11:00:00	A	ED0-2	M	Y25-34	THS_PER	FRI3	2016	10.5		
ESTAT:LFST_R_LFSD2POP(1.0)	17/04/26 11:00:00	A	ED0-2	M	Y25-34	THS_PER	FRJ1	2016	24.5		
ESTAT:LFST_R_LFSD2POP(1.0)	17/04/26 11:00:00	A	ED0-2	M	Y25-34	THS_PER	FRJ2	2016	20.8		
ESTAT:LFST_R_LFSD2POP(1.0)	17/04/26 11:00:00	A	ED0-2	M	Y25-34	THS_PER	FRK1	2016	9.5	u	
ESTAT:LFST_R_LFSD2POP(1.0)	17/04/26 11:00:00	A	ED0-2	M	Y25-34	THS_PER	FRK2	2016	45.9		
ESTAT:LFST_R_LFSD2POP(1.0)	17/04/26 11:00:00	A	ED0-2	M	Y25-34	THS_PER	FRL0	2016	49.3		
ESTAT:LFST_R_LFSD2POP(1.0)	17/04/26 11:00:00	A	ED0-2	M	Y25-34	THS_PER	FRM0	2016	1.7	u	
ESTAT:LFST_R_LFSD2POP(1.0)	17/04/26 11:00:00	A	ED0-2	M	Y25-64	THS_PER	FR10	2016	592.1		
ESTAT:LFST_R_LFSD2POP(1.0)	17/04/26 11:00:00	A	ED0-2	M	Y25-64	THS_PER	FRB0	2016	126.2		
ESTAT:LFST_R_LFSD2POP(1.0)	17/04/26 11:00:00	A	ED0-2	M	Y25-64	THS_PER	FRC1	2016	81.4		
ESTAT:LFST_R_LFSD2POP(1.0)	17/04/26 11:00:00	A	ED0-2	M	Y25-64	THS_PER	FRC2	2016	56.9		
ESTAT:LFST_R_LFSD2POP(1.0)	17/04/26 11:00:00	A	ED0-2	M	Y25-64	THS_PER	FRD1	2016	91.5		
ESTAT:LFST_R_LFSD2POP(1.0)	17/04/26 11:00:00	A	ED0-2	M	Y25-64	THS_PER	FRD2	2016	113.9		
ESTAT:LFST_R_LFSD2POP(1.0)	17/04/26 11:00:00	A	ED0-2	M	Y25-64	THS_PER	FRE1	2016	231.7		
ESTAT:LFST_R_LFSD2POP(1.0)	17/04/26 11:00:00	A	ED0-2	M	Y25-64	THS_PER	FRE2	2016	147.2		
ESTAT:LFST_R_LFSD2POP(1.0)	17/04/26 11:00:00	A	ED0-2	M	Y25-64	THS_PER	FRF1	2016	87.6		
ESTAT:LFST_R_LFSD2POP(1.0)	17/04/26 11:00:00	A	ED0-2	M	Y25-64	THS_PER	FRF2	2016	91.1		
ESTAT:LFST_R_LFSD2POP(1.0)	17/04/26 11:00:00	A	ED0-2	M	Y25-64	THS_PER	FRF3	2016	116.6		
ESTAT:LFST_R_LFSD2POP(1.0)	17/04/26 11:00:00	A	ED0-2	M	Y25-64	THS_PER	FRG0	2016	150.3		
ESTAT:LFST_R_LFSD2POP(1.0)	17/04/26 11:00:00	A	ED0-2	M	Y25-64	THS_PER	FRH0	2016	116.7		
ESTAT:LFST_R_LFSD2POP(1.0)	17/04/26 11:00:00	A	ED0-2	M	Y25-64	THS_PER	FRI1	2016	162.1		
ESTAT:LFST_R_LFSD2POP(1.0)	17/04/26 11:00:00	A	ED0-2	M	Y25-64	THS_PER	FRI2	2016	34.3		
ESTAT:LFST_R_LFSD2POP(1.0)	17/04/26 11:00:00	A	ED0-2	M	Y25-64	THS_PER	FRI3	2016	93.6		
ESTAT:LFST_R_LFSD2POP(1.0)	17/04/26 11:00:00	A	ED0-2	M	Y25-64	THS_PER	FRJ1	2016	185.5		
ESTAT:LFST_R_LFSD2POP(1.0)	17/04/26 11:00:00	A	ED0-2	M	Y25-64	THS_PER	FRJ2	2016	128.2		
ESTAT:LFST_R_LFSD2POP(1.0)	17/04/26 11:00:00	A	ED0-2	M	Y25-64	THS_PER	FRK1	2016	64.5		
ESTAT:LFST_R_LFSD2POP(1.0)	17/04/26 11:00:00	A	ED0-2	M	Y25-64	THS_PER	FRK2	2016	284.9		
ESTAT:LFST_R_LFSD2POP(1.0)	17/04/26 11:00:00	A	ED0-2	M	Y25-64	THS_PER	FRL0	2016	280.4		
ESTAT:LFST_R_LFSD2POP(1.0)	17/04/26 11:00:00	A	ED0-2	M	Y25-64	THS_PER	FRM0	2016	16.5	u	
ESTAT:LFST_R_LFSD2POP(1.0)	17/04/26 11:00:00	A	ED0-2	M	Y35-44	THS_PER	FR10	2016	135.9		
ESTAT:LFST_R_LFSD2POP(1.0)	17/04/26 11:00:00	A	ED0-2	M	Y35-44	THS_PER	FRB0	2016	19.1		
ESTAT:LFST_R_LFSD2POP(1.0)	17/04/26 11:00:00	A	ED0-2	M	Y35-44	THS_PER	FRC1	2016	12.7		
ESTAT:LFST_R_LFSD2POP(1.0)	17/04/26 11:00:00	A	ED0-2	M	Y35-44	THS_PER	FRC2	2016	16.2		
ESTAT:LFST_R_LFSD2POP(1.0)	17/04/26 11:00:00	A	ED0-2	M	Y35-44	THS_PER	FRD1	2016	13.9		
ESTAT:LFST_R_LFSD2POP(1.0)	17/04/26 11:00:00	A	ED0-2	M	Y35-44	THS_PER	FRD2	2016	24.7		
ESTAT:LFST_R_LFSD2POP(1.0)	17/04/26 11:00:00	A	ED0-2	M	Y35-44	THS_PER	FRE1	2016	43.8		
ESTAT:LFST_R_LFSD2POP(1.0)	17/04/26 11:00:00	A	ED0-2	M	Y35-44	THS_PER	FRE2	2016	28.0		
ESTAT:LFST_R_LFSD2POP(1.0)	17/04/26 11:00:00	A	ED0-2	M	Y35-44	THS_PER	FRF1	2016	22.6		
ESTAT:LFST_R_LFSD2POP(1.0)	17/04/26 11:00:00	A	ED0-2	M	Y35-44	THS_PER	FRF2	2016	13.9		
ESTAT:LFST_R_LFSD2POP(1.0)	17/04/26 11:00:00	A	ED0-2	M	Y35-44	THS_PER	FRF3	2016	21.9		
ESTAT:LFST_R_LFSD2POP(1.0)	17/04/26 11:00:00	A	ED0-2	M	Y35-44	THS_PER	FRG0	2016	29.6		
ESTAT:LFST_R_LFSD2POP(1.0)	17/04/26 11:00:00	A	ED0-2	M	Y35-44	THS_PER	FRH0	2016	17.2		
ESTAT:LFST_R_LFSD2POP(1.0)	17/04/26 11:00:00	A	ED0-2	M	Y35-44	THS_PER	FRI1	2016	33.9		
ESTAT:LFST_R_LFSD2POP(1.0)	17/04/26 11:00:00	A	ED0-2	M	Y35-44	THS_PER	FRI2	2016	6.3	u	
ESTAT:LFST_R_LFSD2POP(1.0)	17/04/26 11:00:00	A	ED0-2	M	Y35-44	THS_PER	FRI3	2016	19.7		
ESTAT:LFST_R_LFSD2POP(1.0)	17/04/26 11:00:00	A	ED0-2	M	Y35-44	THS_PER	FRJ1	2016	47.6		
ESTAT:LFST_R_LFSD2POP(1.0)	17/04/26 11:00:00	A	ED0-2	M	Y35-44	THS_PER	FRJ2	2016	22.4		
ESTAT:LFST_R_LFSD2POP(1.0)	17/04/26 11:00:00	A	ED0-2	M	Y35-44	THS_PER	FRK1	2016	12.1		
ESTAT:LFST_R_LFSD2POP(1.0)	17/04/26 11:00:00	A	ED0-2	M	Y35-44	THS_PER	FRK2	2016	52.7		
ESTAT:LFST_R_LFSD2POP(1.0)	17/04/26 11:00:00	A	ED0-2	M	Y35-44	THS_PER	FRL0	2016	50.0		
ESTAT:LFST_R_LFSD2POP(1.0)	17/04/26 11:00:00	A	ED0-2	M	Y35-44	THS_PER	FRM0	2016	1.7	u	
ESTAT:LFST_R_LFSD2POP(1.0)	17/04/26 11:00:00	A	ED0-2	M	Y45-54	THS_PER	FR10	2016	175.5		
ESTAT:LFST_R_LFSD2POP(1.0)	17/04/26 11:00:00	A	ED0-2	M	Y45-54	THS_PER	FRB0	2016	37.5		
ESTAT:LFST_R_LFSD2POP(1.0)	17/04/26 11:00:00	A	ED0-2	M	Y45-54	THS_PER	FRC1	2016	15.7		
ESTAT:LFST_R_LFSD2POP(1.0)	17/04/26 11:00:00	A	ED0-2	M	Y45-54	THS_PER	FRC2	2016	13.7		
ESTAT:LFST_R_LFSD2POP(1.0)	17/04/26 11:00:00	A	ED0-2	M	Y45-54	THS_PER	FRD1	2016	27.1		
ESTAT:LFST_R_LFSD2POP(1.0)	17/04/26 11:00:00	A	ED0-2	M	Y45-54	THS_PER	FRD2	2016	37.2		
ESTAT:LFST_R_LFSD2POP(1.0)	17/04/26 11:00:00	A	ED0-2	M	Y45-54	THS_PER	FRE1	2016	59.5		
ESTAT:LFST_R_LFSD2POP(1.0)	17/04/26 11:00:00	A	ED0-2	M	Y45-54	THS_PER	FRE2	2016	34.9		
ESTAT:LFST_R_LFSD2POP(1.0)	17/04/26 11:00:00	A	ED0-2	M	Y45-54	THS_PER	FRF1	2016	26.8		
ESTAT:LFST_R_LFSD2POP(1.0)	17/04/26 11:00:00	A	ED0-2	M	Y45-54	THS_PER	FRF2	2016	23.9		
ESTAT:LFST_R_LFSD2POP(1.0)	17/04/26 11:00:00	A	ED0-2	M	Y45-54	THS_PER	FRF3	2016	34.2		
ESTAT:LFST_R_LFSD2POP(1.0)	17/04/26 11:00:00	A	ED0-2	M	Y45-54	THS_PER	FRG0	2016	42.7		
ESTAT:LFST_R_LFSD2POP(1.0)	17/04/26 11:00:00	A	ED0-2	M	Y45-54	THS_PER	FRH0	2016	31.8		
ESTAT:LFST_R_LFSD2POP(1.0)	17/04/26 11:00:00	A	ED0-2	M	Y45-54	THS_PER	FRI1	2016	48.9		
ESTAT:LFST_R_LFSD2POP(1.0)	17/04/26 11:00:00	A	ED0-2	M	Y45-54	THS_PER	FRI2	2016	9.8	u	
ESTAT:LFST_R_LFSD2POP(1.0)	17/04/26 11:00:00	A	ED0-2	M	Y45-54	THS_PER	FRI3	2016	32.9		
ESTAT:LFST_R_LFSD2POP(1.0)	17/04/26 11:00:00	A	ED0-2	M	Y45-54	THS_PER	FRJ1	2016	41.5		
ESTAT:LFST_R_LFSD2POP(1.0)	17/04/26 11:00:00	A	ED0-2	M	Y45-54	THS_PER	FRJ2	2016	33.8		
ESTAT:LFST_R_LFSD2POP(1.0)	17/04/26 11:00:00	A	ED0-2	M	Y45-54	THS_PER	FRK1	2016	16.7		
ESTAT:LFST_R_LFSD2POP(1.0)	17/04/26 11:00:00	A	ED0-2	M	Y45-54	THS_PER	FRK2	2016	85.3		
ESTAT:LFST_R_LFSD2POP(1.0)	17/04/26 11:00:00	A	ED0-2	M	Y45-54	THS_PER	FRL0	2016	84.9		
ESTAT:LFST_R_LFSD2POP(1.0)	17/04/26 11:00:00	A	ED0-2	M	Y45-54	THS_PER	FRM0	2016	2.6	u	
ESTAT:LFST_R_LFSD2POP(1.0)	17/04/26 11:00:00	A	ED0-2	M	Y55-64	THS_PER	FR10	2016	174.9		
ESTAT:LFST_R_LFSD2POP(1.0)	17/04/26 11:00:00	A	ED0-2	M	Y55-64	THS_PER	FRB0	2016	46.8		
ESTAT:LFST_R_LFSD2POP(1.0)	17/04/26 11:00:00	A	ED0-2	M	Y55-64	THS_PER	FRC1	2016	34.4		
ESTAT:LFST_R_LFSD2POP(1.0)	17/04/26 11:00:00	A	ED0-2	M	Y55-64	THS_PER	FRC2	2016	21.6		
ESTAT:LFST_R_LFSD2POP(1.0)	17/04/26 11:00:00	A	ED0-2	M	Y55-64	THS_PER	FRD1	2016	38.6		
ESTAT:LFST_R_LFSD2POP(1.0)	17/04/26 11:00:00	A	ED0-2	M	Y55-64	THS_PER	FRD2	2016	36.6		
ESTAT:LFST_R_LFSD2POP(1.0)	17/04/26 11:00:00	A	ED0-2	M	Y55-64	THS_PER	FRE1	2016	80.8		
ESTAT:LFST_R_LFSD2POP(1.0)	17/04/26 11:00:00	A	ED0-2	M	Y55-64	THS_PER	FRE2	2016	57.6		
ESTAT:LFST_R_LFSD2POP(1.0)	17/04/26 11:00:00	A	ED0-2	M	Y55-64	THS_PER	FRF1	2016	23.2		
ESTAT:LFST_R_LFSD2POP(1.0)	17/04/26 11:00:00	A	ED0-2	M	Y55-64	THS_PER	FRF2	2016	38.6		
ESTAT:LFST_R_LFSD2POP(1.0)	17/04/26 11:00:00	A	ED0-2	M	Y55-64	THS_PER	FRF3	2016	42.1		
ESTAT:LFST_R_LFSD2POP(1.0)	17/04/26 11:00:00	A	ED0-2	M	Y55-64	THS_PER	FRG0	2016	56.1		
ESTAT:LFST_R_LFSD2POP(1.0)	17/04/26 11:00:00	A	ED0-2	M	Y55-64	THS_PER	FRH0	2016	51.5		
ESTAT:LFST_R_LFSD2POP(1.0)	17/04/26 11:00:00	A	ED0-2	M	Y55-64	THS_PER	FRI1	2016	53.6		
ESTAT:LFST_R_LFSD2POP(1.0)	17/04/26 11:00:00	A	ED0-2	M	Y55-64	THS_PER	FRI2	2016	14.4		
ESTAT:LFST_R_LFSD2POP(1.0)	17/04/26 11:00:00	A	ED0-2	M	Y55-64	THS_PER	FRI3	2016	30.6		
ESTAT:LFST_R_LFSD2POP(1.0)	17/04/26 11:00:00	A	ED0-2	M	Y55-64	THS_PER	FRJ1	2016	71.9		
ESTAT:LFST_R_LFSD2POP(1.0)	17/04/26 11:00:00	A	ED0-2	M	Y55-64	THS_PER	FRJ2	2016	51.2		
ESTAT:LFST_R_LFSD2POP(1.0)	17/04/26 11:00:00	A	ED0-2	M	Y55-64	THS_PER	FRK1	2016	26.1		
ESTAT:LFST_R_LFSD2POP(1.0)	17/04/26 11:00:00	A	ED0-2	M	Y55-64	THS_PER	FRK2	2016	100.9		
ESTAT:LFST_R_LFSD2POP(1.0)	17/04/26 11:00:00	A	ED0-2	M	Y55-64	THS_PER	FRL0	2016	96.2		
ESTAT:LFST_R_LFSD2POP(1.0)	17/04/26 11:00:00	A	ED0-2	M	Y55-64	THS_PER	FRM0	2016	10.5	u	
ESTAT:LFST_R_LFSD2POP(1.0)	17/04/26 11:00:00	A	ED0-2	M	Y_GE15	THS_PER	FR10	2016	1190.7		
ESTAT:LFST_R_LFSD2POP(1.0)	17/04/26 11:00:00	A	ED0-2	M	Y_GE15	THS_PER	FRB0	2016	284.1		
ESTAT:LFST_R_LFSD2POP(1.0)	17/04/26 11:00:00	A	ED0-2	M	Y_GE15	THS_PER	FRC1	2016	183.1		
ESTAT:LFST_R_LFSD2POP(1.0)	17/04/26 11:00:00	A	ED0-2	M	Y_GE15	THS_PER	FRC2	2016	126.4		
ESTAT:LFST_R_LFSD2POP(1.0)	17/04/26 11:00:00	A	ED0-2	M	Y_GE15	THS_PER	FRD1	2016	192.8		
ESTAT:LFST_R_LFSD2POP(1.0)	17/04/26 11:00:00	A	ED0-2	M	Y_GE15	THS_PER	FRD2	2016	220.4		
ESTAT:LFST_R_LFSD2POP(1.0)	17/04/26 11:00:00	A	ED0-2	M	Y_GE15	THS_PER	FRE1	2016	472.9		
ESTAT:LFST_R_LFSD2POP(1.0)	17/04/26 11:00:00	A	ED0-2	M	Y_GE15	THS_PER	FRE2	2016	270.1		
ESTAT:LFST_R_LFSD2POP(1.0)	17/04/26 11:00:00	A	ED0-2	M	Y_GE15	THS_PER	FRF1	2016	170.9		
ESTAT:LFST_R_LFSD2POP(1.0)	17/04/26 11:00:00	A	ED0-2	M	Y_GE15	THS_PER	FRF2	2016	180.0		
ESTAT:LFST_R_LFSD2POP(1.0)	17/04/26 11:00:00	A	ED0-2	M	Y_GE15	THS_PER	FRF3	2016	258.0		
ESTAT:LFST_R_LFSD2POP(1.0)	17/04/26 11:00:00	A	ED0-2	M	Y_GE15	THS_PER	FRG0	2016	378.4		
ESTAT:LFST_R_LFSD2POP(1.0)	17/04/26 11:00:00	A	ED0-2	M	Y_GE15	THS_PER	FRH0	2016	314.9		
ESTAT:LFST_R_LFSD2POP(1.0)	17/04/26 11:00:00	A	ED0-2	M	Y_GE15	THS_PER	FRI1	2016	376.5		
ESTAT:LFST_R_LFSD2POP(1.0)	17/04/26 11:00:00	A	ED0-2	M	Y_GE15	THS_PER	FRI2	2016	75.1		
ESTAT:LFST_R_LFSD2POP(1.0)	17/04/26 11:00:00	A	ED0-2	M	Y_GE15	THS_PER	FRI3	2016	221.8		
ESTAT:LFST_R_LFSD2POP(1.0)	17/04/26 11:00:00	A	ED0-2	M	Y_GE15	THS_PER	FRJ1	2016	383.0		
ESTAT:LFST_R_LFSD2POP(1.0)	17/04/26 11:00:00	A	ED0-2	M	Y_GE15	THS_PER	FRJ2	2016	315.1		
ESTAT:LFST_R_LFSD2POP(1.0)	17/04/26 11:00:00	A	ED0-2	M	Y_GE15	THS_PER	FRK1	2016	154.0		
ESTAT:LFST_R_LFSD2POP(1.0)	17/04/26 11:00:00	A	ED0-2	M	Y_GE15	THS_PER	FRK2	2016	640.0		
ESTAT:LFST_R_LFSD2POP(1.0)	17/04/26 11:00:00	A	ED0-2	M	Y_GE15	THS_PER	FRL0	2016	586.0		
ESTAT:LFST_R_LFSD2POP(1.0)	17/04/26 11:00:00	A	ED0-2	M	Y_GE15	THS_PER	FRM0	2016	51.8	u	
ESTAT:LFST_R_LFSD2POP(1.0)	17/04/26 11:00:00	A	ED0-2	M	Y_GE25	THS_PER	FR10	2016	881.6		
ESTAT:LFST_R_LFSD2POP(1.0)	17/04/26 11:00:00	A	ED0-2	M	Y_GE25	THS_PER	FRB0	2016	229.3		
ESTAT:LFST_R_LFSD2POP(1.0)	17/04/26 11:00:00	A	ED0-2	M	Y_GE25	THS_PER	FRC1	2016	149.1		
ESTAT:LFST_R_LFSD2POP(1.0)	17/04/26 11:00:00	A	ED0-2	M	Y_GE25	THS_PER	FRC2	2016	97.0		
ESTAT:LFST_R_LFSD2POP(1.0)	17/04/26 11:00:00	A	ED0-2	M	Y_GE25	THS_PER	FRD1	2016	157.0		
ESTAT:LFST_R_LFSD2POP(1.0)	17/04/26 11:00:00	A	ED0-2	M	Y_GE25	THS_PER	FRD2	2016	178.6		
ESTAT:LFST_R_LFSD2POP(1.0)	17/04/26 11:00:00	A	ED0-2	M	Y_GE25	THS_PER	FRE1	2016	363.6		
ESTAT:LFST_R_LFSD2POP(1.0)	17/04/26 11:00:00	A	ED0-2	M	Y_GE25	THS_PER	FRE2	2016	222.2		
ESTAT:LFST_R_LFSD2POP(1.0)	17/04/26 11:00:00	A	ED0-2	M	Y_GE25	THS_PER	FRF1	2016	130.1		
ESTAT:LFST_R_LFSD2POP(1.0)	17/04/26 11:00:00	A	ED0-2	M	Y_GE25	THS_PER	FRF2	2016	142.6		
ESTAT:LFST_R_LFSD2POP(1.0)	17/04/26 11:00:00	A	ED0-2	M	Y_GE25	THS_PER	FRF3	2016	201.6		
ESTAT:LFST_R_LFSD2POP(1.0)	17/04/26 11:00:00	A	ED0-2	M	Y_GE25	THS_PER	FRG0	2016	278.8		
ESTAT:LFST_R_LFSD2POP(1.0)	17/04/26 11:00:00	A	ED0-2	M	Y_GE25	THS_PER	FRH0	2016	237.5		
ESTAT:LFST_R_LFSD2POP(1.0)	17/04/26 11:00:00	A	ED0-2	M	Y_GE25	THS_PER	FRI1	2016	292.0		
ESTAT:LFST_R_LFSD2POP(1.0)	17/04/26 11:00:00	A	ED0-2	M	Y_GE25	THS_PER	FRI2	2016	63.2		
ESTAT:LFST_R_LFSD2POP(1.0)	17/04/26 11:00:00	A	ED0-2	M	Y_GE25	THS_PER	FRI3	2016	182.2		
ESTAT:LFST_R_LFSD2POP(1.0)	17/04/26 11:00:00	A	ED0-2	M	Y_GE25	THS_PER	FRJ1	2016	302.7		
ESTAT:LFST_R_LFSD2POP(1.0)	17/04/26 11:00:00	A	ED0-2	M	Y_GE25	THS_PER	FRJ2	2016	245.7		
ESTAT:LFST_R_LFSD2POP(1.0)	17/04/26 11:00:00	A	ED0-2	M	Y_GE25	THS_PER	FRK1	2016	125.4		
ESTAT:LFST_R_LFSD2POP(1.0)	17/04/26 11:00:00	A	ED0-2	M	Y_GE25	THS_PER	FRK2	2016	477.7		
ESTAT:LFST_R_LFSD2POP(1.0)	17/04/26 11:00:00	A	ED0-2	M	Y_GE25	THS_PER	FRL0	2016	470.3		
ESTAT:LFST_R_LFSD2POP(1.0)	17/04/26 11:00:00	A	ED0-2	M	Y_GE25	THS_PER	FRM0	2016	43.4	u	
ESTAT:LFST_R_LFSD2POP(1.0)	17/04/26 11:00:00	A	ED0-2	M	Y_GE65	THS_PER	FR10	2016	289.5		
ESTAT:LFST_R_LFSD2POP(1.0)	17/04/26 11:00:00	A	ED0-2	M	Y_GE65	THS_PER	FRB0	2016	103.0		
ESTAT:LFST_R_LFSD2POP(1.0)	17/04/26 11:00:00	A	ED0-2	M	Y_GE65	THS_PER	FRC1	2016	67.7		
ESTAT:LFST_R_LFSD2POP(1.0)	17/04/26 11:00:00	A	ED0-2	M	Y_GE65	THS_PER	FRC2	2016	40.1		
ESTAT:LFST_R_LFSD2POP(1.0)	17/04/26 11:00:00	A	ED0-2	M	Y_GE65	THS_PER	FRD1	2016	65.5		
ESTAT:LFST_R_LFSD2POP(1.0)	17/04/26 11:00:00	A	ED0-2	M	Y_GE65	THS_PER	FRD2	2016	64.7		
ESTAT:LFST_R_LFSD2POP(1.0)	17/04/26 11:00:00	A	ED0-2	M	Y_GE65	THS_PER	FRE1	2016	132.0		
ESTAT:LFST_R_LFSD2POP(1.0)	17/04/26 11:00:00	A	ED0-2	M	Y_GE65	THS_PER	FRE2	2016	75.0		
ESTAT:LFST_R_LFSD2POP(1.0)	17/04/26 11:00:00	A	ED0-2	M	Y_GE65	THS_PER	FRF1	2016	42.5		
ESTAT:LFST_R_LFSD2POP(1.0)	17/04/26 11:00:00	A	ED0-2	M	Y_GE65	THS_PER	FRF2	2016	51.5		
ESTAT:LFST_R_LFSD2POP(1.0)	17/04/26 11:00:00	A	ED0-2	M	Y_GE65	THS_PER	FRF3	2016	84.9		
ESTAT:LFST_R_LFSD2POP(1.0)	17/04/26 11:00:00	A	ED0-2	M	Y_GE65	THS_PER	FRG0	2016	128.5		
ESTAT:LFST_R_LFSD2POP(1.0)	17/04/26 11:00:00	A	ED0-2	M	Y_GE65	THS_PER	FRH0	2016	120.7		
ESTAT:LFST_R_LFSD2POP(1.0)	17/04/26 11:00:00	A	ED0-2	M	Y_GE65	THS_PER	FRI1	2016	129.9		
ESTAT:LFST_R_LFSD2POP(1.0)	17/04/26 11:00:00	A	ED0-2	M	Y_GE65	THS_PER	FRI2	2016	29.0		
ESTAT:LFST_R_LFSD2POP(1.0)	17/04/26 11:00:00	A	ED0-2	M	Y_GE65	THS_PER	FRI3	2016	88.5		
ESTAT:LFST_R_LFSD2POP(1.0)	17/04/26 11:00:00	A	ED0-2	M	Y_GE65	THS_PER	FRJ1	2016	117.2		
ESTAT:LFST_R_LFSD2POP(1.0)	17/04/26 11:00:00	A	ED0-2	M	Y_GE65	THS_PER	FRJ2	2016	117.5		
ESTAT:LFST_R_LFSD2POP(1.0)	17/04/26 11:00:00	A	ED0-2	M	Y_GE65	THS_PER	FRK1	2016	61.0		
ESTAT:LFST_R_LFSD2POP(1.0)	17/04/26 11:00:00	A	ED0-2	M	Y_GE65	THS_PER	FRK2	2016	192.9		
ESTAT:LFST_R_LFSD2POP(1.0)	17/04/26 11:00:00	A	ED0-2	M	Y_GE65	THS_PER	FRL0	2016	189.9		
ESTAT:LFST_R_LFSD2POP(1.0)	17/04/26 11:00:00	A	ED0-2	M	Y_GE65	THS_PER	FRM0	2016	26.9	u	
ESTAT:LFST_R_LFSD2POP(1.0)	17/04/26 11:00:00	A	ED0-2	T	Y15-24	THS_PER	FR10	2016	581.0		
ESTAT:LFST_R_LFSD2POP(1.0)	17/04/26 11:00:00	A	ED0-2	T	Y15-24	THS_PER	FRB0	2016	111.0		
ESTAT:LFST_R_LFSD2POP(1.0)	17/04/26 11:00:00	A	ED0-2	T	Y15-24	THS_PER	FRC1	2016	68.8		
ESTAT:LFST_R_LFSD2POP(1.0)	17/04/26 11:00:00	A	ED0-2	T	Y15-24	THS_PER	FRC2	2016	52.4		
ESTAT:LFST_R_LFSD2POP(1.0)	17/04/26 11:00:00	A	ED0-2	T	Y15-24	THS_PER	FRD1	2016	70.0		
ESTAT:LFST_R_LFSD2POP(1.0)	17/04/26 11:00:00	A	ED0-2	T	Y15-24	THS_PER	FRD2	2016	79.1		
ESTAT:LFST_R_LFSD2POP(1.0)	17/04/26 11:00:00	A	ED0-2	T	Y15-24	THS_PER	FRE1	2016	203.9		
ESTAT:LFST_R_LFSD2POP(1.0)	17/04/26 11:00:00	A	ED0-2	T	Y15-24	THS_PER	FRE2	2016	94.4		
ESTAT:LFST_R_LFSD2POP(1.0)	17/04/26 11:00:00	A	ED0-2	T	Y15-24	THS_PER	FRF1	2016	75.8		
ESTAT:LFST_R_LFSD2POP(1.0)	17/04/26 11:00:00	A	ED0-2	T	Y15-24	THS_PER	FRF2	2016	64.0		
ESTAT:LFST_R_LFSD2POP(1.0)	17/04/26 11:00:00	A	ED0-2	T	Y15-24	THS_PER	FRF3	2016	104.9		
ESTAT:LFST_R_LFSD2POP(1.0)	17/04/26 11:00:00	A	ED0-2	T	Y15-24	THS_PER	FRG0	2016	184.0		
ESTAT:LFST_R_LFSD2POP(1.0)	17/04/26 11:00:00	A	ED0-2	T	Y15-24	THS_PER	FRH0	2016	143.1		
ESTAT:LFST_R_LFSD2POP(1.0)	17/04/26 11:00:00	A	ED0-2	T	Y15-24	THS_PER	FRI1	2016	147.5		
ESTAT:LFST_R_LFSD2POP(1.0)	17/04/26 11:00:00	A	ED0-2	T	Y15-24	THS_PER	FRI2	2016	25.9		
ESTAT:LFST_R_LFSD2POP(1.0)	17/04/26 11:00:00	A	ED0-2	T	Y15-24	THS_PER	FRI3	2016	74.1		
ESTAT:LFST_R_LFSD2POP(1.0)	17/04/26 11:00:00	A	ED0-2	T	Y15-24	THS_PER	FRJ1	2016	140.1		
ESTAT:LFST_R_LFSD2POP(1.0)	17/04/26 11:00:00	A	ED0-2	T	Y15-24	THS_PER	FRJ2	2016	131.6		
ESTAT:LFST_R_LFSD2POP(1.0)	17/04/26 11:00:00	A	ED0-2	T	Y15-24	THS_PER	FRK1	2016	58.7		
ESTAT:LFST_R_LFSD2POP(1.0)	17/04/26 11:00:00	A	ED0-2	T	Y15-24	THS_PER	FRK2	2016	309.7		
ESTAT:LFST_R_LFSD2POP(1.0)	17/04/26 11:00:00	A	ED0-2	T	Y15-24	THS_PER	FRL0	2016	237.1		
ESTAT:LFST_R_LFSD2POP(1.0)	17/04/26 11:00:00	A	ED0-2	T	Y15-24	THS_PER	FRM0	2016	13.6	u	
ESTAT:LFST_R_LFSD2POP(1.0)	17/04/26 11:00:00	A	ED0-2	T	Y15-64	THS_PER	FR10	2016	1842.2		
ESTAT:LFST_R_LFSD2POP(1.0)	17/04/26 11:00:00	A	ED0-2	T	Y15-64	THS_PER	FRB0	2016	384.4		
ESTAT:LFST_R_LFSD2POP(1.0)	17/04/26 11:00:00	A	ED0-2	T	Y15-64	THS_PER	FRC1	2016	253.9		
ESTAT:LFST_R_LFSD2POP(1.0)	17/04/26 11:00:00	A	ED0-2	T	Y15-64	THS_PER	FRC2	2016	180.8		
ESTAT:LFST_R_LFSD2POP(1.0)	17/04/26 11:00:00	A	ED0-2	T	Y15-64	THS_PER	FRD1	2016	258.5		
ESTAT:LFST_R_LFSD2POP(1.0)	17/04/26 11:00:00	A	ED0-2	T	Y15-64	THS_PER	FRD2	2016	325.5		
ESTAT:LFST_R_LFSD2POP(1.0)	17/04/26 11:00:00	A	ED0-2	T	Y15-64	THS_PER	FRE1	2016	712.1		
ESTAT:LFST_R_LFSD2POP(1.0)	17/04/26 11:00:00	A	ED0-2	T	Y15-64	THS_PER	FRE2	2016	386.1		
ESTAT:LFST_R_LFSD2POP(1.0)	17/04/26 11:00:00	A	ED0-2	T	Y15-64	THS_PER	FRF1	2016	258.7		
ESTAT:LFST_R_LFSD2POP(1.0)	17/04/26 11:00:00	A	ED0-2	T	Y15-64	THS_PER	FRF2	2016	264.6		
ESTAT:LFST_R_LFSD2POP(1.0)	17/04/26 11:00:00	A	ED0-2	T	Y15-64	THS_PER	FRF3	2016	364.5		
ESTAT:LFST_R_LFSD2POP(1.0)	17/04/26 11:00:00	A	ED0-2	T	Y15-64	THS_PER	FRG0	2016	516.0		
ESTAT:LFST_R_LFSD2POP(1.0)	17/04/26 11:00:00	A	ED0-2	T	Y15-64	THS_PER	FRH0	2016	401.3		
ESTAT:LFST_R_LFSD2POP(1.0)	17/04/26 11:00:00	A	ED0-2	T	Y15-64	THS_PER	FRI1	2016	471.6		
ESTAT:LFST_R_LFSD2POP(1.0)	17/04/26 11:00:00	A	ED0-2	T	Y15-64	THS_PER	FRI2	2016	95.4		
ESTAT:LFST_R_LFSD2POP(1.0)	17/04/26 11:00:00	A	ED0-2	T	Y15-64	THS_PER	FRI3	2016	267.3		
ESTAT:LFST_R_LFSD2POP(1.0)	17/04/26 11:00:00	A	ED0-2	T	Y15-64	THS_PER	FRJ1	2016	518.0		
ESTAT:LFST_R_LFSD2POP(1.0)	17/04/26 11:00:00	A	ED0-2	T	Y15-64	THS_PER	FRJ2	2016	395.7		
ESTAT:LFST_R_LFSD2POP(1.0)	17/04/26 11:00:00	A	ED0-2	T	Y15-64	THS_PER	FRK1	2016	196.0		
ESTAT:LFST_R_LFSD2POP(1.0)	17/04/26 11:00:00	A	ED0-2	T	Y15-64	THS_PER	FRK2	2016	902.2		
ESTAT:LFST_R_LFSD2POP(1.0)	17/04/26 11:00:00	A	ED0-2	T	Y15-64	THS_PER	FRL0	2016	798.7		
ESTAT:LFST_R_LFSD2POP(1.0)	17/04/26 11:00:00	A	ED0-2	T	Y15-64	THS_PER	FRM0	2016	43.0	u	
ESTAT:LFST_R_LFSD2POP(1.0)	17/04/26 11:00:00	A	ED0-2	T	Y15-74	THS_PER	FR10	2016	2206.4		
ESTAT:LFST_R_LFSD2POP(1.0)	17/04/26 11:00:00	A	ED0-2	T	Y15-74	THS_PER	FRB0	2016	517.5		
ESTAT:LFST_R_LFSD2POP(1.0)	17/04/26 11:00:00	A	ED0-2	T	Y15-74	THS_PER	FRC1	2016	334.1		
ESTAT:LFST_R_LFSD2POP(1.0)	17/04/26 11:00:00	A	ED0-2	T	Y15-74	THS_PER	FRC2	2016	237.9		
ESTAT:LFST_R_LFSD2POP(1.0)	17/04/26 11:00:00	A	ED0-2	T	Y15-74	THS_PER	FRD1	2016	338.1		
ESTAT:LFST_R_LFSD2POP(1.0)	17/04/26 11:00:00	A	ED0-2	T	Y15-74	THS_PER	FRD2	2016	412.9		
ESTAT:LFST_R_LFSD2POP(1.0)	17/04/26 11:00:00	A	ED0-2	T	Y15-74	THS_PER	FRE1	2016	917.5		
ESTAT:LFST_R_LFSD2POP(1.0)	17/04/26 11:00:00	A	ED0-2	T	Y15-74	THS_PER	FRE2	2016	479.6		
ESTAT:LFST_R_LFSD2POP(1.0)	17/04/26 11:00:00	A	ED0-2	T	Y15-74	THS_PER	FRF1	2016	321.3		
ESTAT:LFST_R_LFSD2POP(1.0)	17/04/26 11:00:00	A	ED0-2	T	Y15-74	THS_PER	FRF2	2016	335.1		
ESTAT:LFST_R_LFSD2POP(1.0)	17/04/26 11:00:00	A	ED0-2	T	Y15-74	THS_PER	FRF3	2016	457.8		
ESTAT:LFST_R_LFSD2POP(1.0)	17/04/26 11:00:00	A	ED0-2	T	Y15-74	THS_PER	FRG0	2016	672.5		
ESTAT:LFST_R_LFSD2POP(1.0)	17/04/26 11:00:00	A	ED0-2	T	Y15-74	THS_PER	FRH0	2016	546.6		
ESTAT:LFST_R_LFSD2POP(1.0)	17/04/26 11:00:00	A	ED0-2	T	Y15-74	THS_PER	FRI1	2016	613.2		
ESTAT:LFST_R_LFSD2POP(1.0)	17/04/26 11:00:00	A	ED0-2	T	Y15-74	THS_PER	FRI2	2016	126.6		
ESTAT:LFST_R_LFSD2POP(1.0)	17/04/26 11:00:00	A	ED0-2	T	Y15-74	THS_PER	FRI3	2016	375.3		
ESTAT:LFST_R_LFSD2POP(1.0)	17/04/26 11:00:00	A	ED0-2	T	Y15-74	THS_PER	FRJ1	2016	669.1		
ESTAT:LFST_R_LFSD2POP(1.0)	17/04/26 11:00:00	A	ED0-2	T	Y15-74	THS_PER	FRJ2	2016	524.0		
ESTAT:LFST_R_LFSD2POP(1.0)	17/04/26 11:00:00	A	ED0-2	T	Y15-74	THS_PER	FRK1	2016	267.8		
ESTAT:LFST_R_LFSD2POP(1.0)	17/04/26 11:00:00	A	ED0-2	T	Y15-74	THS_PER	FRK2	2016	1148.5		
ESTAT:LFST_R_LFSD2POP(1.0)	17/04/26 11:00:00	A	ED0-2	T	Y15-74	THS_PER	FRL0	2016	1019.8		
ESTAT:LFST_R_LFSD2POP(1.0)	17/04/26 11:00:00	A	ED0-2	T	Y15-74	THS_PER	FRM0	2016	66.5	u	
ESTAT:LFST_R_LFSD2POP(1.0)	17/04/26 11:00:00	A	ED0-2	T	Y20-64	THS_PER	FR10	2016	1347.8		
ESTAT:LFST_R_LFSD2POP(1.0)	17/04/26 11:00:00	A	ED0-2	T	Y20-64	THS_PER	FRB0	2016	288.5		
ESTAT:LFST_R_LFSD2POP(1.0)	17/04/26 11:00:00	A	ED0-2	T	Y20-64	THS_PER	FRC1	2016	192.8		
ESTAT:LFST_R_LFSD2POP(1.0)	17/04/26 11:00:00	A	ED0-2	T	Y20-64	THS_PER	FRC2	2016	136.5		
ESTAT:LFST_R_LFSD2POP(1.0)	17/04/26 11:00:00	A	ED0-2	T	Y20-64	THS_PER	FRD1	2016	195.8		
ESTAT:LFST_R_LFSD2POP(1.0)	17/04/26 11:00:00	A	ED0-2	T	Y20-64	THS_PER	FRD2	2016	257.8		
ESTAT:LFST_R_LFSD2POP(1.0)	17/04/26 11:00:00	A	ED0-2	T	Y20-64	THS_PER	FRE1	2016	553.4		
ESTAT:LFST_R_LFSD2POP(1.0)	17/04/26 11:00:00	A	ED0-2	T	Y20-64	THS_PER	FRE2	2016	305.6		
ESTAT:LFST_R_LFSD2POP(1.0)	17/04/26 11:00:00	A	ED0-2	T	Y20-64	THS_PER	FRF1	2016	192.6		
ESTAT:LFST_R_LFSD2POP(1.0)	17/04/26 11:00:00	A	ED0-2	T	Y20-64	THS_PER	FRF2	2016	211.8		
ESTAT:LFST_R_LFSD2POP(1.0)	17/04/26 11:00:00	A	ED0-2	T	Y20-64	THS_PER	FRF3	2016	276.6		
ESTAT:LFST_R_LFSD2POP(1.0)	17/04/26 11:00:00	A	ED0-2	T	Y20-64	THS_PER	FRG0	2016	352.5		
ESTAT:LFST_R_LFSD2POP(1.0)	17/04/26 11:00:00	A	ED0-2	T	Y20-64	THS_PER	FRH0	2016	268.7		
ESTAT:LFST_R_LFSD2POP(1.0)	17/04/26 11:00:00	A	ED0-2	T	Y20-64	THS_PER	FRI1	2016	338.4		
ESTAT:LFST_R_LFSD2POP(1.0)	17/04/26 11:00:00	A	ED0-2	T	Y20-64	THS_PER	FRI2	2016	72.9		
ESTAT:LFST_R_LFSD2POP(1.0)	17/04/26 11:00:00	A	ED0-2	T	Y20-64	THS_PER	FRI3	2016	205.1		
ESTAT:LFST_R_LFSD2POP(1.0)	17/04/26 11:00:00	A	ED0-2	T	Y20-64	THS_PER	FRJ1	2016	397.8		
ESTAT:LFST_R_LFSD2POP(1.0)	17/04/26 11:00:00	A	ED0-2	T	Y20-64	THS_PER	FRJ2	2016	277.9		
ESTAT:LFST_R_LFSD2POP(1.0)	17/04/26 11:00:00	A	ED0-2	T	Y20-64	THS_PER	FRK1	2016	141.4		
ESTAT:LFST_R_LFSD2POP(1.0)	17/04/26 11:00:00	A	ED0-2	T	Y20-64	THS_PER	FRK2	2016	630.8		
ESTAT:LFST_R_LFSD2POP(1.0)	17/04/26 11:00:00	A	ED0-2	T	Y20-64	THS_PER	FRL0	2016	599.6		
ESTAT:LFST_R_LFSD2POP(1.0)	17/04/26 11:00:00	A	ED0-2	T	Y20-64	THS_PER	FRM0	2016	30.7	u	
ESTAT:LFST_R_LFSD2POP(1.0)	17/04/26 11:00:00	A	ED0-2	T	Y25-34	THS_PER	FR10	2016	201.3		
ESTAT:LFST_R_LFSD2POP(1.0)	17/04/26 11:00:00	A	ED0-2	T	Y25-34	THS_PER	FRB0	2016	38.6		
ESTAT:LFST_R_LFSD2POP(1.0)	17/04/26 11:00:00	A	ED0-2	T	Y25-34	THS_PER	FRC1	2016	27.9		
ESTAT:LFST_R_LFSD2POP(1.0)	17/04/26 11:00:00	A	ED0-2	T	Y25-34	THS_PER	FRC2	2016	14.0		
ESTAT:LFST_R_LFSD2POP(1.0)	17/04/26 11:00:00	A	ED0-2	T	Y25-34	THS_PER	FRD1	2016	21.7		
ESTAT:LFST_R_LFSD2POP(1.0)	17/04/26 11:00:00	A	ED0-2	T	Y25-34	THS_PER	FRD2	2016	31.9		
ESTAT:LFST_R_LFSD2POP(1.0)	17/04/26 11:00:00	A	ED0-2	T	Y25-34	THS_PER	FRE1	2016	79.4		
ESTAT:LFST_R_LFSD2POP(1.0)	17/04/26 11:00:00	A	ED0-2	T	Y25-34	THS_PER	FRE2	2016	49.0		
ESTAT:LFST_R_LFSD2POP(1.0)	17/04/26 11:00:00	A	ED0-2	T	Y25-34	THS_PER	FRF1	2016	28.9		
ESTAT:LFST_R_LFSD2POP(1.0)	17/04/26 11:00:00	A	ED0-2	T	Y25-34	THS_PER	FRF2	2016	30.7		
ESTAT:LFST_R_LFSD2POP(1.0)	17/04/26 11:00:00	A	ED0-2	T	Y25-34	THS_PER	FRF3	2016	42.4		
ESTAT:LFST_R_LFSD2POP(1.0)	17/04/26 11:00:00	A	ED0-2	T	Y25-34	THS_PER	FRG0	2016	39.3		
ESTAT:LFST_R_LFSD2POP(1.0)	17/04/26 11:00:00	A	ED0-2	T	Y25-34	THS_PER	FRH0	2016	28.3		
ESTAT:LFST_R_LFSD2POP(1.0)	17/04/26 11:00:00	A	ED0-2	T	Y25-34	THS_PER	FRI1	2016	49.3		
ESTAT:LFST_R_LFSD2POP(1.0)	17/04/26 11:00:00	A	ED0-2	T	Y25-34	THS_PER	FRI2	2016	6.9	u	
ESTAT:LFST_R_LFSD2POP(1.0)	17/04/26 11:00:00	A	ED0-2	T	Y25-34	THS_PER	FRI3	2016	21.4		
ESTAT:LFST_R_LFSD2POP(1.0)	17/04/26 11:00:00	A	ED0-2	T	Y25-34	THS_PER	FRJ1	2016	49.9		
ESTAT:LFST_R_LFSD2POP(1.0)	17/04/26 11:00:00	A	ED0-2	T	Y25-34	THS_PER	FRJ2	2016	33.5		
ESTAT:LFST_R_LFSD2POP(1.0)	17/04/26 11:00:00	A	ED0-2	T	Y25-34	THS_PER	FRK1	2016	18.0		
ESTAT:LFST_R_LFSD2POP(1.0)	17/04/26 11:00:00	A	ED0-2	T	Y25-34	THS_PER	FRK2	2016	81.4		
ESTAT:LFST_R_LFSD2POP(1.0)	17/04/26 11:00:00	A	ED0-2	T	Y25-34	THS_PER	FRL0	2016	81.0		
ESTAT:LFST_R_LFSD2POP(1.0)	17/04/26 11:00:00	A	ED0-2	T	Y25-34	THS_PER	FRM0	2016	2.1	u	
ESTAT:LFST_R_LFSD2POP(1.0)	17/04/26 11:00:00	A	ED0-2	T	Y25-64	THS_PER	FR10	2016	1261.2		
ESTAT:LFST_R_LFSD2POP(1.0)	17/04/26 11:00:00	A	ED0-2	T	Y25-64	THS_PER	FRB0	2016	273.4		
ESTAT:LFST_R_LFSD2POP(1.0)	17/04/26 11:00:00	A	ED0-2	T	Y25-64	THS_PER	FRC1	2016	185.1		
ESTAT:LFST_R_LFSD2POP(1.0)	17/04/26 11:00:00	A	ED0-2	T	Y25-64	THS_PER	FRC2	2016	128.4		
ESTAT:LFST_R_LFSD2POP(1.0)	17/04/26 11:00:00	A	ED0-2	T	Y25-64	THS_PER	FRD1	2016	188.5		
ESTAT:LFST_R_LFSD2POP(1.0)	17/04/26 11:00:00	A	ED0-2	T	Y25-64	THS_PER	FRD2	2016	246.4		
ESTAT:LFST_R_LFSD2POP(1.0)	17/04/26 11:00:00	A	ED0-2	T	Y25-64	THS_PER	FRE1	2016	508.3		
ESTAT:LFST_R_LFSD2POP(1.0)	17/04/26 11:00:00	A	ED0-2	T	Y25-64	THS_PER	FRE2	2016	291.6		
ESTAT:LFST_R_LFSD2POP(1.0)	17/04/26 11:00:00	A	ED0-2	T	Y25-64	THS_PER	FRF1	2016	182.9		
ESTAT:LFST_R_LFSD2POP(1.0)	17/04/26 11:00:00	A	ED0-2	T	Y25-64	THS_PER	FRF2	2016	200.6		
ESTAT:LFST_R_LFSD2POP(1.0)	17/04/26 11:00:00	A	ED0-2	T	Y25-64	THS_PER	FRF3	2016	259.6		
ESTAT:LFST_R_LFSD2POP(1.0)	17/04/26 11:00:00	A	ED0-2	T	Y25-64	THS_PER	FRG0	2016	332.0		
ESTAT:LFST_R_LFSD2POP(1.0)	17/04/26 11:00:00	A	ED0-2	T	Y25-64	THS_PER	FRH0	2016	258.2		
ESTAT:LFST_R_LFSD2POP(1.0)	17/04/26 11:00:00	A	ED0-2	T	Y25-64	THS_PER	FRI1	2016	324.1		
ESTAT:LFST_R_LFSD2POP(1.0)	17/04/26 11:00:00	A	ED0-2	T	Y25-64	THS_PER	FRI2	2016	69.5		
ESTAT:LFST_R_LFSD2POP(1.0)	17/04/26 11:00:00	A	ED0-2	T	Y25-64	THS_PER	FRI3	2016	193.2		
ESTAT:LFST_R_LFSD2POP(1.0)	17/04/26 11:00:00	A	ED0-2	T	Y25-64	THS_PER	FRJ1	2016	377.9		
ESTAT:LFST_R_LFSD2POP(1.0)	17/04/26 11:00:00	A	ED0-2	T	Y25-64	THS_PER	FRJ2	2016	264.1		
ESTAT:LFST_R_LFSD2POP(1.0)	17/04/26 11:00:00	A	ED0-2	T	Y25-64	THS_PER	FRK1	2016	137.3		
ESTAT:LFST_R_LFSD2POP(1.0)	17/04/26 11:00:00	A	ED0-2	T	Y25-64	THS_PER	FRK2	2016	592.5		
ESTAT:LFST_R_LFSD2POP(1.0)	17/04/26 11:00:00	A	ED0-2	T	Y25-64	THS_PER	FRL0	2016	561.6		
ESTAT:LFST_R_LFSD2POP(1.0)	17/04/26 11:00:00	A	ED0-2	T	Y25-64	THS_PER	FRM0	2016	29.4	u	
ESTAT:LFST_R_LFSD2POP(1.0)	17/04/26 11:00:00	A	ED0-2	T	Y35-44	THS_PER	FR10	2016	270.0		
ESTAT:LFST_R_LFSD2POP(1.0)	17/04/26 11:00:00	A	ED0-2	T	Y35-44	THS_PER	FRB0	2016	40.6		
ESTAT:LFST_R_LFSD2POP(1.0)	17/04/26 11:00:00	A	ED0-2	T	Y35-44	THS_PER	FRC1	2016	23.6		
ESTAT:LFST_R_LFSD2POP(1.0)	17/04/26 11:00:00	A	ED0-2	T	Y35-44	THS_PER	FRC2	2016	28.5		
ESTAT:LFST_R_LFSD2POP(1.0)	17/04/26 11:00:00	A	ED0-2	T	Y35-44	THS_PER	FRD1	2016	27.4		
ESTAT:LFST_R_LFSD2POP(1.0)	17/04/26 11:00:00	A	ED0-2	T	Y35-44	THS_PER	FRD2	2016	44.2		
ESTAT:LFST_R_LFSD2POP(1.0)	17/04/26 11:00:00	A	ED0-2	T	Y35-44	THS_PER	FRE1	2016	85.4		
ESTAT:LFST_R_LFSD2POP(1.0)	17/04/26 11:00:00	A	ED0-2	T	Y35-44	THS_PER	FRE2	2016	48.7		
ESTAT:LFST_R_LFSD2POP(1.0)	17/04/26 11:00:00	A	ED0-2	T	Y35-44	THS_PER	FRF1	2016	40.5		
ESTAT:LFST_R_LFSD2POP(1.0)	17/04/26 11:00:00	A	ED0-2	T	Y35-44	THS_PER	FRF2	2016	29.0		
ESTAT:LFST_R_LFSD2POP(1.0)	17/04/26 11:00:00	A	ED0-2	T	Y35-44	THS_PER	FRF3	2016	39.7		
ESTAT:LFST_R_LFSD2POP(1.0)	17/04/26 11:00:00	A	ED0-2	T	Y35-44	THS_PER	FRG0	2016	61.2		
ESTAT:LFST_R_LFSD2POP(1.0)	17/04/26 11:00:00	A	ED0-2	T	Y35-44	THS_PER	FRH0	2016	35.2		
ESTAT:LFST_R_LFSD2POP(1.0)	17/04/26 11:00:00	A	ED0-2	T	Y35-44	THS_PER	FRI1	2016	63.7		
ESTAT:LFST_R_LFSD2POP(1.0)	17/04/26 11:00:00	A	ED0-2	T	Y35-44	THS_PER	FRI2	2016	10.9		
ESTAT:LFST_R_LFSD2POP(1.0)	17/04/26 11:00:00	A	ED0-2	T	Y35-44	THS_PER	FRI3	2016	37.9		
ESTAT:LFST_R_LFSD2POP(1.0)	17/04/26 11:00:00	A	ED0-2	T	Y35-44	THS_PER	FRJ1	2016	73.5		
ESTAT:LFST_R_LFSD2POP(1.0)	17/04/26 11:00:00	A	ED0-2	T	Y35-44	THS_PER	FRJ2	2016	47.6		
ESTAT:LFST_R_LFSD2POP(1.0)	17/04/26 11:00:00	A	ED0-2	T	Y35-44	THS_PER	FRK1	2016	20.9		
ESTAT:LFST_R_LFSD2POP(1.0)	17/04/26 11:00:00	A	ED0-2	T	Y35-44	THS_PER	FRK2	2016	110.5		
ESTAT:LFST_R_LFSD2POP(1.0)	17/04/26 11:00:00	A	ED0-2	T	Y35-44	THS_PER	FRL0	2016	100.8		
ESTAT:LFST_R_LFSD2POP(1.0)	17/04/26 11:00:00	A	ED0-2	T	Y35-44	THS_PER	FRM0	2016	3.3	u	
ESTAT:LFST_R_LFSD2POP(1.0)	17/04/26 11:00:00	A	ED0-2	T	Y45-54	THS_PER	FR10	2016	375.3		
ESTAT:LFST_R_LFSD2POP(1.0)	17/04/26 11:00:00	A	ED0-2	T	Y45-54	THS_PER	FRB0	2016	82.2		
ESTAT:LFST_R_LFSD2POP(1.0)	17/04/26 11:00:00	A	ED0-2	T	Y45-54	THS_PER	FRC1	2016	39.0		
ESTAT:LFST_R_LFSD2POP(1.0)	17/04/26 11:00:00	A	ED0-2	T	Y45-54	THS_PER	FRC2	2016	32.4		
ESTAT:LFST_R_LFSD2POP(1.0)	17/04/26 11:00:00	A	ED0-2	T	Y45-54	THS_PER	FRD1	2016	56.2		
ESTAT:LFST_R_LFSD2POP(1.0)	17/04/26 11:00:00	A	ED0-2	T	Y45-54	THS_PER	FRD2	2016	73.5		
ESTAT:LFST_R_LFSD2POP(1.0)	17/04/26 11:00:00	A	ED0-2	T	Y45-54	THS_PER	FRE1	2016	134.0		
ESTAT:LFST_R_LFSD2POP(1.0)	17/04/26 11:00:00	A	ED0-2	T	Y45-54	THS_PER	FRE2	2016	78.3		
ESTAT:LFST_R_LFSD2POP(1.0)	17/04/26 11:00:00	A	ED0-2	T	Y45-54	THS_PER	FRF1	2016	49.5		
ESTAT:LFST_R_LFSD2POP(1.0)	17/04/26 11:00:00	A	ED0-2	T	Y45-54	THS_PER	FRF2	2016	56.1		
ESTAT:LFST_R_LFSD2POP(1.0)	17/04/26 11:00:00	A	ED0-2	T	Y45-54	THS_PER	FRF3	2016	72.4		
ESTAT:LFST_R_LFSD2POP(1.0)	17/04/26 11:00:00	A	ED0-2	T	Y45-54	THS_PER	FRG0	2016	95.1		
ESTAT:LFST_R_LFSD2POP(1.0)	17/04/26 11:00:00	A	ED0-2	T	Y45-54	THS_PER	FRH0	2016	67.1		
ESTAT:LFST_R_LFSD2POP(1.0)	17/04/26 11:00:00	A	ED0-2	T	Y45-54	THS_PER	FRI1	2016	83.8		
ESTAT:LFST_R_LFSD2POP(1.0)	17/04/26 11:00:00	A	ED0-2	T	Y45-54	THS_PER	FRI2	2016	21.2		
ESTAT:LFST_R_LFSD2POP(1.0)	17/04/26 11:00:00	A	ED0-2	T	Y45-54	THS_PER	FRI3	2016	55.9		
ESTAT:LFST_R_LFSD2POP(1.0)	17/04/26 11:00:00	A	ED0-2	T	Y45-54	THS_PER	FRJ1	2016	99.6		
ESTAT:LFST_R_LFSD2POP(1.0)	17/04/26 11:00:00	A	ED0-2	T	Y45-54	THS_PER	FRJ2	2016	68.3		
ESTAT:LFST_R_LFSD2POP(1.0)	17/04/26 11:00:00	A	ED0-2	T	Y45-54	THS_PER	FRK1	2016	35.9		
ESTAT:LFST_R_LFSD2POP(1.0)	17/04/26 11:00:00	A	ED0-2	T	Y45-54	THS_PER	FRK2	2016	169.0		
ESTAT:LFST_R_LFSD2POP(1.0)	17/04/26 11:00:00	A	ED0-2	T	Y45-54	THS_PER	FRL0	2016	172.5		
ESTAT:LFST_R_LFSD2POP(1.0)	17/04/26 11:00:00	A	ED0-2	T	Y45-54	THS_PER	FRM0	2016	7.0	u	
ESTAT:LFST_R_LFSD2POP(1.0)	17/04/26 11:00:00	A	ED0-2	T	Y55-64	THS_PER	FR10	2016	414.6		
ESTAT:LFST_R_LFSD2POP(1.0)	17/04/26 11:00:00	A	ED0-2	T	Y55-64	THS_PER	FRB0	2016	112.1		
ESTAT:LFST_R_LFSD2POP(1.0)	17/04/26 11:00:00	A	ED0-2	T	Y55-64	THS_PER	FRC1	2016	94.6		
ESTAT:LFST_R_LFSD2POP(1.0)	17/04/26 11:00:00	A	ED0-2	T	Y55-64	THS_PER	FRC2	2016	53.6		
ESTAT:LFST_R_LFSD2POP(1.0)	17/04/26 11:00:00	A	ED0-2	T	Y55-64	THS_PER	FRD1	2016	83.2		
ESTAT:LFST_R_LFSD2POP(1.0)	17/04/26 11:00:00	A	ED0-2	T	Y55-64	THS_PER	FRD2	2016	96.8		
ESTAT:LFST_R_LFSD2POP(1.0)	17/04/26 11:00:00	A	ED0-2	T	Y55-64	THS_PER	FRE1	2016	209.4		
ESTAT:LFST_R_LFSD2POP(1.0)	17/04/26 11:00:00	A	ED0-2	T	Y55-64	THS_PER	FRE2	2016	115.6		
ESTAT:LFST_R_LFSD2POP(1.0)	17/04/26 11:00:00	A	ED0-2	T	Y55-64	THS_PER	FRF1	2016	64.0		
ESTAT:LFST_R_LFSD2POP(1.0)	17/04/26 11:00:00	A	ED0-2	T	Y55-64	THS_PER	FRF2	2016	84.8		
ESTAT:LFST_R_LFSD2POP(1.0)	17/04/26 11:00:00	A	ED0-2	T	Y55-64	THS_PER	FRF3	2016	105.0		
ESTAT:LFST_R_LFSD2POP(1.0)	17/04/26 11:00:00	A	ED0-2	T	Y55-64	THS_PER	FRG0	2016	136.4		
ESTAT:LFST_R_LFSD2POP(1.0)	17/04/26 11:00:00	A	ED0-2	T	Y55-64	THS_PER	FRH0	2016	127.6		
ESTAT:LFST_R_LFSD2POP(1.0)	17/04/26 11:00:00	A	ED0-2	T	Y55-64	THS_PER	FRI1	2016	127.2		
ESTAT:LFST_R_LFSD2POP(1.0)	17/04/26 11:00:00	A	ED0-2	T	Y55-64	THS_PER	FRI2	2016	30.6		
ESTAT:LFST_R_LFSD2POP(1.0)	17/04/26 11:00:00	A	ED0-2	T	Y55-64	THS_PER	FRI3	2016	78.1		
ESTAT:LFST_R_LFSD2POP(1.0)	17/04/26 11:00:00	A	ED0-2	T	Y55-64	THS_PER	FRJ1	2016	154.9		
ESTAT:LFST_R_LFSD2POP(1.0)	17/04/26 11:00:00	A	ED0-2	T	Y55-64	THS_PER	FRJ2	2016	114.8		
ESTAT:LFST_R_LFSD2POP(1.0)	17/04/26 11:00:00	A	ED0-2	T	Y55-64	THS_PER	FRK1	2016	62.5		
ESTAT:LFST_R_LFSD2POP(1.0)	17/04/26 11:00:00	A	ED0-2	T	Y55-64	THS_PER	FRK2	2016	231.6		
ESTAT:LFST_R_LFSD2POP(1.0)	17/04/26 11:00:00	A	ED0-2	T	Y55-64	THS_PER	FRL0	2016	207.2		
ESTAT:LFST_R_LFSD2POP(1.0)	17/04/26 11:00:00	A	ED0-2	T	Y55-64	THS_PER	FRM0	2016	17.1	u	
ESTAT:LFST_R_LFSD2POP(1.0)	17/04/26 11:00:00	A	ED0-2	T	Y_GE15	THS_PER	FR10	2016	2581.7		
ESTAT:LFST_R_LFSD2POP(1.0)	17/04/26 11:00:00	A	ED0-2	T	Y_GE15	THS_PER	FRB0	2016	658.1		
ESTAT:LFST_R_LFSD2POP(1.0)	17/04/26 11:00:00	A	ED0-2	T	Y_GE15	THS_PER	FRC1	2016	443.6		
ESTAT:LFST_R_LFSD2POP(1.0)	17/04/26 11:00:00	A	ED0-2	T	Y_GE15	THS_PER	FRC2	2016	290.6		
ESTAT:LFST_R_LFSD2POP(1.0)	17/04/26 11:00:00	A	ED0-2	T	Y_GE15	THS_PER	FRD1	2016	432.6		
ESTAT:LFST_R_LFSD2POP(1.0)	17/04/26 11:00:00	A	ED0-2	T	Y_GE15	THS_PER	FRD2	2016	514.7		
ESTAT:LFST_R_LFSD2POP(1.0)	17/04/26 11:00:00	A	ED0-2	T	Y_GE15	THS_PER	FRE1	2016	1097.3		
ESTAT:LFST_R_LFSD2POP(1.0)	17/04/26 11:00:00	A	ED0-2	T	Y_GE15	THS_PER	FRE2	2016	585.2		
ESTAT:LFST_R_LFSD2POP(1.0)	17/04/26 11:00:00	A	ED0-2	T	Y_GE15	THS_PER	FRF1	2016	401.9		
ESTAT:LFST_R_LFSD2POP(1.0)	17/04/26 11:00:00	A	ED0-2	T	Y_GE15	THS_PER	FRF2	2016	408.6		
ESTAT:LFST_R_LFSD2POP(1.0)	17/04/26 11:00:00	A	ED0-2	T	Y_GE15	THS_PER	FRF3	2016	593.9		
ESTAT:LFST_R_LFSD2POP(1.0)	17/04/26 11:00:00	A	ED0-2	T	Y_GE15	THS_PER	FRG0	2016	874.1		
ESTAT:LFST_R_LFSD2POP(1.0)	17/04/26 11:00:00	A	ED0-2	T	Y_GE15	THS_PER	FRH0	2016	729.2		
ESTAT:LFST_R_LFSD2POP(1.0)	17/04/26 11:00:00	A	ED0-2	T	Y_GE15	THS_PER	FRI1	2016	802.6		
ESTAT:LFST_R_LFSD2POP(1.0)	17/04/26 11:00:00	A	ED0-2	T	Y_GE15	THS_PER	FRI2	2016	175.5		
ESTAT:LFST_R_LFSD2POP(1.0)	17/04/26 11:00:00	A	ED0-2	T	Y_GE15	THS_PER	FRI3	2016	490.9		
ESTAT:LFST_R_LFSD2POP(1.0)	17/04/26 11:00:00	A	ED0-2	T	Y_GE15	THS_PER	FRJ1	2016	814.5		
ESTAT:LFST_R_LFSD2POP(1.0)	17/04/26 11:00:00	A	ED0-2	T	Y_GE15	THS_PER	FRJ2	2016	682.6		
ESTAT:LFST_R_LFSD2POP(1.0)	17/04/26 11:00:00	A	ED0-2	T	Y_GE15	THS_PER	FRK1	2016	349.5		
ESTAT:LFST_R_LFSD2POP(1.0)	17/04/26 11:00:00	A	ED0-2	T	Y_GE15	THS_PER	FRK2	2016	1422.6		
ESTAT:LFST_R_LFSD2POP(1.0)	17/04/26 11:00:00	A	ED0-2	T	Y_GE15	THS_PER	FRL0	2016	1274.6		
ESTAT:LFST_R_LFSD2POP(1.0)	17/04/26 11:00:00	A	ED0-2	T	Y_GE15	THS_PER	FRM0	2016	114.7	u	
ESTAT:LFST_R_LFSD2POP(1.0)	17/04/26 11:00:00	A	ED0-2	T	Y_GE25	THS_PER	FR10	2016	2000.7		
ESTAT:LFST_R_LFSD2POP(1.0)	17/04/26 11:00:00	A	ED0-2	T	Y_GE25	THS_PER	FRB0	2016	547.1		
ESTAT:LFST_R_LFSD2POP(1.0)	17/04/26 11:00:00	A	ED0-2	T	Y_GE25	THS_PER	FRC1	2016	374.8		
ESTAT:LFST_R_LFSD2POP(1.0)	17/04/26 11:00:00	A	ED0-2	T	Y_GE25	THS_PER	FRC2	2016	238.2		
ESTAT:LFST_R_LFSD2POP(1.0)	17/04/26 11:00:00	A	ED0-2	T	Y_GE25	THS_PER	FRD1	2016	362.6		
ESTAT:LFST_R_LFSD2POP(1.0)	17/04/26 11:00:00	A	ED0-2	T	Y_GE25	THS_PER	FRD2	2016	435.5		
ESTAT:LFST_R_LFSD2POP(1.0)	17/04/26 11:00:00	A	ED0-2	T	Y_GE25	THS_PER	FRE1	2016	893.4		
ESTAT:LFST_R_LFSD2POP(1.0)	17/04/26 11:00:00	A	ED0-2	T	Y_GE25	THS_PER	FRE2	2016	490.7		
ESTAT:LFST_R_LFSD2POP(1.0)	17/04/26 11:00:00	A	ED0-2	T	Y_GE25	THS_PER	FRF1	2016	326.1		
ESTAT:LFST_R_LFSD2POP(1.0)	17/04/26 11:00:00	A	ED0-2	T	Y_GE25	THS_PER	FRF2	2016	344.6		
ESTAT:LFST_R_LFSD2POP(1.0)	17/04/26 11:00:00	A	ED0-2	T	Y_GE25	THS_PER	FRF3	2016	489.1		
ESTAT:LFST_R_LFSD2POP(1.0)	17/04/26 11:00:00	A	ED0-2	T	Y_GE25	THS_PER	FRG0	2016	690.1		
ESTAT:LFST_R_LFSD2POP(1.0)	17/04/26 11:00:00	A	ED0-2	T	Y_GE25	THS_PER	FRH0	2016	586.1		
ESTAT:LFST_R_LFSD2POP(1.0)	17/04/26 11:00:00	A	ED0-2	T	Y_GE25	THS_PER	FRI1	2016	655.1		
ESTAT:LFST_R_LFSD2POP(1.0)	17/04/26 11:00:00	A	ED0-2	T	Y_GE25	THS_PER	FRI2	2016	149.6		
ESTAT:LFST_R_LFSD2POP(1.0)	17/04/26 11:00:00	A	ED0-2	T	Y_GE25	THS_PER	FRI3	2016	416.8		
ESTAT:LFST_R_LFSD2POP(1.0)	17/04/26 11:00:00	A	ED0-2	T	Y_GE25	THS_PER	FRJ1	2016	674.4		
ESTAT:LFST_R_LFSD2POP(1.0)	17/04/26 11:00:00	A	ED0-2	T	Y_GE25	THS_PER	FRJ2	2016	551.0		
ESTAT:LFST_R_LFSD2POP(1.0)	17/04/26 11:00:00	A	ED0-2	T	Y_GE25	THS_PER	FRK1	2016	290.8		
ESTAT:LFST_R_LFSD2POP(1.0)	17/04/26 11:00:00	A	ED0-2	T	Y_GE25	THS_PER	FRK2	2016	1113.0		
ESTAT:LFST_R_LFSD2POP(1.0)	17/04/26 11:00:00	A	ED0-2	T	Y_GE25	THS_PER	FRL0	2016	1037.5		
ESTAT:LFST_R_LFSD2POP(1.0)	17/04/26 11:00:00	A	ED0-2	T	Y_GE25	THS_PER	FRM0	2016	101.1	u	
ESTAT:LFST_R_LFSD2POP(1.0)	17/04/26 11:00:00	A	ED0-2	T	Y_GE65	THS_PER	FR10	2016	739.5		
ESTAT:LFST_R_LFSD2POP(1.0)	17/04/26 11:00:00	A	ED0-2	T	Y_GE65	THS_PER	FRB0	2016	273.7		
ESTAT:LFST_R_LFSD2POP(1.0)	17/04/26 11:00:00	A	ED0-2	T	Y_GE65	THS_PER	FRC1	2016	189.7		
ESTAT:LFST_R_LFSD2POP(1.0)	17/04/26 11:00:00	A	ED0-2	T	Y_GE65	THS_PER	FRC2	2016	109.8		
ESTAT:LFST_R_LFSD2POP(1.0)	17/04/26 11:00:00	A	ED0-2	T	Y_GE65	THS_PER	FRD1	2016	174.1		
ESTAT:LFST_R_LFSD2POP(1.0)	17/04/26 11:00:00	A	ED0-2	T	Y_GE65	THS_PER	FRD2	2016	189.2		
ESTAT:LFST_R_LFSD2POP(1.0)	17/04/26 11:00:00	A	ED0-2	T	Y_GE65	THS_PER	FRE1	2016	385.2		
ESTAT:LFST_R_LFSD2POP(1.0)	17/04/26 11:00:00	A	ED0-2	T	Y_GE65	THS_PER	FRE2	2016	199.1		
ESTAT:LFST_R_LFSD2POP(1.0)	17/04/26 11:00:00	A	ED0-2	T	Y_GE65	THS_PER	FRF1	2016	143.2		
ESTAT:LFST_R_LFSD2POP(1.0)	17/04/26 11:00:00	A	ED0-2	T	Y_GE65	THS_PER	FRF2	2016	144.0		
ESTAT:LFST_R_LFSD2POP(1.0)	17/04/26 11:00:00	A	ED0-2	T	Y_GE65	THS_PER	FRF3	2016	229.5		
ESTAT:LFST_R_LFSD2POP(1.0)	17/04/26 11:00:00	A	ED0-2	T	Y_GE65	THS_PER	FRG0	2016	358.1		
ESTAT:LFST_R_LFSD2POP(1.0)	17/04/26 11:00:00	A	ED0-2	T	Y_GE65	THS_PER	FRH0	2016	327.9		
ESTAT:LFST_R_LFSD2POP(1.0)	17/04/26 11:00:00	A	ED0-2	T	Y_GE65	THS_PER	FRI1	2016	331.0		
ESTAT:LFST_R_LFSD2POP(1.0)	17/04/26 11:00:00	A	ED0-2	T	Y_GE65	THS_PER	FRI2	2016	80.0		
ESTAT:LFST_R_LFSD2POP(1.0)	17/04/26 11:00:00	A	ED0-2	T	Y_GE65	THS_PER	FRI3	2016	223.6		
ESTAT:LFST_R_LFSD2POP(1.0)	17/04/26 11:00:00	A	ED0-2	T	Y_GE65	THS_PER	FRJ1	2016	296.6		
ESTAT:LFST_R_LFSD2POP(1.0)	17/04/26 11:00:00	A	ED0-2	T	Y_GE65	THS_PER	FRJ2	2016	286.9		
ESTAT:LFST_R_LFSD2POP(1.0)	17/04/26 11:00:00	A	ED0-2	T	Y_GE65	THS_PER	FRK1	2016	153.5		
ESTAT:LFST_R_LFSD2POP(1.0)	17/04/26 11:00:00	A	ED0-2	T	Y_GE65	THS_PER	FRK2	2016	520.5		
ESTAT:LFST_R_LFSD2POP(1.0)	17/04/26 11:00:00	A	ED0-2	T	Y_GE65	THS_PER	FRL0	2016	475.9		
ESTAT:LFST_R_LFSD2POP(1.0)	17/04/26 11:00:00	A	ED0-2	T	Y_GE65	THS_PER	FRM0	2016	71.7	u	
ESTAT:LFST_R_LFSD2POP(1.0)	17/04/26 11:00:00	A	ED3_4	F	Y15-24	THS_PER	FR10	2016	334.2		
ESTAT:LFST_R_LFSD2POP(1.0)	17/04/26 11:00:00	A	ED3_4	F	Y15-24	THS_PER	FRB0	2016	68.1		
ESTAT:LFST_R_LFSD2POP(1.0)	17/04/26 11:00:00	A	ED3_4	F	Y15-24	THS_PER	FRC1	2016	42.2		
ESTAT:LFST_R_LFSD2POP(1.0)	17/04/26 11:00:00	A	ED3_4	F	Y15-24	THS_PER	FRC2	2016	24.4		
ESTAT:LFST_R_LFSD2POP(1.0)	17/04/26 11:00:00	A	ED3_4	F	Y15-24	THS_PER	FRD1	2016	33.3		
ESTAT:LFST_R_LFSD2POP(1.0)	17/04/26 11:00:00	A	ED3_4	F	Y15-24	THS_PER	FRD2	2016	52.2		
ESTAT:LFST_R_LFSD2POP(1.0)	17/04/26 11:00:00	A	ED3_4	F	Y15-24	THS_PER	FRE1	2016	105.7		
ESTAT:LFST_R_LFSD2POP(1.0)	17/04/26 11:00:00	A	ED3_4	F	Y15-24	THS_PER	FRE2	2016	50.2		
ESTAT:LFST_R_LFSD2POP(1.0)	17/04/26 11:00:00	A	ED3_4	F	Y15-24	THS_PER	FRF1	2016	46.4		
ESTAT:LFST_R_LFSD2POP(1.0)	17/04/26 11:00:00	A	ED3_4	F	Y15-24	THS_PER	FRF2	2016	33.7		
ESTAT:LFST_R_LFSD2POP(1.0)	17/04/26 11:00:00	A	ED3_4	F	Y15-24	THS_PER	FRF3	2016	65.6		
ESTAT:LFST_R_LFSD2POP(1.0)	17/04/26 11:00:00	A	ED3_4	F	Y15-24	THS_PER	FRG0	2016	93.9		
ESTAT:LFST_R_LFSD2POP(1.0)	17/04/26 11:00:00	A	ED3_4	F	Y15-24	THS_PER	FRH0	2016	92.2		
ESTAT:LFST_R_LFSD2POP(1.0)	17/04/26 11:00:00	A	ED3_4	F	Y15-24	THS_PER	FRI1	2016	87.7		
ESTAT:LFST_R_LFSD2POP(1.0)	17/04/26 11:00:00	A	ED3_4	F	Y15-24	THS_PER	FRI2	2016	16.9		
ESTAT:LFST_R_LFSD2POP(1.0)	17/04/26 11:00:00	A	ED3_4	F	Y15-24	THS_PER	FRI3	2016	40.7		
ESTAT:LFST_R_LFSD2POP(1.0)	17/04/26 11:00:00	A	ED3_4	F	Y15-24	THS_PER	FRJ1	2016	62.7		
ESTAT:LFST_R_LFSD2POP(1.0)	17/04/26 11:00:00	A	ED3_4	F	Y15-24	THS_PER	FRJ2	2016	59.8		
ESTAT:LFST_R_LFSD2POP(1.0)	17/04/26 11:00:00	A	ED3_4	F	Y15-24	THS_PER	FRK1	2016	33.2		
ESTAT:LFST_R_LFSD2POP(1.0)	17/04/26 11:00:00	A	ED3_4	F	Y15-24	THS_PER	FRK2	2016	162.6		
ESTAT:LFST_R_LFSD2POP(1.0)	17/04/26 11:00:00	A	ED3_4	F	Y15-24	THS_PER	FRL0	2016	99.6		
ESTAT:LFST_R_LFSD2POP(1.0)	17/04/26 11:00:00	A	ED3_4	F	Y15-24	THS_PER	FRM0	2016	0.9	u	
ESTAT:LFST_R_LFSD2POP(1.0)	17/04/26 11:00:00	A	ED3_4	F	Y15-64	THS_PER	FR10	2016	1379.6		
ESTAT:LFST_R_LFSD2POP(1.0)	17/04/26 11:00:00	A	ED3_4	F	Y15-64	THS_PER	FRB0	2016	355.9		
ESTAT:LFST_R_LFSD2POP(1.0)	17/04/26 11:00:00	A	ED3_4	F	Y15-64	THS_PER	FRC1	2016	220.4		
ESTAT:LFST_R_LFSD2POP(1.0)	17/04/26 11:00:00	A	ED3_4	F	Y15-64	THS_PER	FRC2	2016	156.6		
ESTAT:LFST_R_LFSD2POP(1.0)	17/04/26 11:00:00	A	ED3_4	F	Y15-64	THS_PER	FRD1	2016	194.6		
ESTAT:LFST_R_LFSD2POP(1.0)	17/04/26 11:00:00	A	ED3_4	F	Y15-64	THS_PER	FRD2	2016	251.1		
ESTAT:LFST_R_LFSD2POP(1.0)	17/04/26 11:00:00	A	ED3_4	F	Y15-64	THS_PER	FRE1	2016	554.3		
ESTAT:LFST_R_LFSD2POP(1.0)	17/04/26 11:00:00	A	ED3_4	F	Y15-64	THS_PER	FRE2	2016	271.9		
ESTAT:LFST_R_LFSD2POP(1.0)	17/04/26 11:00:00	A	ED3_4	F	Y15-64	THS_PER	FRF1	2016	266.4		
ESTAT:LFST_R_LFSD2POP(1.0)	17/04/26 11:00:00	A	ED3_4	F	Y15-64	THS_PER	FRF2	2016	181.2		
ESTAT:LFST_R_LFSD2POP(1.0)	17/04/26 11:00:00	A	ED3_4	F	Y15-64	THS_PER	FRF3	2016	324.3		
ESTAT:LFST_R_LFSD2POP(1.0)	17/04/26 11:00:00	A	ED3_4	F	Y15-64	THS_PER	FRG0	2016	521.7		
ESTAT:LFST_R_LFSD2POP(1.0)	17/04/26 11:00:00	A	ED3_4	F	Y15-64	THS_PER	FRH0	2016	459.4		
ESTAT:LFST_R_LFSD2POP(1.0)	17/04/26 11:00:00	A	ED3_4	F	Y15-64	THS_PER	FRI1	2016	482.2		
ESTAT:LFST_R_LFSD2POP(1.0)	17/04/26 11:00:00	A	ED3_4	F	Y15-64	THS_PER	FRI2	2016	97.4		
ESTAT:LFST_R_LFSD2POP(1.0)	17/04/26 11:00:00	A	ED3_4	F	Y15-64	THS_PER	FRI3	2016	249.5		
ESTAT:LFST_R_LFSD2POP(1.0)	17/04/26 11:00:00	A	ED3_4	F	Y15-64	THS_PER	FRJ1	2016	347.6		
ESTAT:LFST_R_LFSD2POP(1.0)	17/04/26 11:00:00	A	ED3_4	F	Y15-64	THS_PER	FRJ2	2016	380.6		
ESTAT:LFST_R_LFSD2POP(1.0)	17/04/26 11:00:00	A	ED3_4	F	Y15-64	THS_PER	FRK1	2016	183.6		
ESTAT:LFST_R_LFSD2POP(1.0)	17/04/26 11:00:00	A	ED3_4	F	Y15-64	THS_PER	FRK2	2016	850.3		
ESTAT:LFST_R_LFSD2POP(1.0)	17/04/26 11:00:00	A	ED3_4	F	Y15-64	THS_PER	FRL0	2016	619.0		
ESTAT:LFST_R_LFSD2POP(1.0)	17/04/26 11:00:00	A	ED3_4	F	Y15-64	THS_PER	FRM0	2016	26.0	u	
ESTAT:LFST_R_LFSD2POP(1.0)	17/04/26 11:00:00	A	ED3_4	F	Y15-74	THS_PER	FR10	2016	1523.5		
ESTAT:LFST_R_LFSD2POP(1.0)	17/04/26 11:00:00	A	ED3_4	F	Y15-74	THS_PER	FRB0	2016	405.9		
ESTAT:LFST_R_LFSD2POP(1.0)	17/04/26 11:00:00	A	ED3_4	F	Y15-74	THS_PER	FRC1	2016	258.4		
ESTAT:LFST_R_LFSD2POP(1.0)	17/04/26 11:00:00	A	ED3_4	F	Y15-74	THS_PER	FRC2	2016	175.6		
ESTAT:LFST_R_LFSD2POP(1.0)	17/04/26 11:00:00	A	ED3_4	F	Y15-74	THS_PER	FRD1	2016	215.0		
ESTAT:LFST_R_LFSD2POP(1.0)	17/04/26 11:00:00	A	ED3_4	F	Y15-74	THS_PER	FRD2	2016	282.2		
ESTAT:LFST_R_LFSD2POP(1.0)	17/04/26 11:00:00	A	ED3_4	F	Y15-74	THS_PER	FRE1	2016	603.3		
ESTAT:LFST_R_LFSD2POP(1.0)	17/04/26 11:00:00	A	ED3_4	F	Y15-74	THS_PER	FRE2	2016	293.8		
ESTAT:LFST_R_LFSD2POP(1.0)	17/04/26 11:00:00	A	ED3_4	F	Y15-74	THS_PER	FRF1	2016	305.9		
ESTAT:LFST_R_LFSD2POP(1.0)	17/04/26 11:00:00	A	ED3_4	F	Y15-74	THS_PER	FRF2	2016	197.5		
ESTAT:LFST_R_LFSD2POP(1.0)	17/04/26 11:00:00	A	ED3_4	F	Y15-74	THS_PER	FRF3	2016	367.3		
ESTAT:LFST_R_LFSD2POP(1.0)	17/04/26 11:00:00	A	ED3_4	F	Y15-74	THS_PER	FRG0	2016	587.9		
ESTAT:LFST_R_LFSD2POP(1.0)	17/04/26 11:00:00	A	ED3_4	F	Y15-74	THS_PER	FRH0	2016	526.3		
ESTAT:LFST_R_LFSD2POP(1.0)	17/04/26 11:00:00	A	ED3_4	F	Y15-74	THS_PER	FRI1	2016	553.1		
ESTAT:LFST_R_LFSD2POP(1.0)	17/04/26 11:00:00	A	ED3_4	F	Y15-74	THS_PER	FRI2	2016	112.5		
ESTAT:LFST_R_LFSD2POP(1.0)	17/04/26 11:00:00	A	ED3_4	F	Y15-74	THS_PER	FRI3	2016	286.9		
ESTAT:LFST_R_LFSD2POP(1.0)	17/04/26 11:00:00	A	ED3_4	F	Y15-74	THS_PER	FRJ1	2016	412.1		
ESTAT:LFST_R_LFSD2POP(1.0)	17/04/26 11:00:00	A	ED3_4	F	Y15-74	THS_PER	FRJ2	2016	438.3		
ESTAT:LFST_R_LFSD2POP(1.0)	17/04/26 11:00:00	A	ED3_4	F	Y15-74	THS_PER	FRK1	2016	210.6		
ESTAT:LFST_R_LFSD2POP(1.0)	17/04/26 11:00:00	A	ED3_4	F	Y15-74	THS_PER	FRK2	2016	973.0		
ESTAT:LFST_R_LFSD2POP(1.0)	17/04/26 11:00:00	A	ED3_4	F	Y15-74	THS_PER	FRL0	2016	737.5		
ESTAT:LFST_R_LFSD2POP(1.0)	17/04/26 11:00:00	A	ED3_4	F	Y15-74	THS_PER	FRM0	2016	39.7	u	
ESTAT:LFST_R_LFSD2POP(1.0)	17/04/26 11:00:00	A	ED3_4	F	Y20-64	THS_PER	FR10	2016	1255.9		
ESTAT:LFST_R_LFSD2POP(1.0)	17/04/26 11:00:00	A	ED3_4	F	Y20-64	THS_PER	FRB0	2016	331.9		
ESTAT:LFST_R_LFSD2POP(1.0)	17/04/26 11:00:00	A	ED3_4	F	Y20-64	THS_PER	FRC1	2016	197.7		
ESTAT:LFST_R_LFSD2POP(1.0)	17/04/26 11:00:00	A	ED3_4	F	Y20-64	THS_PER	FRC2	2016	146.4		
ESTAT:LFST_R_LFSD2POP(1.0)	17/04/26 11:00:00	A	ED3_4	F	Y20-64	THS_PER	FRD1	2016	179.9		
ESTAT:LFST_R_LFSD2POP(1.0)	17/04/26 11:00:00	A	ED3_4	F	Y20-64	THS_PER	FRD2	2016	231.8		
ESTAT:LFST_R_LFSD2POP(1.0)	17/04/26 11:00:00	A	ED3_4	F	Y20-64	THS_PER	FRE1	2016	512.3		
ESTAT:LFST_R_LFSD2POP(1.0)	17/04/26 11:00:00	A	ED3_4	F	Y20-64	THS_PER	FRE2	2016	256.0		
ESTAT:LFST_R_LFSD2POP(1.0)	17/04/26 11:00:00	A	ED3_4	F	Y20-64	THS_PER	FRF1	2016	245.4		
ESTAT:LFST_R_LFSD2POP(1.0)	17/04/26 11:00:00	A	ED3_4	F	Y20-64	THS_PER	FRF2	2016	170.8		
ESTAT:LFST_R_LFSD2POP(1.0)	17/04/26 11:00:00	A	ED3_4	F	Y20-64	THS_PER	FRF3	2016	301.6		
ESTAT:LFST_R_LFSD2POP(1.0)	17/04/26 11:00:00	A	ED3_4	F	Y20-64	THS_PER	FRG0	2016	484.5		
ESTAT:LFST_R_LFSD2POP(1.0)	17/04/26 11:00:00	A	ED3_4	F	Y20-64	THS_PER	FRH0	2016	420.4		
ESTAT:LFST_R_LFSD2POP(1.0)	17/04/26 11:00:00	A	ED3_4	F	Y20-64	THS_PER	FRI1	2016	448.7		
ESTAT:LFST_R_LFSD2POP(1.0)	17/04/26 11:00:00	A	ED3_4	F	Y20-64	THS_PER	FRI2	2016	91.9		
ESTAT:LFST_R_LFSD2POP(1.0)	17/04/26 11:00:00	A	ED3_4	F	Y20-64	THS_PER	FRI3	2016	233.2		
ESTAT:LFST_R_LFSD2POP(1.0)	17/04/26 11:00:00	A	ED3_4	F	Y20-64	THS_PER	FRJ1	2016	321.3		
ESTAT:LFST_R_LFSD2POP(1.0)	17/04/26 11:00:00	A	ED3_4	F	Y20-64	THS_PER	FRJ2	2016	357.5		
ESTAT:LFST_R_LFSD2POP(1.0)	17/04/26 11:00:00	A	ED3_4	F	Y20-64	THS_PER	FRK1	2016	174.1		
ESTAT:LFST_R_LFSD2POP(1.0)	17/04/26 11:00:00	A	ED3_4	F	Y20-64	THS_PER	FRK2	2016	790.4		
ESTAT:LFST_R_LFSD2POP(1.0)	17/04/26 11:00:00	A	ED3_4	F	Y20-64	THS_PER	FRL0	2016	576.1		
ESTAT:LFST_R_LFSD2POP(1.0)	17/04/26 11:00:00	A	ED3_4	F	Y20-64	THS_PER	FRM0	2016	25.7	u	
ESTAT:LFST_R_LFSD2POP(1.0)	17/04/26 11:00:00	A	ED3_4	F	Y25-34	THS_PER	FR10	2016	266.6		
ESTAT:LFST_R_LFSD2POP(1.0)	17/04/26 11:00:00	A	ED3_4	F	Y25-34	THS_PER	FRB0	2016	69.6		
ESTAT:LFST_R_LFSD2POP(1.0)	17/04/26 11:00:00	A	ED3_4	F	Y25-34	THS_PER	FRC1	2016	40.8		
ESTAT:LFST_R_LFSD2POP(1.0)	17/04/26 11:00:00	A	ED3_4	F	Y25-34	THS_PER	FRC2	2016	28.5		
ESTAT:LFST_R_LFSD2POP(1.0)	17/04/26 11:00:00	A	ED3_4	F	Y25-34	THS_PER	FRD1	2016	35.7		
ESTAT:LFST_R_LFSD2POP(1.0)	17/04/26 11:00:00	A	ED3_4	F	Y25-34	THS_PER	FRD2	2016	54.7		
ESTAT:LFST_R_LFSD2POP(1.0)	17/04/26 11:00:00	A	ED3_4	F	Y25-34	THS_PER	FRE1	2016	128.4		
ESTAT:LFST_R_LFSD2POP(1.0)	17/04/26 11:00:00	A	ED3_4	F	Y25-34	THS_PER	FRE2	2016	53.7		
ESTAT:LFST_R_LFSD2POP(1.0)	17/04/26 11:00:00	A	ED3_4	F	Y25-34	THS_PER	FRF1	2016	47.5		
ESTAT:LFST_R_LFSD2POP(1.0)	17/04/26 11:00:00	A	ED3_4	F	Y25-34	THS_PER	FRF2	2016	39.0		
ESTAT:LFST_R_LFSD2POP(1.0)	17/04/26 11:00:00	A	ED3_4	F	Y25-34	THS_PER	FRF3	2016	54.6		
ESTAT:LFST_R_LFSD2POP(1.0)	17/04/26 11:00:00	A	ED3_4	F	Y25-34	THS_PER	FRG0	2016	93.3		
ESTAT:LFST_R_LFSD2POP(1.0)	17/04/26 11:00:00	A	ED3_4	F	Y25-34	THS_PER	FRH0	2016	80.1		
ESTAT:LFST_R_LFSD2POP(1.0)	17/04/26 11:00:00	A	ED3_4	F	Y25-34	THS_PER	FRI1	2016	73.9		
ESTAT:LFST_R_LFSD2POP(1.0)	17/04/26 11:00:00	A	ED3_4	F	Y25-34	THS_PER	FRI2	2016	16.8		
ESTAT:LFST_R_LFSD2POP(1.0)	17/04/26 11:00:00	A	ED3_4	F	Y25-34	THS_PER	FRI3	2016	43.4		
ESTAT:LFST_R_LFSD2POP(1.0)	17/04/26 11:00:00	A	ED3_4	F	Y25-34	THS_PER	FRJ1	2016	64.5		
ESTAT:LFST_R_LFSD2POP(1.0)	17/04/26 11:00:00	A	ED3_4	F	Y25-34	THS_PER	FRJ2	2016	53.9		
ESTAT:LFST_R_LFSD2POP(1.0)	17/04/26 11:00:00	A	ED3_4	F	Y25-34	THS_PER	FRK1	2016	21.3		
ESTAT:LFST_R_LFSD2POP(1.0)	17/04/26 11:00:00	A	ED3_4	F	Y25-34	THS_PER	FRK2	2016	153.3		
ESTAT:LFST_R_LFSD2POP(1.0)	17/04/26 11:00:00	A	ED3_4	F	Y25-34	THS_PER	FRL0	2016	111.7		
ESTAT:LFST_R_LFSD2POP(1.0)	17/04/26 11:00:00	A	ED3_4	F	Y25-34	THS_PER	FRM0	2016	4.5	u	
ESTAT:LFST_R_LFSD2POP(1.0)	17/04/26 11:00:00	A	ED3_4	F	Y25-64	THS_PER	FR10	2016	1045.4		
ESTAT:LFST_R_LFSD2POP(1.0)	17/04/26 11:00:00	A	ED3_4	F	Y25-64	THS_PER	FRB0	2016	287.8		
ESTAT:LFST_R_LFSD2POP(1.0)	17/04/26 11:00:00	A	ED3_4	F	Y25-64	THS_PER	FRC1	2016	178.3		
ESTAT:LFST_R_LFSD2POP(1.0)	17/04/26 11:00:00	A	ED3_4	F	Y25-64	THS_PER	FRC2	2016	132.2		
ESTAT:LFST_R_LFSD2POP(1.0)	17/04/26 11:00:00	A	ED3_4	F	Y25-64	THS_PER	FRD1	2016	161.3		
ESTAT:LFST_R_LFSD2POP(1.0)	17/04/26 11:00:00	A	ED3_4	F	Y25-64	THS_PER	FRD2	2016	199.0		
ESTAT:LFST_R_LFSD2POP(1.0)	17/04/26 11:00:00	A	ED3_4	F	Y25-64	THS_PER	FRE1	2016	448.6		
ESTAT:LFST_R_LFSD2POP(1.0)	17/04/26 11:00:00	A	ED3_4	F	Y25-64	THS_PER	FRE2	2016	221.7		
ESTAT:LFST_R_LFSD2POP(1.0)	17/04/26 11:00:00	A	ED3_4	F	Y25-64	THS_PER	FRF1	2016	220.1		
ESTAT:LFST_R_LFSD2POP(1.0)	17/04/26 11:00:00	A	ED3_4	F	Y25-64	THS_PER	FRF2	2016	147.5		
ESTAT:LFST_R_LFSD2POP(1.0)	17/04/26 11:00:00	A	ED3_4	F	Y25-64	THS_PER	FRF3	2016	258.7		
ESTAT:LFST_R_LFSD2POP(1.0)	17/04/26 11:00:00	A	ED3_4	F	Y25-64	THS_PER	FRG0	2016	427.7		
ESTAT:LFST_R_LFSD2POP(1.0)	17/04/26 11:00:00	A	ED3_4	F	Y25-64	THS_PER	FRH0	2016	367.1		
ESTAT:LFST_R_LFSD2POP(1.0)	17/04/26 11:00:00	A	ED3_4	F	Y25-64	THS_PER	FRI1	2016	394.5		
ESTAT:LFST_R_LFSD2POP(1.0)	17/04/26 11:00:00	A	ED3_4	F	Y25-64	THS_PER	FRI2	2016	80.6		
ESTAT:LFST_R_LFSD2POP(1.0)	17/04/26 11:00:00	A	ED3_4	F	Y25-64	THS_PER	FRI3	2016	208.9		
ESTAT:LFST_R_LFSD2POP(1.0)	17/04/26 11:00:00	A	ED3_4	F	Y25-64	THS_PER	FRJ1	2016	284.9		
ESTAT:LFST_R_LFSD2POP(1.0)	17/04/26 11:00:00	A	ED3_4	F	Y25-64	THS_PER	FRJ2	2016	320.8		
ESTAT:LFST_R_LFSD2POP(1.0)	17/04/26 11:00:00	A	ED3_4	F	Y25-64	THS_PER	FRK1	2016	150.4		
ESTAT:LFST_R_LFSD2POP(1.0)	17/04/26 11:00:00	A	ED3_4	F	Y25-64	THS_PER	FRK2	2016	687.7		
ESTAT:LFST_R_LFSD2POP(1.0)	17/04/26 11:00:00	A	ED3_4	F	Y25-64	THS_PER	FRL0	2016	519.4		
ESTAT:LFST_R_LFSD2POP(1.0)	17/04/26 11:00:00	A	ED3_4	F	Y25-64	THS_PER	FRM0	2016	25.1	u	
ESTAT:LFST_R_LFSD2POP(1.0)	17/04/26 11:00:00	A	ED3_4	F	Y35-44	THS_PER	FR10	2016	258.3		
ESTAT:LFST_R_LFSD2POP(1.0)	17/04/26 11:00:00	A	ED3_4	F	Y35-44	THS_PER	FRB0	2016	60.1		
ESTAT:LFST_R_LFSD2POP(1.0)	17/04/26 11:00:00	A	ED3_4	F	Y35-44	THS_PER	FRC1	2016	41.7		
ESTAT:LFST_R_LFSD2POP(1.0)	17/04/26 11:00:00	A	ED3_4	F	Y35-44	THS_PER	FRC2	2016	30.9		
ESTAT:LFST_R_LFSD2POP(1.0)	17/04/26 11:00:00	A	ED3_4	F	Y35-44	THS_PER	FRD1	2016	37.2		
ESTAT:LFST_R_LFSD2POP(1.0)	17/04/26 11:00:00	A	ED3_4	F	Y35-44	THS_PER	FRD2	2016	42.2		
ESTAT:LFST_R_LFSD2POP(1.0)	17/04/26 11:00:00	A	ED3_4	F	Y35-44	THS_PER	FRE1	2016	109.9		
ESTAT:LFST_R_LFSD2POP(1.0)	17/04/26 11:00:00	A	ED3_4	F	Y35-44	THS_PER	FRE2	2016	56.4		
ESTAT:LFST_R_LFSD2POP(1.0)	17/04/26 11:00:00	A	ED3_4	F	Y35-44	THS_PER	FRF1	2016	41.9		
ESTAT:LFST_R_LFSD2POP(1.0)	17/04/26 11:00:00	A	ED3_4	F	Y35-44	THS_PER	FRF2	2016	32.7		
ESTAT:LFST_R_LFSD2POP(1.0)	17/04/26 11:00:00	A	ED3_4	F	Y35-44	THS_PER	FRF3	2016	56.8		
ESTAT:LFST_R_LFSD2POP(1.0)	17/04/26 11:00:00	A	ED3_4	F	Y35-44	THS_PER	FRG0	2016	105.1		
ESTAT:LFST_R_LFSD2POP(1.0)	17/04/26 11:00:00	A	ED3_4	F	Y35-44	THS_PER	FRH0	2016	93.1		
ESTAT:LFST_R_LFSD2POP(1.0)	17/04/26 11:00:00	A	ED3_4	F	Y35-44	THS_PER	FRI1	2016	90.1		
ESTAT:LFST_R_LFSD2POP(1.0)	17/04/26 11:00:00	A	ED3_4	F	Y35-44	THS_PER	FRI2	2016	18.9		
ESTAT:LFST_R_LFSD2POP(1.0)	17/04/26 11:00:00	A	ED3_4	F	Y35-44	THS_PER	FRI3	2016	46.0		
ESTAT:LFST_R_LFSD2POP(1.0)	17/04/26 11:00:00	A	ED3_4	F	Y35-44	THS_PER	FRJ1	2016	59.2		
ESTAT:LFST_R_LFSD2POP(1.0)	17/04/26 11:00:00	A	ED3_4	F	Y35-44	THS_PER	FRJ2	2016	83.1		
ESTAT:LFST_R_LFSD2POP(1.0)	17/04/26 11:00:00	A	ED3_4	F	Y35-44	THS_PER	FRK1	2016	40.6		
ESTAT:LFST_R_LFSD2POP(1.0)	17/04/26 11:00:00	A	ED3_4	F	Y35-44	THS_PER	FRK2	2016	154.8		
ESTAT:LFST_R_LFSD2POP(1.0)	17/04/26 11:00:00	A	ED3_4	F	Y35-44	THS_PER	FRL0	2016	114.8		
ESTAT:LFST_R_LFSD2POP(1.0)	17/04/26 11:00:00	A	ED3_4	F	Y35-44	THS_PER	FRM0	2016	6.5	u	
ESTAT:LFST_R_LFSD2POP(1.0)	17/04/26 11:00:00	A	ED3_4	F	Y45-54	THS_PER	FR10	2016	296.0		
ESTAT:LFST_R_LFSD2POP(1.0)	17/04/26 11:00:00	A	ED3_4	F	Y45-54	THS_PER	FRB0	2016	87.2		
ESTAT:LFST_R_LFSD2POP(1.0)	17/04/26 11:00:00	A	ED3_4	F	Y45-54	THS_PER	FRC1	2016	49.9		
ESTAT:LFST_R_LFSD2POP(1.0)	17/04/26 11:00:00	A	ED3_4	F	Y45-54	THS_PER	FRC2	2016	39.5		
ESTAT:LFST_R_LFSD2POP(1.0)	17/04/26 11:00:00	A	ED3_4	F	Y45-54	THS_PER	FRD1	2016	49.2		
ESTAT:LFST_R_LFSD2POP(1.0)	17/04/26 11:00:00	A	ED3_4	F	Y45-54	THS_PER	FRD2	2016	54.4		
ESTAT:LFST_R_LFSD2POP(1.0)	17/04/26 11:00:00	A	ED3_4	F	Y45-54	THS_PER	FRE1	2016	115.4		
ESTAT:LFST_R_LFSD2POP(1.0)	17/04/26 11:00:00	A	ED3_4	F	Y45-54	THS_PER	FRE2	2016	58.8		
ESTAT:LFST_R_LFSD2POP(1.0)	17/04/26 11:00:00	A	ED3_4	F	Y45-54	THS_PER	FRF1	2016	72.2		
ESTAT:LFST_R_LFSD2POP(1.0)	17/04/26 11:00:00	A	ED3_4	F	Y45-54	THS_PER	FRF2	2016	42.5		
ESTAT:LFST_R_LFSD2POP(1.0)	17/04/26 11:00:00	A	ED3_4	F	Y45-54	THS_PER	FRF3	2016	73.9		
ESTAT:LFST_R_LFSD2POP(1.0)	17/04/26 11:00:00	A	ED3_4	F	Y45-54	THS_PER	FRG0	2016	126.6		
ESTAT:LFST_R_LFSD2POP(1.0)	17/04/26 11:00:00	A	ED3_4	F	Y45-54	THS_PER	FRH0	2016	113.5		
ESTAT:LFST_R_LFSD2POP(1.0)	17/04/26 11:00:00	A	ED3_4	F	Y45-54	THS_PER	FRI1	2016	133.3		
ESTAT:LFST_R_LFSD2POP(1.0)	17/04/26 11:00:00	A	ED3_4	F	Y45-54	THS_PER	FRI2	2016	21.8		
ESTAT:LFST_R_LFSD2POP(1.0)	17/04/26 11:00:00	A	ED3_4	F	Y45-54	THS_PER	FRI3	2016	67.1		
ESTAT:LFST_R_LFSD2POP(1.0)	17/04/26 11:00:00	A	ED3_4	F	Y45-54	THS_PER	FRJ1	2016	82.6		
ESTAT:LFST_R_LFSD2POP(1.0)	17/04/26 11:00:00	A	ED3_4	F	Y45-54	THS_PER	FRJ2	2016	96.7		
ESTAT:LFST_R_LFSD2POP(1.0)	17/04/26 11:00:00	A	ED3_4	F	Y45-54	THS_PER	FRK1	2016	42.4		
ESTAT:LFST_R_LFSD2POP(1.0)	17/04/26 11:00:00	A	ED3_4	F	Y45-54	THS_PER	FRK2	2016	200.6		
ESTAT:LFST_R_LFSD2POP(1.0)	17/04/26 11:00:00	A	ED3_4	F	Y45-54	THS_PER	FRL0	2016	168.4		
ESTAT:LFST_R_LFSD2POP(1.0)	17/04/26 11:00:00	A	ED3_4	F	Y45-54	THS_PER	FRM0	2016	6.3	u	
ESTAT:LFST_R_LFSD2POP(1.0)	17/04/26 11:00:00	A	ED3_4	F	Y55-64	THS_PER	FR10	2016	224.5		
ESTAT:LFST_R_LFSD2POP(1.0)	17/04/26 11:00:00	A	ED3_4	F	Y55-64	THS_PER	FRB0	2016	70.9		
ESTAT:LFST_R_LFSD2POP(1.0)	17/04/26 11:00:00	A	ED3_4	F	Y55-64	THS_PER	FRC1	2016	45.8		
ESTAT:LFST_R_LFSD2POP(1.0)	17/04/26 11:00:00	A	ED3_4	F	Y55-64	THS_PER	FRC2	2016	33.3		
ESTAT:LFST_R_LFSD2POP(1.0)	17/04/26 11:00:00	A	ED3_4	F	Y55-64	THS_PER	FRD1	2016	39.2		
ESTAT:LFST_R_LFSD2POP(1.0)	17/04/26 11:00:00	A	ED3_4	F	Y55-64	THS_PER	FRD2	2016	47.7		
ESTAT:LFST_R_LFSD2POP(1.0)	17/04/26 11:00:00	A	ED3_4	F	Y55-64	THS_PER	FRE1	2016	95.0		
ESTAT:LFST_R_LFSD2POP(1.0)	17/04/26 11:00:00	A	ED3_4	F	Y55-64	THS_PER	FRE2	2016	52.8		
ESTAT:LFST_R_LFSD2POP(1.0)	17/04/26 11:00:00	A	ED3_4	F	Y55-64	THS_PER	FRF1	2016	58.5		
ESTAT:LFST_R_LFSD2POP(1.0)	17/04/26 11:00:00	A	ED3_4	F	Y55-64	THS_PER	FRF2	2016	33.3		
ESTAT:LFST_R_LFSD2POP(1.0)	17/04/26 11:00:00	A	ED3_4	F	Y55-64	THS_PER	FRF3	2016	73.4		
ESTAT:LFST_R_LFSD2POP(1.0)	17/04/26 11:00:00	A	ED3_4	F	Y55-64	THS_PER	FRG0	2016	102.8		
ESTAT:LFST_R_LFSD2POP(1.0)	17/04/26 11:00:00	A	ED3_4	F	Y55-64	THS_PER	FRH0	2016	80.5		
ESTAT:LFST_R_LFSD2POP(1.0)	17/04/26 11:00:00	A	ED3_4	F	Y55-64	THS_PER	FRI1	2016	97.1		
ESTAT:LFST_R_LFSD2POP(1.0)	17/04/26 11:00:00	A	ED3_4	F	Y55-64	THS_PER	FRI2	2016	23.1		
ESTAT:LFST_R_LFSD2POP(1.0)	17/04/26 11:00:00	A	ED3_4	F	Y55-64	THS_PER	FRI3	2016	52.3		
ESTAT:LFST_R_LFSD2POP(1.0)	17/04/26 11:00:00	A	ED3_4	F	Y55-64	THS_PER	FRJ1	2016	78.7		
ESTAT:LFST_R_LFSD2POP(1.0)	17/04/26 11:00:00	A	ED3_4	F	Y55-64	THS_PER	FRJ2	2016	87.0		
ESTAT:LFST_R_LFSD2POP(1.0)	17/04/26 11:00:00	A	ED3_4	F	Y55-64	THS_PER	FRK1	2016	46.1		
ESTAT:LFST_R_LFSD2POP(1.0)	17/04/26 11:00:00	A	ED3_4	F	Y55-64	THS_PER	FRK2	2016	179.0		
ESTAT:LFST_R_LFSD2POP(1.0)	17/04/26 11:00:00	A	ED3_4	F	Y55-64	THS_PER	FRL0	2016	124.6		
ESTAT:LFST_R_LFSD2POP(1.0)	17/04/26 11:00:00	A	ED3_4	F	Y55-64	THS_PER	FRM0	2016	7.8	u	
ESTAT:LFST_R_LFSD2POP(1.0)	17/04/26 11:00:00	A	ED3_4	F	Y_GE15	THS_PER	FR10	2016	1619.9		
ESTAT:LFST_R_LFSD2POP(1.0)	17/04/26 11:00:00	A	ED3_4	F	Y_GE15	THS_PER	FRB0	2016	430.7		
ESTAT:LFST_R_LFSD2POP(1.0)	17/04/26 11:00:00	A	ED3_4	F	Y_GE15	THS_PER	FRC1	2016	275.8		
ESTAT:LFST_R_LFSD2POP(1.0)	17/04/26 11:00:00	A	ED3_4	F	Y_GE15	THS_PER	FRC2	2016	184.2		
ESTAT:LFST_R_LFSD2POP(1.0)	17/04/26 11:00:00	A	ED3_4	F	Y_GE15	THS_PER	FRD1	2016	228.3		
ESTAT:LFST_R_LFSD2POP(1.0)	17/04/26 11:00:00	A	ED3_4	F	Y_GE15	THS_PER	FRD2	2016	295.9		
ESTAT:LFST_R_LFSD2POP(1.0)	17/04/26 11:00:00	A	ED3_4	F	Y_GE15	THS_PER	FRE1	2016	630.9		
ESTAT:LFST_R_LFSD2POP(1.0)	17/04/26 11:00:00	A	ED3_4	F	Y_GE15	THS_PER	FRE2	2016	308.6		
ESTAT:LFST_R_LFSD2POP(1.0)	17/04/26 11:00:00	A	ED3_4	F	Y_GE15	THS_PER	FRF1	2016	329.4		
ESTAT:LFST_R_LFSD2POP(1.0)	17/04/26 11:00:00	A	ED3_4	F	Y_GE15	THS_PER	FRF2	2016	209.0		
ESTAT:LFST_R_LFSD2POP(1.0)	17/04/26 11:00:00	A	ED3_4	F	Y_GE15	THS_PER	FRF3	2016	392.5		
ESTAT:LFST_R_LFSD2POP(1.0)	17/04/26 11:00:00	A	ED3_4	F	Y_GE15	THS_PER	FRG0	2016	623.6		
ESTAT:LFST_R_LFSD2POP(1.0)	17/04/26 11:00:00	A	ED3_4	F	Y_GE15	THS_PER	FRH0	2016	567.5		
ESTAT:LFST_R_LFSD2POP(1.0)	17/04/26 11:00:00	A	ED3_4	F	Y_GE15	THS_PER	FRI1	2016	594.4		
ESTAT:LFST_R_LFSD2POP(1.0)	17/04/26 11:00:00	A	ED3_4	F	Y_GE15	THS_PER	FRI2	2016	119.7		
ESTAT:LFST_R_LFSD2POP(1.0)	17/04/26 11:00:00	A	ED3_4	F	Y_GE15	THS_PER	FRI3	2016	304.3		
ESTAT:LFST_R_LFSD2POP(1.0)	17/04/26 11:00:00	A	ED3_4	F	Y_GE15	THS_PER	FRJ1	2016	439.8		
ESTAT:LFST_R_LFSD2POP(1.0)	17/04/26 11:00:00	A	ED3_4	F	Y_GE15	THS_PER	FRJ2	2016	469.9		
ESTAT:LFST_R_LFSD2POP(1.0)	17/04/26 11:00:00	A	ED3_4	F	Y_GE15	THS_PER	FRK1	2016	222.4		
ESTAT:LFST_R_LFSD2POP(1.0)	17/04/26 11:00:00	A	ED3_4	F	Y_GE15	THS_PER	FRK2	2016	1042.7		
ESTAT:LFST_R_LFSD2POP(1.0)	17/04/26 11:00:00	A	ED3_4	F	Y_GE15	THS_PER	FRL0	2016	800.3		
ESTAT:LFST_R_LFSD2POP(1.0)	17/04/26 11:00:00	A	ED3_4	F	Y_GE15	THS_PER	FRM0	2016	44.7	u	
ESTAT:LFST_R_LFSD2POP(1.0)	17/04/26 11:00:00	A	ED3_4	F	Y_GE25	THS_PER	FR10	2016	1285.8		
ESTAT:LFST_R_LFSD2POP(1.0)	17/04/26 11:00:00	A	ED3_4	F	Y_GE25	THS_PER	FRB0	2016	362.6		
ESTAT:LFST_R_LFSD2POP(1.0)	17/04/26 11:00:00	A	ED3_4	F	Y_GE25	THS_PER	FRC1	2016	233.6		
ESTAT:LFST_R_LFSD2POP(1.0)	17/04/26 11:00:00	A	ED3_4	F	Y_GE25	THS_PER	FRC2	2016	159.8		
ESTAT:LFST_R_LFSD2POP(1.0)	17/04/26 11:00:00	A	ED3_4	F	Y_GE25	THS_PER	FRD1	2016	195.0		
ESTAT:LFST_R_LFSD2POP(1.0)	17/04/26 11:00:00	A	ED3_4	F	Y_GE25	THS_PER	FRD2	2016	243.7		
ESTAT:LFST_R_LFSD2POP(1.0)	17/04/26 11:00:00	A	ED3_4	F	Y_GE25	THS_PER	FRE1	2016	525.3		
ESTAT:LFST_R_LFSD2POP(1.0)	17/04/26 11:00:00	A	ED3_4	F	Y_GE25	THS_PER	FRE2	2016	258.4		
ESTAT:LFST_R_LFSD2POP(1.0)	17/04/26 11:00:00	A	ED3_4	F	Y_GE25	THS_PER	FRF1	2016	283.1		
ESTAT:LFST_R_LFSD2POP(1.0)	17/04/26 11:00:00	A	ED3_4	F	Y_GE25	THS_PER	FRF2	2016	175.4		
ESTAT:LFST_R_LFSD2POP(1.0)	17/04/26 11:00:00	A	ED3_4	F	Y_GE25	THS_PER	FRF3	2016	326.8		
ESTAT:LFST_R_LFSD2POP(1.0)	17/04/26 11:00:00	A	ED3_4	F	Y_GE25	THS_PER	FRG0	2016	529.6		
ESTAT:LFST_R_LFSD2POP(1.0)	17/04/26 11:00:00	A	ED3_4	F	Y_GE25	THS_PER	FRH0	2016	475.3		
ESTAT:LFST_R_LFSD2POP(1.0)	17/04/26 11:00:00	A	ED3_4	F	Y_GE25	THS_PER	FRI1	2016	506.7		
ESTAT:LFST_R_LFSD2POP(1.0)	17/04/26 11:00:00	A	ED3_4	F	Y_GE25	THS_PER	FRI2	2016	102.8		
ESTAT:LFST_R_LFSD2POP(1.0)	17/04/26 11:00:00	A	ED3_4	F	Y_GE25	THS_PER	FRI3	2016	263.6		
ESTAT:LFST_R_LFSD2POP(1.0)	17/04/26 11:00:00	A	ED3_4	F	Y_GE25	THS_PER	FRJ1	2016	377.1		
ESTAT:LFST_R_LFSD2POP(1.0)	17/04/26 11:00:00	A	ED3_4	F	Y_GE25	THS_PER	FRJ2	2016	410.1		
ESTAT:LFST_R_LFSD2POP(1.0)	17/04/26 11:00:00	A	ED3_4	F	Y_GE25	THS_PER	FRK1	2016	189.1		
ESTAT:LFST_R_LFSD2POP(1.0)	17/04/26 11:00:00	A	ED3_4	F	Y_GE25	THS_PER	FRK2	2016	880.1		
ESTAT:LFST_R_LFSD2POP(1.0)	17/04/26 11:00:00	A	ED3_4	F	Y_GE25	THS_PER	FRL0	2016	700.7		
ESTAT:LFST_R_LFSD2POP(1.0)	17/04/26 11:00:00	A	ED3_4	F	Y_GE25	THS_PER	FRM0	2016	43.8	u	
ESTAT:LFST_R_LFSD2POP(1.0)	17/04/26 11:00:00	A	ED3_4	F	Y_GE65	THS_PER	FR10	2016	240.3		
ESTAT:LFST_R_LFSD2POP(1.0)	17/04/26 11:00:00	A	ED3_4	F	Y_GE65	THS_PER	FRB0	2016	74.7		
ESTAT:LFST_R_LFSD2POP(1.0)	17/04/26 11:00:00	A	ED3_4	F	Y_GE65	THS_PER	FRC1	2016	55.4		
ESTAT:LFST_R_LFSD2POP(1.0)	17/04/26 11:00:00	A	ED3_4	F	Y_GE65	THS_PER	FRC2	2016	27.6		
ESTAT:LFST_R_LFSD2POP(1.0)	17/04/26 11:00:00	A	ED3_4	F	Y_GE65	THS_PER	FRD1	2016	33.7		
ESTAT:LFST_R_LFSD2POP(1.0)	17/04/26 11:00:00	A	ED3_4	F	Y_GE65	THS_PER	FRD2	2016	44.8		
ESTAT:LFST_R_LFSD2POP(1.0)	17/04/26 11:00:00	A	ED3_4	F	Y_GE65	THS_PER	FRE1	2016	76.7		
ESTAT:LFST_R_LFSD2POP(1.0)	17/04/26 11:00:00	A	ED3_4	F	Y_GE65	THS_PER	FRE2	2016	36.7		
ESTAT:LFST_R_LFSD2POP(1.0)	17/04/26 11:00:00	A	ED3_4	F	Y_GE65	THS_PER	FRF1	2016	63.0		
ESTAT:LFST_R_LFSD2POP(1.0)	17/04/26 11:00:00	A	ED3_4	F	Y_GE65	THS_PER	FRF2	2016	27.9		
ESTAT:LFST_R_LFSD2POP(1.0)	17/04/26 11:00:00	A	ED3_4	F	Y_GE65	THS_PER	FRF3	2016	68.2		
ESTAT:LFST_R_LFSD2POP(1.0)	17/04/26 11:00:00	A	ED3_4	F	Y_GE65	THS_PER	FRG0	2016	101.9		
ESTAT:LFST_R_LFSD2POP(1.0)	17/04/26 11:00:00	A	ED3_4	F	Y_GE65	THS_PER	FRH0	2016	108.1		
ESTAT:LFST_R_LFSD2POP(1.0)	17/04/26 11:00:00	A	ED3_4	F	Y_GE65	THS_PER	FRI1	2016	112.2		
ESTAT:LFST_R_LFSD2POP(1.0)	17/04/26 11:00:00	A	ED3_4	F	Y_GE65	THS_PER	FRI2	2016	22.2		
ESTAT:LFST_R_LFSD2POP(1.0)	17/04/26 11:00:00	A	ED3_4	F	Y_GE65	THS_PER	FRI3	2016	54.8		
ESTAT:LFST_R_LFSD2POP(1.0)	17/04/26 11:00:00	A	ED3_4	F	Y_GE65	THS_PER	FRJ1	2016	92.1		
ESTAT:LFST_R_LFSD2POP(1.0)	17/04/26 11:00:00	A	ED3_4	F	Y_GE65	THS_PER	FRJ2	2016	89.4		
ESTAT:LFST_R_LFSD2POP(1.0)	17/04/26 11:00:00	A	ED3_4	F	Y_GE65	THS_PER	FRK1	2016	38.7		
ESTAT:LFST_R_LFSD2POP(1.0)	17/04/26 11:00:00	A	ED3_4	F	Y_GE65	THS_PER	FRK2	2016	192.4		
ESTAT:LFST_R_LFSD2POP(1.0)	17/04/26 11:00:00	A	ED3_4	F	Y_GE65	THS_PER	FRL0	2016	181.3		
ESTAT:LFST_R_LFSD2POP(1.0)	17/04/26 11:00:00	A	ED3_4	F	Y_GE65	THS_PER	FRM0	2016	18.7	u	
ESTAT:LFST_R_LFSD2POP(1.0)	17/04/26 11:00:00	A	ED3_4	M	Y15-24	THS_PER	FR10	2016	307.8		
ESTAT:LFST_R_LFSD2POP(1.0)	17/04/26 11:00:00	A	ED3_4	M	Y15-24	THS_PER	FRB0	2016	74.8		
ESTAT:LFST_R_LFSD2POP(1.0)	17/04/26 11:00:00	A	ED3_4	M	Y15-24	THS_PER	FRC1	2016	48.2		
ESTAT:LFST_R_LFSD2POP(1.0)	17/04/26 11:00:00	A	ED3_4	M	Y15-24	THS_PER	FRC2	2016	25.6		
ESTAT:LFST_R_LFSD2POP(1.0)	17/04/26 11:00:00	A	ED3_4	M	Y15-24	THS_PER	FRD1	2016	38.8		
ESTAT:LFST_R_LFSD2POP(1.0)	17/04/26 11:00:00	A	ED3_4	M	Y15-24	THS_PER	FRD2	2016	45.5		
ESTAT:LFST_R_LFSD2POP(1.0)	17/04/26 11:00:00	A	ED3_4	M	Y15-24	THS_PER	FRE1	2016	119.6		
ESTAT:LFST_R_LFSD2POP(1.0)	17/04/26 11:00:00	A	ED3_4	M	Y15-24	THS_PER	FRE2	2016	44.1		
ESTAT:LFST_R_LFSD2POP(1.0)	17/04/26 11:00:00	A	ED3_4	M	Y15-24	THS_PER	FRF1	2016	45.0		
ESTAT:LFST_R_LFSD2POP(1.0)	17/04/26 11:00:00	A	ED3_4	M	Y15-24	THS_PER	FRF2	2016	34.8		
ESTAT:LFST_R_LFSD2POP(1.0)	17/04/26 11:00:00	A	ED3_4	M	Y15-24	THS_PER	FRF3	2016	62.7		
ESTAT:LFST_R_LFSD2POP(1.0)	17/04/26 11:00:00	A	ED3_4	M	Y15-24	THS_PER	FRG0	2016	94.9		
ESTAT:LFST_R_LFSD2POP(1.0)	17/04/26 11:00:00	A	ED3_4	M	Y15-24	THS_PER	FRH0	2016	78.3		
ESTAT:LFST_R_LFSD2POP(1.0)	17/04/26 11:00:00	A	ED3_4	M	Y15-24	THS_PER	FRI1	2016	95.4		
ESTAT:LFST_R_LFSD2POP(1.0)	17/04/26 11:00:00	A	ED3_4	M	Y15-24	THS_PER	FRI2	2016	15.7		
ESTAT:LFST_R_LFSD2POP(1.0)	17/04/26 11:00:00	A	ED3_4	M	Y15-24	THS_PER	FRI3	2016	40.3		
ESTAT:LFST_R_LFSD2POP(1.0)	17/04/26 11:00:00	A	ED3_4	M	Y15-24	THS_PER	FRJ1	2016	58.4		
ESTAT:LFST_R_LFSD2POP(1.0)	17/04/26 11:00:00	A	ED3_4	M	Y15-24	THS_PER	FRJ2	2016	67.3		
ESTAT:LFST_R_LFSD2POP(1.0)	17/04/26 11:00:00	A	ED3_4	M	Y15-24	THS_PER	FRK1	2016	27.0		
ESTAT:LFST_R_LFSD2POP(1.0)	17/04/26 11:00:00	A	ED3_4	M	Y15-24	THS_PER	FRK2	2016	155.2		
ESTAT:LFST_R_LFSD2POP(1.0)	17/04/26 11:00:00	A	ED3_4	M	Y15-24	THS_PER	FRL0	2016	122.4		
ESTAT:LFST_R_LFSD2POP(1.0)	17/04/26 11:00:00	A	ED3_4	M	Y15-24	THS_PER	FRM0	2016	7.1	u	
ESTAT:LFST_R_LFSD2POP(1.0)	17/04/26 11:00:00	A	ED3_4	M	Y15-64	THS_PER	FR10	2016	1345.5		
ESTAT:LFST_R_LFSD2POP(1.0)	17/04/26 11:00:00	A	ED3_4	M	Y15-64	THS_PER	FRB0	2016	397.2		
ESTAT:LFST_R_LFSD2POP(1.0)	17/04/26 11:00:00	A	ED3_4	M	Y15-64	THS_PER	FRC1	2016	259.0		
ESTAT:LFST_R_LFSD2POP(1.0)	17/04/26 11:00:00	A	ED3_4	M	Y15-64	THS_PER	FRC2	2016	181.0		
ESTAT:LFST_R_LFSD2POP(1.0)	17/04/26 11:00:00	A	ED3_4	M	Y15-64	THS_PER	FRD1	2016	232.1		
ESTAT:LFST_R_LFSD2POP(1.0)	17/04/26 11:00:00	A	ED3_4	M	Y15-64	THS_PER	FRD2	2016	275.0		
ESTAT:LFST_R_LFSD2POP(1.0)	17/04/26 11:00:00	A	ED3_4	M	Y15-64	THS_PER	FRE1	2016	620.4		
ESTAT:LFST_R_LFSD2POP(1.0)	17/04/26 11:00:00	A	ED3_4	M	Y15-64	THS_PER	FRE2	2016	282.6		
ESTAT:LFST_R_LFSD2POP(1.0)	17/04/26 11:00:00	A	ED3_4	M	Y15-64	THS_PER	FRF1	2016	294.6		
ESTAT:LFST_R_LFSD2POP(1.0)	17/04/26 11:00:00	A	ED3_4	M	Y15-64	THS_PER	FRF2	2016	194.7		
ESTAT:LFST_R_LFSD2POP(1.0)	17/04/26 11:00:00	A	ED3_4	M	Y15-64	THS_PER	FRF3	2016	359.3		
ESTAT:LFST_R_LFSD2POP(1.0)	17/04/26 11:00:00	A	ED3_4	M	Y15-64	THS_PER	FRG0	2016	577.7		
ESTAT:LFST_R_LFSD2POP(1.0)	17/04/26 11:00:00	A	ED3_4	M	Y15-64	THS_PER	FRH0	2016	518.8		
ESTAT:LFST_R_LFSD2POP(1.0)	17/04/26 11:00:00	A	ED3_4	M	Y15-64	THS_PER	FRI1	2016	507.4		
ESTAT:LFST_R_LFSD2POP(1.0)	17/04/26 11:00:00	A	ED3_4	M	Y15-64	THS_PER	FRI2	2016	114.9		
ESTAT:LFST_R_LFSD2POP(1.0)	17/04/26 11:00:00	A	ED3_4	M	Y15-64	THS_PER	FRI3	2016	279.3		
ESTAT:LFST_R_LFSD2POP(1.0)	17/04/26 11:00:00	A	ED3_4	M	Y15-64	THS_PER	FRJ1	2016	342.6		
ESTAT:LFST_R_LFSD2POP(1.0)	17/04/26 11:00:00	A	ED3_4	M	Y15-64	THS_PER	FRJ2	2016	426.2		
ESTAT:LFST_R_LFSD2POP(1.0)	17/04/26 11:00:00	A	ED3_4	M	Y15-64	THS_PER	FRK1	2016	205.8		
ESTAT:LFST_R_LFSD2POP(1.0)	17/04/26 11:00:00	A	ED3_4	M	Y15-64	THS_PER	FRK2	2016	915.4		
ESTAT:LFST_R_LFSD2POP(1.0)	17/04/26 11:00:00	A	ED3_4	M	Y15-64	THS_PER	FRL0	2016	618.4		
ESTAT:LFST_R_LFSD2POP(1.0)	17/04/26 11:00:00	A	ED3_4	M	Y15-64	THS_PER	FRM0	2016	35.2	u	
ESTAT:LFST_R_LFSD2POP(1.0)	17/04/26 11:00:00	A	ED3_4	M	Y15-74	THS_PER	FR10	2016	1470.3		
ESTAT:LFST_R_LFSD2POP(1.0)	17/04/26 11:00:00	A	ED3_4	M	Y15-74	THS_PER	FRB0	2016	456.4		
ESTAT:LFST_R_LFSD2POP(1.0)	17/04/26 11:00:00	A	ED3_4	M	Y15-74	THS_PER	FRC1	2016	296.2		
ESTAT:LFST_R_LFSD2POP(1.0)	17/04/26 11:00:00	A	ED3_4	M	Y15-74	THS_PER	FRC2	2016	210.6		
ESTAT:LFST_R_LFSD2POP(1.0)	17/04/26 11:00:00	A	ED3_4	M	Y15-74	THS_PER	FRD1	2016	264.1		
ESTAT:LFST_R_LFSD2POP(1.0)	17/04/26 11:00:00	A	ED3_4	M	Y15-74	THS_PER	FRD2	2016	312.6		
ESTAT:LFST_R_LFSD2POP(1.0)	17/04/26 11:00:00	A	ED3_4	M	Y15-74	THS_PER	FRE1	2016	694.5		
ESTAT:LFST_R_LFSD2POP(1.0)	17/04/26 11:00:00	A	ED3_4	M	Y15-74	THS_PER	FRE2	2016	311.3		
ESTAT:LFST_R_LFSD2POP(1.0)	17/04/26 11:00:00	A	ED3_4	M	Y15-74	THS_PER	FRF1	2016	334.4		
ESTAT:LFST_R_LFSD2POP(1.0)	17/04/26 11:00:00	A	ED3_4	M	Y15-74	THS_PER	FRF2	2016	220.9		
ESTAT:LFST_R_LFSD2POP(1.0)	17/04/26 11:00:00	A	ED3_4	M	Y15-74	THS_PER	FRF3	2016	400.5		
ESTAT:LFST_R_LFSD2POP(1.0)	17/04/26 11:00:00	A	ED3_4	M	Y15-74	THS_PER	FRG0	2016	661.5		
ESTAT:LFST_R_LFSD2POP(1.0)	17/04/26 11:00:00	A	ED3_4	M	Y15-74	THS_PER	FRH0	2016	584.7		
ESTAT:LFST_R_LFSD2POP(1.0)	17/04/26 11:00:00	A	ED3_4	M	Y15-74	THS_PER	FRI1	2016	592.2		
ESTAT:LFST_R_LFSD2POP(1.0)	17/04/26 11:00:00	A	ED3_4	M	Y15-74	THS_PER	FRI2	2016	134.5		
ESTAT:LFST_R_LFSD2POP(1.0)	17/04/26 11:00:00	A	ED3_4	M	Y15-74	THS_PER	FRI3	2016	321.9		
ESTAT:LFST_R_LFSD2POP(1.0)	17/04/26 11:00:00	A	ED3_4	M	Y15-74	THS_PER	FRJ1	2016	406.5		
ESTAT:LFST_R_LFSD2POP(1.0)	17/04/26 11:00:00	A	ED3_4	M	Y15-74	THS_PER	FRJ2	2016	490.3		
ESTAT:LFST_R_LFSD2POP(1.0)	17/04/26 11:00:00	A	ED3_4	M	Y15-74	THS_PER	FRK1	2016	235.9		
ESTAT:LFST_R_LFSD2POP(1.0)	17/04/26 11:00:00	A	ED3_4	M	Y15-74	THS_PER	FRK2	2016	1037.7		
ESTAT:LFST_R_LFSD2POP(1.0)	17/04/26 11:00:00	A	ED3_4	M	Y15-74	THS_PER	FRL0	2016	720.1		
ESTAT:LFST_R_LFSD2POP(1.0)	17/04/26 11:00:00	A	ED3_4	M	Y15-74	THS_PER	FRM0	2016	47.3	u	
ESTAT:LFST_R_LFSD2POP(1.0)	17/04/26 11:00:00	A	ED3_4	M	Y20-64	THS_PER	FR10	2016	1240.0		
ESTAT:LFST_R_LFSD2POP(1.0)	17/04/26 11:00:00	A	ED3_4	M	Y20-64	THS_PER	FRB0	2016	368.7		
ESTAT:LFST_R_LFSD2POP(1.0)	17/04/26 11:00:00	A	ED3_4	M	Y20-64	THS_PER	FRC1	2016	238.3		
ESTAT:LFST_R_LFSD2POP(1.0)	17/04/26 11:00:00	A	ED3_4	M	Y20-64	THS_PER	FRC2	2016	171.1		
ESTAT:LFST_R_LFSD2POP(1.0)	17/04/26 11:00:00	A	ED3_4	M	Y20-64	THS_PER	FRD1	2016	218.6		
ESTAT:LFST_R_LFSD2POP(1.0)	17/04/26 11:00:00	A	ED3_4	M	Y20-64	THS_PER	FRD2	2016	260.9		
ESTAT:LFST_R_LFSD2POP(1.0)	17/04/26 11:00:00	A	ED3_4	M	Y20-64	THS_PER	FRE1	2016	578.4		
ESTAT:LFST_R_LFSD2POP(1.0)	17/04/26 11:00:00	A	ED3_4	M	Y20-64	THS_PER	FRE2	2016	266.9		
ESTAT:LFST_R_LFSD2POP(1.0)	17/04/26 11:00:00	A	ED3_4	M	Y20-64	THS_PER	FRF1	2016	274.8		
ESTAT:LFST_R_LFSD2POP(1.0)	17/04/26 11:00:00	A	ED3_4	M	Y20-64	THS_PER	FRF2	2016	182.4		
ESTAT:LFST_R_LFSD2POP(1.0)	17/04/26 11:00:00	A	ED3_4	M	Y20-64	THS_PER	FRF3	2016	338.5		
ESTAT:LFST_R_LFSD2POP(1.0)	17/04/26 11:00:00	A	ED3_4	M	Y20-64	THS_PER	FRG0	2016	541.2		
ESTAT:LFST_R_LFSD2POP(1.0)	17/04/26 11:00:00	A	ED3_4	M	Y20-64	THS_PER	FRH0	2016	489.1		
ESTAT:LFST_R_LFSD2POP(1.0)	17/04/26 11:00:00	A	ED3_4	M	Y20-64	THS_PER	FRI1	2016	476.4		
ESTAT:LFST_R_LFSD2POP(1.0)	17/04/26 11:00:00	A	ED3_4	M	Y20-64	THS_PER	FRI2	2016	110.0		
ESTAT:LFST_R_LFSD2POP(1.0)	17/04/26 11:00:00	A	ED3_4	M	Y20-64	THS_PER	FRI3	2016	263.0		
ESTAT:LFST_R_LFSD2POP(1.0)	17/04/26 11:00:00	A	ED3_4	M	Y20-64	THS_PER	FRJ1	2016	323.2		
ESTAT:LFST_R_LFSD2POP(1.0)	17/04/26 11:00:00	A	ED3_4	M	Y20-64	THS_PER	FRJ2	2016	398.4		
ESTAT:LFST_R_LFSD2POP(1.0)	17/04/26 11:00:00	A	ED3_4	M	Y20-64	THS_PER	FRK1	2016	196.4		
ESTAT:LFST_R_LFSD2POP(1.0)	17/04/26 11:00:00	A	ED3_4	M	Y20-64	THS_PER	FRK2	2016	860.8		
ESTAT:LFST_R_LFSD2POP(1.0)	17/04/26 11:00:00	A	ED3_4	M	Y20-64	THS_PER	FRL0	2016	573.5		
ESTAT:LFST_R_LFSD2POP(1.0)	17/04/26 11:00:00	A	ED3_4	M	Y20-64	THS_PER	FRM0	2016	30.1	u	
ESTAT:LFST_R_LFSD2POP(1.0)	17/04/26 11:00:00	A	ED3_4	M	Y25-34	THS_PER	FR10	2016	257.3		
ESTAT:LFST_R_LFSD2POP(1.0)	17/04/26 11:00:00	A	ED3_4	M	Y25-34	THS_PER	FRB0	2016	64.9		
ESTAT:LFST_R_LFSD2POP(1.0)	17/04/26 11:00:00	A	ED3_4	M	Y25-34	THS_PER	FRC1	2016	50.3		
ESTAT:LFST_R_LFSD2POP(1.0)	17/04/26 11:00:00	A	ED3_4	M	Y25-34	THS_PER	FRC2	2016	33.2		
ESTAT:LFST_R_LFSD2POP(1.0)	17/04/26 11:00:00	A	ED3_4	M	Y25-34	THS_PER	FRD1	2016	38.5		
ESTAT:LFST_R_LFSD2POP(1.0)	17/04/26 11:00:00	A	ED3_4	M	Y25-34	THS_PER	FRD2	2016	65.9		
ESTAT:LFST_R_LFSD2POP(1.0)	17/04/26 11:00:00	A	ED3_4	M	Y25-34	THS_PER	FRE1	2016	130.6		
ESTAT:LFST_R_LFSD2POP(1.0)	17/04/26 11:00:00	A	ED3_4	M	Y25-34	THS_PER	FRE2	2016	52.2		
ESTAT:LFST_R_LFSD2POP(1.0)	17/04/26 11:00:00	A	ED3_4	M	Y25-34	THS_PER	FRF1	2016	51.3		
ESTAT:LFST_R_LFSD2POP(1.0)	17/04/26 11:00:00	A	ED3_4	M	Y25-34	THS_PER	FRF2	2016	38.0		
ESTAT:LFST_R_LFSD2POP(1.0)	17/04/26 11:00:00	A	ED3_4	M	Y25-34	THS_PER	FRF3	2016	71.1		
ESTAT:LFST_R_LFSD2POP(1.0)	17/04/26 11:00:00	A	ED3_4	M	Y25-34	THS_PER	FRG0	2016	104.5		
ESTAT:LFST_R_LFSD2POP(1.0)	17/04/26 11:00:00	A	ED3_4	M	Y25-34	THS_PER	FRH0	2016	102.1		
ESTAT:LFST_R_LFSD2POP(1.0)	17/04/26 11:00:00	A	ED3_4	M	Y25-34	THS_PER	FRI1	2016	84.1		
ESTAT:LFST_R_LFSD2POP(1.0)	17/04/26 11:00:00	A	ED3_4	M	Y25-34	THS_PER	FRI2	2016	18.7		
ESTAT:LFST_R_LFSD2POP(1.0)	17/04/26 11:00:00	A	ED3_4	M	Y25-34	THS_PER	FRI3	2016	54.4		
ESTAT:LFST_R_LFSD2POP(1.0)	17/04/26 11:00:00	A	ED3_4	M	Y25-34	THS_PER	FRJ1	2016	62.9		
ESTAT:LFST_R_LFSD2POP(1.0)	17/04/26 11:00:00	A	ED3_4	M	Y25-34	THS_PER	FRJ2	2016	71.9		
ESTAT:LFST_R_LFSD2POP(1.0)	17/04/26 11:00:00	A	ED3_4	M	Y25-34	THS_PER	FRK1	2016	32.2		
ESTAT:LFST_R_LFSD2POP(1.0)	17/04/26 11:00:00	A	ED3_4	M	Y25-34	THS_PER	FRK2	2016	189.4		
ESTAT:LFST_R_LFSD2POP(1.0)	17/04/26 11:00:00	A	ED3_4	M	Y25-34	THS_PER	FRL0	2016	118.3		
ESTAT:LFST_R_LFSD2POP(1.0)	17/04/26 11:00:00	A	ED3_4	M	Y25-34	THS_PER	FRM0	2016	4.6	u	
ESTAT:LFST_R_LFSD2POP(1.0)	17/04/26 11:00:00	A	ED3_4	M	Y25-64	THS_PER	FR10	2016	1037.8		
ESTAT:LFST_R_LFSD2POP(1.0)	17/04/26 11:00:00	A	ED3_4	M	Y25-64	THS_PER	FRB0	2016	322.5		
ESTAT:LFST_R_LFSD2POP(1.0)	17/04/26 11:00:00	A	ED3_4	M	Y25-64	THS_PER	FRC1	2016	210.8		
ESTAT:LFST_R_LFSD2POP(1.0)	17/04/26 11:00:00	A	ED3_4	M	Y25-64	THS_PER	FRC2	2016	155.4		
ESTAT:LFST_R_LFSD2POP(1.0)	17/04/26 11:00:00	A	ED3_4	M	Y25-64	THS_PER	FRD1	2016	193.4		
ESTAT:LFST_R_LFSD2POP(1.0)	17/04/26 11:00:00	A	ED3_4	M	Y25-64	THS_PER	FRD2	2016	229.5		
ESTAT:LFST_R_LFSD2POP(1.0)	17/04/26 11:00:00	A	ED3_4	M	Y25-64	THS_PER	FRE1	2016	500.7		
ESTAT:LFST_R_LFSD2POP(1.0)	17/04/26 11:00:00	A	ED3_4	M	Y25-64	THS_PER	FRE2	2016	238.5		
ESTAT:LFST_R_LFSD2POP(1.0)	17/04/26 11:00:00	A	ED3_4	M	Y25-64	THS_PER	FRF1	2016	249.7		
ESTAT:LFST_R_LFSD2POP(1.0)	17/04/26 11:00:00	A	ED3_4	M	Y25-64	THS_PER	FRF2	2016	159.9		
ESTAT:LFST_R_LFSD2POP(1.0)	17/04/26 11:00:00	A	ED3_4	M	Y25-64	THS_PER	FRF3	2016	296.5		
ESTAT:LFST_R_LFSD2POP(1.0)	17/04/26 11:00:00	A	ED3_4	M	Y25-64	THS_PER	FRG0	2016	482.8		
ESTAT:LFST_R_LFSD2POP(1.0)	17/04/26 11:00:00	A	ED3_4	M	Y25-64	THS_PER	FRH0	2016	440.5		
ESTAT:LFST_R_LFSD2POP(1.0)	17/04/26 11:00:00	A	ED3_4	M	Y25-64	THS_PER	FRI1	2016	412.0		
ESTAT:LFST_R_LFSD2POP(1.0)	17/04/26 11:00:00	A	ED3_4	M	Y25-64	THS_PER	FRI2	2016	99.2		
ESTAT:LFST_R_LFSD2POP(1.0)	17/04/26 11:00:00	A	ED3_4	M	Y25-64	THS_PER	FRI3	2016	239.0		
ESTAT:LFST_R_LFSD2POP(1.0)	17/04/26 11:00:00	A	ED3_4	M	Y25-64	THS_PER	FRJ1	2016	284.2		
ESTAT:LFST_R_LFSD2POP(1.0)	17/04/26 11:00:00	A	ED3_4	M	Y25-64	THS_PER	FRJ2	2016	358.8		
ESTAT:LFST_R_LFSD2POP(1.0)	17/04/26 11:00:00	A	ED3_4	M	Y25-64	THS_PER	FRK1	2016	178.8		
ESTAT:LFST_R_LFSD2POP(1.0)	17/04/26 11:00:00	A	ED3_4	M	Y25-64	THS_PER	FRK2	2016	760.2		
ESTAT:LFST_R_LFSD2POP(1.0)	17/04/26 11:00:00	A	ED3_4	M	Y25-64	THS_PER	FRL0	2016	495.9		
ESTAT:LFST_R_LFSD2POP(1.0)	17/04/26 11:00:00	A	ED3_4	M	Y25-64	THS_PER	FRM0	2016	28.1	u	
ESTAT:LFST_R_LFSD2POP(1.0)	17/04/26 11:00:00	A	ED3_4	M	Y35-44	THS_PER	FR10	2016	270.2		
ESTAT:LFST_R_LFSD2POP(1.0)	17/04/26 11:00:00	A	ED3_4	M	Y35-44	THS_PER	FRB0	2016	74.4		
ESTAT:LFST_R_LFSD2POP(1.0)	17/04/26 11:00:00	A	ED3_4	M	Y35-44	THS_PER	FRC1	2016	48.7		
ESTAT:LFST_R_LFSD2POP(1.0)	17/04/26 11:00:00	A	ED3_4	M	Y35-44	THS_PER	FRC2	2016	37.3		
ESTAT:LFST_R_LFSD2POP(1.0)	17/04/26 11:00:00	A	ED3_4	M	Y35-44	THS_PER	FRD1	2016	46.8		
ESTAT:LFST_R_LFSD2POP(1.0)	17/04/26 11:00:00	A	ED3_4	M	Y35-44	THS_PER	FRD2	2016	51.8		
ESTAT:LFST_R_LFSD2POP(1.0)	17/04/26 11:00:00	A	ED3_4	M	Y35-44	THS_PER	FRE1	2016	125.9		
ESTAT:LFST_R_LFSD2POP(1.0)	17/04/26 11:00:00	A	ED3_4	M	Y35-44	THS_PER	FRE2	2016	60.2		
ESTAT:LFST_R_LFSD2POP(1.0)	17/04/26 11:00:00	A	ED3_4	M	Y35-44	THS_PER	FRF1	2016	55.4		
ESTAT:LFST_R_LFSD2POP(1.0)	17/04/26 11:00:00	A	ED3_4	M	Y35-44	THS_PER	FRF2	2016	35.3		
ESTAT:LFST_R_LFSD2POP(1.0)	17/04/26 11:00:00	A	ED3_4	M	Y35-44	THS_PER	FRF3	2016	65.6		
ESTAT:LFST_R_LFSD2POP(1.0)	17/04/26 11:00:00	A	ED3_4	M	Y35-44	THS_PER	FRG0	2016	114.6		
ESTAT:LFST_R_LFSD2POP(1.0)	17/04/26 11:00:00	A	ED3_4	M	Y35-44	THS_PER	FRH0	2016	103.2		
ESTAT:LFST_R_LFSD2POP(1.0)	17/04/26 11:00:00	A	ED3_4	M	Y35-44	THS_PER	FRI1	2016	94.8		
ESTAT:LFST_R_LFSD2POP(1.0)	17/04/26 11:00:00	A	ED3_4	M	Y35-44	THS_PER	FRI2	2016	27.5		
ESTAT:LFST_R_LFSD2POP(1.0)	17/04/26 11:00:00	A	ED3_4	M	Y35-44	THS_PER	FRI3	2016	57.8		
ESTAT:LFST_R_LFSD2POP(1.0)	17/04/26 11:00:00	A	ED3_4	M	Y35-44	THS_PER	FRJ1	2016	63.9		
ESTAT:LFST_R_LFSD2POP(1.0)	17/04/26 11:00:00	A	ED3_4	M	Y35-44	THS_PER	FRJ2	2016	80.1		
ESTAT:LFST_R_LFSD2POP(1.0)	17/04/26 11:00:00	A	ED3_4	M	Y35-44	THS_PER	FRK1	2016	48.0		
ESTAT:LFST_R_LFSD2POP(1.0)	17/04/26 11:00:00	A	ED3_4	M	Y35-44	THS_PER	FRK2	2016	170.2		
ESTAT:LFST_R_LFSD2POP(1.0)	17/04/26 11:00:00	A	ED3_4	M	Y35-44	THS_PER	FRL0	2016	109.6		
ESTAT:LFST_R_LFSD2POP(1.0)	17/04/26 11:00:00	A	ED3_4	M	Y35-44	THS_PER	FRM0	2016	10.4	u	
ESTAT:LFST_R_LFSD2POP(1.0)	17/04/26 11:00:00	A	ED3_4	M	Y45-54	THS_PER	FR10	2016	280.9		
ESTAT:LFST_R_LFSD2POP(1.0)	17/04/26 11:00:00	A	ED3_4	M	Y45-54	THS_PER	FRB0	2016	89.8		
ESTAT:LFST_R_LFSD2POP(1.0)	17/04/26 11:00:00	A	ED3_4	M	Y45-54	THS_PER	FRC1	2016	55.8		
ESTAT:LFST_R_LFSD2POP(1.0)	17/04/26 11:00:00	A	ED3_4	M	Y45-54	THS_PER	FRC2	2016	44.0		
ESTAT:LFST_R_LFSD2POP(1.0)	17/04/26 11:00:00	A	ED3_4	M	Y45-54	THS_PER	FRD1	2016	60.6		
ESTAT:LFST_R_LFSD2POP(1.0)	17/04/26 11:00:00	A	ED3_4	M	Y45-54	THS_PER	FRD2	2016	63.4		
ESTAT:LFST_R_LFSD2POP(1.0)	17/04/26 11:00:00	A	ED3_4	M	Y45-54	THS_PER	FRE1	2016	120.3		
ESTAT:LFST_R_LFSD2POP(1.0)	17/04/26 11:00:00	A	ED3_4	M	Y45-54	THS_PER	FRE2	2016	69.0		
ESTAT:LFST_R_LFSD2POP(1.0)	17/04/26 11:00:00	A	ED3_4	M	Y45-54	THS_PER	FRF1	2016	76.1		
ESTAT:LFST_R_LFSD2POP(1.0)	17/04/26 11:00:00	A	ED3_4	M	Y45-54	THS_PER	FRF2	2016	47.7		
ESTAT:LFST_R_LFSD2POP(1.0)	17/04/26 11:00:00	A	ED3_4	M	Y45-54	THS_PER	FRF3	2016	83.9		
ESTAT:LFST_R_LFSD2POP(1.0)	17/04/26 11:00:00	A	ED3_4	M	Y45-54	THS_PER	FRG0	2016	132.6		
ESTAT:LFST_R_LFSD2POP(1.0)	17/04/26 11:00:00	A	ED3_4	M	Y45-54	THS_PER	FRH0	2016	141.5		
ESTAT:LFST_R_LFSD2POP(1.0)	17/04/26 11:00:00	A	ED3_4	M	Y45-54	THS_PER	FRI1	2016	128.9		
ESTAT:LFST_R_LFSD2POP(1.0)	17/04/26 11:00:00	A	ED3_4	M	Y45-54	THS_PER	FRI2	2016	27.3		
ESTAT:LFST_R_LFSD2POP(1.0)	17/04/26 11:00:00	A	ED3_4	M	Y45-54	THS_PER	FRI3	2016	70.6		
ESTAT:LFST_R_LFSD2POP(1.0)	17/04/26 11:00:00	A	ED3_4	M	Y45-54	THS_PER	FRJ1	2016	83.8		
ESTAT:LFST_R_LFSD2POP(1.0)	17/04/26 11:00:00	A	ED3_4	M	Y45-54	THS_PER	FRJ2	2016	107.0		
ESTAT:LFST_R_LFSD2POP(1.0)	17/04/26 11:00:00	A	ED3_4	M	Y45-54	THS_PER	FRK1	2016	53.7		
ESTAT:LFST_R_LFSD2POP(1.0)	17/04/26 11:00:00	A	ED3_4	M	Y45-54	THS_PER	FRK2	2016	220.9		
ESTAT:LFST_R_LFSD2POP(1.0)	17/04/26 11:00:00	A	ED3_4	M	Y45-54	THS_PER	FRL0	2016	139.6		
ESTAT:LFST_R_LFSD2POP(1.0)	17/04/26 11:00:00	A	ED3_4	M	Y45-54	THS_PER	FRM0	2016	7.1	u	
ESTAT:LFST_R_LFSD2POP(1.0)	17/04/26 11:00:00	A	ED3_4	M	Y55-64	THS_PER	FR10	2016	229.4		
ESTAT:LFST_R_LFSD2POP(1.0)	17/04/26 11:00:00	A	ED3_4	M	Y55-64	THS_PER	FRB0	2016	93.3		
ESTAT:LFST_R_LFSD2POP(1.0)	17/04/26 11:00:00	A	ED3_4	M	Y55-64	THS_PER	FRC1	2016	56.0		
ESTAT:LFST_R_LFSD2POP(1.0)	17/04/26 11:00:00	A	ED3_4	M	Y55-64	THS_PER	FRC2	2016	40.9		
ESTAT:LFST_R_LFSD2POP(1.0)	17/04/26 11:00:00	A	ED3_4	M	Y55-64	THS_PER	FRD1	2016	47.5		
ESTAT:LFST_R_LFSD2POP(1.0)	17/04/26 11:00:00	A	ED3_4	M	Y55-64	THS_PER	FRD2	2016	48.4		
ESTAT:LFST_R_LFSD2POP(1.0)	17/04/26 11:00:00	A	ED3_4	M	Y55-64	THS_PER	FRE1	2016	124.0		
ESTAT:LFST_R_LFSD2POP(1.0)	17/04/26 11:00:00	A	ED3_4	M	Y55-64	THS_PER	FRE2	2016	57.1		
ESTAT:LFST_R_LFSD2POP(1.0)	17/04/26 11:00:00	A	ED3_4	M	Y55-64	THS_PER	FRF1	2016	66.9		
ESTAT:LFST_R_LFSD2POP(1.0)	17/04/26 11:00:00	A	ED3_4	M	Y55-64	THS_PER	FRF2	2016	38.8		
ESTAT:LFST_R_LFSD2POP(1.0)	17/04/26 11:00:00	A	ED3_4	M	Y55-64	THS_PER	FRF3	2016	75.9		
ESTAT:LFST_R_LFSD2POP(1.0)	17/04/26 11:00:00	A	ED3_4	M	Y55-64	THS_PER	FRG0	2016	131.1		
ESTAT:LFST_R_LFSD2POP(1.0)	17/04/26 11:00:00	A	ED3_4	M	Y55-64	THS_PER	FRH0	2016	93.7		
ESTAT:LFST_R_LFSD2POP(1.0)	17/04/26 11:00:00	A	ED3_4	M	Y55-64	THS_PER	FRI1	2016	104.1		
ESTAT:LFST_R_LFSD2POP(1.0)	17/04/26 11:00:00	A	ED3_4	M	Y55-64	THS_PER	FRI2	2016	25.7		
ESTAT:LFST_R_LFSD2POP(1.0)	17/04/26 11:00:00	A	ED3_4	M	Y55-64	THS_PER	FRI3	2016	56.2		
ESTAT:LFST_R_LFSD2POP(1.0)	17/04/26 11:00:00	A	ED3_4	M	Y55-64	THS_PER	FRJ1	2016	73.7		
ESTAT:LFST_R_LFSD2POP(1.0)	17/04/26 11:00:00	A	ED3_4	M	Y55-64	THS_PER	FRJ2	2016	99.8		
ESTAT:LFST_R_LFSD2POP(1.0)	17/04/26 11:00:00	A	ED3_4	M	Y55-64	THS_PER	FRK1	2016	44.9		
ESTAT:LFST_R_LFSD2POP(1.0)	17/04/26 11:00:00	A	ED3_4	M	Y55-64	THS_PER	FRK2	2016	179.6		
ESTAT:LFST_R_LFSD2POP(1.0)	17/04/26 11:00:00	A	ED3_4	M	Y55-64	THS_PER	FRL0	2016	128.5		
ESTAT:LFST_R_LFSD2POP(1.0)	17/04/26 11:00:00	A	ED3_4	M	Y55-64	THS_PER	FRM0	2016	6.0	u	
ESTAT:LFST_R_LFSD2POP(1.0)	17/04/26 11:00:00	A	ED3_4	M	Y_GE15	THS_PER	FR10	2016	1542.5		
ESTAT:LFST_R_LFSD2POP(1.0)	17/04/26 11:00:00	A	ED3_4	M	Y_GE15	THS_PER	FRB0	2016	486.9		
ESTAT:LFST_R_LFSD2POP(1.0)	17/04/26 11:00:00	A	ED3_4	M	Y_GE15	THS_PER	FRC1	2016	314.5		
ESTAT:LFST_R_LFSD2POP(1.0)	17/04/26 11:00:00	A	ED3_4	M	Y_GE15	THS_PER	FRC2	2016	221.9		
ESTAT:LFST_R_LFSD2POP(1.0)	17/04/26 11:00:00	A	ED3_4	M	Y_GE15	THS_PER	FRD1	2016	277.4		
ESTAT:LFST_R_LFSD2POP(1.0)	17/04/26 11:00:00	A	ED3_4	M	Y_GE15	THS_PER	FRD2	2016	327.5		
ESTAT:LFST_R_LFSD2POP(1.0)	17/04/26 11:00:00	A	ED3_4	M	Y_GE15	THS_PER	FRE1	2016	720.0		
ESTAT:LFST_R_LFSD2POP(1.0)	17/04/26 11:00:00	A	ED3_4	M	Y_GE15	THS_PER	FRE2	2016	326.8		
ESTAT:LFST_R_LFSD2POP(1.0)	17/04/26 11:00:00	A	ED3_4	M	Y_GE15	THS_PER	FRF1	2016	362.4		
ESTAT:LFST_R_LFSD2POP(1.0)	17/04/26 11:00:00	A	ED3_4	M	Y_GE15	THS_PER	FRF2	2016	233.5		
ESTAT:LFST_R_LFSD2POP(1.0)	17/04/26 11:00:00	A	ED3_4	M	Y_GE15	THS_PER	FRF3	2016	429.3		
ESTAT:LFST_R_LFSD2POP(1.0)	17/04/26 11:00:00	A	ED3_4	M	Y_GE15	THS_PER	FRG0	2016	695.7		
ESTAT:LFST_R_LFSD2POP(1.0)	17/04/26 11:00:00	A	ED3_4	M	Y_GE15	THS_PER	FRH0	2016	623.8		
ESTAT:LFST_R_LFSD2POP(1.0)	17/04/26 11:00:00	A	ED3_4	M	Y_GE15	THS_PER	FRI1	2016	630.0		
ESTAT:LFST_R_LFSD2POP(1.0)	17/04/26 11:00:00	A	ED3_4	M	Y_GE15	THS_PER	FRI2	2016	144.2		
ESTAT:LFST_R_LFSD2POP(1.0)	17/04/26 11:00:00	A	ED3_4	M	Y_GE15	THS_PER	FRI3	2016	342.5		
ESTAT:LFST_R_LFSD2POP(1.0)	17/04/26 11:00:00	A	ED3_4	M	Y_GE15	THS_PER	FRJ1	2016	435.1		
ESTAT:LFST_R_LFSD2POP(1.0)	17/04/26 11:00:00	A	ED3_4	M	Y_GE15	THS_PER	FRJ2	2016	522.7		
ESTAT:LFST_R_LFSD2POP(1.0)	17/04/26 11:00:00	A	ED3_4	M	Y_GE15	THS_PER	FRK1	2016	242.9		
ESTAT:LFST_R_LFSD2POP(1.0)	17/04/26 11:00:00	A	ED3_4	M	Y_GE15	THS_PER	FRK2	2016	1104.0		
ESTAT:LFST_R_LFSD2POP(1.0)	17/04/26 11:00:00	A	ED3_4	M	Y_GE15	THS_PER	FRL0	2016	774.9		
ESTAT:LFST_R_LFSD2POP(1.0)	17/04/26 11:00:00	A	ED3_4	M	Y_GE15	THS_PER	FRM0	2016	50.9	u	
ESTAT:LFST_R_LFSD2POP(1.0)	17/04/26 11:00:00	A	ED3_4	M	Y_GE25	THS_PER	FR10	2016	1234.7		
ESTAT:LFST_R_LFSD2POP(1.0)	17/04/26 11:00:00	A	ED3_4	M	Y_GE25	THS_PER	FRB0	2016	412.2		
ESTAT:LFST_R_LFSD2POP(1.0)	17/04/26 11:00:00	A	ED3_4	M	Y_GE25	THS_PER	FRC1	2016	266.3		
ESTAT:LFST_R_LFSD2POP(1.0)	17/04/26 11:00:00	A	ED3_4	M	Y_GE25	THS_PER	FRC2	2016	196.3		
ESTAT:LFST_R_LFSD2POP(1.0)	17/04/26 11:00:00	A	ED3_4	M	Y_GE25	THS_PER	FRD1	2016	238.7		
ESTAT:LFST_R_LFSD2POP(1.0)	17/04/26 11:00:00	A	ED3_4	M	Y_GE25	THS_PER	FRD2	2016	281.9		
ESTAT:LFST_R_LFSD2POP(1.0)	17/04/26 11:00:00	A	ED3_4	M	Y_GE25	THS_PER	FRE1	2016	600.4		
ESTAT:LFST_R_LFSD2POP(1.0)	17/04/26 11:00:00	A	ED3_4	M	Y_GE25	THS_PER	FRE2	2016	282.7		
ESTAT:LFST_R_LFSD2POP(1.0)	17/04/26 11:00:00	A	ED3_4	M	Y_GE25	THS_PER	FRF1	2016	317.5		
ESTAT:LFST_R_LFSD2POP(1.0)	17/04/26 11:00:00	A	ED3_4	M	Y_GE25	THS_PER	FRF2	2016	198.7		
ESTAT:LFST_R_LFSD2POP(1.0)	17/04/26 11:00:00	A	ED3_4	M	Y_GE25	THS_PER	FRF3	2016	366.5		
ESTAT:LFST_R_LFSD2POP(1.0)	17/04/26 11:00:00	A	ED3_4	M	Y_GE25	THS_PER	FRG0	2016	600.9		
ESTAT:LFST_R_LFSD2POP(1.0)	17/04/26 11:00:00	A	ED3_4	M	Y_GE25	THS_PER	FRH0	2016	545.4		
ESTAT:LFST_R_LFSD2POP(1.0)	17/04/26 11:00:00	A	ED3_4	M	Y_GE25	THS_PER	FRI1	2016	534.6		
ESTAT:LFST_R_LFSD2POP(1.0)	17/04/26 11:00:00	A	ED3_4	M	Y_GE25	THS_PER	FRI2	2016	128.5		
ESTAT:LFST_R_LFSD2POP(1.0)	17/04/26 11:00:00	A	ED3_4	M	Y_GE25	THS_PER	FRI3	2016	302.2		
ESTAT:LFST_R_LFSD2POP(1.0)	17/04/26 11:00:00	A	ED3_4	M	Y_GE25	THS_PER	FRJ1	2016	376.7		
ESTAT:LFST_R_LFSD2POP(1.0)	17/04/26 11:00:00	A	ED3_4	M	Y_GE25	THS_PER	FRJ2	2016	455.3		
ESTAT:LFST_R_LFSD2POP(1.0)	17/04/26 11:00:00	A	ED3_4	M	Y_GE25	THS_PER	FRK1	2016	215.9		
ESTAT:LFST_R_LFSD2POP(1.0)	17/04/26 11:00:00	A	ED3_4	M	Y_GE25	THS_PER	FRK2	2016	948.8		
ESTAT:LFST_R_LFSD2POP(1.0)	17/04/26 11:00:00	A	ED3_4	M	Y_GE25	THS_PER	FRL0	2016	652.5		
ESTAT:LFST_R_LFSD2POP(1.0)	17/04/26 11:00:00	A	ED3_4	M	Y_GE25	THS_PER	FRM0	2016	43.7	u	
ESTAT:LFST_R_LFSD2POP(1.0)	17/04/26 11:00:00	A	ED3_4	M	Y_GE65	THS_PER	FR10	2016	196.9		
ESTAT:LFST_R_LFSD2POP(1.0)	17/04/26 11:00:00	A	ED3_4	M	Y_GE65	THS_PER	FRB0	2016	89.7		
ESTAT:LFST_R_LFSD2POP(1.0)	17/04/26 11:00:00	A	ED3_4	M	Y_GE65	THS_PER	FRC1	2016	55.5		
ESTAT:LFST_R_LFSD2POP(1.0)	17/04/26 11:00:00	A	ED3_4	M	Y_GE65	THS_PER	FRC2	2016	40.8		
ESTAT:LFST_R_LFSD2POP(1.0)	17/04/26 11:00:00	A	ED3_4	M	Y_GE65	THS_PER	FRD1	2016	45.3		
ESTAT:LFST_R_LFSD2POP(1.0)	17/04/26 11:00:00	A	ED3_4	M	Y_GE65	THS_PER	FRD2	2016	52.5		
ESTAT:LFST_R_LFSD2POP(1.0)	17/04/26 11:00:00	A	ED3_4	M	Y_GE65	THS_PER	FRE1	2016	99.6		
ESTAT:LFST_R_LFSD2POP(1.0)	17/04/26 11:00:00	A	ED3_4	M	Y_GE65	THS_PER	FRE2	2016	44.2		
ESTAT:LFST_R_LFSD2POP(1.0)	17/04/26 11:00:00	A	ED3_4	M	Y_GE65	THS_PER	FRF1	2016	67.8		
ESTAT:LFST_R_LFSD2POP(1.0)	17/04/26 11:00:00	A	ED3_4	M	Y_GE65	THS_PER	FRF2	2016	38.8		
ESTAT:LFST_R_LFSD2POP(1.0)	17/04/26 11:00:00	A	ED3_4	M	Y_GE65	THS_PER	FRF3	2016	70.0		
ESTAT:LFST_R_LFSD2POP(1.0)	17/04/26 11:00:00	A	ED3_4	M	Y_GE65	THS_PER	FRG0	2016	118.1		
ESTAT:LFST_R_LFSD2POP(1.0)	17/04/26 11:00:00	A	ED3_4	M	Y_GE65	THS_PER	FRH0	2016	105.0		
ESTAT:LFST_R_LFSD2POP(1.0)	17/04/26 11:00:00	A	ED3_4	M	Y_GE65	THS_PER	FRI1	2016	122.6		
ESTAT:LFST_R_LFSD2POP(1.0)	17/04/26 11:00:00	A	ED3_4	M	Y_GE65	THS_PER	FRI2	2016	29.3		
ESTAT:LFST_R_LFSD2POP(1.0)	17/04/26 11:00:00	A	ED3_4	M	Y_GE65	THS_PER	FRI3	2016	63.2		
ESTAT:LFST_R_LFSD2POP(1.0)	17/04/26 11:00:00	A	ED3_4	M	Y_GE65	THS_PER	FRJ1	2016	92.4		
ESTAT:LFST_R_LFSD2POP(1.0)	17/04/26 11:00:00	A	ED3_4	M	Y_GE65	THS_PER	FRJ2	2016	96.5		
ESTAT:LFST_R_LFSD2POP(1.0)	17/04/26 11:00:00	A	ED3_4	M	Y_GE65	THS_PER	FRK1	2016	37.1		
ESTAT:LFST_R_LFSD2POP(1.0)	17/04/26 11:00:00	A	ED3_4	M	Y_GE65	THS_PER	FRK2	2016	188.6		
ESTAT:LFST_R_LFSD2POP(1.0)	17/04/26 11:00:00	A	ED3_4	M	Y_GE65	THS_PER	FRL0	2016	156.5		
ESTAT:LFST_R_LFSD2POP(1.0)	17/04/26 11:00:00	A	ED3_4	M	Y_GE65	THS_PER	FRM0	2016	15.6	u	
ESTAT:LFST_R_LFSD2POP(1.0)	17/04/26 11:00:00	A	ED3_4	T	Y15-24	THS_PER	FR10	2016	641.9		
ESTAT:LFST_R_LFSD2POP(1.0)	17/04/26 11:00:00	A	ED3_4	T	Y15-24	THS_PER	FRB0	2016	142.9		
ESTAT:LFST_R_LFSD2POP(1.0)	17/04/26 11:00:00	A	ED3_4	T	Y15-24	THS_PER	FRC1	2016	90.4		
ESTAT:LFST_R_LFSD2POP(1.0)	17/04/26 11:00:00	A	ED3_4	T	Y15-24	THS_PER	FRC2	2016	50.0		
ESTAT:LFST_R_LFSD2POP(1.0)	17/04/26 11:00:00	A	ED3_4	T	Y15-24	THS_PER	FRD1	2016	72.0		
ESTAT:LFST_R_LFSD2POP(1.0)	17/04/26 11:00:00	A	ED3_4	T	Y15-24	THS_PER	FRD2	2016	97.7		
ESTAT:LFST_R_LFSD2POP(1.0)	17/04/26 11:00:00	A	ED3_4	T	Y15-24	THS_PER	FRE1	2016	225.3		
ESTAT:LFST_R_LFSD2POP(1.0)	17/04/26 11:00:00	A	ED3_4	T	Y15-24	THS_PER	FRE2	2016	94.3		
ESTAT:LFST_R_LFSD2POP(1.0)	17/04/26 11:00:00	A	ED3_4	T	Y15-24	THS_PER	FRF1	2016	91.3		
ESTAT:LFST_R_LFSD2POP(1.0)	17/04/26 11:00:00	A	ED3_4	T	Y15-24	THS_PER	FRF2	2016	68.5		
ESTAT:LFST_R_LFSD2POP(1.0)	17/04/26 11:00:00	A	ED3_4	T	Y15-24	THS_PER	FRF3	2016	128.3		
ESTAT:LFST_R_LFSD2POP(1.0)	17/04/26 11:00:00	A	ED3_4	T	Y15-24	THS_PER	FRG0	2016	188.8		
ESTAT:LFST_R_LFSD2POP(1.0)	17/04/26 11:00:00	A	ED3_4	T	Y15-24	THS_PER	FRH0	2016	170.6		
ESTAT:LFST_R_LFSD2POP(1.0)	17/04/26 11:00:00	A	ED3_4	T	Y15-24	THS_PER	FRI1	2016	183.1		
ESTAT:LFST_R_LFSD2POP(1.0)	17/04/26 11:00:00	A	ED3_4	T	Y15-24	THS_PER	FRI2	2016	32.6		
ESTAT:LFST_R_LFSD2POP(1.0)	17/04/26 11:00:00	A	ED3_4	T	Y15-24	THS_PER	FRI3	2016	80.9		
ESTAT:LFST_R_LFSD2POP(1.0)	17/04/26 11:00:00	A	ED3_4	T	Y15-24	THS_PER	FRJ1	2016	121.1		
ESTAT:LFST_R_LFSD2POP(1.0)	17/04/26 11:00:00	A	ED3_4	T	Y15-24	THS_PER	FRJ2	2016	127.1		
ESTAT:LFST_R_LFSD2POP(1.0)	17/04/26 11:00:00	A	ED3_4	T	Y15-24	THS_PER	FRK1	2016	60.2		
ESTAT:LFST_R_LFSD2POP(1.0)	17/04/26 11:00:00	A	ED3_4	T	Y15-24	THS_PER	FRK2	2016	317.8		
ESTAT:LFST_R_LFSD2POP(1.0)	17/04/26 11:00:00	A	ED3_4	T	Y15-24	THS_PER	FRL0	2016	222.0		
ESTAT:LFST_R_LFSD2POP(1.0)	17/04/26 11:00:00	A	ED3_4	T	Y15-24	THS_PER	FRM0	2016	8.1	u	
ESTAT:LFST_R_LFSD2POP(1.0)	17/04/26 11:00:00	A	ED3_4	T	Y15-64	THS_PER	FR10	2016	2725.2		
ESTAT:LFST_R_LFSD2POP(1.0)	17/04/26 11:00:00	A	ED3_4	T	Y15-64	THS_PER	FRB0	2016	753.2		
ESTAT:LFST_R_LFSD2POP(1.0)	17/04/26 11:00:00	A	ED3_4	T	Y15-64	THS_PER	FRC1	2016	479.4		
ESTAT:LFST_R_LFSD2POP(1.0)	17/04/26 11:00:00	A	ED3_4	T	Y15-64	THS_PER	FRC2	2016	337.7		
ESTAT:LFST_R_LFSD2POP(1.0)	17/04/26 11:00:00	A	ED3_4	T	Y15-64	THS_PER	FRD1	2016	426.7		
ESTAT:LFST_R_LFSD2POP(1.0)	17/04/26 11:00:00	A	ED3_4	T	Y15-64	THS_PER	FRD2	2016	526.1		
ESTAT:LFST_R_LFSD2POP(1.0)	17/04/26 11:00:00	A	ED3_4	T	Y15-64	THS_PER	FRE1	2016	1174.7		
ESTAT:LFST_R_LFSD2POP(1.0)	17/04/26 11:00:00	A	ED3_4	T	Y15-64	THS_PER	FRE2	2016	554.5		
ESTAT:LFST_R_LFSD2POP(1.0)	17/04/26 11:00:00	A	ED3_4	T	Y15-64	THS_PER	FRF1	2016	561.0		
ESTAT:LFST_R_LFSD2POP(1.0)	17/04/26 11:00:00	A	ED3_4	T	Y15-64	THS_PER	FRF2	2016	375.9		
ESTAT:LFST_R_LFSD2POP(1.0)	17/04/26 11:00:00	A	ED3_4	T	Y15-64	THS_PER	FRF3	2016	683.5		
ESTAT:LFST_R_LFSD2POP(1.0)	17/04/26 11:00:00	A	ED3_4	T	Y15-64	THS_PER	FRG0	2016	1099.3		
ESTAT:LFST_R_LFSD2POP(1.0)	17/04/26 11:00:00	A	ED3_4	T	Y15-64	THS_PER	FRH0	2016	978.2		
ESTAT:LFST_R_LFSD2POP(1.0)	17/04/26 11:00:00	A	ED3_4	T	Y15-64	THS_PER	FRI1	2016	989.6		
ESTAT:LFST_R_LFSD2POP(1.0)	17/04/26 11:00:00	A	ED3_4	T	Y15-64	THS_PER	FRI2	2016	212.3		
ESTAT:LFST_R_LFSD2POP(1.0)	17/04/26 11:00:00	A	ED3_4	T	Y15-64	THS_PER	FRI3	2016	528.8		
ESTAT:LFST_R_LFSD2POP(1.0)	17/04/26 11:00:00	A	ED3_4	T	Y15-64	THS_PER	FRJ1	2016	690.3		
ESTAT:LFST_R_LFSD2POP(1.0)	17/04/26 11:00:00	A	ED3_4	T	Y15-64	THS_PER	FRJ2	2016	806.7		
ESTAT:LFST_R_LFSD2POP(1.0)	17/04/26 11:00:00	A	ED3_4	T	Y15-64	THS_PER	FRK1	2016	389.4		
ESTAT:LFST_R_LFSD2POP(1.0)	17/04/26 11:00:00	A	ED3_4	T	Y15-64	THS_PER	FRK2	2016	1765.7		
ESTAT:LFST_R_LFSD2POP(1.0)	17/04/26 11:00:00	A	ED3_4	T	Y15-64	THS_PER	FRL0	2016	1237.4		
ESTAT:LFST_R_LFSD2POP(1.0)	17/04/26 11:00:00	A	ED3_4	T	Y15-64	THS_PER	FRM0	2016	61.2	u	
ESTAT:LFST_R_LFSD2POP(1.0)	17/04/26 11:00:00	A	ED3_4	T	Y15-74	THS_PER	FR10	2016	2993.9		
ESTAT:LFST_R_LFSD2POP(1.0)	17/04/26 11:00:00	A	ED3_4	T	Y15-74	THS_PER	FRB0	2016	862.3		
ESTAT:LFST_R_LFSD2POP(1.0)	17/04/26 11:00:00	A	ED3_4	T	Y15-74	THS_PER	FRC1	2016	554.5		
ESTAT:LFST_R_LFSD2POP(1.0)	17/04/26 11:00:00	A	ED3_4	T	Y15-74	THS_PER	FRC2	2016	386.2		
ESTAT:LFST_R_LFSD2POP(1.0)	17/04/26 11:00:00	A	ED3_4	T	Y15-74	THS_PER	FRD1	2016	479.0		
ESTAT:LFST_R_LFSD2POP(1.0)	17/04/26 11:00:00	A	ED3_4	T	Y15-74	THS_PER	FRD2	2016	594.7		
ESTAT:LFST_R_LFSD2POP(1.0)	17/04/26 11:00:00	A	ED3_4	T	Y15-74	THS_PER	FRE1	2016	1297.9		
ESTAT:LFST_R_LFSD2POP(1.0)	17/04/26 11:00:00	A	ED3_4	T	Y15-74	THS_PER	FRE2	2016	605.1		
ESTAT:LFST_R_LFSD2POP(1.0)	17/04/26 11:00:00	A	ED3_4	T	Y15-74	THS_PER	FRF1	2016	640.3		
ESTAT:LFST_R_LFSD2POP(1.0)	17/04/26 11:00:00	A	ED3_4	T	Y15-74	THS_PER	FRF2	2016	418.5		
ESTAT:LFST_R_LFSD2POP(1.0)	17/04/26 11:00:00	A	ED3_4	T	Y15-74	THS_PER	FRF3	2016	767.8		
ESTAT:LFST_R_LFSD2POP(1.0)	17/04/26 11:00:00	A	ED3_4	T	Y15-74	THS_PER	FRG0	2016	1249.4		
ESTAT:LFST_R_LFSD2POP(1.0)	17/04/26 11:00:00	A	ED3_4	T	Y15-74	THS_PER	FRH0	2016	1111.0		
ESTAT:LFST_R_LFSD2POP(1.0)	17/04/26 11:00:00	A	ED3_4	T	Y15-74	THS_PER	FRI1	2016	1145.2		
ESTAT:LFST_R_LFSD2POP(1.0)	17/04/26 11:00:00	A	ED3_4	T	Y15-74	THS_PER	FRI2	2016	247.0		
ESTAT:LFST_R_LFSD2POP(1.0)	17/04/26 11:00:00	A	ED3_4	T	Y15-74	THS_PER	FRI3	2016	608.7		
ESTAT:LFST_R_LFSD2POP(1.0)	17/04/26 11:00:00	A	ED3_4	T	Y15-74	THS_PER	FRJ1	2016	818.5		
ESTAT:LFST_R_LFSD2POP(1.0)	17/04/26 11:00:00	A	ED3_4	T	Y15-74	THS_PER	FRJ2	2016	928.5		
ESTAT:LFST_R_LFSD2POP(1.0)	17/04/26 11:00:00	A	ED3_4	T	Y15-74	THS_PER	FRK1	2016	446.5		
ESTAT:LFST_R_LFSD2POP(1.0)	17/04/26 11:00:00	A	ED3_4	T	Y15-74	THS_PER	FRK2	2016	2010.7		
ESTAT:LFST_R_LFSD2POP(1.0)	17/04/26 11:00:00	A	ED3_4	T	Y15-74	THS_PER	FRL0	2016	1457.6		
ESTAT:LFST_R_LFSD2POP(1.0)	17/04/26 11:00:00	A	ED3_4	T	Y15-74	THS_PER	FRM0	2016	87.0	u	
ESTAT:LFST_R_LFSD2POP(1.0)	17/04/26 11:00:00	A	ED3_4	T	Y20-64	THS_PER	FR10	2016	2496.0		
ESTAT:LFST_R_LFSD2POP(1.0)	17/04/26 11:00:00	A	ED3_4	T	Y20-64	THS_PER	FRB0	2016	700.5		
ESTAT:LFST_R_LFSD2POP(1.0)	17/04/26 11:00:00	A	ED3_4	T	Y20-64	THS_PER	FRC1	2016	436.1		
ESTAT:LFST_R_LFSD2POP(1.0)	17/04/26 11:00:00	A	ED3_4	T	Y20-64	THS_PER	FRC2	2016	317.5		
ESTAT:LFST_R_LFSD2POP(1.0)	17/04/26 11:00:00	A	ED3_4	T	Y20-64	THS_PER	FRD1	2016	398.6		
ESTAT:LFST_R_LFSD2POP(1.0)	17/04/26 11:00:00	A	ED3_4	T	Y20-64	THS_PER	FRD2	2016	492.8		
ESTAT:LFST_R_LFSD2POP(1.0)	17/04/26 11:00:00	A	ED3_4	T	Y20-64	THS_PER	FRE1	2016	1090.6		
ESTAT:LFST_R_LFSD2POP(1.0)	17/04/26 11:00:00	A	ED3_4	T	Y20-64	THS_PER	FRE2	2016	523.0		
ESTAT:LFST_R_LFSD2POP(1.0)	17/04/26 11:00:00	A	ED3_4	T	Y20-64	THS_PER	FRF1	2016	520.2		
ESTAT:LFST_R_LFSD2POP(1.0)	17/04/26 11:00:00	A	ED3_4	T	Y20-64	THS_PER	FRF2	2016	353.2		
ESTAT:LFST_R_LFSD2POP(1.0)	17/04/26 11:00:00	A	ED3_4	T	Y20-64	THS_PER	FRF3	2016	640.0		
ESTAT:LFST_R_LFSD2POP(1.0)	17/04/26 11:00:00	A	ED3_4	T	Y20-64	THS_PER	FRG0	2016	1025.7		
ESTAT:LFST_R_LFSD2POP(1.0)	17/04/26 11:00:00	A	ED3_4	T	Y20-64	THS_PER	FRH0	2016	909.5		
ESTAT:LFST_R_LFSD2POP(1.0)	17/04/26 11:00:00	A	ED3_4	T	Y20-64	THS_PER	FRI1	2016	925.1		
ESTAT:LFST_R_LFSD2POP(1.0)	17/04/26 11:00:00	A	ED3_4	T	Y20-64	THS_PER	FRI2	2016	201.9		
ESTAT:LFST_R_LFSD2POP(1.0)	17/04/26 11:00:00	A	ED3_4	T	Y20-64	THS_PER	FRI3	2016	496.2		
ESTAT:LFST_R_LFSD2POP(1.0)	17/04/26 11:00:00	A	ED3_4	T	Y20-64	THS_PER	FRJ1	2016	644.5		
ESTAT:LFST_R_LFSD2POP(1.0)	17/04/26 11:00:00	A	ED3_4	T	Y20-64	THS_PER	FRJ2	2016	755.9		
ESTAT:LFST_R_LFSD2POP(1.0)	17/04/26 11:00:00	A	ED3_4	T	Y20-64	THS_PER	FRK1	2016	370.5		
ESTAT:LFST_R_LFSD2POP(1.0)	17/04/26 11:00:00	A	ED3_4	T	Y20-64	THS_PER	FRK2	2016	1651.2		
ESTAT:LFST_R_LFSD2POP(1.0)	17/04/26 11:00:00	A	ED3_4	T	Y20-64	THS_PER	FRL0	2016	1149.6		
ESTAT:LFST_R_LFSD2POP(1.0)	17/04/26 11:00:00	A	ED3_4	T	Y20-64	THS_PER	FRM0	2016	55.8	u	
ESTAT:LFST_R_LFSD2POP(1.0)	17/04/26 11:00:00	A	ED3_4	T	Y25-34	THS_PER	FR10	2016	523.8		
ESTAT:LFST_R_LFSD2POP(1.0)	17/04/26 11:00:00	A	ED3_4	T	Y25-34	THS_PER	FRB0	2016	134.6		
ESTAT:LFST_R_LFSD2POP(1.0)	17/04/26 11:00:00	A	ED3_4	T	Y25-34	THS_PER	FRC1	2016	91.1		
ESTAT:LFST_R_LFSD2POP(1.0)	17/04/26 11:00:00	A	ED3_4	T	Y25-34	THS_PER	FRC2	2016	61.7		
ESTAT:LFST_R_LFSD2POP(1.0)	17/04/26 11:00:00	A	ED3_4	T	Y25-34	THS_PER	FRD1	2016	74.3		
ESTAT:LFST_R_LFSD2POP(1.0)	17/04/26 11:00:00	A	ED3_4	T	Y25-34	THS_PER	FRD2	2016	120.5		
ESTAT:LFST_R_LFSD2POP(1.0)	17/04/26 11:00:00	A	ED3_4	T	Y25-34	THS_PER	FRE1	2016	259.0		
ESTAT:LFST_R_LFSD2POP(1.0)	17/04/26 11:00:00	A	ED3_4	T	Y25-34	THS_PER	FRE2	2016	106.0		
ESTAT:LFST_R_LFSD2POP(1.0)	17/04/26 11:00:00	A	ED3_4	T	Y25-34	THS_PER	FRF1	2016	98.8		
ESTAT:LFST_R_LFSD2POP(1.0)	17/04/26 11:00:00	A	ED3_4	T	Y25-34	THS_PER	FRF2	2016	77.0		
ESTAT:LFST_R_LFSD2POP(1.0)	17/04/26 11:00:00	A	ED3_4	T	Y25-34	THS_PER	FRF3	2016	125.7		
ESTAT:LFST_R_LFSD2POP(1.0)	17/04/26 11:00:00	A	ED3_4	T	Y25-34	THS_PER	FRG0	2016	197.8		
ESTAT:LFST_R_LFSD2POP(1.0)	17/04/26 11:00:00	A	ED3_4	T	Y25-34	THS_PER	FRH0	2016	182.2		
ESTAT:LFST_R_LFSD2POP(1.0)	17/04/26 11:00:00	A	ED3_4	T	Y25-34	THS_PER	FRI1	2016	158.1		
ESTAT:LFST_R_LFSD2POP(1.0)	17/04/26 11:00:00	A	ED3_4	T	Y25-34	THS_PER	FRI2	2016	35.5		
ESTAT:LFST_R_LFSD2POP(1.0)	17/04/26 11:00:00	A	ED3_4	T	Y25-34	THS_PER	FRI3	2016	97.8		
ESTAT:LFST_R_LFSD2POP(1.0)	17/04/26 11:00:00	A	ED3_4	T	Y25-34	THS_PER	FRJ1	2016	127.4		
ESTAT:LFST_R_LFSD2POP(1.0)	17/04/26 11:00:00	A	ED3_4	T	Y25-34	THS_PER	FRJ2	2016	125.8		
ESTAT:LFST_R_LFSD2POP(1.0)	17/04/26 11:00:00	A	ED3_4	T	Y25-34	THS_PER	FRK1	2016	53.5		
ESTAT:LFST_R_LFSD2POP(1.0)	17/04/26 11:00:00	A	ED3_4	T	Y25-34	THS_PER	FRK2	2016	342.7		
ESTAT:LFST_R_LFSD2POP(1.0)	17/04/26 11:00:00	A	ED3_4	T	Y25-34	THS_PER	FRL0	2016	230.0		
ESTAT:LFST_R_LFSD2POP(1.0)	17/04/26 11:00:00	A	ED3_4	T	Y25-34	THS_PER	FRM0	2016	9.0	u	
ESTAT:LFST_R_LFSD2POP(1.0)	17/04/26 11:00:00	A	ED3_4	T	Y25-64	THS_PER	FR10	2016	2083.2		
ESTAT:LFST_R_LFSD2POP(1.0)	17/04/26 11:00:00	A	ED3_4	T	Y25-64	THS_PER	FRB0	2016	610.3		
ESTAT:LFST_R_LFSD2POP(1.0)	17/04/26 11:00:00	A	ED3_4	T	Y25-64	THS_PER	FRC1	2016	389.0		
ESTAT:LFST_R_LFSD2POP(1.0)	17/04/26 11:00:00	A	ED3_4	T	Y25-64	THS_PER	FRC2	2016	287.6		
ESTAT:LFST_R_LFSD2POP(1.0)	17/04/26 11:00:00	A	ED3_4	T	Y25-64	THS_PER	FRD1	2016	354.7		
ESTAT:LFST_R_LFSD2POP(1.0)	17/04/26 11:00:00	A	ED3_4	T	Y25-64	THS_PER	FRD2	2016	428.4		
ESTAT:LFST_R_LFSD2POP(1.0)	17/04/26 11:00:00	A	ED3_4	T	Y25-64	THS_PER	FRE1	2016	949.4		
ESTAT:LFST_R_LFSD2POP(1.0)	17/04/26 11:00:00	A	ED3_4	T	Y25-64	THS_PER	FRE2	2016	460.2		
ESTAT:LFST_R_LFSD2POP(1.0)	17/04/26 11:00:00	A	ED3_4	T	Y25-64	THS_PER	FRF1	2016	469.7		
ESTAT:LFST_R_LFSD2POP(1.0)	17/04/26 11:00:00	A	ED3_4	T	Y25-64	THS_PER	FRF2	2016	307.4		
ESTAT:LFST_R_LFSD2POP(1.0)	17/04/26 11:00:00	A	ED3_4	T	Y25-64	THS_PER	FRF3	2016	555.2		
ESTAT:LFST_R_LFSD2POP(1.0)	17/04/26 11:00:00	A	ED3_4	T	Y25-64	THS_PER	FRG0	2016	910.6		
ESTAT:LFST_R_LFSD2POP(1.0)	17/04/26 11:00:00	A	ED3_4	T	Y25-64	THS_PER	FRH0	2016	807.6		
ESTAT:LFST_R_LFSD2POP(1.0)	17/04/26 11:00:00	A	ED3_4	T	Y25-64	THS_PER	FRI1	2016	806.5		
ESTAT:LFST_R_LFSD2POP(1.0)	17/04/26 11:00:00	A	ED3_4	T	Y25-64	THS_PER	FRI2	2016	179.7		
ESTAT:LFST_R_LFSD2POP(1.0)	17/04/26 11:00:00	A	ED3_4	T	Y25-64	THS_PER	FRI3	2016	447.9		
ESTAT:LFST_R_LFSD2POP(1.0)	17/04/26 11:00:00	A	ED3_4	T	Y25-64	THS_PER	FRJ1	2016	569.2		
ESTAT:LFST_R_LFSD2POP(1.0)	17/04/26 11:00:00	A	ED3_4	T	Y25-64	THS_PER	FRJ2	2016	679.6		
ESTAT:LFST_R_LFSD2POP(1.0)	17/04/26 11:00:00	A	ED3_4	T	Y25-64	THS_PER	FRK1	2016	329.2		
ESTAT:LFST_R_LFSD2POP(1.0)	17/04/26 11:00:00	A	ED3_4	T	Y25-64	THS_PER	FRK2	2016	1447.9		
ESTAT:LFST_R_LFSD2POP(1.0)	17/04/26 11:00:00	A	ED3_4	T	Y25-64	THS_PER	FRL0	2016	1015.3		
ESTAT:LFST_R_LFSD2POP(1.0)	17/04/26 11:00:00	A	ED3_4	T	Y25-64	THS_PER	FRM0	2016	53.1	u	
ESTAT:LFST_R_LFSD2POP(1.0)	17/04/26 11:00:00	A	ED3_4	T	Y35-44	THS_PER	FR10	2016	528.5		
ESTAT:LFST_R_LFSD2POP(1.0)	17/04/26 11:00:00	A	ED3_4	T	Y35-44	THS_PER	FRB0	2016	134.5		
ESTAT:LFST_R_LFSD2POP(1.0)	17/04/26 11:00:00	A	ED3_4	T	Y35-44	THS_PER	FRC1	2016	90.4		
ESTAT:LFST_R_LFSD2POP(1.0)	17/04/26 11:00:00	A	ED3_4	T	Y35-44	THS_PER	FRC2	2016	68.3		
ESTAT:LFST_R_LFSD2POP(1.0)	17/04/26 11:00:00	A	ED3_4	T	Y35-44	THS_PER	FRD1	2016	84.0		
ESTAT:LFST_R_LFSD2POP(1.0)	17/04/26 11:00:00	A	ED3_4	T	Y35-44	THS_PER	FRD2	2016	93.9		
ESTAT:LFST_R_LFSD2POP(1.0)	17/04/26 11:00:00	A	ED3_4	T	Y35-44	THS_PER	FRE1	2016	235.8		
ESTAT:LFST_R_LFSD2POP(1.0)	17/04/26 11:00:00	A	ED3_4	T	Y35-44	THS_PER	FRE2	2016	116.5		
ESTAT:LFST_R_LFSD2POP(1.0)	17/04/26 11:00:00	A	ED3_4	T	Y35-44	THS_PER	FRF1	2016	97.3		
ESTAT:LFST_R_LFSD2POP(1.0)	17/04/26 11:00:00	A	ED3_4	T	Y35-44	THS_PER	FRF2	2016	68.1		
ESTAT:LFST_R_LFSD2POP(1.0)	17/04/26 11:00:00	A	ED3_4	T	Y35-44	THS_PER	FRF3	2016	122.4		
ESTAT:LFST_R_LFSD2POP(1.0)	17/04/26 11:00:00	A	ED3_4	T	Y35-44	THS_PER	FRG0	2016	219.7		
ESTAT:LFST_R_LFSD2POP(1.0)	17/04/26 11:00:00	A	ED3_4	T	Y35-44	THS_PER	FRH0	2016	196.3		
ESTAT:LFST_R_LFSD2POP(1.0)	17/04/26 11:00:00	A	ED3_4	T	Y35-44	THS_PER	FRI1	2016	184.9		
ESTAT:LFST_R_LFSD2POP(1.0)	17/04/26 11:00:00	A	ED3_4	T	Y35-44	THS_PER	FRI2	2016	46.4		
ESTAT:LFST_R_LFSD2POP(1.0)	17/04/26 11:00:00	A	ED3_4	T	Y35-44	THS_PER	FRI3	2016	103.8		
ESTAT:LFST_R_LFSD2POP(1.0)	17/04/26 11:00:00	A	ED3_4	T	Y35-44	THS_PER	FRJ1	2016	123.1		
ESTAT:LFST_R_LFSD2POP(1.0)	17/04/26 11:00:00	A	ED3_4	T	Y35-44	THS_PER	FRJ2	2016	163.2		
ESTAT:LFST_R_LFSD2POP(1.0)	17/04/26 11:00:00	A	ED3_4	T	Y35-44	THS_PER	FRK1	2016	88.6		
ESTAT:LFST_R_LFSD2POP(1.0)	17/04/26 11:00:00	A	ED3_4	T	Y35-44	THS_PER	FRK2	2016	325.1		
ESTAT:LFST_R_LFSD2POP(1.0)	17/04/26 11:00:00	A	ED3_4	T	Y35-44	THS_PER	FRL0	2016	224.3		
ESTAT:LFST_R_LFSD2POP(1.0)	17/04/26 11:00:00	A	ED3_4	T	Y35-44	THS_PER	FRM0	2016	16.9	u	
ESTAT:LFST_R_LFSD2POP(1.0)	17/04/26 11:00:00	A	ED3_4	T	Y45-54	THS_PER	FR10	2016	577.0		
ESTAT:LFST_R_LFSD2POP(1.0)	17/04/26 11:00:00	A	ED3_4	T	Y45-54	THS_PER	FRB0	2016	177.0		
ESTAT:LFST_R_LFSD2POP(1.0)	17/04/26 11:00:00	A	ED3_4	T	Y45-54	THS_PER	FRC1	2016	105.8		
ESTAT:LFST_R_LFSD2POP(1.0)	17/04/26 11:00:00	A	ED3_4	T	Y45-54	THS_PER	FRC2	2016	83.5		
ESTAT:LFST_R_LFSD2POP(1.0)	17/04/26 11:00:00	A	ED3_4	T	Y45-54	THS_PER	FRD1	2016	109.8		
ESTAT:LFST_R_LFSD2POP(1.0)	17/04/26 11:00:00	A	ED3_4	T	Y45-54	THS_PER	FRD2	2016	117.8		
ESTAT:LFST_R_LFSD2POP(1.0)	17/04/26 11:00:00	A	ED3_4	T	Y45-54	THS_PER	FRE1	2016	235.7		
ESTAT:LFST_R_LFSD2POP(1.0)	17/04/26 11:00:00	A	ED3_4	T	Y45-54	THS_PER	FRE2	2016	127.7		
ESTAT:LFST_R_LFSD2POP(1.0)	17/04/26 11:00:00	A	ED3_4	T	Y45-54	THS_PER	FRF1	2016	148.2		
ESTAT:LFST_R_LFSD2POP(1.0)	17/04/26 11:00:00	A	ED3_4	T	Y45-54	THS_PER	FRF2	2016	90.2		
ESTAT:LFST_R_LFSD2POP(1.0)	17/04/26 11:00:00	A	ED3_4	T	Y45-54	THS_PER	FRF3	2016	157.8		
ESTAT:LFST_R_LFSD2POP(1.0)	17/04/26 11:00:00	A	ED3_4	T	Y45-54	THS_PER	FRG0	2016	259.2		
ESTAT:LFST_R_LFSD2POP(1.0)	17/04/26 11:00:00	A	ED3_4	T	Y45-54	THS_PER	FRH0	2016	255.0		
ESTAT:LFST_R_LFSD2POP(1.0)	17/04/26 11:00:00	A	ED3_4	T	Y45-54	THS_PER	FRI1	2016	262.2		
ESTAT:LFST_R_LFSD2POP(1.0)	17/04/26 11:00:00	A	ED3_4	T	Y45-54	THS_PER	FRI2	2016	49.1		
ESTAT:LFST_R_LFSD2POP(1.0)	17/04/26 11:00:00	A	ED3_4	T	Y45-54	THS_PER	FRI3	2016	137.7		
ESTAT:LFST_R_LFSD2POP(1.0)	17/04/26 11:00:00	A	ED3_4	T	Y45-54	THS_PER	FRJ1	2016	166.4		
ESTAT:LFST_R_LFSD2POP(1.0)	17/04/26 11:00:00	A	ED3_4	T	Y45-54	THS_PER	FRJ2	2016	203.8		
ESTAT:LFST_R_LFSD2POP(1.0)	17/04/26 11:00:00	A	ED3_4	T	Y45-54	THS_PER	FRK1	2016	96.1		
ESTAT:LFST_R_LFSD2POP(1.0)	17/04/26 11:00:00	A	ED3_4	T	Y45-54	THS_PER	FRK2	2016	421.5		
ESTAT:LFST_R_LFSD2POP(1.0)	17/04/26 11:00:00	A	ED3_4	T	Y45-54	THS_PER	FRL0	2016	308.0		
ESTAT:LFST_R_LFSD2POP(1.0)	17/04/26 11:00:00	A	ED3_4	T	Y45-54	THS_PER	FRM0	2016	13.4	u	
ESTAT:LFST_R_LFSD2POP(1.0)	17/04/26 11:00:00	A	ED3_4	T	Y55-64	THS_PER	FR10	2016	453.9		
ESTAT:LFST_R_LFSD2POP(1.0)	17/04/26 11:00:00	A	ED3_4	T	Y55-64	THS_PER	FRB0	2016	164.2		
ESTAT:LFST_R_LFSD2POP(1.0)	17/04/26 11:00:00	A	ED3_4	T	Y55-64	THS_PER	FRC1	2016	101.8		
ESTAT:LFST_R_LFSD2POP(1.0)	17/04/26 11:00:00	A	ED3_4	T	Y55-64	THS_PER	FRC2	2016	74.2		
ESTAT:LFST_R_LFSD2POP(1.0)	17/04/26 11:00:00	A	ED3_4	T	Y55-64	THS_PER	FRD1	2016	86.6		
ESTAT:LFST_R_LFSD2POP(1.0)	17/04/26 11:00:00	A	ED3_4	T	Y55-64	THS_PER	FRD2	2016	96.1		
ESTAT:LFST_R_LFSD2POP(1.0)	17/04/26 11:00:00	A	ED3_4	T	Y55-64	THS_PER	FRE1	2016	218.9		
ESTAT:LFST_R_LFSD2POP(1.0)	17/04/26 11:00:00	A	ED3_4	T	Y55-64	THS_PER	FRE2	2016	109.9		
ESTAT:LFST_R_LFSD2POP(1.0)	17/04/26 11:00:00	A	ED3_4	T	Y55-64	THS_PER	FRF1	2016	125.4		
ESTAT:LFST_R_LFSD2POP(1.0)	17/04/26 11:00:00	A	ED3_4	T	Y55-64	THS_PER	FRF2	2016	72.1		
ESTAT:LFST_R_LFSD2POP(1.0)	17/04/26 11:00:00	A	ED3_4	T	Y55-64	THS_PER	FRF3	2016	149.3		
ESTAT:LFST_R_LFSD2POP(1.0)	17/04/26 11:00:00	A	ED3_4	T	Y55-64	THS_PER	FRG0	2016	233.9		
ESTAT:LFST_R_LFSD2POP(1.0)	17/04/26 11:00:00	A	ED3_4	T	Y55-64	THS_PER	FRH0	2016	174.2		
ESTAT:LFST_R_LFSD2POP(1.0)	17/04/26 11:00:00	A	ED3_4	T	Y55-64	THS_PER	FRI1	2016	201.3		
ESTAT:LFST_R_LFSD2POP(1.0)	17/04/26 11:00:00	A	ED3_4	T	Y55-64	THS_PER	FRI2	2016	48.8		
ESTAT:LFST_R_LFSD2POP(1.0)	17/04/26 11:00:00	A	ED3_4	T	Y55-64	THS_PER	FRI3	2016	108.5		
ESTAT:LFST_R_LFSD2POP(1.0)	17/04/26 11:00:00	A	ED3_4	T	Y55-64	THS_PER	FRJ1	2016	152.3		
ESTAT:LFST_R_LFSD2POP(1.0)	17/04/26 11:00:00	A	ED3_4	T	Y55-64	THS_PER	FRJ2	2016	186.9		
ESTAT:LFST_R_LFSD2POP(1.0)	17/04/26 11:00:00	A	ED3_4	T	Y55-64	THS_PER	FRK1	2016	90.9		
ESTAT:LFST_R_LFSD2POP(1.0)	17/04/26 11:00:00	A	ED3_4	T	Y55-64	THS_PER	FRK2	2016	358.6		
ESTAT:LFST_R_LFSD2POP(1.0)	17/04/26 11:00:00	A	ED3_4	T	Y55-64	THS_PER	FRL0	2016	253.0		
ESTAT:LFST_R_LFSD2POP(1.0)	17/04/26 11:00:00	A	ED3_4	T	Y55-64	THS_PER	FRM0	2016	13.8	u	
ESTAT:LFST_R_LFSD2POP(1.0)	17/04/26 11:00:00	A	ED3_4	T	Y_GE15	THS_PER	FR10	2016	3162.4		
ESTAT:LFST_R_LFSD2POP(1.0)	17/04/26 11:00:00	A	ED3_4	T	Y_GE15	THS_PER	FRB0	2016	917.6		
ESTAT:LFST_R_LFSD2POP(1.0)	17/04/26 11:00:00	A	ED3_4	T	Y_GE15	THS_PER	FRC1	2016	590.3		
ESTAT:LFST_R_LFSD2POP(1.0)	17/04/26 11:00:00	A	ED3_4	T	Y_GE15	THS_PER	FRC2	2016	406.1		
ESTAT:LFST_R_LFSD2POP(1.0)	17/04/26 11:00:00	A	ED3_4	T	Y_GE15	THS_PER	FRD1	2016	505.7		
ESTAT:LFST_R_LFSD2POP(1.0)	17/04/26 11:00:00	A	ED3_4	T	Y_GE15	THS_PER	FRD2	2016	623.4		
ESTAT:LFST_R_LFSD2POP(1.0)	17/04/26 11:00:00	A	ED3_4	T	Y_GE15	THS_PER	FRE1	2016	1350.9		
ESTAT:LFST_R_LFSD2POP(1.0)	17/04/26 11:00:00	A	ED3_4	T	Y_GE15	THS_PER	FRE2	2016	635.4		
ESTAT:LFST_R_LFSD2POP(1.0)	17/04/26 11:00:00	A	ED3_4	T	Y_GE15	THS_PER	FRF1	2016	691.8		
ESTAT:LFST_R_LFSD2POP(1.0)	17/04/26 11:00:00	A	ED3_4	T	Y_GE15	THS_PER	FRF2	2016	442.5		
ESTAT:LFST_R_LFSD2POP(1.0)	17/04/26 11:00:00	A	ED3_4	T	Y_GE15	THS_PER	FRF3	2016	821.7		
ESTAT:LFST_R_LFSD2POP(1.0)	17/04/26 11:00:00	A	ED3_4	T	Y_GE15	THS_PER	FRG0	2016	1319.3		
ESTAT:LFST_R_LFSD2POP(1.0)	17/04/26 11:00:00	A	ED3_4	T	Y_GE15	THS_PER	FRH0	2016	1191.3		
ESTAT:LFST_R_LFSD2POP(1.0)	17/04/26 11:00:00	A	ED3_4	T	Y_GE15	THS_PER	FRI1	2016	1224.4		
ESTAT:LFST_R_LFSD2POP(1.0)	17/04/26 11:00:00	A	ED3_4	T	Y_GE15	THS_PER	FRI2	2016	263.9		
ESTAT:LFST_R_LFSD2POP(1.0)	17/04/26 11:00:00	A	ED3_4	T	Y_GE15	THS_PER	FRI3	2016	646.8		
ESTAT:LFST_R_LFSD2POP(1.0)	17/04/26 11:00:00	A	ED3_4	T	Y_GE15	THS_PER	FRJ1	2016	874.8		
ESTAT:LFST_R_LFSD2POP(1.0)	17/04/26 11:00:00	A	ED3_4	T	Y_GE15	THS_PER	FRJ2	2016	992.6		
ESTAT:LFST_R_LFSD2POP(1.0)	17/04/26 11:00:00	A	ED3_4	T	Y_GE15	THS_PER	FRK1	2016	465.2		
ESTAT:LFST_R_LFSD2POP(1.0)	17/04/26 11:00:00	A	ED3_4	T	Y_GE15	THS_PER	FRK2	2016	2146.7		
ESTAT:LFST_R_LFSD2POP(1.0)	17/04/26 11:00:00	A	ED3_4	T	Y_GE15	THS_PER	FRL0	2016	1575.2		
ESTAT:LFST_R_LFSD2POP(1.0)	17/04/26 11:00:00	A	ED3_4	T	Y_GE15	THS_PER	FRM0	2016	95.6	u	
ESTAT:LFST_R_LFSD2POP(1.0)	17/04/26 11:00:00	A	ED3_4	T	Y_GE25	THS_PER	FR10	2016	2520.5		
ESTAT:LFST_R_LFSD2POP(1.0)	17/04/26 11:00:00	A	ED3_4	T	Y_GE25	THS_PER	FRB0	2016	774.8		
ESTAT:LFST_R_LFSD2POP(1.0)	17/04/26 11:00:00	A	ED3_4	T	Y_GE25	THS_PER	FRC1	2016	499.9		
ESTAT:LFST_R_LFSD2POP(1.0)	17/04/26 11:00:00	A	ED3_4	T	Y_GE25	THS_PER	FRC2	2016	356.1		
ESTAT:LFST_R_LFSD2POP(1.0)	17/04/26 11:00:00	A	ED3_4	T	Y_GE25	THS_PER	FRD1	2016	433.7		
ESTAT:LFST_R_LFSD2POP(1.0)	17/04/26 11:00:00	A	ED3_4	T	Y_GE25	THS_PER	FRD2	2016	525.7		
ESTAT:LFST_R_LFSD2POP(1.0)	17/04/26 11:00:00	A	ED3_4	T	Y_GE25	THS_PER	FRE1	2016	1125.6		
ESTAT:LFST_R_LFSD2POP(1.0)	17/04/26 11:00:00	A	ED3_4	T	Y_GE25	THS_PER	FRE2	2016	541.1		
ESTAT:LFST_R_LFSD2POP(1.0)	17/04/26 11:00:00	A	ED3_4	T	Y_GE25	THS_PER	FRF1	2016	600.5		
ESTAT:LFST_R_LFSD2POP(1.0)	17/04/26 11:00:00	A	ED3_4	T	Y_GE25	THS_PER	FRF2	2016	374.1		
ESTAT:LFST_R_LFSD2POP(1.0)	17/04/26 11:00:00	A	ED3_4	T	Y_GE25	THS_PER	FRF3	2016	693.4		
ESTAT:LFST_R_LFSD2POP(1.0)	17/04/26 11:00:00	A	ED3_4	T	Y_GE25	THS_PER	FRG0	2016	1130.5		
ESTAT:LFST_R_LFSD2POP(1.0)	17/04/26 11:00:00	A	ED3_4	T	Y_GE25	THS_PER	FRH0	2016	1020.7		
ESTAT:LFST_R_LFSD2POP(1.0)	17/04/26 11:00:00	A	ED3_4	T	Y_GE25	THS_PER	FRI1	2016	1041.3		
ESTAT:LFST_R_LFSD2POP(1.0)	17/04/26 11:00:00	A	ED3_4	T	Y_GE25	THS_PER	FRI2	2016	231.3		
ESTAT:LFST_R_LFSD2POP(1.0)	17/04/26 11:00:00	A	ED3_4	T	Y_GE25	THS_PER	FRI3	2016	565.9		
ESTAT:LFST_R_LFSD2POP(1.0)	17/04/26 11:00:00	A	ED3_4	T	Y_GE25	THS_PER	FRJ1	2016	753.8		
ESTAT:LFST_R_LFSD2POP(1.0)	17/04/26 11:00:00	A	ED3_4	T	Y_GE25	THS_PER	FRJ2	2016	865.5		
ESTAT:LFST_R_LFSD2POP(1.0)	17/04/26 11:00:00	A	ED3_4	T	Y_GE25	THS_PER	FRK1	2016	405.0		
ESTAT:LFST_R_LFSD2POP(1.0)	17/04/26 11:00:00	A	ED3_4	T	Y_GE25	THS_PER	FRK2	2016	1828.9		
ESTAT:LFST_R_LFSD2POP(1.0)	17/04/26 11:00:00	A	ED3_4	T	Y_GE25	THS_PER	FRL0	2016	1353.1		
ESTAT:LFST_R_LFSD2POP(1.0)	17/04/26 11:00:00	A	ED3_4	T	Y_GE25	THS_PER	FRM0	2016	87.5	u	
ESTAT:LFST_R_LFSD2POP(1.0)	17/04/26 11:00:00	A	ED3_4	T	Y_GE65	THS_PER	FR10	2016	437.2		
ESTAT:LFST_R_LFSD2POP(1.0)	17/04/26 11:00:00	A	ED3_4	T	Y_GE65	THS_PER	FRB0	2016	164.5		
ESTAT:LFST_R_LFSD2POP(1.0)	17/04/26 11:00:00	A	ED3_4	T	Y_GE65	THS_PER	FRC1	2016	110.9		
ESTAT:LFST_R_LFSD2POP(1.0)	17/04/26 11:00:00	A	ED3_4	T	Y_GE65	THS_PER	FRC2	2016	68.4		
ESTAT:LFST_R_LFSD2POP(1.0)	17/04/26 11:00:00	A	ED3_4	T	Y_GE65	THS_PER	FRD1	2016	79.0		
ESTAT:LFST_R_LFSD2POP(1.0)	17/04/26 11:00:00	A	ED3_4	T	Y_GE65	THS_PER	FRD2	2016	97.2		
ESTAT:LFST_R_LFSD2POP(1.0)	17/04/26 11:00:00	A	ED3_4	T	Y_GE65	THS_PER	FRE1	2016	176.3		
ESTAT:LFST_R_LFSD2POP(1.0)	17/04/26 11:00:00	A	ED3_4	T	Y_GE65	THS_PER	FRE2	2016	80.9		
ESTAT:LFST_R_LFSD2POP(1.0)	17/04/26 11:00:00	A	ED3_4	T	Y_GE65	THS_PER	FRF1	2016	130.8		
ESTAT:LFST_R_LFSD2POP(1.0)	17/04/26 11:00:00	A	ED3_4	T	Y_GE65	THS_PER	FRF2	2016	66.6		
ESTAT:LFST_R_LFSD2POP(1.0)	17/04/26 11:00:00	A	ED3_4	T	Y_GE65	THS_PER	FRF3	2016	138.2		
ESTAT:LFST_R_LFSD2POP(1.0)	17/04/26 11:00:00	A	ED3_4	T	Y_GE65	THS_PER	FRG0	2016	220.0		
ESTAT:LFST_R_LFSD2POP(1.0)	17/04/26 11:00:00	A	ED3_4	T	Y_GE65	THS_PER	FRH0	2016	213.1		
ESTAT:LFST_R_LFSD2POP(1.0)	17/04/26 11:00:00	A	ED3_4	T	Y_GE65	THS_PER	FRI1	2016	234.8		
ESTAT:LFST_R_LFSD2POP(1.0)	17/04/26 11:00:00	A	ED3_4	T	Y_GE65	THS_PER	FRI2	2016	51.5		
ESTAT:LFST_R_LFSD2POP(1.0)	17/04/26 11:00:00	A	ED3_4	T	Y_GE65	THS_PER	FRI3	2016	118.0		
ESTAT:LFST_R_LFSD2POP(1.0)	17/04/26 11:00:00	A	ED3_4	T	Y_GE65	THS_PER	FRJ1	2016	184.6		
ESTAT:LFST_R_LFSD2POP(1.0)	17/04/26 11:00:00	A	ED3_4	T	Y_GE65	THS_PER	FRJ2	2016	185.9		
ESTAT:LFST_R_LFSD2POP(1.0)	17/04/26 11:00:00	A	ED3_4	T	Y_GE65	THS_PER	FRK1	2016	75.8		
ESTAT:LFST_R_LFSD2POP(1.0)	17/04/26 11:00:00	A	ED3_4	T	Y_GE65	THS_PER	FRK2	2016	381.0		
ESTAT:LFST_R_LFSD2POP(1.0)	17/04/26 11:00:00	A	ED3_4	T	Y_GE65	THS_PER	FRL0	2016	337.8		
ESTAT:LFST_R_LFSD2POP(1.0)	17/04/26 11:00:00	A	ED3_4	T	Y_GE65	THS_PER	FRM0	2016	34.3	u	
ESTAT:LFST_R_LFSD2POP(1.0)	17/04/26 11:00:00	A	ED5-8	F	Y15-24	THS_PER	FR10	2016	143.2		
ESTAT:LFST_R_LFSD2POP(1.0)	17/04/26 11:00:00	A	ED5-8	F	Y15-24	THS_PER	FRB0	2016	15.8		
ESTAT:LFST_R_LFSD2POP(1.0)	17/04/26 11:00:00	A	ED5-8	F	Y15-24	THS_PER	FRC1	2016	13.2		
ESTAT:LFST_R_LFSD2POP(1.0)	17/04/26 11:00:00	A	ED5-8	F	Y15-24	THS_PER	FRC2	2016	9.7	u	
ESTAT:LFST_R_LFSD2POP(1.0)	17/04/26 11:00:00	A	ED5-8	F	Y15-24	THS_PER	FRD1	2016	9.8	u	
ESTAT:LFST_R_LFSD2POP(1.0)	17/04/26 11:00:00	A	ED5-8	F	Y15-24	THS_PER	FRD2	2016	14.1		
ESTAT:LFST_R_LFSD2POP(1.0)	17/04/26 11:00:00	A	ED5-8	F	Y15-24	THS_PER	FRE1	2016	42.7		
ESTAT:LFST_R_LFSD2POP(1.0)	17/04/26 11:00:00	A	ED5-8	F	Y15-24	THS_PER	FRE2	2016	14.3		
ESTAT:LFST_R_LFSD2POP(1.0)	17/04/26 11:00:00	A	ED5-8	F	Y15-24	THS_PER	FRF1	2016	21.9		
ESTAT:LFST_R_LFSD2POP(1.0)	17/04/26 11:00:00	A	ED5-8	F	Y15-24	THS_PER	FRF2	2016	9.8	u	
ESTAT:LFST_R_LFSD2POP(1.0)	17/04/26 11:00:00	A	ED5-8	F	Y15-24	THS_PER	FRF3	2016	20.1		
ESTAT:LFST_R_LFSD2POP(1.0)	17/04/26 11:00:00	A	ED5-8	F	Y15-24	THS_PER	FRG0	2016	37.5		
ESTAT:LFST_R_LFSD2POP(1.0)	17/04/26 11:00:00	A	ED5-8	F	Y15-24	THS_PER	FRH0	2016	37.4		
ESTAT:LFST_R_LFSD2POP(1.0)	17/04/26 11:00:00	A	ED5-8	F	Y15-24	THS_PER	FRI1	2016	38.7		
ESTAT:LFST_R_LFSD2POP(1.0)	17/04/26 11:00:00	A	ED5-8	F	Y15-24	THS_PER	FRI2	2016	6.3	u	
ESTAT:LFST_R_LFSD2POP(1.0)	17/04/26 11:00:00	A	ED5-8	F	Y15-24	THS_PER	FRI3	2016	12.3		
ESTAT:LFST_R_LFSD2POP(1.0)	17/04/26 11:00:00	A	ED5-8	F	Y15-24	THS_PER	FRJ1	2016	12.6		
ESTAT:LFST_R_LFSD2POP(1.0)	17/04/26 11:00:00	A	ED5-8	F	Y15-24	THS_PER	FRJ2	2016	20.2		
ESTAT:LFST_R_LFSD2POP(1.0)	17/04/26 11:00:00	A	ED5-8	F	Y15-24	THS_PER	FRK1	2016	9.4	u	
ESTAT:LFST_R_LFSD2POP(1.0)	17/04/26 11:00:00	A	ED5-8	F	Y15-24	THS_PER	FRK2	2016	59.7		
ESTAT:LFST_R_LFSD2POP(1.0)	17/04/26 11:00:00	A	ED5-8	F	Y15-24	THS_PER	FRL0	2016	40.3		
ESTAT:LFST_R_LFSD2POP(1.0)	17/04/26 11:00:00	A	ED5-8	F	Y15-24	THS_PER	FRM0	2016		u	
ESTAT:LFST_R_LFSD2POP(1.0)	17/04/26 11:00:00	A	ED5-8	F	Y15-64	THS_PER	FR10	2016	1722.5		
ESTAT:LFST_R_LFSD2POP(1.0)	17/04/26 11:00:00	A	ED5-8	F	Y15-64	THS_PER	FRB0	2016	220.9		
ESTAT:LFST_R_LFSD2POP(1.0)	17/04/26 11:00:00	A	ED5-8	F	Y15-64	THS_PER	FRC1	2016	139.7		
ESTAT:LFST_R_LFSD2POP(1.0)	17/04/26 11:00:00	A	ED5-8	F	Y15-64	THS_PER	FRC2	2016	112.4		
ESTAT:LFST_R_LFSD2POP(1.0)	17/04/26 11:00:00	A	ED5-8	F	Y15-64	THS_PER	FRD1	2016	118.3		
ESTAT:LFST_R_LFSD2POP(1.0)	17/04/26 11:00:00	A	ED5-8	F	Y15-64	THS_PER	FRD2	2016	155.6		
ESTAT:LFST_R_LFSD2POP(1.0)	17/04/26 11:00:00	A	ED5-8	F	Y15-64	THS_PER	FRE1	2016	366.8		
ESTAT:LFST_R_LFSD2POP(1.0)	17/04/26 11:00:00	A	ED5-8	F	Y15-64	THS_PER	FRE2	2016	135.0		
ESTAT:LFST_R_LFSD2POP(1.0)	17/04/26 11:00:00	A	ED5-8	F	Y15-64	THS_PER	FRF1	2016	207.4		
ESTAT:LFST_R_LFSD2POP(1.0)	17/04/26 11:00:00	A	ED5-8	F	Y15-64	THS_PER	FRF2	2016	90.1		
ESTAT:LFST_R_LFSD2POP(1.0)	17/04/26 11:00:00	A	ED5-8	F	Y15-64	THS_PER	FRF3	2016	212.2		
ESTAT:LFST_R_LFSD2POP(1.0)	17/04/26 11:00:00	A	ED5-8	F	Y15-64	THS_PER	FRG0	2016	354.3		
ESTAT:LFST_R_LFSD2POP(1.0)	17/04/26 11:00:00	A	ED5-8	F	Y15-64	THS_PER	FRH0	2016	334.4		
ESTAT:LFST_R_LFSD2POP(1.0)	17/04/26 11:00:00	A	ED5-8	F	Y15-64	THS_PER	FRI1	2016	344.4		
ESTAT:LFST_R_LFSD2POP(1.0)	17/04/26 11:00:00	A	ED5-8	F	Y15-64	THS_PER	FRI2	2016	75.8		
ESTAT:LFST_R_LFSD2POP(1.0)	17/04/26 11:00:00	A	ED5-8	F	Y15-64	THS_PER	FRI3	2016	152.5		
ESTAT:LFST_R_LFSD2POP(1.0)	17/04/26 11:00:00	A	ED5-8	F	Y15-64	THS_PER	FRJ1	2016	260.5		
ESTAT:LFST_R_LFSD2POP(1.0)	17/04/26 11:00:00	A	ED5-8	F	Y15-64	THS_PER	FRJ2	2016	344.6		
ESTAT:LFST_R_LFSD2POP(1.0)	17/04/26 11:00:00	A	ED5-8	F	Y15-64	THS_PER	FRK1	2016	128.1		
ESTAT:LFST_R_LFSD2POP(1.0)	17/04/26 11:00:00	A	ED5-8	F	Y15-64	THS_PER	FRK2	2016	747.0		
ESTAT:LFST_R_LFSD2POP(1.0)	17/04/26 11:00:00	A	ED5-8	F	Y15-64	THS_PER	FRL0	2016	522.5		
ESTAT:LFST_R_LFSD2POP(1.0)	17/04/26 11:00:00	A	ED5-8	F	Y15-64	THS_PER	FRM0	2016	31.7	u	
ESTAT:LFST_R_LFSD2POP(1.0)	17/04/26 11:00:00	A	ED5-8	F	Y15-74	THS_PER	FR10	2016	1868.2		
ESTAT:LFST_R_LFSD2POP(1.0)	17/04/26 11:00:00	A	ED5-8	F	Y15-74	THS_PER	FRB0	2016	244.7		
ESTAT:LFST_R_LFSD2POP(1.0)	17/04/26 11:00:00	A	ED5-8	F	Y15-74	THS_PER	FRC1	2016	151.7		
ESTAT:LFST_R_LFSD2POP(1.0)	17/04/26 11:00:00	A	ED5-8	F	Y15-74	THS_PER	FRC2	2016	122.0		
ESTAT:LFST_R_LFSD2POP(1.0)	17/04/26 11:00:00	A	ED5-8	F	Y15-74	THS_PER	FRD1	2016	128.0		
ESTAT:LFST_R_LFSD2POP(1.0)	17/04/26 11:00:00	A	ED5-8	F	Y15-74	THS_PER	FRD2	2016	166.0		
ESTAT:LFST_R_LFSD2POP(1.0)	17/04/26 11:00:00	A	ED5-8	F	Y15-74	THS_PER	FRE1	2016	390.1		
ESTAT:LFST_R_LFSD2POP(1.0)	17/04/26 11:00:00	A	ED5-8	F	Y15-74	THS_PER	FRE2	2016	145.4		
ESTAT:LFST_R_LFSD2POP(1.0)	17/04/26 11:00:00	A	ED5-8	F	Y15-74	THS_PER	FRF1	2016	220.0		
ESTAT:LFST_R_LFSD2POP(1.0)	17/04/26 11:00:00	A	ED5-8	F	Y15-74	THS_PER	FRF2	2016	97.8		
ESTAT:LFST_R_LFSD2POP(1.0)	17/04/26 11:00:00	A	ED5-8	F	Y15-74	THS_PER	FRF3	2016	223.3		
ESTAT:LFST_R_LFSD2POP(1.0)	17/04/26 11:00:00	A	ED5-8	F	Y15-74	THS_PER	FRG0	2016	380.9		
ESTAT:LFST_R_LFSD2POP(1.0)	17/04/26 11:00:00	A	ED5-8	F	Y15-74	THS_PER	FRH0	2016	369.6		
ESTAT:LFST_R_LFSD2POP(1.0)	17/04/26 11:00:00	A	ED5-8	F	Y15-74	THS_PER	FRI1	2016	376.4		
ESTAT:LFST_R_LFSD2POP(1.0)	17/04/26 11:00:00	A	ED5-8	F	Y15-74	THS_PER	FRI2	2016	83.0		
ESTAT:LFST_R_LFSD2POP(1.0)	17/04/26 11:00:00	A	ED5-8	F	Y15-74	THS_PER	FRI3	2016	172.0		
ESTAT:LFST_R_LFSD2POP(1.0)	17/04/26 11:00:00	A	ED5-8	F	Y15-74	THS_PER	FRJ1	2016	289.1		
ESTAT:LFST_R_LFSD2POP(1.0)	17/04/26 11:00:00	A	ED5-8	F	Y15-74	THS_PER	FRJ2	2016	380.0		
ESTAT:LFST_R_LFSD2POP(1.0)	17/04/26 11:00:00	A	ED5-8	F	Y15-74	THS_PER	FRK1	2016	140.6		
ESTAT:LFST_R_LFSD2POP(1.0)	17/04/26 11:00:00	A	ED5-8	F	Y15-74	THS_PER	FRK2	2016	813.7		
ESTAT:LFST_R_LFSD2POP(1.0)	17/04/26 11:00:00	A	ED5-8	F	Y15-74	THS_PER	FRL0	2016	591.6		
ESTAT:LFST_R_LFSD2POP(1.0)	17/04/26 11:00:00	A	ED5-8	F	Y15-74	THS_PER	FRM0	2016	36.2	u	
ESTAT:LFST_R_LFSD2POP(1.0)	17/04/26 11:00:00	A	ED5-8	F	Y20-64	THS_PER	FR10	2016	1721.3		
ESTAT:LFST_R_LFSD2POP(1.0)	17/04/26 11:00:00	A	ED5-8	F	Y20-64	THS_PER	FRB0	2016	220.8		
ESTAT:LFST_R_LFSD2POP(1.0)	17/04/26 11:00:00	A	ED5-8	F	Y20-64	THS_PER	FRC1	2016	139.3		
ESTAT:LFST_R_LFSD2POP(1.0)	17/04/26 11:00:00	A	ED5-8	F	Y20-64	THS_PER	FRC2	2016	112.3		
ESTAT:LFST_R_LFSD2POP(1.0)	17/04/26 11:00:00	A	ED5-8	F	Y20-64	THS_PER	FRD1	2016	118.3		
ESTAT:LFST_R_LFSD2POP(1.0)	17/04/26 11:00:00	A	ED5-8	F	Y20-64	THS_PER	FRD2	2016	155.1		
ESTAT:LFST_R_LFSD2POP(1.0)	17/04/26 11:00:00	A	ED5-8	F	Y20-64	THS_PER	FRE1	2016	366.6		
ESTAT:LFST_R_LFSD2POP(1.0)	17/04/26 11:00:00	A	ED5-8	F	Y20-64	THS_PER	FRE2	2016	134.3		
ESTAT:LFST_R_LFSD2POP(1.0)	17/04/26 11:00:00	A	ED5-8	F	Y20-64	THS_PER	FRF1	2016	207.3		
ESTAT:LFST_R_LFSD2POP(1.0)	17/04/26 11:00:00	A	ED5-8	F	Y20-64	THS_PER	FRF2	2016	90.0		
ESTAT:LFST_R_LFSD2POP(1.0)	17/04/26 11:00:00	A	ED5-8	F	Y20-64	THS_PER	FRF3	2016	212.2		
ESTAT:LFST_R_LFSD2POP(1.0)	17/04/26 11:00:00	A	ED5-8	F	Y20-64	THS_PER	FRG0	2016	352.2		
ESTAT:LFST_R_LFSD2POP(1.0)	17/04/26 11:00:00	A	ED5-8	F	Y20-64	THS_PER	FRH0	2016	334.2		
ESTAT:LFST_R_LFSD2POP(1.0)	17/04/26 11:00:00	A	ED5-8	F	Y20-64	THS_PER	FRI1	2016	343.9		
ESTAT:LFST_R_LFSD2POP(1.0)	17/04/26 11:00:00	A	ED5-8	F	Y20-64	THS_PER	FRI2	2016	75.8		
ESTAT:LFST_R_LFSD2POP(1.0)	17/04/26 11:00:00	A	ED5-8	F	Y20-64	THS_PER	FRI3	2016	152.5		
ESTAT:LFST_R_LFSD2POP(1.0)	17/04/26 11:00:00	A	ED5-8	F	Y20-64	THS_PER	FRJ1	2016	260.5		
ESTAT:LFST_R_LFSD2POP(1.0)	17/04/26 11:00:00	A	ED5-8	F	Y20-64	THS_PER	FRJ2	2016	344.6		
ESTAT:LFST_R_LFSD2POP(1.0)	17/04/26 11:00:00	A	ED5-8	F	Y20-64	THS_PER	FRK1	2016	128.1		
ESTAT:LFST_R_LFSD2POP(1.0)	17/04/26 11:00:00	A	ED5-8	F	Y20-64	THS_PER	FRK2	2016	745.9		
ESTAT:LFST_R_LFSD2POP(1.0)	17/04/26 11:00:00	A	ED5-8	F	Y20-64	THS_PER	FRL0	2016	521.8		
ESTAT:LFST_R_LFSD2POP(1.0)	17/04/26 11:00:00	A	ED5-8	F	Y20-64	THS_PER	FRM0	2016	31.7	u	
ESTAT:LFST_R_LFSD2POP(1.0)	17/04/26 11:00:00	A	ED5-8	F	Y25-34	THS_PER	FR10	2016	545.6		
ESTAT:LFST_R_LFSD2POP(1.0)	17/04/26 11:00:00	A	ED5-8	F	Y25-34	THS_PER	FRB0	2016	47.5		
ESTAT:LFST_R_LFSD2POP(1.0)	17/04/26 11:00:00	A	ED5-8	F	Y25-34	THS_PER	FRC1	2016	35.0		
ESTAT:LFST_R_LFSD2POP(1.0)	17/04/26 11:00:00	A	ED5-8	F	Y25-34	THS_PER	FRC2	2016	34.5		
ESTAT:LFST_R_LFSD2POP(1.0)	17/04/26 11:00:00	A	ED5-8	F	Y25-34	THS_PER	FRD1	2016	30.9		
ESTAT:LFST_R_LFSD2POP(1.0)	17/04/26 11:00:00	A	ED5-8	F	Y25-34	THS_PER	FRD2	2016	50.8		
ESTAT:LFST_R_LFSD2POP(1.0)	17/04/26 11:00:00	A	ED5-8	F	Y25-34	THS_PER	FRE1	2016	114.2		
ESTAT:LFST_R_LFSD2POP(1.0)	17/04/26 11:00:00	A	ED5-8	F	Y25-34	THS_PER	FRE2	2016	33.2		
ESTAT:LFST_R_LFSD2POP(1.0)	17/04/26 11:00:00	A	ED5-8	F	Y25-34	THS_PER	FRF1	2016	55.0		
ESTAT:LFST_R_LFSD2POP(1.0)	17/04/26 11:00:00	A	ED5-8	F	Y25-34	THS_PER	FRF2	2016	29.3		
ESTAT:LFST_R_LFSD2POP(1.0)	17/04/26 11:00:00	A	ED5-8	F	Y25-34	THS_PER	FRF3	2016	60.5		
ESTAT:LFST_R_LFSD2POP(1.0)	17/04/26 11:00:00	A	ED5-8	F	Y25-34	THS_PER	FRG0	2016	105.0		
ESTAT:LFST_R_LFSD2POP(1.0)	17/04/26 11:00:00	A	ED5-8	F	Y25-34	THS_PER	FRH0	2016	82.9		
ESTAT:LFST_R_LFSD2POP(1.0)	17/04/26 11:00:00	A	ED5-8	F	Y25-34	THS_PER	FRI1	2016	73.7		
ESTAT:LFST_R_LFSD2POP(1.0)	17/04/26 11:00:00	A	ED5-8	F	Y25-34	THS_PER	FRI2	2016	22.2		
ESTAT:LFST_R_LFSD2POP(1.0)	17/04/26 11:00:00	A	ED5-8	F	Y25-34	THS_PER	FRI3	2016	56.6		
ESTAT:LFST_R_LFSD2POP(1.0)	17/04/26 11:00:00	A	ED5-8	F	Y25-34	THS_PER	FRJ1	2016	62.2		
ESTAT:LFST_R_LFSD2POP(1.0)	17/04/26 11:00:00	A	ED5-8	F	Y25-34	THS_PER	FRJ2	2016	95.2		
ESTAT:LFST_R_LFSD2POP(1.0)	17/04/26 11:00:00	A	ED5-8	F	Y25-34	THS_PER	FRK1	2016	33.6		
ESTAT:LFST_R_LFSD2POP(1.0)	17/04/26 11:00:00	A	ED5-8	F	Y25-34	THS_PER	FRK2	2016	212.4		
ESTAT:LFST_R_LFSD2POP(1.0)	17/04/26 11:00:00	A	ED5-8	F	Y25-34	THS_PER	FRL0	2016	131.3		
ESTAT:LFST_R_LFSD2POP(1.0)	17/04/26 11:00:00	A	ED5-8	F	Y25-34	THS_PER	FRM0	2016	6.5	u	
ESTAT:LFST_R_LFSD2POP(1.0)	17/04/26 11:00:00	A	ED5-8	F	Y25-64	THS_PER	FR10	2016	1579.3		
ESTAT:LFST_R_LFSD2POP(1.0)	17/04/26 11:00:00	A	ED5-8	F	Y25-64	THS_PER	FRB0	2016	205.1		
ESTAT:LFST_R_LFSD2POP(1.0)	17/04/26 11:00:00	A	ED5-8	F	Y25-64	THS_PER	FRC1	2016	126.5		
ESTAT:LFST_R_LFSD2POP(1.0)	17/04/26 11:00:00	A	ED5-8	F	Y25-64	THS_PER	FRC2	2016	102.7		
ESTAT:LFST_R_LFSD2POP(1.0)	17/04/26 11:00:00	A	ED5-8	F	Y25-64	THS_PER	FRD1	2016	108.5		
ESTAT:LFST_R_LFSD2POP(1.0)	17/04/26 11:00:00	A	ED5-8	F	Y25-64	THS_PER	FRD2	2016	141.5		
ESTAT:LFST_R_LFSD2POP(1.0)	17/04/26 11:00:00	A	ED5-8	F	Y25-64	THS_PER	FRE1	2016	324.1		
ESTAT:LFST_R_LFSD2POP(1.0)	17/04/26 11:00:00	A	ED5-8	F	Y25-64	THS_PER	FRE2	2016	120.7		
ESTAT:LFST_R_LFSD2POP(1.0)	17/04/26 11:00:00	A	ED5-8	F	Y25-64	THS_PER	FRF1	2016	185.6		
ESTAT:LFST_R_LFSD2POP(1.0)	17/04/26 11:00:00	A	ED5-8	F	Y25-64	THS_PER	FRF2	2016	80.3		
ESTAT:LFST_R_LFSD2POP(1.0)	17/04/26 11:00:00	A	ED5-8	F	Y25-64	THS_PER	FRF3	2016	192.2		
ESTAT:LFST_R_LFSD2POP(1.0)	17/04/26 11:00:00	A	ED5-8	F	Y25-64	THS_PER	FRG0	2016	316.8		
ESTAT:LFST_R_LFSD2POP(1.0)	17/04/26 11:00:00	A	ED5-8	F	Y25-64	THS_PER	FRH0	2016	297.0		
ESTAT:LFST_R_LFSD2POP(1.0)	17/04/26 11:00:00	A	ED5-8	F	Y25-64	THS_PER	FRI1	2016	305.7		
ESTAT:LFST_R_LFSD2POP(1.0)	17/04/26 11:00:00	A	ED5-8	F	Y25-64	THS_PER	FRI2	2016	69.5		
ESTAT:LFST_R_LFSD2POP(1.0)	17/04/26 11:00:00	A	ED5-8	F	Y25-64	THS_PER	FRI3	2016	140.2		
ESTAT:LFST_R_LFSD2POP(1.0)	17/04/26 11:00:00	A	ED5-8	F	Y25-64	THS_PER	FRJ1	2016	247.9		
ESTAT:LFST_R_LFSD2POP(1.0)	17/04/26 11:00:00	A	ED5-8	F	Y25-64	THS_PER	FRJ2	2016	324.4		
ESTAT:LFST_R_LFSD2POP(1.0)	17/04/26 11:00:00	A	ED5-8	F	Y25-64	THS_PER	FRK1	2016	118.7		
ESTAT:LFST_R_LFSD2POP(1.0)	17/04/26 11:00:00	A	ED5-8	F	Y25-64	THS_PER	FRK2	2016	687.3		
ESTAT:LFST_R_LFSD2POP(1.0)	17/04/26 11:00:00	A	ED5-8	F	Y25-64	THS_PER	FRL0	2016	482.2		
ESTAT:LFST_R_LFSD2POP(1.0)	17/04/26 11:00:00	A	ED5-8	F	Y25-64	THS_PER	FRM0	2016	30.1	u	
ESTAT:LFST_R_LFSD2POP(1.0)	17/04/26 11:00:00	A	ED5-8	F	Y35-44	THS_PER	FR10	2016	475.4		
ESTAT:LFST_R_LFSD2POP(1.0)	17/04/26 11:00:00	A	ED5-8	F	Y35-44	THS_PER	FRB0	2016	74.3		
ESTAT:LFST_R_LFSD2POP(1.0)	17/04/26 11:00:00	A	ED5-8	F	Y35-44	THS_PER	FRC1	2016	40.5		
ESTAT:LFST_R_LFSD2POP(1.0)	17/04/26 11:00:00	A	ED5-8	F	Y35-44	THS_PER	FRC2	2016	37.5		
ESTAT:LFST_R_LFSD2POP(1.0)	17/04/26 11:00:00	A	ED5-8	F	Y35-44	THS_PER	FRD1	2016	35.6		
ESTAT:LFST_R_LFSD2POP(1.0)	17/04/26 11:00:00	A	ED5-8	F	Y35-44	THS_PER	FRD2	2016	43.5		
ESTAT:LFST_R_LFSD2POP(1.0)	17/04/26 11:00:00	A	ED5-8	F	Y35-44	THS_PER	FRE1	2016	107.2		
ESTAT:LFST_R_LFSD2POP(1.0)	17/04/26 11:00:00	A	ED5-8	F	Y35-44	THS_PER	FRE2	2016	43.9		
ESTAT:LFST_R_LFSD2POP(1.0)	17/04/26 11:00:00	A	ED5-8	F	Y35-44	THS_PER	FRF1	2016	63.5		
ESTAT:LFST_R_LFSD2POP(1.0)	17/04/26 11:00:00	A	ED5-8	F	Y35-44	THS_PER	FRF2	2016	24.3		
ESTAT:LFST_R_LFSD2POP(1.0)	17/04/26 11:00:00	A	ED5-8	F	Y35-44	THS_PER	FRF3	2016	65.8		
ESTAT:LFST_R_LFSD2POP(1.0)	17/04/26 11:00:00	A	ED5-8	F	Y35-44	THS_PER	FRG0	2016	97.2		
ESTAT:LFST_R_LFSD2POP(1.0)	17/04/26 11:00:00	A	ED5-8	F	Y35-44	THS_PER	FRH0	2016	101.6		
ESTAT:LFST_R_LFSD2POP(1.0)	17/04/26 11:00:00	A	ED5-8	F	Y35-44	THS_PER	FRI1	2016	110.7		
ESTAT:LFST_R_LFSD2POP(1.0)	17/04/26 11:00:00	A	ED5-8	F	Y35-44	THS_PER	FRI2	2016	20.0		
ESTAT:LFST_R_LFSD2POP(1.0)	17/04/26 11:00:00	A	ED5-8	F	Y35-44	THS_PER	FRI3	2016	32.8		
ESTAT:LFST_R_LFSD2POP(1.0)	17/04/26 11:00:00	A	ED5-8	F	Y35-44	THS_PER	FRJ1	2016	69.9		
ESTAT:LFST_R_LFSD2POP(1.0)	17/04/26 11:00:00	A	ED5-8	F	Y35-44	THS_PER	FRJ2	2016	101.8		
ESTAT:LFST_R_LFSD2POP(1.0)	17/04/26 11:00:00	A	ED5-8	F	Y35-44	THS_PER	FRK1	2016	50.1		
ESTAT:LFST_R_LFSD2POP(1.0)	17/04/26 11:00:00	A	ED5-8	F	Y35-44	THS_PER	FRK2	2016	226.9		
ESTAT:LFST_R_LFSD2POP(1.0)	17/04/26 11:00:00	A	ED5-8	F	Y35-44	THS_PER	FRL0	2016	136.3		
ESTAT:LFST_R_LFSD2POP(1.0)	17/04/26 11:00:00	A	ED5-8	F	Y35-44	THS_PER	FRM0	2016	9.6	u	
ESTAT:LFST_R_LFSD2POP(1.0)	17/04/26 11:00:00	A	ED5-8	F	Y45-54	THS_PER	FR10	2016	327.2		
ESTAT:LFST_R_LFSD2POP(1.0)	17/04/26 11:00:00	A	ED5-8	F	Y45-54	THS_PER	FRB0	2016	44.7		
ESTAT:LFST_R_LFSD2POP(1.0)	17/04/26 11:00:00	A	ED5-8	F	Y45-54	THS_PER	FRC1	2016	27.8		
ESTAT:LFST_R_LFSD2POP(1.0)	17/04/26 11:00:00	A	ED5-8	F	Y45-54	THS_PER	FRC2	2016	21.0		
ESTAT:LFST_R_LFSD2POP(1.0)	17/04/26 11:00:00	A	ED5-8	F	Y45-54	THS_PER	FRD1	2016	20.8		
ESTAT:LFST_R_LFSD2POP(1.0)	17/04/26 11:00:00	A	ED5-8	F	Y45-54	THS_PER	FRD2	2016	28.2		
ESTAT:LFST_R_LFSD2POP(1.0)	17/04/26 11:00:00	A	ED5-8	F	Y45-54	THS_PER	FRE1	2016	65.1		
ESTAT:LFST_R_LFSD2POP(1.0)	17/04/26 11:00:00	A	ED5-8	F	Y45-54	THS_PER	FRE2	2016	26.5		
ESTAT:LFST_R_LFSD2POP(1.0)	17/04/26 11:00:00	A	ED5-8	F	Y45-54	THS_PER	FRF1	2016	44.2		
ESTAT:LFST_R_LFSD2POP(1.0)	17/04/26 11:00:00	A	ED5-8	F	Y45-54	THS_PER	FRF2	2016	16.6		
ESTAT:LFST_R_LFSD2POP(1.0)	17/04/26 11:00:00	A	ED5-8	F	Y45-54	THS_PER	FRF3	2016	38.7		
ESTAT:LFST_R_LFSD2POP(1.0)	17/04/26 11:00:00	A	ED5-8	F	Y45-54	THS_PER	FRG0	2016	78.0		
ESTAT:LFST_R_LFSD2POP(1.0)	17/04/26 11:00:00	A	ED5-8	F	Y45-54	THS_PER	FRH0	2016	67.4		
ESTAT:LFST_R_LFSD2POP(1.0)	17/04/26 11:00:00	A	ED5-8	F	Y45-54	THS_PER	FRI1	2016	70.8		
ESTAT:LFST_R_LFSD2POP(1.0)	17/04/26 11:00:00	A	ED5-8	F	Y45-54	THS_PER	FRI2	2016	14.0		
ESTAT:LFST_R_LFSD2POP(1.0)	17/04/26 11:00:00	A	ED5-8	F	Y45-54	THS_PER	FRI3	2016	28.1		
ESTAT:LFST_R_LFSD2POP(1.0)	17/04/26 11:00:00	A	ED5-8	F	Y45-54	THS_PER	FRJ1	2016	65.8		
ESTAT:LFST_R_LFSD2POP(1.0)	17/04/26 11:00:00	A	ED5-8	F	Y45-54	THS_PER	FRJ2	2016	70.6		
ESTAT:LFST_R_LFSD2POP(1.0)	17/04/26 11:00:00	A	ED5-8	F	Y45-54	THS_PER	FRK1	2016	19.5		
ESTAT:LFST_R_LFSD2POP(1.0)	17/04/26 11:00:00	A	ED5-8	F	Y45-54	THS_PER	FRK2	2016	159.2		
ESTAT:LFST_R_LFSD2POP(1.0)	17/04/26 11:00:00	A	ED5-8	F	Y45-54	THS_PER	FRL0	2016	122.3		
ESTAT:LFST_R_LFSD2POP(1.0)	17/04/26 11:00:00	A	ED5-8	F	Y45-54	THS_PER	FRM0	2016	4.8	u	
ESTAT:LFST_R_LFSD2POP(1.0)	17/04/26 11:00:00	A	ED5-8	F	Y55-64	THS_PER	FR10	2016	231.1		
ESTAT:LFST_R_LFSD2POP(1.0)	17/04/26 11:00:00	A	ED5-8	F	Y55-64	THS_PER	FRB0	2016	38.6		
ESTAT:LFST_R_LFSD2POP(1.0)	17/04/26 11:00:00	A	ED5-8	F	Y55-64	THS_PER	FRC1	2016	23.2		
ESTAT:LFST_R_LFSD2POP(1.0)	17/04/26 11:00:00	A	ED5-8	F	Y55-64	THS_PER	FRC2	2016	9.8	u	
ESTAT:LFST_R_LFSD2POP(1.0)	17/04/26 11:00:00	A	ED5-8	F	Y55-64	THS_PER	FRD1	2016	21.2		
ESTAT:LFST_R_LFSD2POP(1.0)	17/04/26 11:00:00	A	ED5-8	F	Y55-64	THS_PER	FRD2	2016	19.0		
ESTAT:LFST_R_LFSD2POP(1.0)	17/04/26 11:00:00	A	ED5-8	F	Y55-64	THS_PER	FRE1	2016	37.6		
ESTAT:LFST_R_LFSD2POP(1.0)	17/04/26 11:00:00	A	ED5-8	F	Y55-64	THS_PER	FRE2	2016	17.1		
ESTAT:LFST_R_LFSD2POP(1.0)	17/04/26 11:00:00	A	ED5-8	F	Y55-64	THS_PER	FRF1	2016	22.9		
ESTAT:LFST_R_LFSD2POP(1.0)	17/04/26 11:00:00	A	ED5-8	F	Y55-64	THS_PER	FRF2	2016	10.0		
ESTAT:LFST_R_LFSD2POP(1.0)	17/04/26 11:00:00	A	ED5-8	F	Y55-64	THS_PER	FRF3	2016	27.2		
ESTAT:LFST_R_LFSD2POP(1.0)	17/04/26 11:00:00	A	ED5-8	F	Y55-64	THS_PER	FRG0	2016	36.5		
ESTAT:LFST_R_LFSD2POP(1.0)	17/04/26 11:00:00	A	ED5-8	F	Y55-64	THS_PER	FRH0	2016	45.1		
ESTAT:LFST_R_LFSD2POP(1.0)	17/04/26 11:00:00	A	ED5-8	F	Y55-64	THS_PER	FRI1	2016	50.5		
ESTAT:LFST_R_LFSD2POP(1.0)	17/04/26 11:00:00	A	ED5-8	F	Y55-64	THS_PER	FRI2	2016	13.3		
ESTAT:LFST_R_LFSD2POP(1.0)	17/04/26 11:00:00	A	ED5-8	F	Y55-64	THS_PER	FRI3	2016	22.7		
ESTAT:LFST_R_LFSD2POP(1.0)	17/04/26 11:00:00	A	ED5-8	F	Y55-64	THS_PER	FRJ1	2016	50.1		
ESTAT:LFST_R_LFSD2POP(1.0)	17/04/26 11:00:00	A	ED5-8	F	Y55-64	THS_PER	FRJ2	2016	56.8		
ESTAT:LFST_R_LFSD2POP(1.0)	17/04/26 11:00:00	A	ED5-8	F	Y55-64	THS_PER	FRK1	2016	15.5		
ESTAT:LFST_R_LFSD2POP(1.0)	17/04/26 11:00:00	A	ED5-8	F	Y55-64	THS_PER	FRK2	2016	88.8		
ESTAT:LFST_R_LFSD2POP(1.0)	17/04/26 11:00:00	A	ED5-8	F	Y55-64	THS_PER	FRL0	2016	92.2		
ESTAT:LFST_R_LFSD2POP(1.0)	17/04/26 11:00:00	A	ED5-8	F	Y55-64	THS_PER	FRM0	2016	9.2	u	
ESTAT:LFST_R_LFSD2POP(1.0)	17/04/26 11:00:00	A	ED5-8	F	Y_GE15	THS_PER	FR10	2016	1932.0		
ESTAT:LFST_R_LFSD2POP(1.0)	17/04/26 11:00:00	A	ED5-8	F	Y_GE15	THS_PER	FRB0	2016	252.5		
ESTAT:LFST_R_LFSD2POP(1.0)	17/04/26 11:00:00	A	ED5-8	F	Y_GE15	THS_PER	FRC1	2016	157.7		
ESTAT:LFST_R_LFSD2POP(1.0)	17/04/26 11:00:00	A	ED5-8	F	Y_GE15	THS_PER	FRC2	2016	124.7		
ESTAT:LFST_R_LFSD2POP(1.0)	17/04/26 11:00:00	A	ED5-8	F	Y_GE15	THS_PER	FRD1	2016	133.0		
ESTAT:LFST_R_LFSD2POP(1.0)	17/04/26 11:00:00	A	ED5-8	F	Y_GE15	THS_PER	FRD2	2016	170.1		
ESTAT:LFST_R_LFSD2POP(1.0)	17/04/26 11:00:00	A	ED5-8	F	Y_GE15	THS_PER	FRE1	2016	395.9		
ESTAT:LFST_R_LFSD2POP(1.0)	17/04/26 11:00:00	A	ED5-8	F	Y_GE15	THS_PER	FRE2	2016	146.6		
ESTAT:LFST_R_LFSD2POP(1.0)	17/04/26 11:00:00	A	ED5-8	F	Y_GE15	THS_PER	FRF1	2016	226.3		
ESTAT:LFST_R_LFSD2POP(1.0)	17/04/26 11:00:00	A	ED5-8	F	Y_GE15	THS_PER	FRF2	2016	100.0		
ESTAT:LFST_R_LFSD2POP(1.0)	17/04/26 11:00:00	A	ED5-8	F	Y_GE15	THS_PER	FRF3	2016	232.3		
ESTAT:LFST_R_LFSD2POP(1.0)	17/04/26 11:00:00	A	ED5-8	F	Y_GE15	THS_PER	FRG0	2016	391.4		
ESTAT:LFST_R_LFSD2POP(1.0)	17/04/26 11:00:00	A	ED5-8	F	Y_GE15	THS_PER	FRH0	2016	385.2		
ESTAT:LFST_R_LFSD2POP(1.0)	17/04/26 11:00:00	A	ED5-8	F	Y_GE15	THS_PER	FRI1	2016	391.2		
ESTAT:LFST_R_LFSD2POP(1.0)	17/04/26 11:00:00	A	ED5-8	F	Y_GE15	THS_PER	FRI2	2016	85.1		
ESTAT:LFST_R_LFSD2POP(1.0)	17/04/26 11:00:00	A	ED5-8	F	Y_GE15	THS_PER	FRI3	2016	175.2		
ESTAT:LFST_R_LFSD2POP(1.0)	17/04/26 11:00:00	A	ED5-8	F	Y_GE15	THS_PER	FRJ1	2016	304.6		
ESTAT:LFST_R_LFSD2POP(1.0)	17/04/26 11:00:00	A	ED5-8	F	Y_GE15	THS_PER	FRJ2	2016	392.1		
ESTAT:LFST_R_LFSD2POP(1.0)	17/04/26 11:00:00	A	ED5-8	F	Y_GE15	THS_PER	FRK1	2016	145.9		
ESTAT:LFST_R_LFSD2POP(1.0)	17/04/26 11:00:00	A	ED5-8	F	Y_GE15	THS_PER	FRK2	2016	833.2		
ESTAT:LFST_R_LFSD2POP(1.0)	17/04/26 11:00:00	A	ED5-8	F	Y_GE15	THS_PER	FRL0	2016	621.7		
ESTAT:LFST_R_LFSD2POP(1.0)	17/04/26 11:00:00	A	ED5-8	F	Y_GE15	THS_PER	FRM0	2016	37.1	u	
ESTAT:LFST_R_LFSD2POP(1.0)	17/04/26 11:00:00	A	ED5-8	F	Y_GE25	THS_PER	FR10	2016	1788.8		
ESTAT:LFST_R_LFSD2POP(1.0)	17/04/26 11:00:00	A	ED5-8	F	Y_GE25	THS_PER	FRB0	2016	236.7		
ESTAT:LFST_R_LFSD2POP(1.0)	17/04/26 11:00:00	A	ED5-8	F	Y_GE25	THS_PER	FRC1	2016	144.5		
ESTAT:LFST_R_LFSD2POP(1.0)	17/04/26 11:00:00	A	ED5-8	F	Y_GE25	THS_PER	FRC2	2016	115.0		
ESTAT:LFST_R_LFSD2POP(1.0)	17/04/26 11:00:00	A	ED5-8	F	Y_GE25	THS_PER	FRD1	2016	123.2		
ESTAT:LFST_R_LFSD2POP(1.0)	17/04/26 11:00:00	A	ED5-8	F	Y_GE25	THS_PER	FRD2	2016	156.0		
ESTAT:LFST_R_LFSD2POP(1.0)	17/04/26 11:00:00	A	ED5-8	F	Y_GE25	THS_PER	FRE1	2016	353.1		
ESTAT:LFST_R_LFSD2POP(1.0)	17/04/26 11:00:00	A	ED5-8	F	Y_GE25	THS_PER	FRE2	2016	132.4		
ESTAT:LFST_R_LFSD2POP(1.0)	17/04/26 11:00:00	A	ED5-8	F	Y_GE25	THS_PER	FRF1	2016	204.4		
ESTAT:LFST_R_LFSD2POP(1.0)	17/04/26 11:00:00	A	ED5-8	F	Y_GE25	THS_PER	FRF2	2016	90.3		
ESTAT:LFST_R_LFSD2POP(1.0)	17/04/26 11:00:00	A	ED5-8	F	Y_GE25	THS_PER	FRF3	2016	212.2		
ESTAT:LFST_R_LFSD2POP(1.0)	17/04/26 11:00:00	A	ED5-8	F	Y_GE25	THS_PER	FRG0	2016	353.9		
ESTAT:LFST_R_LFSD2POP(1.0)	17/04/26 11:00:00	A	ED5-8	F	Y_GE25	THS_PER	FRH0	2016	347.7		
ESTAT:LFST_R_LFSD2POP(1.0)	17/04/26 11:00:00	A	ED5-8	F	Y_GE25	THS_PER	FRI1	2016	352.5		
ESTAT:LFST_R_LFSD2POP(1.0)	17/04/26 11:00:00	A	ED5-8	F	Y_GE25	THS_PER	FRI2	2016	78.8		
ESTAT:LFST_R_LFSD2POP(1.0)	17/04/26 11:00:00	A	ED5-8	F	Y_GE25	THS_PER	FRI3	2016	162.8		
ESTAT:LFST_R_LFSD2POP(1.0)	17/04/26 11:00:00	A	ED5-8	F	Y_GE25	THS_PER	FRJ1	2016	292.0		
ESTAT:LFST_R_LFSD2POP(1.0)	17/04/26 11:00:00	A	ED5-8	F	Y_GE25	THS_PER	FRJ2	2016	371.9		
ESTAT:LFST_R_LFSD2POP(1.0)	17/04/26 11:00:00	A	ED5-8	F	Y_GE25	THS_PER	FRK1	2016	136.5		
ESTAT:LFST_R_LFSD2POP(1.0)	17/04/26 11:00:00	A	ED5-8	F	Y_GE25	THS_PER	FRK2	2016	773.5		
ESTAT:LFST_R_LFSD2POP(1.0)	17/04/26 11:00:00	A	ED5-8	F	Y_GE25	THS_PER	FRL0	2016	581.4		
ESTAT:LFST_R_LFSD2POP(1.0)	17/04/26 11:00:00	A	ED5-8	F	Y_GE25	THS_PER	FRM0	2016	35.5	u	
ESTAT:LFST_R_LFSD2POP(1.0)	17/04/26 11:00:00	A	ED5-8	F	Y_GE65	THS_PER	FR10	2016	209.5		
ESTAT:LFST_R_LFSD2POP(1.0)	17/04/26 11:00:00	A	ED5-8	F	Y_GE65	THS_PER	FRB0	2016	31.6		
ESTAT:LFST_R_LFSD2POP(1.0)	17/04/26 11:00:00	A	ED5-8	F	Y_GE65	THS_PER	FRC1	2016	18.0		
ESTAT:LFST_R_LFSD2POP(1.0)	17/04/26 11:00:00	A	ED5-8	F	Y_GE65	THS_PER	FRC2	2016	12.2		
ESTAT:LFST_R_LFSD2POP(1.0)	17/04/26 11:00:00	A	ED5-8	F	Y_GE65	THS_PER	FRD1	2016	14.8		
ESTAT:LFST_R_LFSD2POP(1.0)	17/04/26 11:00:00	A	ED5-8	F	Y_GE65	THS_PER	FRD2	2016	14.5		
ESTAT:LFST_R_LFSD2POP(1.0)	17/04/26 11:00:00	A	ED5-8	F	Y_GE65	THS_PER	FRE1	2016	29.1		
ESTAT:LFST_R_LFSD2POP(1.0)	17/04/26 11:00:00	A	ED5-8	F	Y_GE65	THS_PER	FRE2	2016	11.6		
ESTAT:LFST_R_LFSD2POP(1.0)	17/04/26 11:00:00	A	ED5-8	F	Y_GE65	THS_PER	FRF1	2016	18.8		
ESTAT:LFST_R_LFSD2POP(1.0)	17/04/26 11:00:00	A	ED5-8	F	Y_GE65	THS_PER	FRF2	2016	10.0	u	
ESTAT:LFST_R_LFSD2POP(1.0)	17/04/26 11:00:00	A	ED5-8	F	Y_GE65	THS_PER	FRF3	2016	20.1		
ESTAT:LFST_R_LFSD2POP(1.0)	17/04/26 11:00:00	A	ED5-8	F	Y_GE65	THS_PER	FRG0	2016	37.1		
ESTAT:LFST_R_LFSD2POP(1.0)	17/04/26 11:00:00	A	ED5-8	F	Y_GE65	THS_PER	FRH0	2016	50.7		
ESTAT:LFST_R_LFSD2POP(1.0)	17/04/26 11:00:00	A	ED5-8	F	Y_GE65	THS_PER	FRI1	2016	46.8		
ESTAT:LFST_R_LFSD2POP(1.0)	17/04/26 11:00:00	A	ED5-8	F	Y_GE65	THS_PER	FRI2	2016	9.4	u	
ESTAT:LFST_R_LFSD2POP(1.0)	17/04/26 11:00:00	A	ED5-8	F	Y_GE65	THS_PER	FRI3	2016	22.6		
ESTAT:LFST_R_LFSD2POP(1.0)	17/04/26 11:00:00	A	ED5-8	F	Y_GE65	THS_PER	FRJ1	2016	44.1		
ESTAT:LFST_R_LFSD2POP(1.0)	17/04/26 11:00:00	A	ED5-8	F	Y_GE65	THS_PER	FRJ2	2016	47.5		
ESTAT:LFST_R_LFSD2POP(1.0)	17/04/26 11:00:00	A	ED5-8	F	Y_GE65	THS_PER	FRK1	2016	17.8		
ESTAT:LFST_R_LFSD2POP(1.0)	17/04/26 11:00:00	A	ED5-8	F	Y_GE65	THS_PER	FRK2	2016	86.2		
ESTAT:LFST_R_LFSD2POP(1.0)	17/04/26 11:00:00	A	ED5-8	F	Y_GE65	THS_PER	FRL0	2016	99.2		
ESTAT:LFST_R_LFSD2POP(1.0)	17/04/26 11:00:00	A	ED5-8	F	Y_GE65	THS_PER	FRM0	2016	5.5	u	
ESTAT:LFST_R_LFSD2POP(1.0)	17/04/26 11:00:00	A	ED5-8	M	Y15-24	THS_PER	FR10	2016	114.6		
ESTAT:LFST_R_LFSD2POP(1.0)	17/04/26 11:00:00	A	ED5-8	M	Y15-24	THS_PER	FRB0	2016	12.4		
ESTAT:LFST_R_LFSD2POP(1.0)	17/04/26 11:00:00	A	ED5-8	M	Y15-24	THS_PER	FRC1	2016	11.7		
ESTAT:LFST_R_LFSD2POP(1.0)	17/04/26 11:00:00	A	ED5-8	M	Y15-24	THS_PER	FRC2	2016	7.7	u	
ESTAT:LFST_R_LFSD2POP(1.0)	17/04/26 11:00:00	A	ED5-8	M	Y15-24	THS_PER	FRD1	2016	10.1		
ESTAT:LFST_R_LFSD2POP(1.0)	17/04/26 11:00:00	A	ED5-8	M	Y15-24	THS_PER	FRD2	2016	10.5		
ESTAT:LFST_R_LFSD2POP(1.0)	17/04/26 11:00:00	A	ED5-8	M	Y15-24	THS_PER	FRE1	2016	29.6		
ESTAT:LFST_R_LFSD2POP(1.0)	17/04/26 11:00:00	A	ED5-8	M	Y15-24	THS_PER	FRE2	2016	8.1	u	
ESTAT:LFST_R_LFSD2POP(1.0)	17/04/26 11:00:00	A	ED5-8	M	Y15-24	THS_PER	FRF1	2016	15.1		
ESTAT:LFST_R_LFSD2POP(1.0)	17/04/26 11:00:00	A	ED5-8	M	Y15-24	THS_PER	FRF2	2016	8.4	u	
ESTAT:LFST_R_LFSD2POP(1.0)	17/04/26 11:00:00	A	ED5-8	M	Y15-24	THS_PER	FRF3	2016	25.5		
ESTAT:LFST_R_LFSD2POP(1.0)	17/04/26 11:00:00	A	ED5-8	M	Y15-24	THS_PER	FRG0	2016	29.6		
ESTAT:LFST_R_LFSD2POP(1.0)	17/04/26 11:00:00	A	ED5-8	M	Y15-24	THS_PER	FRH0	2016	29.1		
ESTAT:LFST_R_LFSD2POP(1.0)	17/04/26 11:00:00	A	ED5-8	M	Y15-24	THS_PER	FRI1	2016	23.1		
ESTAT:LFST_R_LFSD2POP(1.0)	17/04/26 11:00:00	A	ED5-8	M	Y15-24	THS_PER	FRI2	2016	5.4	u	
ESTAT:LFST_R_LFSD2POP(1.0)	17/04/26 11:00:00	A	ED5-8	M	Y15-24	THS_PER	FRI3	2016	9.2	u	
ESTAT:LFST_R_LFSD2POP(1.0)	17/04/26 11:00:00	A	ED5-8	M	Y15-24	THS_PER	FRJ1	2016	18.9		
ESTAT:LFST_R_LFSD2POP(1.0)	17/04/26 11:00:00	A	ED5-8	M	Y15-24	THS_PER	FRJ2	2016	17.2		
ESTAT:LFST_R_LFSD2POP(1.0)	17/04/26 11:00:00	A	ED5-8	M	Y15-24	THS_PER	FRK1	2016	8.5	u	
ESTAT:LFST_R_LFSD2POP(1.0)	17/04/26 11:00:00	A	ED5-8	M	Y15-24	THS_PER	FRK2	2016	54.0		
ESTAT:LFST_R_LFSD2POP(1.0)	17/04/26 11:00:00	A	ED5-8	M	Y15-24	THS_PER	FRL0	2016	30.6		
ESTAT:LFST_R_LFSD2POP(1.0)	17/04/26 11:00:00	A	ED5-8	M	Y15-24	THS_PER	FRM0	2016	2.2	u	
ESTAT:LFST_R_LFSD2POP(1.0)	17/04/26 11:00:00	A	ED5-8	M	Y15-64	THS_PER	FR10	2016	1537.5		
ESTAT:LFST_R_LFSD2POP(1.0)	17/04/26 11:00:00	A	ED5-8	M	Y15-64	THS_PER	FRB0	2016	175.5		
ESTAT:LFST_R_LFSD2POP(1.0)	17/04/26 11:00:00	A	ED5-8	M	Y15-64	THS_PER	FRC1	2016	105.0		
ESTAT:LFST_R_LFSD2POP(1.0)	17/04/26 11:00:00	A	ED5-8	M	Y15-64	THS_PER	FRC2	2016	86.4		
ESTAT:LFST_R_LFSD2POP(1.0)	17/04/26 11:00:00	A	ED5-8	M	Y15-64	THS_PER	FRD1	2016	85.1		
ESTAT:LFST_R_LFSD2POP(1.0)	17/04/26 11:00:00	A	ED5-8	M	Y15-64	THS_PER	FRD2	2016	120.1		
ESTAT:LFST_R_LFSD2POP(1.0)	17/04/26 11:00:00	A	ED5-8	M	Y15-64	THS_PER	FRE1	2016	288.6		
ESTAT:LFST_R_LFSD2POP(1.0)	17/04/26 11:00:00	A	ED5-8	M	Y15-64	THS_PER	FRE2	2016	107.7		
ESTAT:LFST_R_LFSD2POP(1.0)	17/04/26 11:00:00	A	ED5-8	M	Y15-64	THS_PER	FRF1	2016	161.5		
ESTAT:LFST_R_LFSD2POP(1.0)	17/04/26 11:00:00	A	ED5-8	M	Y15-64	THS_PER	FRF2	2016	79.4		
ESTAT:LFST_R_LFSD2POP(1.0)	17/04/26 11:00:00	A	ED5-8	M	Y15-64	THS_PER	FRF3	2016	185.7		
ESTAT:LFST_R_LFSD2POP(1.0)	17/04/26 11:00:00	A	ED5-8	M	Y15-64	THS_PER	FRG0	2016	304.0		
ESTAT:LFST_R_LFSD2POP(1.0)	17/04/26 11:00:00	A	ED5-8	M	Y15-64	THS_PER	FRH0	2016	276.8		
ESTAT:LFST_R_LFSD2POP(1.0)	17/04/26 11:00:00	A	ED5-8	M	Y15-64	THS_PER	FRI1	2016	260.0		
ESTAT:LFST_R_LFSD2POP(1.0)	17/04/26 11:00:00	A	ED5-8	M	Y15-64	THS_PER	FRI2	2016	54.4		
ESTAT:LFST_R_LFSD2POP(1.0)	17/04/26 11:00:00	A	ED5-8	M	Y15-64	THS_PER	FRI3	2016	110.4		
ESTAT:LFST_R_LFSD2POP(1.0)	17/04/26 11:00:00	A	ED5-8	M	Y15-64	THS_PER	FRJ1	2016	201.3		
ESTAT:LFST_R_LFSD2POP(1.0)	17/04/26 11:00:00	A	ED5-8	M	Y15-64	THS_PER	FRJ2	2016	290.2		
ESTAT:LFST_R_LFSD2POP(1.0)	17/04/26 11:00:00	A	ED5-8	M	Y15-64	THS_PER	FRK1	2016	100.7		
ESTAT:LFST_R_LFSD2POP(1.0)	17/04/26 11:00:00	A	ED5-8	M	Y15-64	THS_PER	FRK2	2016	634.2		
ESTAT:LFST_R_LFSD2POP(1.0)	17/04/26 11:00:00	A	ED5-8	M	Y15-64	THS_PER	FRL0	2016	429.2		
ESTAT:LFST_R_LFSD2POP(1.0)	17/04/26 11:00:00	A	ED5-8	M	Y15-64	THS_PER	FRM0	2016	18.6	u	
ESTAT:LFST_R_LFSD2POP(1.0)	17/04/26 11:00:00	A	ED5-8	M	Y15-74	THS_PER	FR10	2016	1673.9		
ESTAT:LFST_R_LFSD2POP(1.0)	17/04/26 11:00:00	A	ED5-8	M	Y15-74	THS_PER	FRB0	2016	195.6		
ESTAT:LFST_R_LFSD2POP(1.0)	17/04/26 11:00:00	A	ED5-8	M	Y15-74	THS_PER	FRC1	2016	124.3		
ESTAT:LFST_R_LFSD2POP(1.0)	17/04/26 11:00:00	A	ED5-8	M	Y15-74	THS_PER	FRC2	2016	96.6		
ESTAT:LFST_R_LFSD2POP(1.0)	17/04/26 11:00:00	A	ED5-8	M	Y15-74	THS_PER	FRD1	2016	98.7		
ESTAT:LFST_R_LFSD2POP(1.0)	17/04/26 11:00:00	A	ED5-8	M	Y15-74	THS_PER	FRD2	2016	132.5		
ESTAT:LFST_R_LFSD2POP(1.0)	17/04/26 11:00:00	A	ED5-8	M	Y15-74	THS_PER	FRE1	2016	314.8		
ESTAT:LFST_R_LFSD2POP(1.0)	17/04/26 11:00:00	A	ED5-8	M	Y15-74	THS_PER	FRE2	2016	120.8		
ESTAT:LFST_R_LFSD2POP(1.0)	17/04/26 11:00:00	A	ED5-8	M	Y15-74	THS_PER	FRF1	2016	181.1		
ESTAT:LFST_R_LFSD2POP(1.0)	17/04/26 11:00:00	A	ED5-8	M	Y15-74	THS_PER	FRF2	2016	85.9		
ESTAT:LFST_R_LFSD2POP(1.0)	17/04/26 11:00:00	A	ED5-8	M	Y15-74	THS_PER	FRF3	2016	205.1		
ESTAT:LFST_R_LFSD2POP(1.0)	17/04/26 11:00:00	A	ED5-8	M	Y15-74	THS_PER	FRG0	2016	336.3		
ESTAT:LFST_R_LFSD2POP(1.0)	17/04/26 11:00:00	A	ED5-8	M	Y15-74	THS_PER	FRH0	2016	307.4		
ESTAT:LFST_R_LFSD2POP(1.0)	17/04/26 11:00:00	A	ED5-8	M	Y15-74	THS_PER	FRI1	2016	304.5		
ESTAT:LFST_R_LFSD2POP(1.0)	17/04/26 11:00:00	A	ED5-8	M	Y15-74	THS_PER	FRI2	2016	60.6		
ESTAT:LFST_R_LFSD2POP(1.0)	17/04/26 11:00:00	A	ED5-8	M	Y15-74	THS_PER	FRI3	2016	126.0		
ESTAT:LFST_R_LFSD2POP(1.0)	17/04/26 11:00:00	A	ED5-8	M	Y15-74	THS_PER	FRJ1	2016	238.0		
ESTAT:LFST_R_LFSD2POP(1.0)	17/04/26 11:00:00	A	ED5-8	M	Y15-74	THS_PER	FRJ2	2016	328.7		
ESTAT:LFST_R_LFSD2POP(1.0)	17/04/26 11:00:00	A	ED5-8	M	Y15-74	THS_PER	FRK1	2016	113.2		
ESTAT:LFST_R_LFSD2POP(1.0)	17/04/26 11:00:00	A	ED5-8	M	Y15-74	THS_PER	FRK2	2016	698.3		
ESTAT:LFST_R_LFSD2POP(1.0)	17/04/26 11:00:00	A	ED5-8	M	Y15-74	THS_PER	FRL0	2016	494.8		
ESTAT:LFST_R_LFSD2POP(1.0)	17/04/26 11:00:00	A	ED5-8	M	Y15-74	THS_PER	FRM0	2016	22.1	u	
ESTAT:LFST_R_LFSD2POP(1.0)	17/04/26 11:00:00	A	ED5-8	M	Y20-64	THS_PER	FR10	2016	1536.8		
ESTAT:LFST_R_LFSD2POP(1.0)	17/04/26 11:00:00	A	ED5-8	M	Y20-64	THS_PER	FRB0	2016	175.5		
ESTAT:LFST_R_LFSD2POP(1.0)	17/04/26 11:00:00	A	ED5-8	M	Y20-64	THS_PER	FRC1	2016	104.9		
ESTAT:LFST_R_LFSD2POP(1.0)	17/04/26 11:00:00	A	ED5-8	M	Y20-64	THS_PER	FRC2	2016	86.4		
ESTAT:LFST_R_LFSD2POP(1.0)	17/04/26 11:00:00	A	ED5-8	M	Y20-64	THS_PER	FRD1	2016	84.7		
ESTAT:LFST_R_LFSD2POP(1.0)	17/04/26 11:00:00	A	ED5-8	M	Y20-64	THS_PER	FRD2	2016	120.1		
ESTAT:LFST_R_LFSD2POP(1.0)	17/04/26 11:00:00	A	ED5-8	M	Y20-64	THS_PER	FRE1	2016	288.4		
ESTAT:LFST_R_LFSD2POP(1.0)	17/04/26 11:00:00	A	ED5-8	M	Y20-64	THS_PER	FRE2	2016	107.6		
ESTAT:LFST_R_LFSD2POP(1.0)	17/04/26 11:00:00	A	ED5-8	M	Y20-64	THS_PER	FRF1	2016	160.6		
ESTAT:LFST_R_LFSD2POP(1.0)	17/04/26 11:00:00	A	ED5-8	M	Y20-64	THS_PER	FRF2	2016	79.3		
ESTAT:LFST_R_LFSD2POP(1.0)	17/04/26 11:00:00	A	ED5-8	M	Y20-64	THS_PER	FRF3	2016	185.7		
ESTAT:LFST_R_LFSD2POP(1.0)	17/04/26 11:00:00	A	ED5-8	M	Y20-64	THS_PER	FRG0	2016	303.3		
ESTAT:LFST_R_LFSD2POP(1.0)	17/04/26 11:00:00	A	ED5-8	M	Y20-64	THS_PER	FRH0	2016	276.1		
ESTAT:LFST_R_LFSD2POP(1.0)	17/04/26 11:00:00	A	ED5-8	M	Y20-64	THS_PER	FRI1	2016	259.8		
ESTAT:LFST_R_LFSD2POP(1.0)	17/04/26 11:00:00	A	ED5-8	M	Y20-64	THS_PER	FRI2	2016	54.1		
ESTAT:LFST_R_LFSD2POP(1.0)	17/04/26 11:00:00	A	ED5-8	M	Y20-64	THS_PER	FRI3	2016	110.2		
ESTAT:LFST_R_LFSD2POP(1.0)	17/04/26 11:00:00	A	ED5-8	M	Y20-64	THS_PER	FRJ1	2016	201.3		
ESTAT:LFST_R_LFSD2POP(1.0)	17/04/26 11:00:00	A	ED5-8	M	Y20-64	THS_PER	FRJ2	2016	290.0		
ESTAT:LFST_R_LFSD2POP(1.0)	17/04/26 11:00:00	A	ED5-8	M	Y20-64	THS_PER	FRK1	2016	100.6		
ESTAT:LFST_R_LFSD2POP(1.0)	17/04/26 11:00:00	A	ED5-8	M	Y20-64	THS_PER	FRK2	2016	633.6		
ESTAT:LFST_R_LFSD2POP(1.0)	17/04/26 11:00:00	A	ED5-8	M	Y20-64	THS_PER	FRL0	2016	428.7		
ESTAT:LFST_R_LFSD2POP(1.0)	17/04/26 11:00:00	A	ED5-8	M	Y20-64	THS_PER	FRM0	2016	18.6	u	
ESTAT:LFST_R_LFSD2POP(1.0)	17/04/26 11:00:00	A	ED5-8	M	Y25-34	THS_PER	FR10	2016	462.4		
ESTAT:LFST_R_LFSD2POP(1.0)	17/04/26 11:00:00	A	ED5-8	M	Y25-34	THS_PER	FRB0	2016	37.0		
ESTAT:LFST_R_LFSD2POP(1.0)	17/04/26 11:00:00	A	ED5-8	M	Y25-34	THS_PER	FRC1	2016	17.8		
ESTAT:LFST_R_LFSD2POP(1.0)	17/04/26 11:00:00	A	ED5-8	M	Y25-34	THS_PER	FRC2	2016	21.0		
ESTAT:LFST_R_LFSD2POP(1.0)	17/04/26 11:00:00	A	ED5-8	M	Y25-34	THS_PER	FRD1	2016	17.7		
ESTAT:LFST_R_LFSD2POP(1.0)	17/04/26 11:00:00	A	ED5-8	M	Y25-34	THS_PER	FRD2	2016	35.4		
ESTAT:LFST_R_LFSD2POP(1.0)	17/04/26 11:00:00	A	ED5-8	M	Y25-34	THS_PER	FRE1	2016	82.4		
ESTAT:LFST_R_LFSD2POP(1.0)	17/04/26 11:00:00	A	ED5-8	M	Y25-34	THS_PER	FRE2	2016	31.5		
ESTAT:LFST_R_LFSD2POP(1.0)	17/04/26 11:00:00	A	ED5-8	M	Y25-34	THS_PER	FRF1	2016	45.2		
ESTAT:LFST_R_LFSD2POP(1.0)	17/04/26 11:00:00	A	ED5-8	M	Y25-34	THS_PER	FRF2	2016	26.0		
ESTAT:LFST_R_LFSD2POP(1.0)	17/04/26 11:00:00	A	ED5-8	M	Y25-34	THS_PER	FRF3	2016	45.5		
ESTAT:LFST_R_LFSD2POP(1.0)	17/04/26 11:00:00	A	ED5-8	M	Y25-34	THS_PER	FRG0	2016	85.9		
ESTAT:LFST_R_LFSD2POP(1.0)	17/04/26 11:00:00	A	ED5-8	M	Y25-34	THS_PER	FRH0	2016	67.5		
ESTAT:LFST_R_LFSD2POP(1.0)	17/04/26 11:00:00	A	ED5-8	M	Y25-34	THS_PER	FRI1	2016	60.1		
ESTAT:LFST_R_LFSD2POP(1.0)	17/04/26 11:00:00	A	ED5-8	M	Y25-34	THS_PER	FRI2	2016	13.2		
ESTAT:LFST_R_LFSD2POP(1.0)	17/04/26 11:00:00	A	ED5-8	M	Y25-34	THS_PER	FRI3	2016	31.2		
ESTAT:LFST_R_LFSD2POP(1.0)	17/04/26 11:00:00	A	ED5-8	M	Y25-34	THS_PER	FRJ1	2016	40.4		
ESTAT:LFST_R_LFSD2POP(1.0)	17/04/26 11:00:00	A	ED5-8	M	Y25-34	THS_PER	FRJ2	2016	74.2		
ESTAT:LFST_R_LFSD2POP(1.0)	17/04/26 11:00:00	A	ED5-8	M	Y25-34	THS_PER	FRK1	2016	28.3		
ESTAT:LFST_R_LFSD2POP(1.0)	17/04/26 11:00:00	A	ED5-8	M	Y25-34	THS_PER	FRK2	2016	154.2		
ESTAT:LFST_R_LFSD2POP(1.0)	17/04/26 11:00:00	A	ED5-8	M	Y25-34	THS_PER	FRL0	2016	91.2		
ESTAT:LFST_R_LFSD2POP(1.0)	17/04/26 11:00:00	A	ED5-8	M	Y25-34	THS_PER	FRM0	2016	4.3	u	
ESTAT:LFST_R_LFSD2POP(1.0)	17/04/26 11:00:00	A	ED5-8	M	Y25-64	THS_PER	FR10	2016	1422.9		
ESTAT:LFST_R_LFSD2POP(1.0)	17/04/26 11:00:00	A	ED5-8	M	Y25-64	THS_PER	FRB0	2016	163.1		
ESTAT:LFST_R_LFSD2POP(1.0)	17/04/26 11:00:00	A	ED5-8	M	Y25-64	THS_PER	FRC1	2016	93.3		
ESTAT:LFST_R_LFSD2POP(1.0)	17/04/26 11:00:00	A	ED5-8	M	Y25-64	THS_PER	FRC2	2016	78.8		
ESTAT:LFST_R_LFSD2POP(1.0)	17/04/26 11:00:00	A	ED5-8	M	Y25-64	THS_PER	FRD1	2016	75.1		
ESTAT:LFST_R_LFSD2POP(1.0)	17/04/26 11:00:00	A	ED5-8	M	Y25-64	THS_PER	FRD2	2016	109.6		
ESTAT:LFST_R_LFSD2POP(1.0)	17/04/26 11:00:00	A	ED5-8	M	Y25-64	THS_PER	FRE1	2016	259.0		
ESTAT:LFST_R_LFSD2POP(1.0)	17/04/26 11:00:00	A	ED5-8	M	Y25-64	THS_PER	FRE2	2016	99.6		
ESTAT:LFST_R_LFSD2POP(1.0)	17/04/26 11:00:00	A	ED5-8	M	Y25-64	THS_PER	FRF1	2016	146.5		
ESTAT:LFST_R_LFSD2POP(1.0)	17/04/26 11:00:00	A	ED5-8	M	Y25-64	THS_PER	FRF2	2016	71.0		
ESTAT:LFST_R_LFSD2POP(1.0)	17/04/26 11:00:00	A	ED5-8	M	Y25-64	THS_PER	FRF3	2016	160.2		
ESTAT:LFST_R_LFSD2POP(1.0)	17/04/26 11:00:00	A	ED5-8	M	Y25-64	THS_PER	FRG0	2016	274.4		
ESTAT:LFST_R_LFSD2POP(1.0)	17/04/26 11:00:00	A	ED5-8	M	Y25-64	THS_PER	FRH0	2016	247.6		
ESTAT:LFST_R_LFSD2POP(1.0)	17/04/26 11:00:00	A	ED5-8	M	Y25-64	THS_PER	FRI1	2016	236.9		
ESTAT:LFST_R_LFSD2POP(1.0)	17/04/26 11:00:00	A	ED5-8	M	Y25-64	THS_PER	FRI2	2016	49.0		
ESTAT:LFST_R_LFSD2POP(1.0)	17/04/26 11:00:00	A	ED5-8	M	Y25-64	THS_PER	FRI3	2016	101.2		
ESTAT:LFST_R_LFSD2POP(1.0)	17/04/26 11:00:00	A	ED5-8	M	Y25-64	THS_PER	FRJ1	2016	182.4		
ESTAT:LFST_R_LFSD2POP(1.0)	17/04/26 11:00:00	A	ED5-8	M	Y25-64	THS_PER	FRJ2	2016	273.0		
ESTAT:LFST_R_LFSD2POP(1.0)	17/04/26 11:00:00	A	ED5-8	M	Y25-64	THS_PER	FRK1	2016	92.2		
ESTAT:LFST_R_LFSD2POP(1.0)	17/04/26 11:00:00	A	ED5-8	M	Y25-64	THS_PER	FRK2	2016	580.2		
ESTAT:LFST_R_LFSD2POP(1.0)	17/04/26 11:00:00	A	ED5-8	M	Y25-64	THS_PER	FRL0	2016	398.6		
ESTAT:LFST_R_LFSD2POP(1.0)	17/04/26 11:00:00	A	ED5-8	M	Y25-64	THS_PER	FRM0	2016	16.4	u	
ESTAT:LFST_R_LFSD2POP(1.0)	17/04/26 11:00:00	A	ED5-8	M	Y35-44	THS_PER	FR10	2016	426.4		
ESTAT:LFST_R_LFSD2POP(1.0)	17/04/26 11:00:00	A	ED5-8	M	Y35-44	THS_PER	FRB0	2016	52.6		
ESTAT:LFST_R_LFSD2POP(1.0)	17/04/26 11:00:00	A	ED5-8	M	Y35-44	THS_PER	FRC1	2016	36.9		
ESTAT:LFST_R_LFSD2POP(1.0)	17/04/26 11:00:00	A	ED5-8	M	Y35-44	THS_PER	FRC2	2016	29.1		
ESTAT:LFST_R_LFSD2POP(1.0)	17/04/26 11:00:00	A	ED5-8	M	Y35-44	THS_PER	FRD1	2016	25.5		
ESTAT:LFST_R_LFSD2POP(1.0)	17/04/26 11:00:00	A	ED5-8	M	Y35-44	THS_PER	FRD2	2016	34.2		
ESTAT:LFST_R_LFSD2POP(1.0)	17/04/26 11:00:00	A	ED5-8	M	Y35-44	THS_PER	FRE1	2016	79.1		
ESTAT:LFST_R_LFSD2POP(1.0)	17/04/26 11:00:00	A	ED5-8	M	Y35-44	THS_PER	FRE2	2016	33.0		
ESTAT:LFST_R_LFSD2POP(1.0)	17/04/26 11:00:00	A	ED5-8	M	Y35-44	THS_PER	FRF1	2016	41.2		
ESTAT:LFST_R_LFSD2POP(1.0)	17/04/26 11:00:00	A	ED5-8	M	Y35-44	THS_PER	FRF2	2016	20.3		
ESTAT:LFST_R_LFSD2POP(1.0)	17/04/26 11:00:00	A	ED5-8	M	Y35-44	THS_PER	FRF3	2016	46.5		
ESTAT:LFST_R_LFSD2POP(1.0)	17/04/26 11:00:00	A	ED5-8	M	Y35-44	THS_PER	FRG0	2016	85.9		
ESTAT:LFST_R_LFSD2POP(1.0)	17/04/26 11:00:00	A	ED5-8	M	Y35-44	THS_PER	FRH0	2016	76.8		
ESTAT:LFST_R_LFSD2POP(1.0)	17/04/26 11:00:00	A	ED5-8	M	Y35-44	THS_PER	FRI1	2016	76.3		
ESTAT:LFST_R_LFSD2POP(1.0)	17/04/26 11:00:00	A	ED5-8	M	Y35-44	THS_PER	FRI2	2016	14.4		
ESTAT:LFST_R_LFSD2POP(1.0)	17/04/26 11:00:00	A	ED5-8	M	Y35-44	THS_PER	FRI3	2016	33.5		
ESTAT:LFST_R_LFSD2POP(1.0)	17/04/26 11:00:00	A	ED5-8	M	Y35-44	THS_PER	FRJ1	2016	55.2		
ESTAT:LFST_R_LFSD2POP(1.0)	17/04/26 11:00:00	A	ED5-8	M	Y35-44	THS_PER	FRJ2	2016	91.4		
ESTAT:LFST_R_LFSD2POP(1.0)	17/04/26 11:00:00	A	ED5-8	M	Y35-44	THS_PER	FRK1	2016	28.4		
ESTAT:LFST_R_LFSD2POP(1.0)	17/04/26 11:00:00	A	ED5-8	M	Y35-44	THS_PER	FRK2	2016	197.1		
ESTAT:LFST_R_LFSD2POP(1.0)	17/04/26 11:00:00	A	ED5-8	M	Y35-44	THS_PER	FRL0	2016	133.6		
ESTAT:LFST_R_LFSD2POP(1.0)	17/04/26 11:00:00	A	ED5-8	M	Y35-44	THS_PER	FRM0	2016	2.3	u	
ESTAT:LFST_R_LFSD2POP(1.0)	17/04/26 11:00:00	A	ED5-8	M	Y45-54	THS_PER	FR10	2016	316.0		
ESTAT:LFST_R_LFSD2POP(1.0)	17/04/26 11:00:00	A	ED5-8	M	Y45-54	THS_PER	FRB0	2016	42.7		
ESTAT:LFST_R_LFSD2POP(1.0)	17/04/26 11:00:00	A	ED5-8	M	Y45-54	THS_PER	FRC1	2016	22.4		
ESTAT:LFST_R_LFSD2POP(1.0)	17/04/26 11:00:00	A	ED5-8	M	Y45-54	THS_PER	FRC2	2016	18.2		
ESTAT:LFST_R_LFSD2POP(1.0)	17/04/26 11:00:00	A	ED5-8	M	Y45-54	THS_PER	FRD1	2016	18.5		
ESTAT:LFST_R_LFSD2POP(1.0)	17/04/26 11:00:00	A	ED5-8	M	Y45-54	THS_PER	FRD2	2016	21.5		
ESTAT:LFST_R_LFSD2POP(1.0)	17/04/26 11:00:00	A	ED5-8	M	Y45-54	THS_PER	FRE1	2016	57.1		
ESTAT:LFST_R_LFSD2POP(1.0)	17/04/26 11:00:00	A	ED5-8	M	Y45-54	THS_PER	FRE2	2016	20.9		
ESTAT:LFST_R_LFSD2POP(1.0)	17/04/26 11:00:00	A	ED5-8	M	Y45-54	THS_PER	FRF1	2016	38.7		
ESTAT:LFST_R_LFSD2POP(1.0)	17/04/26 11:00:00	A	ED5-8	M	Y45-54	THS_PER	FRF2	2016	14.7		
ESTAT:LFST_R_LFSD2POP(1.0)	17/04/26 11:00:00	A	ED5-8	M	Y45-54	THS_PER	FRF3	2016	42.8		
ESTAT:LFST_R_LFSD2POP(1.0)	17/04/26 11:00:00	A	ED5-8	M	Y45-54	THS_PER	FRG0	2016	62.3		
ESTAT:LFST_R_LFSD2POP(1.0)	17/04/26 11:00:00	A	ED5-8	M	Y45-54	THS_PER	FRH0	2016	52.0		
ESTAT:LFST_R_LFSD2POP(1.0)	17/04/26 11:00:00	A	ED5-8	M	Y45-54	THS_PER	FRI1	2016	58.4		
ESTAT:LFST_R_LFSD2POP(1.0)	17/04/26 11:00:00	A	ED5-8	M	Y45-54	THS_PER	FRI2	2016	11.7		
ESTAT:LFST_R_LFSD2POP(1.0)	17/04/26 11:00:00	A	ED5-8	M	Y45-54	THS_PER	FRI3	2016	18.7		
ESTAT:LFST_R_LFSD2POP(1.0)	17/04/26 11:00:00	A	ED5-8	M	Y45-54	THS_PER	FRJ1	2016	42.4		
ESTAT:LFST_R_LFSD2POP(1.0)	17/04/26 11:00:00	A	ED5-8	M	Y45-54	THS_PER	FRJ2	2016	62.0		
ESTAT:LFST_R_LFSD2POP(1.0)	17/04/26 11:00:00	A	ED5-8	M	Y45-54	THS_PER	FRK1	2016	21.1		
ESTAT:LFST_R_LFSD2POP(1.0)	17/04/26 11:00:00	A	ED5-8	M	Y45-54	THS_PER	FRK2	2016	142.3		
ESTAT:LFST_R_LFSD2POP(1.0)	17/04/26 11:00:00	A	ED5-8	M	Y45-54	THS_PER	FRL0	2016	97.6		
ESTAT:LFST_R_LFSD2POP(1.0)	17/04/26 11:00:00	A	ED5-8	M	Y45-54	THS_PER	FRM0	2016	5.5	u	
ESTAT:LFST_R_LFSD2POP(1.0)	17/04/26 11:00:00	A	ED5-8	M	Y55-64	THS_PER	FR10	2016	218.1		
ESTAT:LFST_R_LFSD2POP(1.0)	17/04/26 11:00:00	A	ED5-8	M	Y55-64	THS_PER	FRB0	2016	30.8		
ESTAT:LFST_R_LFSD2POP(1.0)	17/04/26 11:00:00	A	ED5-8	M	Y55-64	THS_PER	FRC1	2016	16.3		
ESTAT:LFST_R_LFSD2POP(1.0)	17/04/26 11:00:00	A	ED5-8	M	Y55-64	THS_PER	FRC2	2016	10.5		
ESTAT:LFST_R_LFSD2POP(1.0)	17/04/26 11:00:00	A	ED5-8	M	Y55-64	THS_PER	FRD1	2016	13.4		
ESTAT:LFST_R_LFSD2POP(1.0)	17/04/26 11:00:00	A	ED5-8	M	Y55-64	THS_PER	FRD2	2016	18.6		
ESTAT:LFST_R_LFSD2POP(1.0)	17/04/26 11:00:00	A	ED5-8	M	Y55-64	THS_PER	FRE1	2016	40.5		
ESTAT:LFST_R_LFSD2POP(1.0)	17/04/26 11:00:00	A	ED5-8	M	Y55-64	THS_PER	FRE2	2016	14.1		
ESTAT:LFST_R_LFSD2POP(1.0)	17/04/26 11:00:00	A	ED5-8	M	Y55-64	THS_PER	FRF1	2016	21.4		
ESTAT:LFST_R_LFSD2POP(1.0)	17/04/26 11:00:00	A	ED5-8	M	Y55-64	THS_PER	FRF2	2016	10.0	u	
ESTAT:LFST_R_LFSD2POP(1.0)	17/04/26 11:00:00	A	ED5-8	M	Y55-64	THS_PER	FRF3	2016	25.4		
ESTAT:LFST_R_LFSD2POP(1.0)	17/04/26 11:00:00	A	ED5-8	M	Y55-64	THS_PER	FRG0	2016	40.3		
ESTAT:LFST_R_LFSD2POP(1.0)	17/04/26 11:00:00	A	ED5-8	M	Y55-64	THS_PER	FRH0	2016	51.4		
ESTAT:LFST_R_LFSD2POP(1.0)	17/04/26 11:00:00	A	ED5-8	M	Y55-64	THS_PER	FRI1	2016	42.2		
ESTAT:LFST_R_LFSD2POP(1.0)	17/04/26 11:00:00	A	ED5-8	M	Y55-64	THS_PER	FRI2	2016	9.7	u	
ESTAT:LFST_R_LFSD2POP(1.0)	17/04/26 11:00:00	A	ED5-8	M	Y55-64	THS_PER	FRI3	2016	17.8		
ESTAT:LFST_R_LFSD2POP(1.0)	17/04/26 11:00:00	A	ED5-8	M	Y55-64	THS_PER	FRJ1	2016	44.4		
ESTAT:LFST_R_LFSD2POP(1.0)	17/04/26 11:00:00	A	ED5-8	M	Y55-64	THS_PER	FRJ2	2016	45.5		
ESTAT:LFST_R_LFSD2POP(1.0)	17/04/26 11:00:00	A	ED5-8	M	Y55-64	THS_PER	FRK1	2016	14.4		
ESTAT:LFST_R_LFSD2POP(1.0)	17/04/26 11:00:00	A	ED5-8	M	Y55-64	THS_PER	FRK2	2016	86.5		
ESTAT:LFST_R_LFSD2POP(1.0)	17/04/26 11:00:00	A	ED5-8	M	Y55-64	THS_PER	FRL0	2016	76.2		
ESTAT:LFST_R_LFSD2POP(1.0)	17/04/26 11:00:00	A	ED5-8	M	Y55-64	THS_PER	FRM0	2016	4.3	u	
ESTAT:LFST_R_LFSD2POP(1.0)	17/04/26 11:00:00	A	ED5-8	M	Y_GE15	THS_PER	FR10	2016	1745.2		
ESTAT:LFST_R_LFSD2POP(1.0)	17/04/26 11:00:00	A	ED5-8	M	Y_GE15	THS_PER	FRB0	2016	206.3		
ESTAT:LFST_R_LFSD2POP(1.0)	17/04/26 11:00:00	A	ED5-8	M	Y_GE15	THS_PER	FRC1	2016	128.5		
ESTAT:LFST_R_LFSD2POP(1.0)	17/04/26 11:00:00	A	ED5-8	M	Y_GE15	THS_PER	FRC2	2016	98.6		
ESTAT:LFST_R_LFSD2POP(1.0)	17/04/26 11:00:00	A	ED5-8	M	Y_GE15	THS_PER	FRD1	2016	104.1		
ESTAT:LFST_R_LFSD2POP(1.0)	17/04/26 11:00:00	A	ED5-8	M	Y_GE15	THS_PER	FRD2	2016	136.6		
ESTAT:LFST_R_LFSD2POP(1.0)	17/04/26 11:00:00	A	ED5-8	M	Y_GE15	THS_PER	FRE1	2016	320.5		
ESTAT:LFST_R_LFSD2POP(1.0)	17/04/26 11:00:00	A	ED5-8	M	Y_GE15	THS_PER	FRE2	2016	126.8		
ESTAT:LFST_R_LFSD2POP(1.0)	17/04/26 11:00:00	A	ED5-8	M	Y_GE15	THS_PER	FRF1	2016	191.3		
ESTAT:LFST_R_LFSD2POP(1.0)	17/04/26 11:00:00	A	ED5-8	M	Y_GE15	THS_PER	FRF2	2016	89.8		
ESTAT:LFST_R_LFSD2POP(1.0)	17/04/26 11:00:00	A	ED5-8	M	Y_GE15	THS_PER	FRF3	2016	211.7		
ESTAT:LFST_R_LFSD2POP(1.0)	17/04/26 11:00:00	A	ED5-8	M	Y_GE15	THS_PER	FRG0	2016	346.7		
ESTAT:LFST_R_LFSD2POP(1.0)	17/04/26 11:00:00	A	ED5-8	M	Y_GE15	THS_PER	FRH0	2016	320.0		
ESTAT:LFST_R_LFSD2POP(1.0)	17/04/26 11:00:00	A	ED5-8	M	Y_GE15	THS_PER	FRI1	2016	321.2		
ESTAT:LFST_R_LFSD2POP(1.0)	17/04/26 11:00:00	A	ED5-8	M	Y_GE15	THS_PER	FRI2	2016	63.5		
ESTAT:LFST_R_LFSD2POP(1.0)	17/04/26 11:00:00	A	ED5-8	M	Y_GE15	THS_PER	FRI3	2016	130.1		
ESTAT:LFST_R_LFSD2POP(1.0)	17/04/26 11:00:00	A	ED5-8	M	Y_GE15	THS_PER	FRJ1	2016	252.5		
ESTAT:LFST_R_LFSD2POP(1.0)	17/04/26 11:00:00	A	ED5-8	M	Y_GE15	THS_PER	FRJ2	2016	341.0		
ESTAT:LFST_R_LFSD2POP(1.0)	17/04/26 11:00:00	A	ED5-8	M	Y_GE15	THS_PER	FRK1	2016	115.6		
ESTAT:LFST_R_LFSD2POP(1.0)	17/04/26 11:00:00	A	ED5-8	M	Y_GE15	THS_PER	FRK2	2016	729.0		
ESTAT:LFST_R_LFSD2POP(1.0)	17/04/26 11:00:00	A	ED5-8	M	Y_GE15	THS_PER	FRL0	2016	532.1		
ESTAT:LFST_R_LFSD2POP(1.0)	17/04/26 11:00:00	A	ED5-8	M	Y_GE15	THS_PER	FRM0	2016	30.9	u	
ESTAT:LFST_R_LFSD2POP(1.0)	17/04/26 11:00:00	A	ED5-8	M	Y_GE25	THS_PER	FR10	2016	1630.6		
ESTAT:LFST_R_LFSD2POP(1.0)	17/04/26 11:00:00	A	ED5-8	M	Y_GE25	THS_PER	FRB0	2016	193.9		
ESTAT:LFST_R_LFSD2POP(1.0)	17/04/26 11:00:00	A	ED5-8	M	Y_GE25	THS_PER	FRC1	2016	116.8		
ESTAT:LFST_R_LFSD2POP(1.0)	17/04/26 11:00:00	A	ED5-8	M	Y_GE25	THS_PER	FRC2	2016	91.0		
ESTAT:LFST_R_LFSD2POP(1.0)	17/04/26 11:00:00	A	ED5-8	M	Y_GE25	THS_PER	FRD1	2016	94.0		
ESTAT:LFST_R_LFSD2POP(1.0)	17/04/26 11:00:00	A	ED5-8	M	Y_GE25	THS_PER	FRD2	2016	126.1		
ESTAT:LFST_R_LFSD2POP(1.0)	17/04/26 11:00:00	A	ED5-8	M	Y_GE25	THS_PER	FRE1	2016	290.9		
ESTAT:LFST_R_LFSD2POP(1.0)	17/04/26 11:00:00	A	ED5-8	M	Y_GE25	THS_PER	FRE2	2016	118.7		
ESTAT:LFST_R_LFSD2POP(1.0)	17/04/26 11:00:00	A	ED5-8	M	Y_GE25	THS_PER	FRF1	2016	176.2		
ESTAT:LFST_R_LFSD2POP(1.0)	17/04/26 11:00:00	A	ED5-8	M	Y_GE25	THS_PER	FRF2	2016	81.4		
ESTAT:LFST_R_LFSD2POP(1.0)	17/04/26 11:00:00	A	ED5-8	M	Y_GE25	THS_PER	FRF3	2016	186.2		
ESTAT:LFST_R_LFSD2POP(1.0)	17/04/26 11:00:00	A	ED5-8	M	Y_GE25	THS_PER	FRG0	2016	317.1		
ESTAT:LFST_R_LFSD2POP(1.0)	17/04/26 11:00:00	A	ED5-8	M	Y_GE25	THS_PER	FRH0	2016	290.9		
ESTAT:LFST_R_LFSD2POP(1.0)	17/04/26 11:00:00	A	ED5-8	M	Y_GE25	THS_PER	FRI1	2016	298.1		
ESTAT:LFST_R_LFSD2POP(1.0)	17/04/26 11:00:00	A	ED5-8	M	Y_GE25	THS_PER	FRI2	2016	58.1		
ESTAT:LFST_R_LFSD2POP(1.0)	17/04/26 11:00:00	A	ED5-8	M	Y_GE25	THS_PER	FRI3	2016	120.9		
ESTAT:LFST_R_LFSD2POP(1.0)	17/04/26 11:00:00	A	ED5-8	M	Y_GE25	THS_PER	FRJ1	2016	233.5		
ESTAT:LFST_R_LFSD2POP(1.0)	17/04/26 11:00:00	A	ED5-8	M	Y_GE25	THS_PER	FRJ2	2016	323.8		
ESTAT:LFST_R_LFSD2POP(1.0)	17/04/26 11:00:00	A	ED5-8	M	Y_GE25	THS_PER	FRK1	2016	107.1		
ESTAT:LFST_R_LFSD2POP(1.0)	17/04/26 11:00:00	A	ED5-8	M	Y_GE25	THS_PER	FRK2	2016	674.9		
ESTAT:LFST_R_LFSD2POP(1.0)	17/04/26 11:00:00	A	ED5-8	M	Y_GE25	THS_PER	FRL0	2016	501.5		
ESTAT:LFST_R_LFSD2POP(1.0)	17/04/26 11:00:00	A	ED5-8	M	Y_GE25	THS_PER	FRM0	2016	28.8	u	
ESTAT:LFST_R_LFSD2POP(1.0)	17/04/26 11:00:00	A	ED5-8	M	Y_GE65	THS_PER	FR10	2016	207.7		
ESTAT:LFST_R_LFSD2POP(1.0)	17/04/26 11:00:00	A	ED5-8	M	Y_GE65	THS_PER	FRB0	2016	30.8		
ESTAT:LFST_R_LFSD2POP(1.0)	17/04/26 11:00:00	A	ED5-8	M	Y_GE65	THS_PER	FRC1	2016	23.5		
ESTAT:LFST_R_LFSD2POP(1.0)	17/04/26 11:00:00	A	ED5-8	M	Y_GE65	THS_PER	FRC2	2016	12.2		
ESTAT:LFST_R_LFSD2POP(1.0)	17/04/26 11:00:00	A	ED5-8	M	Y_GE65	THS_PER	FRD1	2016	19.0		
ESTAT:LFST_R_LFSD2POP(1.0)	17/04/26 11:00:00	A	ED5-8	M	Y_GE65	THS_PER	FRD2	2016	16.4		
ESTAT:LFST_R_LFSD2POP(1.0)	17/04/26 11:00:00	A	ED5-8	M	Y_GE65	THS_PER	FRE1	2016	32.0		
ESTAT:LFST_R_LFSD2POP(1.0)	17/04/26 11:00:00	A	ED5-8	M	Y_GE65	THS_PER	FRE2	2016	19.1		
ESTAT:LFST_R_LFSD2POP(1.0)	17/04/26 11:00:00	A	ED5-8	M	Y_GE65	THS_PER	FRF1	2016	29.8		
ESTAT:LFST_R_LFSD2POP(1.0)	17/04/26 11:00:00	A	ED5-8	M	Y_GE65	THS_PER	FRF2	2016	10.4		
ESTAT:LFST_R_LFSD2POP(1.0)	17/04/26 11:00:00	A	ED5-8	M	Y_GE65	THS_PER	FRF3	2016	26.0		
ESTAT:LFST_R_LFSD2POP(1.0)	17/04/26 11:00:00	A	ED5-8	M	Y_GE65	THS_PER	FRG0	2016	42.8		
ESTAT:LFST_R_LFSD2POP(1.0)	17/04/26 11:00:00	A	ED5-8	M	Y_GE65	THS_PER	FRH0	2016	43.2		
ESTAT:LFST_R_LFSD2POP(1.0)	17/04/26 11:00:00	A	ED5-8	M	Y_GE65	THS_PER	FRI1	2016	61.2		
ESTAT:LFST_R_LFSD2POP(1.0)	17/04/26 11:00:00	A	ED5-8	M	Y_GE65	THS_PER	FRI2	2016	9.1	u	
ESTAT:LFST_R_LFSD2POP(1.0)	17/04/26 11:00:00	A	ED5-8	M	Y_GE65	THS_PER	FRI3	2016	19.7		
ESTAT:LFST_R_LFSD2POP(1.0)	17/04/26 11:00:00	A	ED5-8	M	Y_GE65	THS_PER	FRJ1	2016	51.1		
ESTAT:LFST_R_LFSD2POP(1.0)	17/04/26 11:00:00	A	ED5-8	M	Y_GE65	THS_PER	FRJ2	2016	50.8		
ESTAT:LFST_R_LFSD2POP(1.0)	17/04/26 11:00:00	A	ED5-8	M	Y_GE65	THS_PER	FRK1	2016	14.9		
ESTAT:LFST_R_LFSD2POP(1.0)	17/04/26 11:00:00	A	ED5-8	M	Y_GE65	THS_PER	FRK2	2016	94.7		
ESTAT:LFST_R_LFSD2POP(1.0)	17/04/26 11:00:00	A	ED5-8	M	Y_GE65	THS_PER	FRL0	2016	102.9		
ESTAT:LFST_R_LFSD2POP(1.0)	17/04/26 11:00:00	A	ED5-8	M	Y_GE65	THS_PER	FRM0	2016	12.4	u	
ESTAT:LFST_R_LFSD2POP(1.0)	17/04/26 11:00:00	A	ED5-8	T	Y15-24	THS_PER	FR10	2016	257.8		
ESTAT:LFST_R_LFSD2POP(1.0)	17/04/26 11:00:00	A	ED5-8	T	Y15-24	THS_PER	FRB0	2016	28.2		
ESTAT:LFST_R_LFSD2POP(1.0)	17/04/26 11:00:00	A	ED5-8	T	Y15-24	THS_PER	FRC1	2016	24.9		
ESTAT:LFST_R_LFSD2POP(1.0)	17/04/26 11:00:00	A	ED5-8	T	Y15-24	THS_PER	FRC2	2016	17.4		
ESTAT:LFST_R_LFSD2POP(1.0)	17/04/26 11:00:00	A	ED5-8	T	Y15-24	THS_PER	FRD1	2016	19.9		
ESTAT:LFST_R_LFSD2POP(1.0)	17/04/26 11:00:00	A	ED5-8	T	Y15-24	THS_PER	FRD2	2016	24.6		
ESTAT:LFST_R_LFSD2POP(1.0)	17/04/26 11:00:00	A	ED5-8	T	Y15-24	THS_PER	FRE1	2016	72.3		
ESTAT:LFST_R_LFSD2POP(1.0)	17/04/26 11:00:00	A	ED5-8	T	Y15-24	THS_PER	FRE2	2016	22.3		
ESTAT:LFST_R_LFSD2POP(1.0)	17/04/26 11:00:00	A	ED5-8	T	Y15-24	THS_PER	FRF1	2016	37.0		
ESTAT:LFST_R_LFSD2POP(1.0)	17/04/26 11:00:00	A	ED5-8	T	Y15-24	THS_PER	FRF2	2016	18.2		
ESTAT:LFST_R_LFSD2POP(1.0)	17/04/26 11:00:00	A	ED5-8	T	Y15-24	THS_PER	FRF3	2016	45.5		
ESTAT:LFST_R_LFSD2POP(1.0)	17/04/26 11:00:00	A	ED5-8	T	Y15-24	THS_PER	FRG0	2016	67.1		
ESTAT:LFST_R_LFSD2POP(1.0)	17/04/26 11:00:00	A	ED5-8	T	Y15-24	THS_PER	FRH0	2016	66.6		
ESTAT:LFST_R_LFSD2POP(1.0)	17/04/26 11:00:00	A	ED5-8	T	Y15-24	THS_PER	FRI1	2016	61.9		
ESTAT:LFST_R_LFSD2POP(1.0)	17/04/26 11:00:00	A	ED5-8	T	Y15-24	THS_PER	FRI2	2016	11.7		
ESTAT:LFST_R_LFSD2POP(1.0)	17/04/26 11:00:00	A	ED5-8	T	Y15-24	THS_PER	FRI3	2016	21.5		
ESTAT:LFST_R_LFSD2POP(1.0)	17/04/26 11:00:00	A	ED5-8	T	Y15-24	THS_PER	FRJ1	2016	31.6		
ESTAT:LFST_R_LFSD2POP(1.0)	17/04/26 11:00:00	A	ED5-8	T	Y15-24	THS_PER	FRJ2	2016	37.4		
ESTAT:LFST_R_LFSD2POP(1.0)	17/04/26 11:00:00	A	ED5-8	T	Y15-24	THS_PER	FRK1	2016	17.9		
ESTAT:LFST_R_LFSD2POP(1.0)	17/04/26 11:00:00	A	ED5-8	T	Y15-24	THS_PER	FRK2	2016	113.7		
ESTAT:LFST_R_LFSD2POP(1.0)	17/04/26 11:00:00	A	ED5-8	T	Y15-24	THS_PER	FRL0	2016	70.9		
ESTAT:LFST_R_LFSD2POP(1.0)	17/04/26 11:00:00	A	ED5-8	T	Y15-24	THS_PER	FRM0	2016	3.8	u	
ESTAT:LFST_R_LFSD2POP(1.0)	17/04/26 11:00:00	A	ED5-8	T	Y15-64	THS_PER	FR10	2016	3260.0		
ESTAT:LFST_R_LFSD2POP(1.0)	17/04/26 11:00:00	A	ED5-8	T	Y15-64	THS_PER	FRB0	2016	396.4		
ESTAT:LFST_R_LFSD2POP(1.0)	17/04/26 11:00:00	A	ED5-8	T	Y15-64	THS_PER	FRC1	2016	244.7		
ESTAT:LFST_R_LFSD2POP(1.0)	17/04/26 11:00:00	A	ED5-8	T	Y15-64	THS_PER	FRC2	2016	198.9		
ESTAT:LFST_R_LFSD2POP(1.0)	17/04/26 11:00:00	A	ED5-8	T	Y15-64	THS_PER	FRD1	2016	203.4		
ESTAT:LFST_R_LFSD2POP(1.0)	17/04/26 11:00:00	A	ED5-8	T	Y15-64	THS_PER	FRD2	2016	275.7		
ESTAT:LFST_R_LFSD2POP(1.0)	17/04/26 11:00:00	A	ED5-8	T	Y15-64	THS_PER	FRE1	2016	655.4		
ESTAT:LFST_R_LFSD2POP(1.0)	17/04/26 11:00:00	A	ED5-8	T	Y15-64	THS_PER	FRE2	2016	242.7		
ESTAT:LFST_R_LFSD2POP(1.0)	17/04/26 11:00:00	A	ED5-8	T	Y15-64	THS_PER	FRF1	2016	369.0		
ESTAT:LFST_R_LFSD2POP(1.0)	17/04/26 11:00:00	A	ED5-8	T	Y15-64	THS_PER	FRF2	2016	169.5		
ESTAT:LFST_R_LFSD2POP(1.0)	17/04/26 11:00:00	A	ED5-8	T	Y15-64	THS_PER	FRF3	2016	397.9		
ESTAT:LFST_R_LFSD2POP(1.0)	17/04/26 11:00:00	A	ED5-8	T	Y15-64	THS_PER	FRG0	2016	658.3		
ESTAT:LFST_R_LFSD2POP(1.0)	17/04/26 11:00:00	A	ED5-8	T	Y15-64	THS_PER	FRH0	2016	611.2		
ESTAT:LFST_R_LFSD2POP(1.0)	17/04/26 11:00:00	A	ED5-8	T	Y15-64	THS_PER	FRI1	2016	604.5		
ESTAT:LFST_R_LFSD2POP(1.0)	17/04/26 11:00:00	A	ED5-8	T	Y15-64	THS_PER	FRI2	2016	130.2		
ESTAT:LFST_R_LFSD2POP(1.0)	17/04/26 11:00:00	A	ED5-8	T	Y15-64	THS_PER	FRI3	2016	262.9		
ESTAT:LFST_R_LFSD2POP(1.0)	17/04/26 11:00:00	A	ED5-8	T	Y15-64	THS_PER	FRJ1	2016	461.8		
ESTAT:LFST_R_LFSD2POP(1.0)	17/04/26 11:00:00	A	ED5-8	T	Y15-64	THS_PER	FRJ2	2016	634.8		
ESTAT:LFST_R_LFSD2POP(1.0)	17/04/26 11:00:00	A	ED5-8	T	Y15-64	THS_PER	FRK1	2016	228.8		
ESTAT:LFST_R_LFSD2POP(1.0)	17/04/26 11:00:00	A	ED5-8	T	Y15-64	THS_PER	FRK2	2016	1381.3		
ESTAT:LFST_R_LFSD2POP(1.0)	17/04/26 11:00:00	A	ED5-8	T	Y15-64	THS_PER	FRL0	2016	951.7		
ESTAT:LFST_R_LFSD2POP(1.0)	17/04/26 11:00:00	A	ED5-8	T	Y15-64	THS_PER	FRM0	2016	50.3	u	
ESTAT:LFST_R_LFSD2POP(1.0)	17/04/26 11:00:00	A	ED5-8	T	Y15-74	THS_PER	FR10	2016	3542.1		
ESTAT:LFST_R_LFSD2POP(1.0)	17/04/26 11:00:00	A	ED5-8	T	Y15-74	THS_PER	FRB0	2016	440.3		
ESTAT:LFST_R_LFSD2POP(1.0)	17/04/26 11:00:00	A	ED5-8	T	Y15-74	THS_PER	FRC1	2016	275.9		
ESTAT:LFST_R_LFSD2POP(1.0)	17/04/26 11:00:00	A	ED5-8	T	Y15-74	THS_PER	FRC2	2016	218.6		
ESTAT:LFST_R_LFSD2POP(1.0)	17/04/26 11:00:00	A	ED5-8	T	Y15-74	THS_PER	FRD1	2016	226.7		
ESTAT:LFST_R_LFSD2POP(1.0)	17/04/26 11:00:00	A	ED5-8	T	Y15-74	THS_PER	FRD2	2016	298.5		
ESTAT:LFST_R_LFSD2POP(1.0)	17/04/26 11:00:00	A	ED5-8	T	Y15-74	THS_PER	FRE1	2016	704.9		
ESTAT:LFST_R_LFSD2POP(1.0)	17/04/26 11:00:00	A	ED5-8	T	Y15-74	THS_PER	FRE2	2016	266.2		
ESTAT:LFST_R_LFSD2POP(1.0)	17/04/26 11:00:00	A	ED5-8	T	Y15-74	THS_PER	FRF1	2016	401.1		
ESTAT:LFST_R_LFSD2POP(1.0)	17/04/26 11:00:00	A	ED5-8	T	Y15-74	THS_PER	FRF2	2016	183.7		
ESTAT:LFST_R_LFSD2POP(1.0)	17/04/26 11:00:00	A	ED5-8	T	Y15-74	THS_PER	FRF3	2016	428.4		
ESTAT:LFST_R_LFSD2POP(1.0)	17/04/26 11:00:00	A	ED5-8	T	Y15-74	THS_PER	FRG0	2016	717.1		
ESTAT:LFST_R_LFSD2POP(1.0)	17/04/26 11:00:00	A	ED5-8	T	Y15-74	THS_PER	FRH0	2016	676.9		
ESTAT:LFST_R_LFSD2POP(1.0)	17/04/26 11:00:00	A	ED5-8	T	Y15-74	THS_PER	FRI1	2016	680.9		
ESTAT:LFST_R_LFSD2POP(1.0)	17/04/26 11:00:00	A	ED5-8	T	Y15-74	THS_PER	FRI2	2016	143.6		
ESTAT:LFST_R_LFSD2POP(1.0)	17/04/26 11:00:00	A	ED5-8	T	Y15-74	THS_PER	FRI3	2016	297.9		
ESTAT:LFST_R_LFSD2POP(1.0)	17/04/26 11:00:00	A	ED5-8	T	Y15-74	THS_PER	FRJ1	2016	527.0		
ESTAT:LFST_R_LFSD2POP(1.0)	17/04/26 11:00:00	A	ED5-8	T	Y15-74	THS_PER	FRJ2	2016	708.7		
ESTAT:LFST_R_LFSD2POP(1.0)	17/04/26 11:00:00	A	ED5-8	T	Y15-74	THS_PER	FRK1	2016	253.8		
ESTAT:LFST_R_LFSD2POP(1.0)	17/04/26 11:00:00	A	ED5-8	T	Y15-74	THS_PER	FRK2	2016	1511.9		
ESTAT:LFST_R_LFSD2POP(1.0)	17/04/26 11:00:00	A	ED5-8	T	Y15-74	THS_PER	FRL0	2016	1086.4		
ESTAT:LFST_R_LFSD2POP(1.0)	17/04/26 11:00:00	A	ED5-8	T	Y15-74	THS_PER	FRM0	2016	58.3	u	
ESTAT:LFST_R_LFSD2POP(1.0)	17/04/26 11:00:00	A	ED5-8	T	Y20-64	THS_PER	FR10	2016	3258.1		
ESTAT:LFST_R_LFSD2POP(1.0)	17/04/26 11:00:00	A	ED5-8	T	Y20-64	THS_PER	FRB0	2016	396.3		
ESTAT:LFST_R_LFSD2POP(1.0)	17/04/26 11:00:00	A	ED5-8	T	Y20-64	THS_PER	FRC1	2016	244.1		
ESTAT:LFST_R_LFSD2POP(1.0)	17/04/26 11:00:00	A	ED5-8	T	Y20-64	THS_PER	FRC2	2016	198.7		
ESTAT:LFST_R_LFSD2POP(1.0)	17/04/26 11:00:00	A	ED5-8	T	Y20-64	THS_PER	FRD1	2016	203.0		
ESTAT:LFST_R_LFSD2POP(1.0)	17/04/26 11:00:00	A	ED5-8	T	Y20-64	THS_PER	FRD2	2016	275.1		
ESTAT:LFST_R_LFSD2POP(1.0)	17/04/26 11:00:00	A	ED5-8	T	Y20-64	THS_PER	FRE1	2016	655.0		
ESTAT:LFST_R_LFSD2POP(1.0)	17/04/26 11:00:00	A	ED5-8	T	Y20-64	THS_PER	FRE2	2016	241.8		
ESTAT:LFST_R_LFSD2POP(1.0)	17/04/26 11:00:00	A	ED5-8	T	Y20-64	THS_PER	FRF1	2016	367.9		
ESTAT:LFST_R_LFSD2POP(1.0)	17/04/26 11:00:00	A	ED5-8	T	Y20-64	THS_PER	FRF2	2016	169.3		
ESTAT:LFST_R_LFSD2POP(1.0)	17/04/26 11:00:00	A	ED5-8	T	Y20-64	THS_PER	FRF3	2016	397.9		
ESTAT:LFST_R_LFSD2POP(1.0)	17/04/26 11:00:00	A	ED5-8	T	Y20-64	THS_PER	FRG0	2016	655.5		
ESTAT:LFST_R_LFSD2POP(1.0)	17/04/26 11:00:00	A	ED5-8	T	Y20-64	THS_PER	FRH0	2016	610.3		
ESTAT:LFST_R_LFSD2POP(1.0)	17/04/26 11:00:00	A	ED5-8	T	Y20-64	THS_PER	FRI1	2016	603.8		
ESTAT:LFST_R_LFSD2POP(1.0)	17/04/26 11:00:00	A	ED5-8	T	Y20-64	THS_PER	FRI2	2016	129.9		
ESTAT:LFST_R_LFSD2POP(1.0)	17/04/26 11:00:00	A	ED5-8	T	Y20-64	THS_PER	FRI3	2016	262.8		
ESTAT:LFST_R_LFSD2POP(1.0)	17/04/26 11:00:00	A	ED5-8	T	Y20-64	THS_PER	FRJ1	2016	461.8		
ESTAT:LFST_R_LFSD2POP(1.0)	17/04/26 11:00:00	A	ED5-8	T	Y20-64	THS_PER	FRJ2	2016	634.6		
ESTAT:LFST_R_LFSD2POP(1.0)	17/04/26 11:00:00	A	ED5-8	T	Y20-64	THS_PER	FRK1	2016	228.7		
ESTAT:LFST_R_LFSD2POP(1.0)	17/04/26 11:00:00	A	ED5-8	T	Y20-64	THS_PER	FRK2	2016	1379.5		
ESTAT:LFST_R_LFSD2POP(1.0)	17/04/26 11:00:00	A	ED5-8	T	Y20-64	THS_PER	FRL0	2016	950.4		
ESTAT:LFST_R_LFSD2POP(1.0)	17/04/26 11:00:00	A	ED5-8	T	Y20-64	THS_PER	FRM0	2016	50.3	u	
ESTAT:LFST_R_LFSD2POP(1.0)	17/04/26 11:00:00	A	ED5-8	T	Y25-34	THS_PER	FR10	2016	1008.0		
ESTAT:LFST_R_LFSD2POP(1.0)	17/04/26 11:00:00	A	ED5-8	T	Y25-34	THS_PER	FRB0	2016	84.5		
ESTAT:LFST_R_LFSD2POP(1.0)	17/04/26 11:00:00	A	ED5-8	T	Y25-34	THS_PER	FRC1	2016	52.7		
ESTAT:LFST_R_LFSD2POP(1.0)	17/04/26 11:00:00	A	ED5-8	T	Y25-34	THS_PER	FRC2	2016	55.5		
ESTAT:LFST_R_LFSD2POP(1.0)	17/04/26 11:00:00	A	ED5-8	T	Y25-34	THS_PER	FRD1	2016	48.6		
ESTAT:LFST_R_LFSD2POP(1.0)	17/04/26 11:00:00	A	ED5-8	T	Y25-34	THS_PER	FRD2	2016	86.1		
ESTAT:LFST_R_LFSD2POP(1.0)	17/04/26 11:00:00	A	ED5-8	T	Y25-34	THS_PER	FRE1	2016	196.6		
ESTAT:LFST_R_LFSD2POP(1.0)	17/04/26 11:00:00	A	ED5-8	T	Y25-34	THS_PER	FRE2	2016	64.8		
ESTAT:LFST_R_LFSD2POP(1.0)	17/04/26 11:00:00	A	ED5-8	T	Y25-34	THS_PER	FRF1	2016	100.2		
ESTAT:LFST_R_LFSD2POP(1.0)	17/04/26 11:00:00	A	ED5-8	T	Y25-34	THS_PER	FRF2	2016	55.3		
ESTAT:LFST_R_LFSD2POP(1.0)	17/04/26 11:00:00	A	ED5-8	T	Y25-34	THS_PER	FRF3	2016	106.1		
ESTAT:LFST_R_LFSD2POP(1.0)	17/04/26 11:00:00	A	ED5-8	T	Y25-34	THS_PER	FRG0	2016	190.9		
ESTAT:LFST_R_LFSD2POP(1.0)	17/04/26 11:00:00	A	ED5-8	T	Y25-34	THS_PER	FRH0	2016	150.4		
ESTAT:LFST_R_LFSD2POP(1.0)	17/04/26 11:00:00	A	ED5-8	T	Y25-34	THS_PER	FRI1	2016	133.7		
ESTAT:LFST_R_LFSD2POP(1.0)	17/04/26 11:00:00	A	ED5-8	T	Y25-34	THS_PER	FRI2	2016	35.4		
ESTAT:LFST_R_LFSD2POP(1.0)	17/04/26 11:00:00	A	ED5-8	T	Y25-34	THS_PER	FRI3	2016	87.8		
ESTAT:LFST_R_LFSD2POP(1.0)	17/04/26 11:00:00	A	ED5-8	T	Y25-34	THS_PER	FRJ1	2016	102.6		
ESTAT:LFST_R_LFSD2POP(1.0)	17/04/26 11:00:00	A	ED5-8	T	Y25-34	THS_PER	FRJ2	2016	169.4		
ESTAT:LFST_R_LFSD2POP(1.0)	17/04/26 11:00:00	A	ED5-8	T	Y25-34	THS_PER	FRK1	2016	61.9		
ESTAT:LFST_R_LFSD2POP(1.0)	17/04/26 11:00:00	A	ED5-8	T	Y25-34	THS_PER	FRK2	2016	366.7		
ESTAT:LFST_R_LFSD2POP(1.0)	17/04/26 11:00:00	A	ED5-8	T	Y25-34	THS_PER	FRL0	2016	222.5		
ESTAT:LFST_R_LFSD2POP(1.0)	17/04/26 11:00:00	A	ED5-8	T	Y25-34	THS_PER	FRM0	2016	10.8	u	
ESTAT:LFST_R_LFSD2POP(1.0)	17/04/26 11:00:00	A	ED5-8	T	Y25-64	THS_PER	FR10	2016	3002.2		
ESTAT:LFST_R_LFSD2POP(1.0)	17/04/26 11:00:00	A	ED5-8	T	Y25-64	THS_PER	FRB0	2016	368.2		
ESTAT:LFST_R_LFSD2POP(1.0)	17/04/26 11:00:00	A	ED5-8	T	Y25-64	THS_PER	FRC1	2016	219.8		
ESTAT:LFST_R_LFSD2POP(1.0)	17/04/26 11:00:00	A	ED5-8	T	Y25-64	THS_PER	FRC2	2016	181.5		
ESTAT:LFST_R_LFSD2POP(1.0)	17/04/26 11:00:00	A	ED5-8	T	Y25-64	THS_PER	FRD1	2016	183.5		
ESTAT:LFST_R_LFSD2POP(1.0)	17/04/26 11:00:00	A	ED5-8	T	Y25-64	THS_PER	FRD2	2016	251.2		
ESTAT:LFST_R_LFSD2POP(1.0)	17/04/26 11:00:00	A	ED5-8	T	Y25-64	THS_PER	FRE1	2016	583.0		
ESTAT:LFST_R_LFSD2POP(1.0)	17/04/26 11:00:00	A	ED5-8	T	Y25-64	THS_PER	FRE2	2016	220.4		
ESTAT:LFST_R_LFSD2POP(1.0)	17/04/26 11:00:00	A	ED5-8	T	Y25-64	THS_PER	FRF1	2016	332.0		
ESTAT:LFST_R_LFSD2POP(1.0)	17/04/26 11:00:00	A	ED5-8	T	Y25-64	THS_PER	FRF2	2016	151.3		
ESTAT:LFST_R_LFSD2POP(1.0)	17/04/26 11:00:00	A	ED5-8	T	Y25-64	THS_PER	FRF3	2016	352.3		
ESTAT:LFST_R_LFSD2POP(1.0)	17/04/26 11:00:00	A	ED5-8	T	Y25-64	THS_PER	FRG0	2016	591.2		
ESTAT:LFST_R_LFSD2POP(1.0)	17/04/26 11:00:00	A	ED5-8	T	Y25-64	THS_PER	FRH0	2016	544.6		
ESTAT:LFST_R_LFSD2POP(1.0)	17/04/26 11:00:00	A	ED5-8	T	Y25-64	THS_PER	FRI1	2016	542.6		
ESTAT:LFST_R_LFSD2POP(1.0)	17/04/26 11:00:00	A	ED5-8	T	Y25-64	THS_PER	FRI2	2016	118.5		
ESTAT:LFST_R_LFSD2POP(1.0)	17/04/26 11:00:00	A	ED5-8	T	Y25-64	THS_PER	FRI3	2016	241.4		
ESTAT:LFST_R_LFSD2POP(1.0)	17/04/26 11:00:00	A	ED5-8	T	Y25-64	THS_PER	FRJ1	2016	430.2		
ESTAT:LFST_R_LFSD2POP(1.0)	17/04/26 11:00:00	A	ED5-8	T	Y25-64	THS_PER	FRJ2	2016	597.4		
ESTAT:LFST_R_LFSD2POP(1.0)	17/04/26 11:00:00	A	ED5-8	T	Y25-64	THS_PER	FRK1	2016	210.9		
ESTAT:LFST_R_LFSD2POP(1.0)	17/04/26 11:00:00	A	ED5-8	T	Y25-64	THS_PER	FRK2	2016	1267.5		
ESTAT:LFST_R_LFSD2POP(1.0)	17/04/26 11:00:00	A	ED5-8	T	Y25-64	THS_PER	FRL0	2016	880.8		
ESTAT:LFST_R_LFSD2POP(1.0)	17/04/26 11:00:00	A	ED5-8	T	Y25-64	THS_PER	FRM0	2016	46.5	u	
ESTAT:LFST_R_LFSD2POP(1.0)	17/04/26 11:00:00	A	ED5-8	T	Y35-44	THS_PER	FR10	2016	901.7		
ESTAT:LFST_R_LFSD2POP(1.0)	17/04/26 11:00:00	A	ED5-8	T	Y35-44	THS_PER	FRB0	2016	126.9		
ESTAT:LFST_R_LFSD2POP(1.0)	17/04/26 11:00:00	A	ED5-8	T	Y35-44	THS_PER	FRC1	2016	77.3		
ESTAT:LFST_R_LFSD2POP(1.0)	17/04/26 11:00:00	A	ED5-8	T	Y35-44	THS_PER	FRC2	2016	66.6		
ESTAT:LFST_R_LFSD2POP(1.0)	17/04/26 11:00:00	A	ED5-8	T	Y35-44	THS_PER	FRD1	2016	61.1		
ESTAT:LFST_R_LFSD2POP(1.0)	17/04/26 11:00:00	A	ED5-8	T	Y35-44	THS_PER	FRD2	2016	77.7		
ESTAT:LFST_R_LFSD2POP(1.0)	17/04/26 11:00:00	A	ED5-8	T	Y35-44	THS_PER	FRE1	2016	186.3		
ESTAT:LFST_R_LFSD2POP(1.0)	17/04/26 11:00:00	A	ED5-8	T	Y35-44	THS_PER	FRE2	2016	76.9		
ESTAT:LFST_R_LFSD2POP(1.0)	17/04/26 11:00:00	A	ED5-8	T	Y35-44	THS_PER	FRF1	2016	104.7		
ESTAT:LFST_R_LFSD2POP(1.0)	17/04/26 11:00:00	A	ED5-8	T	Y35-44	THS_PER	FRF2	2016	44.7		
ESTAT:LFST_R_LFSD2POP(1.0)	17/04/26 11:00:00	A	ED5-8	T	Y35-44	THS_PER	FRF3	2016	112.3		
ESTAT:LFST_R_LFSD2POP(1.0)	17/04/26 11:00:00	A	ED5-8	T	Y35-44	THS_PER	FRG0	2016	183.2		
ESTAT:LFST_R_LFSD2POP(1.0)	17/04/26 11:00:00	A	ED5-8	T	Y35-44	THS_PER	FRH0	2016	178.4		
ESTAT:LFST_R_LFSD2POP(1.0)	17/04/26 11:00:00	A	ED5-8	T	Y35-44	THS_PER	FRI1	2016	187.0		
ESTAT:LFST_R_LFSD2POP(1.0)	17/04/26 11:00:00	A	ED5-8	T	Y35-44	THS_PER	FRI2	2016	34.4		
ESTAT:LFST_R_LFSD2POP(1.0)	17/04/26 11:00:00	A	ED5-8	T	Y35-44	THS_PER	FRI3	2016	66.3		
ESTAT:LFST_R_LFSD2POP(1.0)	17/04/26 11:00:00	A	ED5-8	T	Y35-44	THS_PER	FRJ1	2016	125.1		
ESTAT:LFST_R_LFSD2POP(1.0)	17/04/26 11:00:00	A	ED5-8	T	Y35-44	THS_PER	FRJ2	2016	193.2		
ESTAT:LFST_R_LFSD2POP(1.0)	17/04/26 11:00:00	A	ED5-8	T	Y35-44	THS_PER	FRK1	2016	78.5		
ESTAT:LFST_R_LFSD2POP(1.0)	17/04/26 11:00:00	A	ED5-8	T	Y35-44	THS_PER	FRK2	2016	424.0		
ESTAT:LFST_R_LFSD2POP(1.0)	17/04/26 11:00:00	A	ED5-8	T	Y35-44	THS_PER	FRL0	2016	269.9		
ESTAT:LFST_R_LFSD2POP(1.0)	17/04/26 11:00:00	A	ED5-8	T	Y35-44	THS_PER	FRM0	2016	11.9	u	
ESTAT:LFST_R_LFSD2POP(1.0)	17/04/26 11:00:00	A	ED5-8	T	Y45-54	THS_PER	FR10	2016	643.2		
ESTAT:LFST_R_LFSD2POP(1.0)	17/04/26 11:00:00	A	ED5-8	T	Y45-54	THS_PER	FRB0	2016	87.4		
ESTAT:LFST_R_LFSD2POP(1.0)	17/04/26 11:00:00	A	ED5-8	T	Y45-54	THS_PER	FRC1	2016	50.2		
ESTAT:LFST_R_LFSD2POP(1.0)	17/04/26 11:00:00	A	ED5-8	T	Y45-54	THS_PER	FRC2	2016	39.2		
ESTAT:LFST_R_LFSD2POP(1.0)	17/04/26 11:00:00	A	ED5-8	T	Y45-54	THS_PER	FRD1	2016	39.3		
ESTAT:LFST_R_LFSD2POP(1.0)	17/04/26 11:00:00	A	ED5-8	T	Y45-54	THS_PER	FRD2	2016	49.7		
ESTAT:LFST_R_LFSD2POP(1.0)	17/04/26 11:00:00	A	ED5-8	T	Y45-54	THS_PER	FRE1	2016	122.1		
ESTAT:LFST_R_LFSD2POP(1.0)	17/04/26 11:00:00	A	ED5-8	T	Y45-54	THS_PER	FRE2	2016	47.4		
ESTAT:LFST_R_LFSD2POP(1.0)	17/04/26 11:00:00	A	ED5-8	T	Y45-54	THS_PER	FRF1	2016	82.9		
ESTAT:LFST_R_LFSD2POP(1.0)	17/04/26 11:00:00	A	ED5-8	T	Y45-54	THS_PER	FRF2	2016	31.4		
ESTAT:LFST_R_LFSD2POP(1.0)	17/04/26 11:00:00	A	ED5-8	T	Y45-54	THS_PER	FRF3	2016	81.4		
ESTAT:LFST_R_LFSD2POP(1.0)	17/04/26 11:00:00	A	ED5-8	T	Y45-54	THS_PER	FRG0	2016	140.3		
ESTAT:LFST_R_LFSD2POP(1.0)	17/04/26 11:00:00	A	ED5-8	T	Y45-54	THS_PER	FRH0	2016	119.4		
ESTAT:LFST_R_LFSD2POP(1.0)	17/04/26 11:00:00	A	ED5-8	T	Y45-54	THS_PER	FRI1	2016	129.2		
ESTAT:LFST_R_LFSD2POP(1.0)	17/04/26 11:00:00	A	ED5-8	T	Y45-54	THS_PER	FRI2	2016	25.7		
ESTAT:LFST_R_LFSD2POP(1.0)	17/04/26 11:00:00	A	ED5-8	T	Y45-54	THS_PER	FRI3	2016	46.8		
ESTAT:LFST_R_LFSD2POP(1.0)	17/04/26 11:00:00	A	ED5-8	T	Y45-54	THS_PER	FRJ1	2016	108.1		
ESTAT:LFST_R_LFSD2POP(1.0)	17/04/26 11:00:00	A	ED5-8	T	Y45-54	THS_PER	FRJ2	2016	132.5		
ESTAT:LFST_R_LFSD2POP(1.0)	17/04/26 11:00:00	A	ED5-8	T	Y45-54	THS_PER	FRK1	2016	40.6		
ESTAT:LFST_R_LFSD2POP(1.0)	17/04/26 11:00:00	A	ED5-8	T	Y45-54	THS_PER	FRK2	2016	301.5		
ESTAT:LFST_R_LFSD2POP(1.0)	17/04/26 11:00:00	A	ED5-8	T	Y45-54	THS_PER	FRL0	2016	219.9		
ESTAT:LFST_R_LFSD2POP(1.0)	17/04/26 11:00:00	A	ED5-8	T	Y45-54	THS_PER	FRM0	2016	10.3	u	
ESTAT:LFST_R_LFSD2POP(1.0)	17/04/26 11:00:00	A	ED5-8	T	Y55-64	THS_PER	FR10	2016	449.3		
ESTAT:LFST_R_LFSD2POP(1.0)	17/04/26 11:00:00	A	ED5-8	T	Y55-64	THS_PER	FRB0	2016	69.4		
ESTAT:LFST_R_LFSD2POP(1.0)	17/04/26 11:00:00	A	ED5-8	T	Y55-64	THS_PER	FRC1	2016	39.5		
ESTAT:LFST_R_LFSD2POP(1.0)	17/04/26 11:00:00	A	ED5-8	T	Y55-64	THS_PER	FRC2	2016	20.3		
ESTAT:LFST_R_LFSD2POP(1.0)	17/04/26 11:00:00	A	ED5-8	T	Y55-64	THS_PER	FRD1	2016	34.6		
ESTAT:LFST_R_LFSD2POP(1.0)	17/04/26 11:00:00	A	ED5-8	T	Y55-64	THS_PER	FRD2	2016	37.6		
ESTAT:LFST_R_LFSD2POP(1.0)	17/04/26 11:00:00	A	ED5-8	T	Y55-64	THS_PER	FRE1	2016	78.0		
ESTAT:LFST_R_LFSD2POP(1.0)	17/04/26 11:00:00	A	ED5-8	T	Y55-64	THS_PER	FRE2	2016	31.3		
ESTAT:LFST_R_LFSD2POP(1.0)	17/04/26 11:00:00	A	ED5-8	T	Y55-64	THS_PER	FRF1	2016	44.3		
ESTAT:LFST_R_LFSD2POP(1.0)	17/04/26 11:00:00	A	ED5-8	T	Y55-64	THS_PER	FRF2	2016	20.0		
ESTAT:LFST_R_LFSD2POP(1.0)	17/04/26 11:00:00	A	ED5-8	T	Y55-64	THS_PER	FRF3	2016	52.6		
ESTAT:LFST_R_LFSD2POP(1.0)	17/04/26 11:00:00	A	ED5-8	T	Y55-64	THS_PER	FRG0	2016	76.8		
ESTAT:LFST_R_LFSD2POP(1.0)	17/04/26 11:00:00	A	ED5-8	T	Y55-64	THS_PER	FRH0	2016	96.5		
ESTAT:LFST_R_LFSD2POP(1.0)	17/04/26 11:00:00	A	ED5-8	T	Y55-64	THS_PER	FRI1	2016	92.7		
ESTAT:LFST_R_LFSD2POP(1.0)	17/04/26 11:00:00	A	ED5-8	T	Y55-64	THS_PER	FRI2	2016	23.0		
ESTAT:LFST_R_LFSD2POP(1.0)	17/04/26 11:00:00	A	ED5-8	T	Y55-64	THS_PER	FRI3	2016	40.5		
ESTAT:LFST_R_LFSD2POP(1.0)	17/04/26 11:00:00	A	ED5-8	T	Y55-64	THS_PER	FRJ1	2016	94.4		
ESTAT:LFST_R_LFSD2POP(1.0)	17/04/26 11:00:00	A	ED5-8	T	Y55-64	THS_PER	FRJ2	2016	102.3		
ESTAT:LFST_R_LFSD2POP(1.0)	17/04/26 11:00:00	A	ED5-8	T	Y55-64	THS_PER	FRK1	2016	29.9		
ESTAT:LFST_R_LFSD2POP(1.0)	17/04/26 11:00:00	A	ED5-8	T	Y55-64	THS_PER	FRK2	2016	175.3		
ESTAT:LFST_R_LFSD2POP(1.0)	17/04/26 11:00:00	A	ED5-8	T	Y55-64	THS_PER	FRL0	2016	168.4		
ESTAT:LFST_R_LFSD2POP(1.0)	17/04/26 11:00:00	A	ED5-8	T	Y55-64	THS_PER	FRM0	2016	13.5	u	
ESTAT:LFST_R_LFSD2POP(1.0)	17/04/26 11:00:00	A	ED5-8	T	Y_GE15	THS_PER	FR10	2016	3677.2		
ESTAT:LFST_R_LFSD2POP(1.0)	17/04/26 11:00:00	A	ED5-8	T	Y_GE15	THS_PER	FRB0	2016	458.8		
ESTAT:LFST_R_LFSD2POP(1.0)	17/04/26 11:00:00	A	ED5-8	T	Y_GE15	THS_PER	FRC1	2016	286.2		
ESTAT:LFST_R_LFSD2POP(1.0)	17/04/26 11:00:00	A	ED5-8	T	Y_GE15	THS_PER	FRC2	2016	223.3		
ESTAT:LFST_R_LFSD2POP(1.0)	17/04/26 11:00:00	A	ED5-8	T	Y_GE15	THS_PER	FRD1	2016	237.1		
ESTAT:LFST_R_LFSD2POP(1.0)	17/04/26 11:00:00	A	ED5-8	T	Y_GE15	THS_PER	FRD2	2016	306.7		
ESTAT:LFST_R_LFSD2POP(1.0)	17/04/26 11:00:00	A	ED5-8	T	Y_GE15	THS_PER	FRE1	2016	716.4		
ESTAT:LFST_R_LFSD2POP(1.0)	17/04/26 11:00:00	A	ED5-8	T	Y_GE15	THS_PER	FRE2	2016	273.4		
ESTAT:LFST_R_LFSD2POP(1.0)	17/04/26 11:00:00	A	ED5-8	T	Y_GE15	THS_PER	FRF1	2016	417.5		
ESTAT:LFST_R_LFSD2POP(1.0)	17/04/26 11:00:00	A	ED5-8	T	Y_GE15	THS_PER	FRF2	2016	189.9		
ESTAT:LFST_R_LFSD2POP(1.0)	17/04/26 11:00:00	A	ED5-8	T	Y_GE15	THS_PER	FRF3	2016	444.0		
ESTAT:LFST_R_LFSD2POP(1.0)	17/04/26 11:00:00	A	ED5-8	T	Y_GE15	THS_PER	FRG0	2016	738.2		
ESTAT:LFST_R_LFSD2POP(1.0)	17/04/26 11:00:00	A	ED5-8	T	Y_GE15	THS_PER	FRH0	2016	705.2		
ESTAT:LFST_R_LFSD2POP(1.0)	17/04/26 11:00:00	A	ED5-8	T	Y_GE15	THS_PER	FRI1	2016	712.4		
ESTAT:LFST_R_LFSD2POP(1.0)	17/04/26 11:00:00	A	ED5-8	T	Y_GE15	THS_PER	FRI2	2016	148.6		
ESTAT:LFST_R_LFSD2POP(1.0)	17/04/26 11:00:00	A	ED5-8	T	Y_GE15	THS_PER	FRI3	2016	305.3		
ESTAT:LFST_R_LFSD2POP(1.0)	17/04/26 11:00:00	A	ED5-8	T	Y_GE15	THS_PER	FRJ1	2016	557.1		
ESTAT:LFST_R_LFSD2POP(1.0)	17/04/26 11:00:00	A	ED5-8	T	Y_GE15	THS_PER	FRJ2	2016	733.1		
ESTAT:LFST_R_LFSD2POP(1.0)	17/04/26 11:00:00	A	ED5-8	T	Y_GE15	THS_PER	FRK1	2016	261.5		
ESTAT:LFST_R_LFSD2POP(1.0)	17/04/26 11:00:00	A	ED5-8	T	Y_GE15	THS_PER	FRK2	2016	1562.1		
ESTAT:LFST_R_LFSD2POP(1.0)	17/04/26 11:00:00	A	ED5-8	T	Y_GE15	THS_PER	FRL0	2016	1153.8		
ESTAT:LFST_R_LFSD2POP(1.0)	17/04/26 11:00:00	A	ED5-8	T	Y_GE15	THS_PER	FRM0	2016	68.1	u	
ESTAT:LFST_R_LFSD2POP(1.0)	17/04/26 11:00:00	A	ED5-8	T	Y_GE25	THS_PER	FR10	2016	3419.4		
ESTAT:LFST_R_LFSD2POP(1.0)	17/04/26 11:00:00	A	ED5-8	T	Y_GE25	THS_PER	FRB0	2016	430.6		
ESTAT:LFST_R_LFSD2POP(1.0)	17/04/26 11:00:00	A	ED5-8	T	Y_GE25	THS_PER	FRC1	2016	261.3		
ESTAT:LFST_R_LFSD2POP(1.0)	17/04/26 11:00:00	A	ED5-8	T	Y_GE25	THS_PER	FRC2	2016	205.9		
ESTAT:LFST_R_LFSD2POP(1.0)	17/04/26 11:00:00	A	ED5-8	T	Y_GE25	THS_PER	FRD1	2016	217.2		
ESTAT:LFST_R_LFSD2POP(1.0)	17/04/26 11:00:00	A	ED5-8	T	Y_GE25	THS_PER	FRD2	2016	282.1		
ESTAT:LFST_R_LFSD2POP(1.0)	17/04/26 11:00:00	A	ED5-8	T	Y_GE25	THS_PER	FRE1	2016	644.1		
ESTAT:LFST_R_LFSD2POP(1.0)	17/04/26 11:00:00	A	ED5-8	T	Y_GE25	THS_PER	FRE2	2016	251.1		
ESTAT:LFST_R_LFSD2POP(1.0)	17/04/26 11:00:00	A	ED5-8	T	Y_GE25	THS_PER	FRF1	2016	380.6		
ESTAT:LFST_R_LFSD2POP(1.0)	17/04/26 11:00:00	A	ED5-8	T	Y_GE25	THS_PER	FRF2	2016	171.7		
ESTAT:LFST_R_LFSD2POP(1.0)	17/04/26 11:00:00	A	ED5-8	T	Y_GE25	THS_PER	FRF3	2016	398.5		
ESTAT:LFST_R_LFSD2POP(1.0)	17/04/26 11:00:00	A	ED5-8	T	Y_GE25	THS_PER	FRG0	2016	671.1		
ESTAT:LFST_R_LFSD2POP(1.0)	17/04/26 11:00:00	A	ED5-8	T	Y_GE25	THS_PER	FRH0	2016	638.6		
ESTAT:LFST_R_LFSD2POP(1.0)	17/04/26 11:00:00	A	ED5-8	T	Y_GE25	THS_PER	FRI1	2016	650.5		
ESTAT:LFST_R_LFSD2POP(1.0)	17/04/26 11:00:00	A	ED5-8	T	Y_GE25	THS_PER	FRI2	2016	136.9		
ESTAT:LFST_R_LFSD2POP(1.0)	17/04/26 11:00:00	A	ED5-8	T	Y_GE25	THS_PER	FRI3	2016	283.8		
ESTAT:LFST_R_LFSD2POP(1.0)	17/04/26 11:00:00	A	ED5-8	T	Y_GE25	THS_PER	FRJ1	2016	525.5		
ESTAT:LFST_R_LFSD2POP(1.0)	17/04/26 11:00:00	A	ED5-8	T	Y_GE25	THS_PER	FRJ2	2016	695.6		
ESTAT:LFST_R_LFSD2POP(1.0)	17/04/26 11:00:00	A	ED5-8	T	Y_GE25	THS_PER	FRK1	2016	243.6		
ESTAT:LFST_R_LFSD2POP(1.0)	17/04/26 11:00:00	A	ED5-8	T	Y_GE25	THS_PER	FRK2	2016	1448.4		
ESTAT:LFST_R_LFSD2POP(1.0)	17/04/26 11:00:00	A	ED5-8	T	Y_GE25	THS_PER	FRL0	2016	1083.0		
ESTAT:LFST_R_LFSD2POP(1.0)	17/04/26 11:00:00	A	ED5-8	T	Y_GE25	THS_PER	FRM0	2016	64.3	u	
ESTAT:LFST_R_LFSD2POP(1.0)	17/04/26 11:00:00	A	ED5-8	T	Y_GE65	THS_PER	FR10	2016	417.2		
ESTAT:LFST_R_LFSD2POP(1.0)	17/04/26 11:00:00	A	ED5-8	T	Y_GE65	THS_PER	FRB0	2016	62.4		
ESTAT:LFST_R_LFSD2POP(1.0)	17/04/26 11:00:00	A	ED5-8	T	Y_GE65	THS_PER	FRC1	2016	41.5		
ESTAT:LFST_R_LFSD2POP(1.0)	17/04/26 11:00:00	A	ED5-8	T	Y_GE65	THS_PER	FRC2	2016	24.4		
ESTAT:LFST_R_LFSD2POP(1.0)	17/04/26 11:00:00	A	ED5-8	T	Y_GE65	THS_PER	FRD1	2016	33.7		
ESTAT:LFST_R_LFSD2POP(1.0)	17/04/26 11:00:00	A	ED5-8	T	Y_GE65	THS_PER	FRD2	2016	31.0		
ESTAT:LFST_R_LFSD2POP(1.0)	17/04/26 11:00:00	A	ED5-8	T	Y_GE65	THS_PER	FRE1	2016	61.0		
ESTAT:LFST_R_LFSD2POP(1.0)	17/04/26 11:00:00	A	ED5-8	T	Y_GE65	THS_PER	FRE2	2016	30.7		
ESTAT:LFST_R_LFSD2POP(1.0)	17/04/26 11:00:00	A	ED5-8	T	Y_GE65	THS_PER	FRF1	2016	48.6		
ESTAT:LFST_R_LFSD2POP(1.0)	17/04/26 11:00:00	A	ED5-8	T	Y_GE65	THS_PER	FRF2	2016	20.4		
ESTAT:LFST_R_LFSD2POP(1.0)	17/04/26 11:00:00	A	ED5-8	T	Y_GE65	THS_PER	FRF3	2016	46.1		
ESTAT:LFST_R_LFSD2POP(1.0)	17/04/26 11:00:00	A	ED5-8	T	Y_GE65	THS_PER	FRG0	2016	79.9		
ESTAT:LFST_R_LFSD2POP(1.0)	17/04/26 11:00:00	A	ED5-8	T	Y_GE65	THS_PER	FRH0	2016	94.0		
ESTAT:LFST_R_LFSD2POP(1.0)	17/04/26 11:00:00	A	ED5-8	T	Y_GE65	THS_PER	FRI1	2016	108.0		
ESTAT:LFST_R_LFSD2POP(1.0)	17/04/26 11:00:00	A	ED5-8	T	Y_GE65	THS_PER	FRI2	2016	18.5		
ESTAT:LFST_R_LFSD2POP(1.0)	17/04/26 11:00:00	A	ED5-8	T	Y_GE65	THS_PER	FRI3	2016	42.3		
ESTAT:LFST_R_LFSD2POP(1.0)	17/04/26 11:00:00	A	ED5-8	T	Y_GE65	THS_PER	FRJ1	2016	95.3		
ESTAT:LFST_R_LFSD2POP(1.0)	17/04/26 11:00:00	A	ED5-8	T	Y_GE65	THS_PER	FRJ2	2016	98.2		
ESTAT:LFST_R_LFSD2POP(1.0)	17/04/26 11:00:00	A	ED5-8	T	Y_GE65	THS_PER	FRK1	2016	32.7		
ESTAT:LFST_R_LFSD2POP(1.0)	17/04/26 11:00:00	A	ED5-8	T	Y_GE65	THS_PER	FRK2	2016	180.9		
ESTAT:LFST_R_LFSD2POP(1.0)	17/04/26 11:00:00	A	ED5-8	T	Y_GE65	THS_PER	FRL0	2016	202.1		
ESTAT:LFST_R_LFSD2POP(1.0)	17/04/26 11:00:00	A	ED5-8	T	Y_GE65	THS_PER	FRM0	2016	17.8	u	
ESTAT:LFST_R_LFSD2POP(1.0)	17/04/26 11:00:00	A	NRP	F	Y15-24	THS_PER	FR10	2016	9.0	u	
ESTAT:LFST_R_LFSD2POP(1.0)	17/04/26 11:00:00	A	NRP	F	Y15-24	THS_PER	FRB0	2016		u	
ESTAT:LFST_R_LFSD2POP(1.0)	17/04/26 11:00:00	A	NRP	F	Y15-24	THS_PER	FRC1	2016		u	
ESTAT:LFST_R_LFSD2POP(1.0)	17/04/26 11:00:00	A	NRP	F	Y15-24	THS_PER	FRC2	2016		u	
ESTAT:LFST_R_LFSD2POP(1.0)	17/04/26 11:00:00	A	NRP	F	Y15-24	THS_PER	FRD1	2016		u	
ESTAT:LFST_R_LFSD2POP(1.0)	17/04/26 11:00:00	A	NRP	F	Y15-24	THS_PER	FRD2	2016		u	
ESTAT:LFST_R_LFSD2POP(1.0)	17/04/26 11:00:00	A	NRP	F	Y15-24	THS_PER	FRE1	2016	1.0	u	
ESTAT:LFST_R_LFSD2POP(1.0)	17/04/26 11:00:00	A	NRP	F	Y15-24	THS_PER	FRF1	2016	1.4	u	
ESTAT:LFST_R_LFSD2POP(1.0)	17/04/26 11:00:00	A	NRP	F	Y15-24	THS_PER	FRF2	2016		u	
ESTAT:LFST_R_LFSD2POP(1.0)	17/04/26 11:00:00	A	NRP	F	Y15-24	THS_PER	FRF3	2016	1.3	u	
ESTAT:LFST_R_LFSD2POP(1.0)	17/04/26 11:00:00	A	NRP	F	Y15-24	THS_PER	FRG0	2016	0.5	u	
ESTAT:LFST_R_LFSD2POP(1.0)	17/04/26 11:00:00	A	NRP	F	Y15-24	THS_PER	FRH0	2016	1.2	u	
ESTAT:LFST_R_LFSD2POP(1.0)	17/04/26 11:00:00	A	NRP	F	Y15-24	THS_PER	FRI1	2016	0.9	u	
ESTAT:LFST_R_LFSD2POP(1.0)	17/04/26 11:00:00	A	NRP	F	Y15-24	THS_PER	FRJ2	2016	1.0	u	
ESTAT:LFST_R_LFSD2POP(1.0)	17/04/26 11:00:00	A	NRP	F	Y15-24	THS_PER	FRK1	2016		u	
ESTAT:LFST_R_LFSD2POP(1.0)	17/04/26 11:00:00	A	NRP	F	Y15-24	THS_PER	FRK2	2016	1.4	u	
ESTAT:LFST_R_LFSD2POP(1.0)	17/04/26 11:00:00	A	NRP	F	Y15-24	THS_PER	FRL0	2016	1.7	u	
ESTAT:LFST_R_LFSD2POP(1.0)	17/04/26 11:00:00	A	NRP	F	Y15-64	THS_PER	FR10	2016	20.9		
ESTAT:LFST_R_LFSD2POP(1.0)	17/04/26 11:00:00	A	NRP	F	Y15-64	THS_PER	FRB0	2016	0.8	u	
ESTAT:LFST_R_LFSD2POP(1.0)	17/04/26 11:00:00	A	NRP	F	Y15-64	THS_PER	FRC1	2016	0.6	u	
ESTAT:LFST_R_LFSD2POP(1.0)	17/04/26 11:00:00	A	NRP	F	Y15-64	THS_PER	FRC2	2016	1.3	u	
ESTAT:LFST_R_LFSD2POP(1.0)	17/04/26 11:00:00	A	NRP	F	Y15-64	THS_PER	FRD1	2016	0.8	u	
ESTAT:LFST_R_LFSD2POP(1.0)	17/04/26 11:00:00	A	NRP	F	Y15-64	THS_PER	FRD2	2016	1.7	u	
ESTAT:LFST_R_LFSD2POP(1.0)	17/04/26 11:00:00	A	NRP	F	Y15-64	THS_PER	FRE1	2016	3.4	u	
ESTAT:LFST_R_LFSD2POP(1.0)	17/04/26 11:00:00	A	NRP	F	Y15-64	THS_PER	FRE2	2016	2.1	u	
ESTAT:LFST_R_LFSD2POP(1.0)	17/04/26 11:00:00	A	NRP	F	Y15-64	THS_PER	FRF1	2016	2.5	u	
ESTAT:LFST_R_LFSD2POP(1.0)	17/04/26 11:00:00	A	NRP	F	Y15-64	THS_PER	FRF2	2016		u	
ESTAT:LFST_R_LFSD2POP(1.0)	17/04/26 11:00:00	A	NRP	F	Y15-64	THS_PER	FRF3	2016	2.3	u	
ESTAT:LFST_R_LFSD2POP(1.0)	17/04/26 11:00:00	A	NRP	F	Y15-64	THS_PER	FRG0	2016	4.1	u	
ESTAT:LFST_R_LFSD2POP(1.0)	17/04/26 11:00:00	A	NRP	F	Y15-64	THS_PER	FRH0	2016	1.6	u	
ESTAT:LFST_R_LFSD2POP(1.0)	17/04/26 11:00:00	A	NRP	F	Y15-64	THS_PER	FRI1	2016	4.0	u	
ESTAT:LFST_R_LFSD2POP(1.0)	17/04/26 11:00:00	A	NRP	F	Y15-64	THS_PER	FRI2	2016		u	
ESTAT:LFST_R_LFSD2POP(1.0)	17/04/26 11:00:00	A	NRP	F	Y15-64	THS_PER	FRI3	2016		u	
ESTAT:LFST_R_LFSD2POP(1.0)	17/04/26 11:00:00	A	NRP	F	Y15-64	THS_PER	FRJ1	2016	1.4	u	
ESTAT:LFST_R_LFSD2POP(1.0)	17/04/26 11:00:00	A	NRP	F	Y15-64	THS_PER	FRJ2	2016	1.9	u	
ESTAT:LFST_R_LFSD2POP(1.0)	17/04/26 11:00:00	A	NRP	F	Y15-64	THS_PER	FRK1	2016		u	
ESTAT:LFST_R_LFSD2POP(1.0)	17/04/26 11:00:00	A	NRP	F	Y15-64	THS_PER	FRK2	2016	5.7	u	
ESTAT:LFST_R_LFSD2POP(1.0)	17/04/26 11:00:00	A	NRP	F	Y15-64	THS_PER	FRL0	2016	7.1	u	
ESTAT:LFST_R_LFSD2POP(1.0)	17/04/26 11:00:00	A	NRP	F	Y15-64	THS_PER	FRM0	2016		u	
ESTAT:LFST_R_LFSD2POP(1.0)	17/04/26 11:00:00	A	NRP	F	Y15-74	THS_PER	FR10	2016	22.1		
ESTAT:LFST_R_LFSD2POP(1.0)	17/04/26 11:00:00	A	NRP	F	Y15-74	THS_PER	FRB0	2016	0.8	u	
ESTAT:LFST_R_LFSD2POP(1.0)	17/04/26 11:00:00	A	NRP	F	Y15-74	THS_PER	FRC1	2016	0.6	u	
ESTAT:LFST_R_LFSD2POP(1.0)	17/04/26 11:00:00	A	NRP	F	Y15-74	THS_PER	FRC2	2016	1.3	u	
ESTAT:LFST_R_LFSD2POP(1.0)	17/04/26 11:00:00	A	NRP	F	Y15-74	THS_PER	FRD1	2016	0.8	u	
ESTAT:LFST_R_LFSD2POP(1.0)	17/04/26 11:00:00	A	NRP	F	Y15-74	THS_PER	FRD2	2016	1.9	u	
ESTAT:LFST_R_LFSD2POP(1.0)	17/04/26 11:00:00	A	NRP	F	Y15-74	THS_PER	FRE1	2016	3.5	u	
ESTAT:LFST_R_LFSD2POP(1.0)	17/04/26 11:00:00	A	NRP	F	Y15-74	THS_PER	FRE2	2016	2.3	u	
ESTAT:LFST_R_LFSD2POP(1.0)	17/04/26 11:00:00	A	NRP	F	Y15-74	THS_PER	FRF1	2016	2.5	u	
ESTAT:LFST_R_LFSD2POP(1.0)	17/04/26 11:00:00	A	NRP	F	Y15-74	THS_PER	FRF2	2016		u	
ESTAT:LFST_R_LFSD2POP(1.0)	17/04/26 11:00:00	A	NRP	F	Y15-74	THS_PER	FRF3	2016	2.3	u	
ESTAT:LFST_R_LFSD2POP(1.0)	17/04/26 11:00:00	A	NRP	F	Y15-74	THS_PER	FRG0	2016	4.1	u	
ESTAT:LFST_R_LFSD2POP(1.0)	17/04/26 11:00:00	A	NRP	F	Y15-74	THS_PER	FRH0	2016	1.7	u	
ESTAT:LFST_R_LFSD2POP(1.0)	17/04/26 11:00:00	A	NRP	F	Y15-74	THS_PER	FRI1	2016	4.0	u	
ESTAT:LFST_R_LFSD2POP(1.0)	17/04/26 11:00:00	A	NRP	F	Y15-74	THS_PER	FRI2	2016		u	
ESTAT:LFST_R_LFSD2POP(1.0)	17/04/26 11:00:00	A	NRP	F	Y15-74	THS_PER	FRI3	2016		u	
ESTAT:LFST_R_LFSD2POP(1.0)	17/04/26 11:00:00	A	NRP	F	Y15-74	THS_PER	FRJ1	2016	1.9	u	
ESTAT:LFST_R_LFSD2POP(1.0)	17/04/26 11:00:00	A	NRP	F	Y15-74	THS_PER	FRJ2	2016	2.1	u	
ESTAT:LFST_R_LFSD2POP(1.0)	17/04/26 11:00:00	A	NRP	F	Y15-74	THS_PER	FRK1	2016		u	
ESTAT:LFST_R_LFSD2POP(1.0)	17/04/26 11:00:00	A	NRP	F	Y15-74	THS_PER	FRK2	2016	5.7	u	
ESTAT:LFST_R_LFSD2POP(1.0)	17/04/26 11:00:00	A	NRP	F	Y15-74	THS_PER	FRL0	2016	7.2	u	
ESTAT:LFST_R_LFSD2POP(1.0)	17/04/26 11:00:00	A	NRP	F	Y15-74	THS_PER	FRM0	2016		u	
ESTAT:LFST_R_LFSD2POP(1.0)	17/04/26 11:00:00	A	NRP	F	Y20-64	THS_PER	FR10	2016	16.7		
ESTAT:LFST_R_LFSD2POP(1.0)	17/04/26 11:00:00	A	NRP	F	Y20-64	THS_PER	FRB0	2016	0.6	u	
ESTAT:LFST_R_LFSD2POP(1.0)	17/04/26 11:00:00	A	NRP	F	Y20-64	THS_PER	FRC1	2016	0.5	u	
ESTAT:LFST_R_LFSD2POP(1.0)	17/04/26 11:00:00	A	NRP	F	Y20-64	THS_PER	FRC2	2016	1.1	u	
ESTAT:LFST_R_LFSD2POP(1.0)	17/04/26 11:00:00	A	NRP	F	Y20-64	THS_PER	FRD1	2016		u	
ESTAT:LFST_R_LFSD2POP(1.0)	17/04/26 11:00:00	A	NRP	F	Y20-64	THS_PER	FRD2	2016	1.6	u	
ESTAT:LFST_R_LFSD2POP(1.0)	17/04/26 11:00:00	A	NRP	F	Y20-64	THS_PER	FRE1	2016	3.1	u	
ESTAT:LFST_R_LFSD2POP(1.0)	17/04/26 11:00:00	A	NRP	F	Y20-64	THS_PER	FRE2	2016	2.1	u	
ESTAT:LFST_R_LFSD2POP(1.0)	17/04/26 11:00:00	A	NRP	F	Y20-64	THS_PER	FRF1	2016	1.9	u	
ESTAT:LFST_R_LFSD2POP(1.0)	17/04/26 11:00:00	A	NRP	F	Y20-64	THS_PER	FRF2	2016		u	
ESTAT:LFST_R_LFSD2POP(1.0)	17/04/26 11:00:00	A	NRP	F	Y20-64	THS_PER	FRF3	2016	2.3	u	
ESTAT:LFST_R_LFSD2POP(1.0)	17/04/26 11:00:00	A	NRP	F	Y20-64	THS_PER	FRG0	2016	3.7	u	
ESTAT:LFST_R_LFSD2POP(1.0)	17/04/26 11:00:00	A	NRP	F	Y20-64	THS_PER	FRH0	2016	1.6	u	
ESTAT:LFST_R_LFSD2POP(1.0)	17/04/26 11:00:00	A	NRP	F	Y20-64	THS_PER	FRI1	2016	3.8	u	
ESTAT:LFST_R_LFSD2POP(1.0)	17/04/26 11:00:00	A	NRP	F	Y20-64	THS_PER	FRI2	2016		u	
ESTAT:LFST_R_LFSD2POP(1.0)	17/04/26 11:00:00	A	NRP	F	Y20-64	THS_PER	FRI3	2016		u	
ESTAT:LFST_R_LFSD2POP(1.0)	17/04/26 11:00:00	A	NRP	F	Y20-64	THS_PER	FRJ1	2016	1.4	u	
ESTAT:LFST_R_LFSD2POP(1.0)	17/04/26 11:00:00	A	NRP	F	Y20-64	THS_PER	FRJ2	2016	1.8	u	
ESTAT:LFST_R_LFSD2POP(1.0)	17/04/26 11:00:00	A	NRP	F	Y20-64	THS_PER	FRK1	2016		u	
ESTAT:LFST_R_LFSD2POP(1.0)	17/04/26 11:00:00	A	NRP	F	Y20-64	THS_PER	FRK2	2016	5.3	u	
ESTAT:LFST_R_LFSD2POP(1.0)	17/04/26 11:00:00	A	NRP	F	Y20-64	THS_PER	FRL0	2016	6.5	u	
ESTAT:LFST_R_LFSD2POP(1.0)	17/04/26 11:00:00	A	NRP	F	Y20-64	THS_PER	FRM0	2016		u	
ESTAT:LFST_R_LFSD2POP(1.0)	17/04/26 11:00:00	A	NRP	F	Y25-34	THS_PER	FR10	2016	5.6	u	
ESTAT:LFST_R_LFSD2POP(1.0)	17/04/26 11:00:00	A	NRP	F	Y25-34	THS_PER	FRC1	2016		u	
ESTAT:LFST_R_LFSD2POP(1.0)	17/04/26 11:00:00	A	NRP	F	Y25-34	THS_PER	FRC2	2016		u	
ESTAT:LFST_R_LFSD2POP(1.0)	17/04/26 11:00:00	A	NRP	F	Y25-34	THS_PER	FRD1	2016		u	
ESTAT:LFST_R_LFSD2POP(1.0)	17/04/26 11:00:00	A	NRP	F	Y25-34	THS_PER	FRE1	2016		u	
ESTAT:LFST_R_LFSD2POP(1.0)	17/04/26 11:00:00	A	NRP	F	Y25-34	THS_PER	FRE2	2016	1.1	u	
ESTAT:LFST_R_LFSD2POP(1.0)	17/04/26 11:00:00	A	NRP	F	Y25-34	THS_PER	FRF1	2016		u	
ESTAT:LFST_R_LFSD2POP(1.0)	17/04/26 11:00:00	A	NRP	F	Y25-34	THS_PER	FRF2	2016		u	
ESTAT:LFST_R_LFSD2POP(1.0)	17/04/26 11:00:00	A	NRP	F	Y25-34	THS_PER	FRF3	2016		u	
ESTAT:LFST_R_LFSD2POP(1.0)	17/04/26 11:00:00	A	NRP	F	Y25-34	THS_PER	FRG0	2016	2.4	u	
ESTAT:LFST_R_LFSD2POP(1.0)	17/04/26 11:00:00	A	NRP	F	Y25-34	THS_PER	FRI1	2016	0.7	u	
ESTAT:LFST_R_LFSD2POP(1.0)	17/04/26 11:00:00	A	NRP	F	Y25-34	THS_PER	FRJ1	2016	0.9	u	
ESTAT:LFST_R_LFSD2POP(1.0)	17/04/26 11:00:00	A	NRP	F	Y25-34	THS_PER	FRK1	2016		u	
ESTAT:LFST_R_LFSD2POP(1.0)	17/04/26 11:00:00	A	NRP	F	Y25-34	THS_PER	FRK2	2016		u	
ESTAT:LFST_R_LFSD2POP(1.0)	17/04/26 11:00:00	A	NRP	F	Y25-34	THS_PER	FRL0	2016	1.8	u	
ESTAT:LFST_R_LFSD2POP(1.0)	17/04/26 11:00:00	A	NRP	F	Y25-34	THS_PER	FRM0	2016		u	
ESTAT:LFST_R_LFSD2POP(1.0)	17/04/26 11:00:00	A	NRP	F	Y25-64	THS_PER	FR10	2016	11.9		
ESTAT:LFST_R_LFSD2POP(1.0)	17/04/26 11:00:00	A	NRP	F	Y25-64	THS_PER	FRB0	2016		u	
ESTAT:LFST_R_LFSD2POP(1.0)	17/04/26 11:00:00	A	NRP	F	Y25-64	THS_PER	FRC1	2016	0.5	u	
ESTAT:LFST_R_LFSD2POP(1.0)	17/04/26 11:00:00	A	NRP	F	Y25-64	THS_PER	FRC2	2016	1.1	u	
ESTAT:LFST_R_LFSD2POP(1.0)	17/04/26 11:00:00	A	NRP	F	Y25-64	THS_PER	FRD1	2016		u	
ESTAT:LFST_R_LFSD2POP(1.0)	17/04/26 11:00:00	A	NRP	F	Y25-64	THS_PER	FRD2	2016	1.3	u	
ESTAT:LFST_R_LFSD2POP(1.0)	17/04/26 11:00:00	A	NRP	F	Y25-64	THS_PER	FRE1	2016	2.4	u	
ESTAT:LFST_R_LFSD2POP(1.0)	17/04/26 11:00:00	A	NRP	F	Y25-64	THS_PER	FRE2	2016	2.1	u	
ESTAT:LFST_R_LFSD2POP(1.0)	17/04/26 11:00:00	A	NRP	F	Y25-64	THS_PER	FRF1	2016	1.1	u	
ESTAT:LFST_R_LFSD2POP(1.0)	17/04/26 11:00:00	A	NRP	F	Y25-64	THS_PER	FRF2	2016		u	
ESTAT:LFST_R_LFSD2POP(1.0)	17/04/26 11:00:00	A	NRP	F	Y25-64	THS_PER	FRF3	2016	1.0	u	
ESTAT:LFST_R_LFSD2POP(1.0)	17/04/26 11:00:00	A	NRP	F	Y25-64	THS_PER	FRG0	2016	3.5	u	
ESTAT:LFST_R_LFSD2POP(1.0)	17/04/26 11:00:00	A	NRP	F	Y25-64	THS_PER	FRH0	2016		u	
ESTAT:LFST_R_LFSD2POP(1.0)	17/04/26 11:00:00	A	NRP	F	Y25-64	THS_PER	FRI1	2016	3.1	u	
ESTAT:LFST_R_LFSD2POP(1.0)	17/04/26 11:00:00	A	NRP	F	Y25-64	THS_PER	FRI2	2016		u	
ESTAT:LFST_R_LFSD2POP(1.0)	17/04/26 11:00:00	A	NRP	F	Y25-64	THS_PER	FRI3	2016		u	
ESTAT:LFST_R_LFSD2POP(1.0)	17/04/26 11:00:00	A	NRP	F	Y25-64	THS_PER	FRJ1	2016	1.4	u	
ESTAT:LFST_R_LFSD2POP(1.0)	17/04/26 11:00:00	A	NRP	F	Y25-64	THS_PER	FRJ2	2016	0.9	u	
ESTAT:LFST_R_LFSD2POP(1.0)	17/04/26 11:00:00	A	NRP	F	Y25-64	THS_PER	FRK1	2016		u	
ESTAT:LFST_R_LFSD2POP(1.0)	17/04/26 11:00:00	A	NRP	F	Y25-64	THS_PER	FRK2	2016	4.3	u	
ESTAT:LFST_R_LFSD2POP(1.0)	17/04/26 11:00:00	A	NRP	F	Y25-64	THS_PER	FRL0	2016	5.4	u	
ESTAT:LFST_R_LFSD2POP(1.0)	17/04/26 11:00:00	A	NRP	F	Y25-64	THS_PER	FRM0	2016		u	
ESTAT:LFST_R_LFSD2POP(1.0)	17/04/26 11:00:00	A	NRP	F	Y35-44	THS_PER	FR10	2016	1.6	u	
ESTAT:LFST_R_LFSD2POP(1.0)	17/04/26 11:00:00	A	NRP	F	Y35-44	THS_PER	FRC1	2016		u	
ESTAT:LFST_R_LFSD2POP(1.0)	17/04/26 11:00:00	A	NRP	F	Y35-44	THS_PER	FRC2	2016		u	
ESTAT:LFST_R_LFSD2POP(1.0)	17/04/26 11:00:00	A	NRP	F	Y35-44	THS_PER	FRD1	2016		u	
ESTAT:LFST_R_LFSD2POP(1.0)	17/04/26 11:00:00	A	NRP	F	Y35-44	THS_PER	FRD2	2016		u	
ESTAT:LFST_R_LFSD2POP(1.0)	17/04/26 11:00:00	A	NRP	F	Y35-44	THS_PER	FRE1	2016	1.0	u	
ESTAT:LFST_R_LFSD2POP(1.0)	17/04/26 11:00:00	A	NRP	F	Y35-44	THS_PER	FRE2	2016		u	
ESTAT:LFST_R_LFSD2POP(1.0)	17/04/26 11:00:00	A	NRP	F	Y35-44	THS_PER	FRF1	2016	0.8	u	
ESTAT:LFST_R_LFSD2POP(1.0)	17/04/26 11:00:00	A	NRP	F	Y35-44	THS_PER	FRH0	2016		u	
ESTAT:LFST_R_LFSD2POP(1.0)	17/04/26 11:00:00	A	NRP	F	Y35-44	THS_PER	FRI1	2016	1.0	u	
ESTAT:LFST_R_LFSD2POP(1.0)	17/04/26 11:00:00	A	NRP	F	Y35-44	THS_PER	FRI3	2016		u	
ESTAT:LFST_R_LFSD2POP(1.0)	17/04/26 11:00:00	A	NRP	F	Y35-44	THS_PER	FRJ1	2016	0.6	u	
ESTAT:LFST_R_LFSD2POP(1.0)	17/04/26 11:00:00	A	NRP	F	Y35-44	THS_PER	FRJ2	2016		u	
ESTAT:LFST_R_LFSD2POP(1.0)	17/04/26 11:00:00	A	NRP	F	Y35-44	THS_PER	FRK2	2016		u	
ESTAT:LFST_R_LFSD2POP(1.0)	17/04/26 11:00:00	A	NRP	F	Y35-44	THS_PER	FRL0	2016	1.1	u	
ESTAT:LFST_R_LFSD2POP(1.0)	17/04/26 11:00:00	A	NRP	F	Y45-54	THS_PER	FR10	2016	3.6	u	
ESTAT:LFST_R_LFSD2POP(1.0)	17/04/26 11:00:00	A	NRP	F	Y45-54	THS_PER	FRB0	2016		u	
ESTAT:LFST_R_LFSD2POP(1.0)	17/04/26 11:00:00	A	NRP	F	Y45-54	THS_PER	FRC2	2016		u	
ESTAT:LFST_R_LFSD2POP(1.0)	17/04/26 11:00:00	A	NRP	F	Y45-54	THS_PER	FRD1	2016		u	
ESTAT:LFST_R_LFSD2POP(1.0)	17/04/26 11:00:00	A	NRP	F	Y45-54	THS_PER	FRD2	2016	0.7	u	
ESTAT:LFST_R_LFSD2POP(1.0)	17/04/26 11:00:00	A	NRP	F	Y45-54	THS_PER	FRE1	2016	0.9	u	
ESTAT:LFST_R_LFSD2POP(1.0)	17/04/26 11:00:00	A	NRP	F	Y45-54	THS_PER	FRE2	2016		u	
ESTAT:LFST_R_LFSD2POP(1.0)	17/04/26 11:00:00	A	NRP	F	Y45-54	THS_PER	FRF3	2016		u	
ESTAT:LFST_R_LFSD2POP(1.0)	17/04/26 11:00:00	A	NRP	F	Y45-54	THS_PER	FRG0	2016	0.5	u	
ESTAT:LFST_R_LFSD2POP(1.0)	17/04/26 11:00:00	A	NRP	F	Y45-54	THS_PER	FRH0	2016		u	
ESTAT:LFST_R_LFSD2POP(1.0)	17/04/26 11:00:00	A	NRP	F	Y45-54	THS_PER	FRI1	2016		u	
ESTAT:LFST_R_LFSD2POP(1.0)	17/04/26 11:00:00	A	NRP	F	Y45-54	THS_PER	FRI2	2016		u	
ESTAT:LFST_R_LFSD2POP(1.0)	17/04/26 11:00:00	A	NRP	F	Y45-54	THS_PER	FRI3	2016		u	
ESTAT:LFST_R_LFSD2POP(1.0)	17/04/26 11:00:00	A	NRP	F	Y45-54	THS_PER	FRJ2	2016		u	
ESTAT:LFST_R_LFSD2POP(1.0)	17/04/26 11:00:00	A	NRP	F	Y45-54	THS_PER	FRK1	2016		u	
ESTAT:LFST_R_LFSD2POP(1.0)	17/04/26 11:00:00	A	NRP	F	Y45-54	THS_PER	FRK2	2016	2.9	u	
ESTAT:LFST_R_LFSD2POP(1.0)	17/04/26 11:00:00	A	NRP	F	Y45-54	THS_PER	FRL0	2016	1.7	u	
ESTAT:LFST_R_LFSD2POP(1.0)	17/04/26 11:00:00	A	NRP	F	Y55-64	THS_PER	FR10	2016	1.2	u	
ESTAT:LFST_R_LFSD2POP(1.0)	17/04/26 11:00:00	A	NRP	F	Y55-64	THS_PER	FRB0	2016		u	
ESTAT:LFST_R_LFSD2POP(1.0)	17/04/26 11:00:00	A	NRP	F	Y55-64	THS_PER	FRC1	2016		u	
ESTAT:LFST_R_LFSD2POP(1.0)	17/04/26 11:00:00	A	NRP	F	Y55-64	THS_PER	FRC2	2016		u	
ESTAT:LFST_R_LFSD2POP(1.0)	17/04/26 11:00:00	A	NRP	F	Y55-64	THS_PER	FRD1	2016		u	
ESTAT:LFST_R_LFSD2POP(1.0)	17/04/26 11:00:00	A	NRP	F	Y55-64	THS_PER	FRD2	2016		u	
ESTAT:LFST_R_LFSD2POP(1.0)	17/04/26 11:00:00	A	NRP	F	Y55-64	THS_PER	FRE1	2016		u	
ESTAT:LFST_R_LFSD2POP(1.0)	17/04/26 11:00:00	A	NRP	F	Y55-64	THS_PER	FRE2	2016		u	
ESTAT:LFST_R_LFSD2POP(1.0)	17/04/26 11:00:00	A	NRP	F	Y55-64	THS_PER	FRF1	2016		u	
ESTAT:LFST_R_LFSD2POP(1.0)	17/04/26 11:00:00	A	NRP	F	Y55-64	THS_PER	FRF3	2016		u	
ESTAT:LFST_R_LFSD2POP(1.0)	17/04/26 11:00:00	A	NRP	F	Y55-64	THS_PER	FRG0	2016		u	
ESTAT:LFST_R_LFSD2POP(1.0)	17/04/26 11:00:00	A	NRP	F	Y55-64	THS_PER	FRH0	2016		u	
ESTAT:LFST_R_LFSD2POP(1.0)	17/04/26 11:00:00	A	NRP	F	Y55-64	THS_PER	FRI1	2016	0.7	u	
ESTAT:LFST_R_LFSD2POP(1.0)	17/04/26 11:00:00	A	NRP	F	Y55-64	THS_PER	FRI2	2016		u	
ESTAT:LFST_R_LFSD2POP(1.0)	17/04/26 11:00:00	A	NRP	F	Y55-64	THS_PER	FRJ2	2016	0.7	u	
ESTAT:LFST_R_LFSD2POP(1.0)	17/04/26 11:00:00	A	NRP	F	Y55-64	THS_PER	FRK2	2016	0.7	u	
ESTAT:LFST_R_LFSD2POP(1.0)	17/04/26 11:00:00	A	NRP	F	Y55-64	THS_PER	FRL0	2016	0.7	u	
ESTAT:LFST_R_LFSD2POP(1.0)	17/04/26 11:00:00	A	NRP	F	Y_GE15	THS_PER	FR10	2016	22.5		
ESTAT:LFST_R_LFSD2POP(1.0)	17/04/26 11:00:00	A	NRP	F	Y_GE15	THS_PER	FRB0	2016	0.8	u	
ESTAT:LFST_R_LFSD2POP(1.0)	17/04/26 11:00:00	A	NRP	F	Y_GE15	THS_PER	FRC1	2016	0.6	u	
ESTAT:LFST_R_LFSD2POP(1.0)	17/04/26 11:00:00	A	NRP	F	Y_GE15	THS_PER	FRC2	2016	1.3	u	
ESTAT:LFST_R_LFSD2POP(1.0)	17/04/26 11:00:00	A	NRP	F	Y_GE15	THS_PER	FRD1	2016	0.8	u	
ESTAT:LFST_R_LFSD2POP(1.0)	17/04/26 11:00:00	A	NRP	F	Y_GE15	THS_PER	FRD2	2016	1.9	u	
ESTAT:LFST_R_LFSD2POP(1.0)	17/04/26 11:00:00	A	NRP	F	Y_GE15	THS_PER	FRE1	2016	3.5	u	
ESTAT:LFST_R_LFSD2POP(1.0)	17/04/26 11:00:00	A	NRP	F	Y_GE15	THS_PER	FRE2	2016	2.3	u	
ESTAT:LFST_R_LFSD2POP(1.0)	17/04/26 11:00:00	A	NRP	F	Y_GE15	THS_PER	FRF1	2016	2.5	u	
ESTAT:LFST_R_LFSD2POP(1.0)	17/04/26 11:00:00	A	NRP	F	Y_GE15	THS_PER	FRF2	2016		u	
ESTAT:LFST_R_LFSD2POP(1.0)	17/04/26 11:00:00	A	NRP	F	Y_GE15	THS_PER	FRF3	2016	2.3	u	
ESTAT:LFST_R_LFSD2POP(1.0)	17/04/26 11:00:00	A	NRP	F	Y_GE15	THS_PER	FRG0	2016	4.1	u	
ESTAT:LFST_R_LFSD2POP(1.0)	17/04/26 11:00:00	A	NRP	F	Y_GE15	THS_PER	FRH0	2016	1.7	u	
ESTAT:LFST_R_LFSD2POP(1.0)	17/04/26 11:00:00	A	NRP	F	Y_GE15	THS_PER	FRI1	2016	4.0	u	
ESTAT:LFST_R_LFSD2POP(1.0)	17/04/26 11:00:00	A	NRP	F	Y_GE15	THS_PER	FRI2	2016		u	
ESTAT:LFST_R_LFSD2POP(1.0)	17/04/26 11:00:00	A	NRP	F	Y_GE15	THS_PER	FRI3	2016		u	
ESTAT:LFST_R_LFSD2POP(1.0)	17/04/26 11:00:00	A	NRP	F	Y_GE15	THS_PER	FRJ1	2016	1.9	u	
ESTAT:LFST_R_LFSD2POP(1.0)	17/04/26 11:00:00	A	NRP	F	Y_GE15	THS_PER	FRJ2	2016	2.1	u	
ESTAT:LFST_R_LFSD2POP(1.0)	17/04/26 11:00:00	A	NRP	F	Y_GE15	THS_PER	FRK1	2016	0.6	u	
ESTAT:LFST_R_LFSD2POP(1.0)	17/04/26 11:00:00	A	NRP	F	Y_GE15	THS_PER	FRK2	2016	5.7	u	
ESTAT:LFST_R_LFSD2POP(1.0)	17/04/26 11:00:00	A	NRP	F	Y_GE15	THS_PER	FRL0	2016	7.5	u	
ESTAT:LFST_R_LFSD2POP(1.0)	17/04/26 11:00:00	A	NRP	F	Y_GE15	THS_PER	FRM0	2016		u	
ESTAT:LFST_R_LFSD2POP(1.0)	17/04/26 11:00:00	A	NRP	F	Y_GE25	THS_PER	FR10	2016	13.5		
ESTAT:LFST_R_LFSD2POP(1.0)	17/04/26 11:00:00	A	NRP	F	Y_GE25	THS_PER	FRB0	2016		u	
ESTAT:LFST_R_LFSD2POP(1.0)	17/04/26 11:00:00	A	NRP	F	Y_GE25	THS_PER	FRC1	2016	0.5	u	
ESTAT:LFST_R_LFSD2POP(1.0)	17/04/26 11:00:00	A	NRP	F	Y_GE25	THS_PER	FRC2	2016	1.1	u	
ESTAT:LFST_R_LFSD2POP(1.0)	17/04/26 11:00:00	A	NRP	F	Y_GE25	THS_PER	FRD1	2016		u	
ESTAT:LFST_R_LFSD2POP(1.0)	17/04/26 11:00:00	A	NRP	F	Y_GE25	THS_PER	FRD2	2016	1.5	u	
ESTAT:LFST_R_LFSD2POP(1.0)	17/04/26 11:00:00	A	NRP	F	Y_GE25	THS_PER	FRE1	2016	2.5	u	
ESTAT:LFST_R_LFSD2POP(1.0)	17/04/26 11:00:00	A	NRP	F	Y_GE25	THS_PER	FRE2	2016	2.3	u	
ESTAT:LFST_R_LFSD2POP(1.0)	17/04/26 11:00:00	A	NRP	F	Y_GE25	THS_PER	FRF1	2016	1.1	u	
ESTAT:LFST_R_LFSD2POP(1.0)	17/04/26 11:00:00	A	NRP	F	Y_GE25	THS_PER	FRF2	2016		u	
ESTAT:LFST_R_LFSD2POP(1.0)	17/04/26 11:00:00	A	NRP	F	Y_GE25	THS_PER	FRF3	2016	1.0	u	
ESTAT:LFST_R_LFSD2POP(1.0)	17/04/26 11:00:00	A	NRP	F	Y_GE25	THS_PER	FRG0	2016	3.5	u	
ESTAT:LFST_R_LFSD2POP(1.0)	17/04/26 11:00:00	A	NRP	F	Y_GE25	THS_PER	FRH0	2016		u	
ESTAT:LFST_R_LFSD2POP(1.0)	17/04/26 11:00:00	A	NRP	F	Y_GE25	THS_PER	FRI1	2016	3.1	u	
ESTAT:LFST_R_LFSD2POP(1.0)	17/04/26 11:00:00	A	NRP	F	Y_GE25	THS_PER	FRI2	2016		u	
ESTAT:LFST_R_LFSD2POP(1.0)	17/04/26 11:00:00	A	NRP	F	Y_GE25	THS_PER	FRI3	2016		u	
ESTAT:LFST_R_LFSD2POP(1.0)	17/04/26 11:00:00	A	NRP	F	Y_GE25	THS_PER	FRJ1	2016	1.9	u	
ESTAT:LFST_R_LFSD2POP(1.0)	17/04/26 11:00:00	A	NRP	F	Y_GE25	THS_PER	FRJ2	2016	1.1	u	
ESTAT:LFST_R_LFSD2POP(1.0)	17/04/26 11:00:00	A	NRP	F	Y_GE25	THS_PER	FRK1	2016		u	
ESTAT:LFST_R_LFSD2POP(1.0)	17/04/26 11:00:00	A	NRP	F	Y_GE25	THS_PER	FRK2	2016	4.3	u	
ESTAT:LFST_R_LFSD2POP(1.0)	17/04/26 11:00:00	A	NRP	F	Y_GE25	THS_PER	FRL0	2016	5.8	u	
ESTAT:LFST_R_LFSD2POP(1.0)	17/04/26 11:00:00	A	NRP	F	Y_GE25	THS_PER	FRM0	2016		u	
ESTAT:LFST_R_LFSD2POP(1.0)	17/04/26 11:00:00	A	NRP	F	Y_GE65	THS_PER	FR10	2016	1.6	u	
ESTAT:LFST_R_LFSD2POP(1.0)	17/04/26 11:00:00	A	NRP	F	Y_GE65	THS_PER	FRD1	2016		u	
ESTAT:LFST_R_LFSD2POP(1.0)	17/04/26 11:00:00	A	NRP	F	Y_GE65	THS_PER	FRD2	2016		u	
ESTAT:LFST_R_LFSD2POP(1.0)	17/04/26 11:00:00	A	NRP	F	Y_GE65	THS_PER	FRE1	2016		u	
ESTAT:LFST_R_LFSD2POP(1.0)	17/04/26 11:00:00	A	NRP	F	Y_GE65	THS_PER	FRE2	2016		u	
ESTAT:LFST_R_LFSD2POP(1.0)	17/04/26 11:00:00	A	NRP	F	Y_GE65	THS_PER	FRH0	2016		u	
ESTAT:LFST_R_LFSD2POP(1.0)	17/04/26 11:00:00	A	NRP	F	Y_GE65	THS_PER	FRJ1	2016		u	
ESTAT:LFST_R_LFSD2POP(1.0)	17/04/26 11:00:00	A	NRP	F	Y_GE65	THS_PER	FRJ2	2016		u	
ESTAT:LFST_R_LFSD2POP(1.0)	17/04/26 11:00:00	A	NRP	F	Y_GE65	THS_PER	FRK1	2016		u	
ESTAT:LFST_R_LFSD2POP(1.0)	17/04/26 11:00:00	A	NRP	F	Y_GE65	THS_PER	FRL0	2016		u	
ESTAT:LFST_R_LFSD2POP(1.0)	17/04/26 11:00:00	A	NRP	M	Y15-24	THS_PER	FR10	2016	7.1	u	
ESTAT:LFST_R_LFSD2POP(1.0)	17/04/26 11:00:00	A	NRP	M	Y15-24	THS_PER	FRB0	2016	0.7	u	
ESTAT:LFST_R_LFSD2POP(1.0)	17/04/26 11:00:00	A	NRP	M	Y15-24	THS_PER	FRC1	2016	0.6	u	
ESTAT:LFST_R_LFSD2POP(1.0)	17/04/26 11:00:00	A	NRP	M	Y15-24	THS_PER	FRC2	2016		u	
ESTAT:LFST_R_LFSD2POP(1.0)	17/04/26 11:00:00	A	NRP	M	Y15-24	THS_PER	FRD1	2016		u	
ESTAT:LFST_R_LFSD2POP(1.0)	17/04/26 11:00:00	A	NRP	M	Y15-24	THS_PER	FRD2	2016		u	
ESTAT:LFST_R_LFSD2POP(1.0)	17/04/26 11:00:00	A	NRP	M	Y15-24	THS_PER	FRE1	2016	1.2	u	
ESTAT:LFST_R_LFSD2POP(1.0)	17/04/26 11:00:00	A	NRP	M	Y15-24	THS_PER	FRF2	2016	0.9	u	
ESTAT:LFST_R_LFSD2POP(1.0)	17/04/26 11:00:00	A	NRP	M	Y15-24	THS_PER	FRF3	2016		u	
ESTAT:LFST_R_LFSD2POP(1.0)	17/04/26 11:00:00	A	NRP	M	Y15-24	THS_PER	FRG0	2016		u	
ESTAT:LFST_R_LFSD2POP(1.0)	17/04/26 11:00:00	A	NRP	M	Y15-24	THS_PER	FRH0	2016	0.8	u	
ESTAT:LFST_R_LFSD2POP(1.0)	17/04/26 11:00:00	A	NRP	M	Y15-24	THS_PER	FRI1	2016	0.7	u	
ESTAT:LFST_R_LFSD2POP(1.0)	17/04/26 11:00:00	A	NRP	M	Y15-24	THS_PER	FRJ1	2016		u	
ESTAT:LFST_R_LFSD2POP(1.0)	17/04/26 11:00:00	A	NRP	M	Y15-24	THS_PER	FRJ2	2016	1.1	u	
ESTAT:LFST_R_LFSD2POP(1.0)	17/04/26 11:00:00	A	NRP	M	Y15-24	THS_PER	FRK1	2016		u	
ESTAT:LFST_R_LFSD2POP(1.0)	17/04/26 11:00:00	A	NRP	M	Y15-24	THS_PER	FRK2	2016	1.9	u	
ESTAT:LFST_R_LFSD2POP(1.0)	17/04/26 11:00:00	A	NRP	M	Y15-24	THS_PER	FRL0	2016	2.1	u	
ESTAT:LFST_R_LFSD2POP(1.0)	17/04/26 11:00:00	A	NRP	M	Y15-64	THS_PER	FR10	2016	22.8		
ESTAT:LFST_R_LFSD2POP(1.0)	17/04/26 11:00:00	A	NRP	M	Y15-64	THS_PER	FRB0	2016	1.3	u	
ESTAT:LFST_R_LFSD2POP(1.0)	17/04/26 11:00:00	A	NRP	M	Y15-64	THS_PER	FRC1	2016	2.0	u	
ESTAT:LFST_R_LFSD2POP(1.0)	17/04/26 11:00:00	A	NRP	M	Y15-64	THS_PER	FRC2	2016	1.9	u	
ESTAT:LFST_R_LFSD2POP(1.0)	17/04/26 11:00:00	A	NRP	M	Y15-64	THS_PER	FRD1	2016	0.8	u	
ESTAT:LFST_R_LFSD2POP(1.0)	17/04/26 11:00:00	A	NRP	M	Y15-64	THS_PER	FRD2	2016	1.5	u	
ESTAT:LFST_R_LFSD2POP(1.0)	17/04/26 11:00:00	A	NRP	M	Y15-64	THS_PER	FRE1	2016	2.8	u	
ESTAT:LFST_R_LFSD2POP(1.0)	17/04/26 11:00:00	A	NRP	M	Y15-64	THS_PER	FRE2	2016	2.1	u	
ESTAT:LFST_R_LFSD2POP(1.0)	17/04/26 11:00:00	A	NRP	M	Y15-64	THS_PER	FRF1	2016		u	
ESTAT:LFST_R_LFSD2POP(1.0)	17/04/26 11:00:00	A	NRP	M	Y15-64	THS_PER	FRF2	2016	1.9	u	
ESTAT:LFST_R_LFSD2POP(1.0)	17/04/26 11:00:00	A	NRP	M	Y15-64	THS_PER	FRF3	2016	2.0	u	
ESTAT:LFST_R_LFSD2POP(1.0)	17/04/26 11:00:00	A	NRP	M	Y15-64	THS_PER	FRG0	2016	1.8	u	
ESTAT:LFST_R_LFSD2POP(1.0)	17/04/26 11:00:00	A	NRP	M	Y15-64	THS_PER	FRH0	2016	1.8	u	
ESTAT:LFST_R_LFSD2POP(1.0)	17/04/26 11:00:00	A	NRP	M	Y15-64	THS_PER	FRI1	2016	2.4	u	
ESTAT:LFST_R_LFSD2POP(1.0)	17/04/26 11:00:00	A	NRP	M	Y15-64	THS_PER	FRI2	2016		u	
ESTAT:LFST_R_LFSD2POP(1.0)	17/04/26 11:00:00	A	NRP	M	Y15-64	THS_PER	FRI3	2016		u	
ESTAT:LFST_R_LFSD2POP(1.0)	17/04/26 11:00:00	A	NRP	M	Y15-64	THS_PER	FRJ1	2016	2.6	u	
ESTAT:LFST_R_LFSD2POP(1.0)	17/04/26 11:00:00	A	NRP	M	Y15-64	THS_PER	FRJ2	2016	4.2	u	
ESTAT:LFST_R_LFSD2POP(1.0)	17/04/26 11:00:00	A	NRP	M	Y15-64	THS_PER	FRK1	2016	1.5	u	
ESTAT:LFST_R_LFSD2POP(1.0)	17/04/26 11:00:00	A	NRP	M	Y15-64	THS_PER	FRK2	2016	6.9	u	
ESTAT:LFST_R_LFSD2POP(1.0)	17/04/26 11:00:00	A	NRP	M	Y15-64	THS_PER	FRL0	2016	6.8	u	
ESTAT:LFST_R_LFSD2POP(1.0)	17/04/26 11:00:00	A	NRP	M	Y15-64	THS_PER	FRM0	2016		u	
ESTAT:LFST_R_LFSD2POP(1.0)	17/04/26 11:00:00	A	NRP	M	Y15-74	THS_PER	FR10	2016	23.8		
ESTAT:LFST_R_LFSD2POP(1.0)	17/04/26 11:00:00	A	NRP	M	Y15-74	THS_PER	FRB0	2016	1.3	u	
ESTAT:LFST_R_LFSD2POP(1.0)	17/04/26 11:00:00	A	NRP	M	Y15-74	THS_PER	FRC1	2016	2.0	u	
ESTAT:LFST_R_LFSD2POP(1.0)	17/04/26 11:00:00	A	NRP	M	Y15-74	THS_PER	FRC2	2016	1.9	u	
ESTAT:LFST_R_LFSD2POP(1.0)	17/04/26 11:00:00	A	NRP	M	Y15-74	THS_PER	FRD1	2016	0.8	u	
ESTAT:LFST_R_LFSD2POP(1.0)	17/04/26 11:00:00	A	NRP	M	Y15-74	THS_PER	FRD2	2016	1.6	u	
ESTAT:LFST_R_LFSD2POP(1.0)	17/04/26 11:00:00	A	NRP	M	Y15-74	THS_PER	FRE1	2016	3.0	u	
ESTAT:LFST_R_LFSD2POP(1.0)	17/04/26 11:00:00	A	NRP	M	Y15-74	THS_PER	FRE2	2016	2.1	u	
ESTAT:LFST_R_LFSD2POP(1.0)	17/04/26 11:00:00	A	NRP	M	Y15-74	THS_PER	FRF1	2016		u	
ESTAT:LFST_R_LFSD2POP(1.0)	17/04/26 11:00:00	A	NRP	M	Y15-74	THS_PER	FRF2	2016	1.9	u	
ESTAT:LFST_R_LFSD2POP(1.0)	17/04/26 11:00:00	A	NRP	M	Y15-74	THS_PER	FRF3	2016	2.0	u	
ESTAT:LFST_R_LFSD2POP(1.0)	17/04/26 11:00:00	A	NRP	M	Y15-74	THS_PER	FRG0	2016	1.8	u	
ESTAT:LFST_R_LFSD2POP(1.0)	17/04/26 11:00:00	A	NRP	M	Y15-74	THS_PER	FRH0	2016	1.8	u	
ESTAT:LFST_R_LFSD2POP(1.0)	17/04/26 11:00:00	A	NRP	M	Y15-74	THS_PER	FRI1	2016	2.4	u	
ESTAT:LFST_R_LFSD2POP(1.0)	17/04/26 11:00:00	A	NRP	M	Y15-74	THS_PER	FRI2	2016		u	
ESTAT:LFST_R_LFSD2POP(1.0)	17/04/26 11:00:00	A	NRP	M	Y15-74	THS_PER	FRI3	2016		u	
ESTAT:LFST_R_LFSD2POP(1.0)	17/04/26 11:00:00	A	NRP	M	Y15-74	THS_PER	FRJ1	2016	2.6	u	
ESTAT:LFST_R_LFSD2POP(1.0)	17/04/26 11:00:00	A	NRP	M	Y15-74	THS_PER	FRJ2	2016	4.2	u	
ESTAT:LFST_R_LFSD2POP(1.0)	17/04/26 11:00:00	A	NRP	M	Y15-74	THS_PER	FRK1	2016	1.5	u	
ESTAT:LFST_R_LFSD2POP(1.0)	17/04/26 11:00:00	A	NRP	M	Y15-74	THS_PER	FRK2	2016	7.1	u	
ESTAT:LFST_R_LFSD2POP(1.0)	17/04/26 11:00:00	A	NRP	M	Y15-74	THS_PER	FRL0	2016	7.3	u	
ESTAT:LFST_R_LFSD2POP(1.0)	17/04/26 11:00:00	A	NRP	M	Y15-74	THS_PER	FRM0	2016		u	
ESTAT:LFST_R_LFSD2POP(1.0)	17/04/26 11:00:00	A	NRP	M	Y20-64	THS_PER	FR10	2016	20.2		
ESTAT:LFST_R_LFSD2POP(1.0)	17/04/26 11:00:00	A	NRP	M	Y20-64	THS_PER	FRB0	2016	0.7	u	
ESTAT:LFST_R_LFSD2POP(1.0)	17/04/26 11:00:00	A	NRP	M	Y20-64	THS_PER	FRC1	2016	2.0	u	
ESTAT:LFST_R_LFSD2POP(1.0)	17/04/26 11:00:00	A	NRP	M	Y20-64	THS_PER	FRC2	2016	1.8	u	
ESTAT:LFST_R_LFSD2POP(1.0)	17/04/26 11:00:00	A	NRP	M	Y20-64	THS_PER	FRD1	2016	0.5	u	
ESTAT:LFST_R_LFSD2POP(1.0)	17/04/26 11:00:00	A	NRP	M	Y20-64	THS_PER	FRD2	2016	1.5	u	
ESTAT:LFST_R_LFSD2POP(1.0)	17/04/26 11:00:00	A	NRP	M	Y20-64	THS_PER	FRE1	2016	2.6	u	
ESTAT:LFST_R_LFSD2POP(1.0)	17/04/26 11:00:00	A	NRP	M	Y20-64	THS_PER	FRE2	2016	2.1	u	
ESTAT:LFST_R_LFSD2POP(1.0)	17/04/26 11:00:00	A	NRP	M	Y20-64	THS_PER	FRF1	2016		u	
ESTAT:LFST_R_LFSD2POP(1.0)	17/04/26 11:00:00	A	NRP	M	Y20-64	THS_PER	FRF2	2016	1.8	u	
ESTAT:LFST_R_LFSD2POP(1.0)	17/04/26 11:00:00	A	NRP	M	Y20-64	THS_PER	FRF3	2016	1.5	u	
ESTAT:LFST_R_LFSD2POP(1.0)	17/04/26 11:00:00	A	NRP	M	Y20-64	THS_PER	FRG0	2016	1.8	u	
ESTAT:LFST_R_LFSD2POP(1.0)	17/04/26 11:00:00	A	NRP	M	Y20-64	THS_PER	FRH0	2016	1.6	u	
ESTAT:LFST_R_LFSD2POP(1.0)	17/04/26 11:00:00	A	NRP	M	Y20-64	THS_PER	FRI1	2016	2.3	u	
ESTAT:LFST_R_LFSD2POP(1.0)	17/04/26 11:00:00	A	NRP	M	Y20-64	THS_PER	FRI2	2016		u	
ESTAT:LFST_R_LFSD2POP(1.0)	17/04/26 11:00:00	A	NRP	M	Y20-64	THS_PER	FRI3	2016		u	
ESTAT:LFST_R_LFSD2POP(1.0)	17/04/26 11:00:00	A	NRP	M	Y20-64	THS_PER	FRJ1	2016	2.4	u	
ESTAT:LFST_R_LFSD2POP(1.0)	17/04/26 11:00:00	A	NRP	M	Y20-64	THS_PER	FRJ2	2016	4.0	u	
ESTAT:LFST_R_LFSD2POP(1.0)	17/04/26 11:00:00	A	NRP	M	Y20-64	THS_PER	FRK1	2016	1.5	u	
ESTAT:LFST_R_LFSD2POP(1.0)	17/04/26 11:00:00	A	NRP	M	Y20-64	THS_PER	FRK2	2016	6.6	u	
ESTAT:LFST_R_LFSD2POP(1.0)	17/04/26 11:00:00	A	NRP	M	Y20-64	THS_PER	FRL0	2016	6.1	u	
ESTAT:LFST_R_LFSD2POP(1.0)	17/04/26 11:00:00	A	NRP	M	Y20-64	THS_PER	FRM0	2016		u	
ESTAT:LFST_R_LFSD2POP(1.0)	17/04/26 11:00:00	A	NRP	M	Y25-34	THS_PER	FR10	2016	9.1	u	
ESTAT:LFST_R_LFSD2POP(1.0)	17/04/26 11:00:00	A	NRP	M	Y25-34	THS_PER	FRB0	2016		u	
ESTAT:LFST_R_LFSD2POP(1.0)	17/04/26 11:00:00	A	NRP	M	Y25-34	THS_PER	FRC1	2016	1.0	u	
ESTAT:LFST_R_LFSD2POP(1.0)	17/04/26 11:00:00	A	NRP	M	Y25-34	THS_PER	FRC2	2016	1.1	u	
ESTAT:LFST_R_LFSD2POP(1.0)	17/04/26 11:00:00	A	NRP	M	Y25-34	THS_PER	FRD1	2016		u	
ESTAT:LFST_R_LFSD2POP(1.0)	17/04/26 11:00:00	A	NRP	M	Y25-34	THS_PER	FRD2	2016		u	
ESTAT:LFST_R_LFSD2POP(1.0)	17/04/26 11:00:00	A	NRP	M	Y25-34	THS_PER	FRE1	2016	0.8	u	
ESTAT:LFST_R_LFSD2POP(1.0)	17/04/26 11:00:00	A	NRP	M	Y25-34	THS_PER	FRE2	2016	1.2	u	
ESTAT:LFST_R_LFSD2POP(1.0)	17/04/26 11:00:00	A	NRP	M	Y25-34	THS_PER	FRF2	2016		u	
ESTAT:LFST_R_LFSD2POP(1.0)	17/04/26 11:00:00	A	NRP	M	Y25-34	THS_PER	FRF3	2016	1.0	u	
ESTAT:LFST_R_LFSD2POP(1.0)	17/04/26 11:00:00	A	NRP	M	Y25-34	THS_PER	FRG0	2016	0.6	u	
ESTAT:LFST_R_LFSD2POP(1.0)	17/04/26 11:00:00	A	NRP	M	Y25-34	THS_PER	FRH0	2016		u	
ESTAT:LFST_R_LFSD2POP(1.0)	17/04/26 11:00:00	A	NRP	M	Y25-34	THS_PER	FRI1	2016	0.6	u	
ESTAT:LFST_R_LFSD2POP(1.0)	17/04/26 11:00:00	A	NRP	M	Y25-34	THS_PER	FRJ1	2016	1.0	u	
ESTAT:LFST_R_LFSD2POP(1.0)	17/04/26 11:00:00	A	NRP	M	Y25-34	THS_PER	FRJ2	2016	0.9	u	
ESTAT:LFST_R_LFSD2POP(1.0)	17/04/26 11:00:00	A	NRP	M	Y25-34	THS_PER	FRK1	2016		u	
ESTAT:LFST_R_LFSD2POP(1.0)	17/04/26 11:00:00	A	NRP	M	Y25-34	THS_PER	FRK2	2016	2.1	u	
ESTAT:LFST_R_LFSD2POP(1.0)	17/04/26 11:00:00	A	NRP	M	Y25-34	THS_PER	FRL0	2016	1.4	u	
ESTAT:LFST_R_LFSD2POP(1.0)	17/04/26 11:00:00	A	NRP	M	Y25-64	THS_PER	FR10	2016	15.6		
ESTAT:LFST_R_LFSD2POP(1.0)	17/04/26 11:00:00	A	NRP	M	Y25-64	THS_PER	FRB0	2016	0.7	u	
ESTAT:LFST_R_LFSD2POP(1.0)	17/04/26 11:00:00	A	NRP	M	Y25-64	THS_PER	FRC1	2016	1.3	u	
ESTAT:LFST_R_LFSD2POP(1.0)	17/04/26 11:00:00	A	NRP	M	Y25-64	THS_PER	FRC2	2016	1.7	u	
ESTAT:LFST_R_LFSD2POP(1.0)	17/04/26 11:00:00	A	NRP	M	Y25-64	THS_PER	FRD1	2016	0.5	u	
ESTAT:LFST_R_LFSD2POP(1.0)	17/04/26 11:00:00	A	NRP	M	Y25-64	THS_PER	FRD2	2016	1.3	u	
ESTAT:LFST_R_LFSD2POP(1.0)	17/04/26 11:00:00	A	NRP	M	Y25-64	THS_PER	FRE1	2016	1.6	u	
ESTAT:LFST_R_LFSD2POP(1.0)	17/04/26 11:00:00	A	NRP	M	Y25-64	THS_PER	FRE2	2016	2.1	u	
ESTAT:LFST_R_LFSD2POP(1.0)	17/04/26 11:00:00	A	NRP	M	Y25-64	THS_PER	FRF1	2016		u	
ESTAT:LFST_R_LFSD2POP(1.0)	17/04/26 11:00:00	A	NRP	M	Y25-64	THS_PER	FRF2	2016	1.0	u	
ESTAT:LFST_R_LFSD2POP(1.0)	17/04/26 11:00:00	A	NRP	M	Y25-64	THS_PER	FRF3	2016	1.4	u	
ESTAT:LFST_R_LFSD2POP(1.0)	17/04/26 11:00:00	A	NRP	M	Y25-64	THS_PER	FRG0	2016	1.5	u	
ESTAT:LFST_R_LFSD2POP(1.0)	17/04/26 11:00:00	A	NRP	M	Y25-64	THS_PER	FRH0	2016	1.0	u	
ESTAT:LFST_R_LFSD2POP(1.0)	17/04/26 11:00:00	A	NRP	M	Y25-64	THS_PER	FRI1	2016	1.6	u	
ESTAT:LFST_R_LFSD2POP(1.0)	17/04/26 11:00:00	A	NRP	M	Y25-64	THS_PER	FRI2	2016		u	
ESTAT:LFST_R_LFSD2POP(1.0)	17/04/26 11:00:00	A	NRP	M	Y25-64	THS_PER	FRI3	2016		u	
ESTAT:LFST_R_LFSD2POP(1.0)	17/04/26 11:00:00	A	NRP	M	Y25-64	THS_PER	FRJ1	2016	2.4	u	
ESTAT:LFST_R_LFSD2POP(1.0)	17/04/26 11:00:00	A	NRP	M	Y25-64	THS_PER	FRJ2	2016	3.1	u	
ESTAT:LFST_R_LFSD2POP(1.0)	17/04/26 11:00:00	A	NRP	M	Y25-64	THS_PER	FRK1	2016	1.1	u	
ESTAT:LFST_R_LFSD2POP(1.0)	17/04/26 11:00:00	A	NRP	M	Y25-64	THS_PER	FRK2	2016	5.0	u	
ESTAT:LFST_R_LFSD2POP(1.0)	17/04/26 11:00:00	A	NRP	M	Y25-64	THS_PER	FRL0	2016	4.7	u	
ESTAT:LFST_R_LFSD2POP(1.0)	17/04/26 11:00:00	A	NRP	M	Y25-64	THS_PER	FRM0	2016		u	
ESTAT:LFST_R_LFSD2POP(1.0)	17/04/26 11:00:00	A	NRP	M	Y35-44	THS_PER	FR10	2016	2.6	u	
ESTAT:LFST_R_LFSD2POP(1.0)	17/04/26 11:00:00	A	NRP	M	Y35-44	THS_PER	FRC1	2016		u	
ESTAT:LFST_R_LFSD2POP(1.0)	17/04/26 11:00:00	A	NRP	M	Y35-44	THS_PER	FRC2	2016		u	
ESTAT:LFST_R_LFSD2POP(1.0)	17/04/26 11:00:00	A	NRP	M	Y35-44	THS_PER	FRD1	2016		u	
ESTAT:LFST_R_LFSD2POP(1.0)	17/04/26 11:00:00	A	NRP	M	Y35-44	THS_PER	FRD2	2016		u	
ESTAT:LFST_R_LFSD2POP(1.0)	17/04/26 11:00:00	A	NRP	M	Y35-44	THS_PER	FRE1	2016		u	
ESTAT:LFST_R_LFSD2POP(1.0)	17/04/26 11:00:00	A	NRP	M	Y35-44	THS_PER	FRE2	2016		u	
ESTAT:LFST_R_LFSD2POP(1.0)	17/04/26 11:00:00	A	NRP	M	Y35-44	THS_PER	FRF2	2016		u	
ESTAT:LFST_R_LFSD2POP(1.0)	17/04/26 11:00:00	A	NRP	M	Y35-44	THS_PER	FRH0	2016	0.6	u	
ESTAT:LFST_R_LFSD2POP(1.0)	17/04/26 11:00:00	A	NRP	M	Y35-44	THS_PER	FRI1	2016	0.5	u	
ESTAT:LFST_R_LFSD2POP(1.0)	17/04/26 11:00:00	A	NRP	M	Y35-44	THS_PER	FRI2	2016		u	
ESTAT:LFST_R_LFSD2POP(1.0)	17/04/26 11:00:00	A	NRP	M	Y35-44	THS_PER	FRJ1	2016		u	
ESTAT:LFST_R_LFSD2POP(1.0)	17/04/26 11:00:00	A	NRP	M	Y35-44	THS_PER	FRJ2	2016		u	
ESTAT:LFST_R_LFSD2POP(1.0)	17/04/26 11:00:00	A	NRP	M	Y35-44	THS_PER	FRK1	2016		u	
ESTAT:LFST_R_LFSD2POP(1.0)	17/04/26 11:00:00	A	NRP	M	Y35-44	THS_PER	FRK2	2016		u	
ESTAT:LFST_R_LFSD2POP(1.0)	17/04/26 11:00:00	A	NRP	M	Y35-44	THS_PER	FRL0	2016	1.0	u	
ESTAT:LFST_R_LFSD2POP(1.0)	17/04/26 11:00:00	A	NRP	M	Y45-54	THS_PER	FR10	2016	2.5	u	
ESTAT:LFST_R_LFSD2POP(1.0)	17/04/26 11:00:00	A	NRP	M	Y45-54	THS_PER	FRC1	2016		u	
ESTAT:LFST_R_LFSD2POP(1.0)	17/04/26 11:00:00	A	NRP	M	Y45-54	THS_PER	FRC2	2016		u	
ESTAT:LFST_R_LFSD2POP(1.0)	17/04/26 11:00:00	A	NRP	M	Y45-54	THS_PER	FRD1	2016		u	
ESTAT:LFST_R_LFSD2POP(1.0)	17/04/26 11:00:00	A	NRP	M	Y45-54	THS_PER	FRD2	2016	0.5	u	
ESTAT:LFST_R_LFSD2POP(1.0)	17/04/26 11:00:00	A	NRP	M	Y45-54	THS_PER	FRE1	2016		u	
ESTAT:LFST_R_LFSD2POP(1.0)	17/04/26 11:00:00	A	NRP	M	Y45-54	THS_PER	FRE2	2016		u	
ESTAT:LFST_R_LFSD2POP(1.0)	17/04/26 11:00:00	A	NRP	M	Y45-54	THS_PER	FRF2	2016		u	
ESTAT:LFST_R_LFSD2POP(1.0)	17/04/26 11:00:00	A	NRP	M	Y45-54	THS_PER	FRF3	2016		u	
ESTAT:LFST_R_LFSD2POP(1.0)	17/04/26 11:00:00	A	NRP	M	Y45-54	THS_PER	FRG0	2016	0.6	u	
ESTAT:LFST_R_LFSD2POP(1.0)	17/04/26 11:00:00	A	NRP	M	Y45-54	THS_PER	FRH0	2016		u	
ESTAT:LFST_R_LFSD2POP(1.0)	17/04/26 11:00:00	A	NRP	M	Y45-54	THS_PER	FRI1	2016		u	
ESTAT:LFST_R_LFSD2POP(1.0)	17/04/26 11:00:00	A	NRP	M	Y45-54	THS_PER	FRI2	2016		u	
ESTAT:LFST_R_LFSD2POP(1.0)	17/04/26 11:00:00	A	NRP	M	Y45-54	THS_PER	FRI3	2016		u	
ESTAT:LFST_R_LFSD2POP(1.0)	17/04/26 11:00:00	A	NRP	M	Y45-54	THS_PER	FRJ2	2016	1.0	u	
ESTAT:LFST_R_LFSD2POP(1.0)	17/04/26 11:00:00	A	NRP	M	Y45-54	THS_PER	FRK1	2016		u	
ESTAT:LFST_R_LFSD2POP(1.0)	17/04/26 11:00:00	A	NRP	M	Y45-54	THS_PER	FRK2	2016	2.2	u	
ESTAT:LFST_R_LFSD2POP(1.0)	17/04/26 11:00:00	A	NRP	M	Y45-54	THS_PER	FRL0	2016	1.5	u	
ESTAT:LFST_R_LFSD2POP(1.0)	17/04/26 11:00:00	A	NRP	M	Y45-54	THS_PER	FRM0	2016		u	
ESTAT:LFST_R_LFSD2POP(1.0)	17/04/26 11:00:00	A	NRP	M	Y55-64	THS_PER	FR10	2016	1.5	u	
ESTAT:LFST_R_LFSD2POP(1.0)	17/04/26 11:00:00	A	NRP	M	Y55-64	THS_PER	FRB0	2016		u	
ESTAT:LFST_R_LFSD2POP(1.0)	17/04/26 11:00:00	A	NRP	M	Y55-64	THS_PER	FRC1	2016		u	
ESTAT:LFST_R_LFSD2POP(1.0)	17/04/26 11:00:00	A	NRP	M	Y55-64	THS_PER	FRC2	2016		u	
ESTAT:LFST_R_LFSD2POP(1.0)	17/04/26 11:00:00	A	NRP	M	Y55-64	THS_PER	FRD2	2016		u	
ESTAT:LFST_R_LFSD2POP(1.0)	17/04/26 11:00:00	A	NRP	M	Y55-64	THS_PER	FRE1	2016		u	
ESTAT:LFST_R_LFSD2POP(1.0)	17/04/26 11:00:00	A	NRP	M	Y55-64	THS_PER	FRE2	2016		u	
ESTAT:LFST_R_LFSD2POP(1.0)	17/04/26 11:00:00	A	NRP	M	Y55-64	THS_PER	FRF1	2016		u	
ESTAT:LFST_R_LFSD2POP(1.0)	17/04/26 11:00:00	A	NRP	M	Y55-64	THS_PER	FRF3	2016		u	
ESTAT:LFST_R_LFSD2POP(1.0)	17/04/26 11:00:00	A	NRP	M	Y55-64	THS_PER	FRG0	2016		u	
ESTAT:LFST_R_LFSD2POP(1.0)	17/04/26 11:00:00	A	NRP	M	Y55-64	THS_PER	FRI1	2016		u	
ESTAT:LFST_R_LFSD2POP(1.0)	17/04/26 11:00:00	A	NRP	M	Y55-64	THS_PER	FRI2	2016		u	
ESTAT:LFST_R_LFSD2POP(1.0)	17/04/26 11:00:00	A	NRP	M	Y55-64	THS_PER	FRJ1	2016		u	
ESTAT:LFST_R_LFSD2POP(1.0)	17/04/26 11:00:00	A	NRP	M	Y55-64	THS_PER	FRJ2	2016	1.0	u	
ESTAT:LFST_R_LFSD2POP(1.0)	17/04/26 11:00:00	A	NRP	M	Y55-64	THS_PER	FRK1	2016		u	
ESTAT:LFST_R_LFSD2POP(1.0)	17/04/26 11:00:00	A	NRP	M	Y55-64	THS_PER	FRK2	2016	0.6	u	
ESTAT:LFST_R_LFSD2POP(1.0)	17/04/26 11:00:00	A	NRP	M	Y55-64	THS_PER	FRL0	2016	0.8	u	
ESTAT:LFST_R_LFSD2POP(1.0)	17/04/26 11:00:00	A	NRP	M	Y_GE15	THS_PER	FR10	2016	23.9		
ESTAT:LFST_R_LFSD2POP(1.0)	17/04/26 11:00:00	A	NRP	M	Y_GE15	THS_PER	FRB0	2016	1.3	u	
ESTAT:LFST_R_LFSD2POP(1.0)	17/04/26 11:00:00	A	NRP	M	Y_GE15	THS_PER	FRC1	2016	2.0	u	
ESTAT:LFST_R_LFSD2POP(1.0)	17/04/26 11:00:00	A	NRP	M	Y_GE15	THS_PER	FRC2	2016	1.9	u	
ESTAT:LFST_R_LFSD2POP(1.0)	17/04/26 11:00:00	A	NRP	M	Y_GE15	THS_PER	FRD1	2016	0.9	u	
ESTAT:LFST_R_LFSD2POP(1.0)	17/04/26 11:00:00	A	NRP	M	Y_GE15	THS_PER	FRD2	2016	1.6	u	
ESTAT:LFST_R_LFSD2POP(1.0)	17/04/26 11:00:00	A	NRP	M	Y_GE15	THS_PER	FRE1	2016	3.2	u	
ESTAT:LFST_R_LFSD2POP(1.0)	17/04/26 11:00:00	A	NRP	M	Y_GE15	THS_PER	FRE2	2016	2.1	u	
ESTAT:LFST_R_LFSD2POP(1.0)	17/04/26 11:00:00	A	NRP	M	Y_GE15	THS_PER	FRF1	2016		u	
ESTAT:LFST_R_LFSD2POP(1.0)	17/04/26 11:00:00	A	NRP	M	Y_GE15	THS_PER	FRF2	2016	1.9	u	
ESTAT:LFST_R_LFSD2POP(1.0)	17/04/26 11:00:00	A	NRP	M	Y_GE15	THS_PER	FRF3	2016	2.2	u	
ESTAT:LFST_R_LFSD2POP(1.0)	17/04/26 11:00:00	A	NRP	M	Y_GE15	THS_PER	FRG0	2016	1.8	u	
ESTAT:LFST_R_LFSD2POP(1.0)	17/04/26 11:00:00	A	NRP	M	Y_GE15	THS_PER	FRH0	2016	1.8	u	
ESTAT:LFST_R_LFSD2POP(1.0)	17/04/26 11:00:00	A	NRP	M	Y_GE15	THS_PER	FRI1	2016	2.4	u	
ESTAT:LFST_R_LFSD2POP(1.0)	17/04/26 11:00:00	A	NRP	M	Y_GE15	THS_PER	FRI2	2016		u	
ESTAT:LFST_R_LFSD2POP(1.0)	17/04/26 11:00:00	A	NRP	M	Y_GE15	THS_PER	FRI3	2016		u	
ESTAT:LFST_R_LFSD2POP(1.0)	17/04/26 11:00:00	A	NRP	M	Y_GE15	THS_PER	FRJ1	2016	2.6	u	
ESTAT:LFST_R_LFSD2POP(1.0)	17/04/26 11:00:00	A	NRP	M	Y_GE15	THS_PER	FRJ2	2016	4.2	u	
ESTAT:LFST_R_LFSD2POP(1.0)	17/04/26 11:00:00	A	NRP	M	Y_GE15	THS_PER	FRK1	2016	1.5	u	
ESTAT:LFST_R_LFSD2POP(1.0)	17/04/26 11:00:00	A	NRP	M	Y_GE15	THS_PER	FRK2	2016	7.3	u	
ESTAT:LFST_R_LFSD2POP(1.0)	17/04/26 11:00:00	A	NRP	M	Y_GE15	THS_PER	FRL0	2016	7.3	u	
ESTAT:LFST_R_LFSD2POP(1.0)	17/04/26 11:00:00	A	NRP	M	Y_GE15	THS_PER	FRM0	2016		u	
ESTAT:LFST_R_LFSD2POP(1.0)	17/04/26 11:00:00	A	NRP	M	Y_GE25	THS_PER	FR10	2016	16.8		
ESTAT:LFST_R_LFSD2POP(1.0)	17/04/26 11:00:00	A	NRP	M	Y_GE25	THS_PER	FRB0	2016	0.7	u	
ESTAT:LFST_R_LFSD2POP(1.0)	17/04/26 11:00:00	A	NRP	M	Y_GE25	THS_PER	FRC1	2016	1.3	u	
ESTAT:LFST_R_LFSD2POP(1.0)	17/04/26 11:00:00	A	NRP	M	Y_GE25	THS_PER	FRC2	2016	1.7	u	
ESTAT:LFST_R_LFSD2POP(1.0)	17/04/26 11:00:00	A	NRP	M	Y_GE25	THS_PER	FRD1	2016	0.6	u	
ESTAT:LFST_R_LFSD2POP(1.0)	17/04/26 11:00:00	A	NRP	M	Y_GE25	THS_PER	FRD2	2016	1.4	u	
ESTAT:LFST_R_LFSD2POP(1.0)	17/04/26 11:00:00	A	NRP	M	Y_GE25	THS_PER	FRE1	2016	2.0	u	
ESTAT:LFST_R_LFSD2POP(1.0)	17/04/26 11:00:00	A	NRP	M	Y_GE25	THS_PER	FRE2	2016	2.1	u	
ESTAT:LFST_R_LFSD2POP(1.0)	17/04/26 11:00:00	A	NRP	M	Y_GE25	THS_PER	FRF1	2016		u	
ESTAT:LFST_R_LFSD2POP(1.0)	17/04/26 11:00:00	A	NRP	M	Y_GE25	THS_PER	FRF2	2016	1.0	u	
ESTAT:LFST_R_LFSD2POP(1.0)	17/04/26 11:00:00	A	NRP	M	Y_GE25	THS_PER	FRF3	2016	1.6	u	
ESTAT:LFST_R_LFSD2POP(1.0)	17/04/26 11:00:00	A	NRP	M	Y_GE25	THS_PER	FRG0	2016	1.5	u	
ESTAT:LFST_R_LFSD2POP(1.0)	17/04/26 11:00:00	A	NRP	M	Y_GE25	THS_PER	FRH0	2016	1.0	u	
ESTAT:LFST_R_LFSD2POP(1.0)	17/04/26 11:00:00	A	NRP	M	Y_GE25	THS_PER	FRI1	2016	1.6	u	
ESTAT:LFST_R_LFSD2POP(1.0)	17/04/26 11:00:00	A	NRP	M	Y_GE25	THS_PER	FRI2	2016		u	
ESTAT:LFST_R_LFSD2POP(1.0)	17/04/26 11:00:00	A	NRP	M	Y_GE25	THS_PER	FRI3	2016		u	
ESTAT:LFST_R_LFSD2POP(1.0)	17/04/26 11:00:00	A	NRP	M	Y_GE25	THS_PER	FRJ1	2016	2.4	u	
ESTAT:LFST_R_LFSD2POP(1.0)	17/04/26 11:00:00	A	NRP	M	Y_GE25	THS_PER	FRJ2	2016	3.1	u	
ESTAT:LFST_R_LFSD2POP(1.0)	17/04/26 11:00:00	A	NRP	M	Y_GE25	THS_PER	FRK1	2016	1.1	u	
ESTAT:LFST_R_LFSD2POP(1.0)	17/04/26 11:00:00	A	NRP	M	Y_GE25	THS_PER	FRK2	2016	5.4	u	
ESTAT:LFST_R_LFSD2POP(1.0)	17/04/26 11:00:00	A	NRP	M	Y_GE25	THS_PER	FRL0	2016	5.2	u	
ESTAT:LFST_R_LFSD2POP(1.0)	17/04/26 11:00:00	A	NRP	M	Y_GE25	THS_PER	FRM0	2016		u	
ESTAT:LFST_R_LFSD2POP(1.0)	17/04/26 11:00:00	A	NRP	M	Y_GE65	THS_PER	FR10	2016	1.2	u	
ESTAT:LFST_R_LFSD2POP(1.0)	17/04/26 11:00:00	A	NRP	M	Y_GE65	THS_PER	FRD1	2016		u	
ESTAT:LFST_R_LFSD2POP(1.0)	17/04/26 11:00:00	A	NRP	M	Y_GE65	THS_PER	FRD2	2016		u	
ESTAT:LFST_R_LFSD2POP(1.0)	17/04/26 11:00:00	A	NRP	M	Y_GE65	THS_PER	FRE1	2016		u	
ESTAT:LFST_R_LFSD2POP(1.0)	17/04/26 11:00:00	A	NRP	M	Y_GE65	THS_PER	FRF1	2016		u	
ESTAT:LFST_R_LFSD2POP(1.0)	17/04/26 11:00:00	A	NRP	M	Y_GE65	THS_PER	FRF3	2016		u	
ESTAT:LFST_R_LFSD2POP(1.0)	17/04/26 11:00:00	A	NRP	M	Y_GE65	THS_PER	FRK2	2016		u	
ESTAT:LFST_R_LFSD2POP(1.0)	17/04/26 11:00:00	A	NRP	M	Y_GE65	THS_PER	FRL0	2016		u	
ESTAT:LFST_R_LFSD2POP(1.0)	17/04/26 11:00:00	A	NRP	T	Y15-24	THS_PER	FR10	2016	16.2		
ESTAT:LFST_R_LFSD2POP(1.0)	17/04/26 11:00:00	A	NRP	T	Y15-24	THS_PER	FRB0	2016	1.0	u	
ESTAT:LFST_R_LFSD2POP(1.0)	17/04/26 11:00:00	A	NRP	T	Y15-24	THS_PER	FRC1	2016	0.7	u	
ESTAT:LFST_R_LFSD2POP(1.0)	17/04/26 11:00:00	A	NRP	T	Y15-24	THS_PER	FRC2	2016		u	
ESTAT:LFST_R_LFSD2POP(1.0)	17/04/26 11:00:00	A	NRP	T	Y15-24	THS_PER	FRD1	2016	0.7	u	
ESTAT:LFST_R_LFSD2POP(1.0)	17/04/26 11:00:00	A	NRP	T	Y15-24	THS_PER	FRD2	2016	0.6	u	
ESTAT:LFST_R_LFSD2POP(1.0)	17/04/26 11:00:00	A	NRP	T	Y15-24	THS_PER	FRE1	2016	2.2	u	
ESTAT:LFST_R_LFSD2POP(1.0)	17/04/26 11:00:00	A	NRP	T	Y15-24	THS_PER	FRF1	2016	1.4	u	
ESTAT:LFST_R_LFSD2POP(1.0)	17/04/26 11:00:00	A	NRP	T	Y15-24	THS_PER	FRF2	2016	0.9	u	
ESTAT:LFST_R_LFSD2POP(1.0)	17/04/26 11:00:00	A	NRP	T	Y15-24	THS_PER	FRF3	2016	1.9	u	
ESTAT:LFST_R_LFSD2POP(1.0)	17/04/26 11:00:00	A	NRP	T	Y15-24	THS_PER	FRG0	2016	0.8	u	
ESTAT:LFST_R_LFSD2POP(1.0)	17/04/26 11:00:00	A	NRP	T	Y15-24	THS_PER	FRH0	2016	2.0	u	
ESTAT:LFST_R_LFSD2POP(1.0)	17/04/26 11:00:00	A	NRP	T	Y15-24	THS_PER	FRI1	2016	1.7	u	
ESTAT:LFST_R_LFSD2POP(1.0)	17/04/26 11:00:00	A	NRP	T	Y15-24	THS_PER	FRJ1	2016		u	
ESTAT:LFST_R_LFSD2POP(1.0)	17/04/26 11:00:00	A	NRP	T	Y15-24	THS_PER	FRJ2	2016	2.1	u	
ESTAT:LFST_R_LFSD2POP(1.0)	17/04/26 11:00:00	A	NRP	T	Y15-24	THS_PER	FRK1	2016	0.7	u	
ESTAT:LFST_R_LFSD2POP(1.0)	17/04/26 11:00:00	A	NRP	T	Y15-24	THS_PER	FRK2	2016	3.4	u	
ESTAT:LFST_R_LFSD2POP(1.0)	17/04/26 11:00:00	A	NRP	T	Y15-24	THS_PER	FRL0	2016	3.8	u	
ESTAT:LFST_R_LFSD2POP(1.0)	17/04/26 11:00:00	A	NRP	T	Y15-64	THS_PER	FR10	2016	43.7		
ESTAT:LFST_R_LFSD2POP(1.0)	17/04/26 11:00:00	A	NRP	T	Y15-64	THS_PER	FRB0	2016	2.1	u	
ESTAT:LFST_R_LFSD2POP(1.0)	17/04/26 11:00:00	A	NRP	T	Y15-64	THS_PER	FRC1	2016	2.6	u	
ESTAT:LFST_R_LFSD2POP(1.0)	17/04/26 11:00:00	A	NRP	T	Y15-64	THS_PER	FRC2	2016	3.2	u	
ESTAT:LFST_R_LFSD2POP(1.0)	17/04/26 11:00:00	A	NRP	T	Y15-64	THS_PER	FRD1	2016	1.5	u	
ESTAT:LFST_R_LFSD2POP(1.0)	17/04/26 11:00:00	A	NRP	T	Y15-64	THS_PER	FRD2	2016	3.2	u	
ESTAT:LFST_R_LFSD2POP(1.0)	17/04/26 11:00:00	A	NRP	T	Y15-64	THS_PER	FRE1	2016	6.2	u	
ESTAT:LFST_R_LFSD2POP(1.0)	17/04/26 11:00:00	A	NRP	T	Y15-64	THS_PER	FRE2	2016	4.2	u	
ESTAT:LFST_R_LFSD2POP(1.0)	17/04/26 11:00:00	A	NRP	T	Y15-64	THS_PER	FRF1	2016	2.6	u	
ESTAT:LFST_R_LFSD2POP(1.0)	17/04/26 11:00:00	A	NRP	T	Y15-64	THS_PER	FRF2	2016	2.0	u	
ESTAT:LFST_R_LFSD2POP(1.0)	17/04/26 11:00:00	A	NRP	T	Y15-64	THS_PER	FRF3	2016	4.3	u	
ESTAT:LFST_R_LFSD2POP(1.0)	17/04/26 11:00:00	A	NRP	T	Y15-64	THS_PER	FRG0	2016	5.8	u	
ESTAT:LFST_R_LFSD2POP(1.0)	17/04/26 11:00:00	A	NRP	T	Y15-64	THS_PER	FRH0	2016	3.4	u	
ESTAT:LFST_R_LFSD2POP(1.0)	17/04/26 11:00:00	A	NRP	T	Y15-64	THS_PER	FRI1	2016	6.4	u	
ESTAT:LFST_R_LFSD2POP(1.0)	17/04/26 11:00:00	A	NRP	T	Y15-64	THS_PER	FRI2	2016	0.6	u	
ESTAT:LFST_R_LFSD2POP(1.0)	17/04/26 11:00:00	A	NRP	T	Y15-64	THS_PER	FRI3	2016		u	
ESTAT:LFST_R_LFSD2POP(1.0)	17/04/26 11:00:00	A	NRP	T	Y15-64	THS_PER	FRJ1	2016	4.0	u	
ESTAT:LFST_R_LFSD2POP(1.0)	17/04/26 11:00:00	A	NRP	T	Y15-64	THS_PER	FRJ2	2016	6.1	u	
ESTAT:LFST_R_LFSD2POP(1.0)	17/04/26 11:00:00	A	NRP	T	Y15-64	THS_PER	FRK1	2016	2.0	u	
ESTAT:LFST_R_LFSD2POP(1.0)	17/04/26 11:00:00	A	NRP	T	Y15-64	THS_PER	FRK2	2016	12.6		
ESTAT:LFST_R_LFSD2POP(1.0)	17/04/26 11:00:00	A	NRP	T	Y15-64	THS_PER	FRL0	2016	13.9		
ESTAT:LFST_R_LFSD2POP(1.0)	17/04/26 11:00:00	A	NRP	T	Y15-64	THS_PER	FRM0	2016		u	
ESTAT:LFST_R_LFSD2POP(1.0)	17/04/26 11:00:00	A	NRP	T	Y15-74	THS_PER	FR10	2016	45.9		
ESTAT:LFST_R_LFSD2POP(1.0)	17/04/26 11:00:00	A	NRP	T	Y15-74	THS_PER	FRB0	2016	2.1	u	
ESTAT:LFST_R_LFSD2POP(1.0)	17/04/26 11:00:00	A	NRP	T	Y15-74	THS_PER	FRC1	2016	2.6	u	
ESTAT:LFST_R_LFSD2POP(1.0)	17/04/26 11:00:00	A	NRP	T	Y15-74	THS_PER	FRC2	2016	3.2	u	
ESTAT:LFST_R_LFSD2POP(1.0)	17/04/26 11:00:00	A	NRP	T	Y15-74	THS_PER	FRD1	2016	1.5	u	
ESTAT:LFST_R_LFSD2POP(1.0)	17/04/26 11:00:00	A	NRP	T	Y15-74	THS_PER	FRD2	2016	3.6	u	
ESTAT:LFST_R_LFSD2POP(1.0)	17/04/26 11:00:00	A	NRP	T	Y15-74	THS_PER	FRE1	2016	6.6	u	
ESTAT:LFST_R_LFSD2POP(1.0)	17/04/26 11:00:00	A	NRP	T	Y15-74	THS_PER	FRE2	2016	4.4	u	
ESTAT:LFST_R_LFSD2POP(1.0)	17/04/26 11:00:00	A	NRP	T	Y15-74	THS_PER	FRF1	2016	2.6	u	
ESTAT:LFST_R_LFSD2POP(1.0)	17/04/26 11:00:00	A	NRP	T	Y15-74	THS_PER	FRF2	2016	2.0	u	
ESTAT:LFST_R_LFSD2POP(1.0)	17/04/26 11:00:00	A	NRP	T	Y15-74	THS_PER	FRF3	2016	4.3	u	
ESTAT:LFST_R_LFSD2POP(1.0)	17/04/26 11:00:00	A	NRP	T	Y15-74	THS_PER	FRG0	2016	5.8	u	
ESTAT:LFST_R_LFSD2POP(1.0)	17/04/26 11:00:00	A	NRP	T	Y15-74	THS_PER	FRH0	2016	3.5	u	
ESTAT:LFST_R_LFSD2POP(1.0)	17/04/26 11:00:00	A	NRP	T	Y15-74	THS_PER	FRI1	2016	6.4	u	
ESTAT:LFST_R_LFSD2POP(1.0)	17/04/26 11:00:00	A	NRP	T	Y15-74	THS_PER	FRI2	2016	0.6	u	
ESTAT:LFST_R_LFSD2POP(1.0)	17/04/26 11:00:00	A	NRP	T	Y15-74	THS_PER	FRI3	2016		u	
ESTAT:LFST_R_LFSD2POP(1.0)	17/04/26 11:00:00	A	NRP	T	Y15-74	THS_PER	FRJ1	2016	4.5	u	
ESTAT:LFST_R_LFSD2POP(1.0)	17/04/26 11:00:00	A	NRP	T	Y15-74	THS_PER	FRJ2	2016	6.2	u	
ESTAT:LFST_R_LFSD2POP(1.0)	17/04/26 11:00:00	A	NRP	T	Y15-74	THS_PER	FRK1	2016	2.0	u	
ESTAT:LFST_R_LFSD2POP(1.0)	17/04/26 11:00:00	A	NRP	T	Y15-74	THS_PER	FRK2	2016	12.8		
ESTAT:LFST_R_LFSD2POP(1.0)	17/04/26 11:00:00	A	NRP	T	Y15-74	THS_PER	FRL0	2016	14.5		
ESTAT:LFST_R_LFSD2POP(1.0)	17/04/26 11:00:00	A	NRP	T	Y15-74	THS_PER	FRM0	2016		u	
ESTAT:LFST_R_LFSD2POP(1.0)	17/04/26 11:00:00	A	NRP	T	Y20-64	THS_PER	FR10	2016	36.9		
ESTAT:LFST_R_LFSD2POP(1.0)	17/04/26 11:00:00	A	NRP	T	Y20-64	THS_PER	FRB0	2016	1.3	u	
ESTAT:LFST_R_LFSD2POP(1.0)	17/04/26 11:00:00	A	NRP	T	Y20-64	THS_PER	FRC1	2016	2.5	u	
ESTAT:LFST_R_LFSD2POP(1.0)	17/04/26 11:00:00	A	NRP	T	Y20-64	THS_PER	FRC2	2016	3.0	u	
ESTAT:LFST_R_LFSD2POP(1.0)	17/04/26 11:00:00	A	NRP	T	Y20-64	THS_PER	FRD1	2016	0.9	u	
ESTAT:LFST_R_LFSD2POP(1.0)	17/04/26 11:00:00	A	NRP	T	Y20-64	THS_PER	FRD2	2016	3.1	u	
ESTAT:LFST_R_LFSD2POP(1.0)	17/04/26 11:00:00	A	NRP	T	Y20-64	THS_PER	FRE1	2016	5.7	u	
ESTAT:LFST_R_LFSD2POP(1.0)	17/04/26 11:00:00	A	NRP	T	Y20-64	THS_PER	FRE2	2016	4.2	u	
ESTAT:LFST_R_LFSD2POP(1.0)	17/04/26 11:00:00	A	NRP	T	Y20-64	THS_PER	FRF1	2016	2.0	u	
ESTAT:LFST_R_LFSD2POP(1.0)	17/04/26 11:00:00	A	NRP	T	Y20-64	THS_PER	FRF2	2016	1.9	u	
ESTAT:LFST_R_LFSD2POP(1.0)	17/04/26 11:00:00	A	NRP	T	Y20-64	THS_PER	FRF3	2016	3.9	u	
ESTAT:LFST_R_LFSD2POP(1.0)	17/04/26 11:00:00	A	NRP	T	Y20-64	THS_PER	FRG0	2016	5.5	u	
ESTAT:LFST_R_LFSD2POP(1.0)	17/04/26 11:00:00	A	NRP	T	Y20-64	THS_PER	FRH0	2016	3.2	u	
ESTAT:LFST_R_LFSD2POP(1.0)	17/04/26 11:00:00	A	NRP	T	Y20-64	THS_PER	FRI1	2016	6.1	u	
ESTAT:LFST_R_LFSD2POP(1.0)	17/04/26 11:00:00	A	NRP	T	Y20-64	THS_PER	FRI2	2016	0.6	u	
ESTAT:LFST_R_LFSD2POP(1.0)	17/04/26 11:00:00	A	NRP	T	Y20-64	THS_PER	FRI3	2016		u	
ESTAT:LFST_R_LFSD2POP(1.0)	17/04/26 11:00:00	A	NRP	T	Y20-64	THS_PER	FRJ1	2016	3.8	u	
ESTAT:LFST_R_LFSD2POP(1.0)	17/04/26 11:00:00	A	NRP	T	Y20-64	THS_PER	FRJ2	2016	5.8	u	
ESTAT:LFST_R_LFSD2POP(1.0)	17/04/26 11:00:00	A	NRP	T	Y20-64	THS_PER	FRK1	2016	1.7	u	
ESTAT:LFST_R_LFSD2POP(1.0)	17/04/26 11:00:00	A	NRP	T	Y20-64	THS_PER	FRK2	2016	11.9		
ESTAT:LFST_R_LFSD2POP(1.0)	17/04/26 11:00:00	A	NRP	T	Y20-64	THS_PER	FRL0	2016	12.6		
ESTAT:LFST_R_LFSD2POP(1.0)	17/04/26 11:00:00	A	NRP	T	Y20-64	THS_PER	FRM0	2016		u	
ESTAT:LFST_R_LFSD2POP(1.0)	17/04/26 11:00:00	A	NRP	T	Y25-34	THS_PER	FR10	2016	14.7		
ESTAT:LFST_R_LFSD2POP(1.0)	17/04/26 11:00:00	A	NRP	T	Y25-34	THS_PER	FRB0	2016		u	
ESTAT:LFST_R_LFSD2POP(1.0)	17/04/26 11:00:00	A	NRP	T	Y25-34	THS_PER	FRC1	2016	1.2	u	
ESTAT:LFST_R_LFSD2POP(1.0)	17/04/26 11:00:00	A	NRP	T	Y25-34	THS_PER	FRC2	2016	1.5	u	
ESTAT:LFST_R_LFSD2POP(1.0)	17/04/26 11:00:00	A	NRP	T	Y25-34	THS_PER	FRD1	2016		u	
ESTAT:LFST_R_LFSD2POP(1.0)	17/04/26 11:00:00	A	NRP	T	Y25-34	THS_PER	FRD2	2016		u	
ESTAT:LFST_R_LFSD2POP(1.0)	17/04/26 11:00:00	A	NRP	T	Y25-34	THS_PER	FRE1	2016	1.1	u	
ESTAT:LFST_R_LFSD2POP(1.0)	17/04/26 11:00:00	A	NRP	T	Y25-34	THS_PER	FRE2	2016	2.3	u	
ESTAT:LFST_R_LFSD2POP(1.0)	17/04/26 11:00:00	A	NRP	T	Y25-34	THS_PER	FRF1	2016		u	
ESTAT:LFST_R_LFSD2POP(1.0)	17/04/26 11:00:00	A	NRP	T	Y25-34	THS_PER	FRF2	2016	0.5	u	
ESTAT:LFST_R_LFSD2POP(1.0)	17/04/26 11:00:00	A	NRP	T	Y25-34	THS_PER	FRF3	2016	1.2	u	
ESTAT:LFST_R_LFSD2POP(1.0)	17/04/26 11:00:00	A	NRP	T	Y25-34	THS_PER	FRG0	2016	2.9	u	
ESTAT:LFST_R_LFSD2POP(1.0)	17/04/26 11:00:00	A	NRP	T	Y25-34	THS_PER	FRH0	2016		u	
ESTAT:LFST_R_LFSD2POP(1.0)	17/04/26 11:00:00	A	NRP	T	Y25-34	THS_PER	FRI1	2016	1.3	u	
ESTAT:LFST_R_LFSD2POP(1.0)	17/04/26 11:00:00	A	NRP	T	Y25-34	THS_PER	FRJ1	2016	1.8	u	
ESTAT:LFST_R_LFSD2POP(1.0)	17/04/26 11:00:00	A	NRP	T	Y25-34	THS_PER	FRJ2	2016	0.9	u	
ESTAT:LFST_R_LFSD2POP(1.0)	17/04/26 11:00:00	A	NRP	T	Y25-34	THS_PER	FRK1	2016		u	
ESTAT:LFST_R_LFSD2POP(1.0)	17/04/26 11:00:00	A	NRP	T	Y25-34	THS_PER	FRK2	2016	2.7	u	
ESTAT:LFST_R_LFSD2POP(1.0)	17/04/26 11:00:00	A	NRP	T	Y25-34	THS_PER	FRL0	2016	3.2	u	
ESTAT:LFST_R_LFSD2POP(1.0)	17/04/26 11:00:00	A	NRP	T	Y25-34	THS_PER	FRM0	2016		u	
ESTAT:LFST_R_LFSD2POP(1.0)	17/04/26 11:00:00	A	NRP	T	Y25-64	THS_PER	FR10	2016	27.5		
ESTAT:LFST_R_LFSD2POP(1.0)	17/04/26 11:00:00	A	NRP	T	Y25-64	THS_PER	FRB0	2016	1.1	u	
ESTAT:LFST_R_LFSD2POP(1.0)	17/04/26 11:00:00	A	NRP	T	Y25-64	THS_PER	FRC1	2016	1.9	u	
ESTAT:LFST_R_LFSD2POP(1.0)	17/04/26 11:00:00	A	NRP	T	Y25-64	THS_PER	FRC2	2016	2.9	u	
ESTAT:LFST_R_LFSD2POP(1.0)	17/04/26 11:00:00	A	NRP	T	Y25-64	THS_PER	FRD1	2016	0.9	u	
ESTAT:LFST_R_LFSD2POP(1.0)	17/04/26 11:00:00	A	NRP	T	Y25-64	THS_PER	FRD2	2016	2.6	u	
ESTAT:LFST_R_LFSD2POP(1.0)	17/04/26 11:00:00	A	NRP	T	Y25-64	THS_PER	FRE1	2016	4.0	u	
ESTAT:LFST_R_LFSD2POP(1.0)	17/04/26 11:00:00	A	NRP	T	Y25-64	THS_PER	FRE2	2016	4.2	u	
ESTAT:LFST_R_LFSD2POP(1.0)	17/04/26 11:00:00	A	NRP	T	Y25-64	THS_PER	FRF1	2016	1.2	u	
ESTAT:LFST_R_LFSD2POP(1.0)	17/04/26 11:00:00	A	NRP	T	Y25-64	THS_PER	FRF2	2016	1.1	u	
ESTAT:LFST_R_LFSD2POP(1.0)	17/04/26 11:00:00	A	NRP	T	Y25-64	THS_PER	FRF3	2016	2.4	u	
ESTAT:LFST_R_LFSD2POP(1.0)	17/04/26 11:00:00	A	NRP	T	Y25-64	THS_PER	FRG0	2016	5.0	u	
ESTAT:LFST_R_LFSD2POP(1.0)	17/04/26 11:00:00	A	NRP	T	Y25-64	THS_PER	FRH0	2016	1.4	u	
ESTAT:LFST_R_LFSD2POP(1.0)	17/04/26 11:00:00	A	NRP	T	Y25-64	THS_PER	FRI1	2016	4.7	u	
ESTAT:LFST_R_LFSD2POP(1.0)	17/04/26 11:00:00	A	NRP	T	Y25-64	THS_PER	FRI2	2016	0.6	u	
ESTAT:LFST_R_LFSD2POP(1.0)	17/04/26 11:00:00	A	NRP	T	Y25-64	THS_PER	FRI3	2016		u	
ESTAT:LFST_R_LFSD2POP(1.0)	17/04/26 11:00:00	A	NRP	T	Y25-64	THS_PER	FRJ1	2016	3.8	u	
ESTAT:LFST_R_LFSD2POP(1.0)	17/04/26 11:00:00	A	NRP	T	Y25-64	THS_PER	FRJ2	2016	4.0	u	
ESTAT:LFST_R_LFSD2POP(1.0)	17/04/26 11:00:00	A	NRP	T	Y25-64	THS_PER	FRK1	2016	1.3	u	
ESTAT:LFST_R_LFSD2POP(1.0)	17/04/26 11:00:00	A	NRP	T	Y25-64	THS_PER	FRK2	2016	9.3	u	
ESTAT:LFST_R_LFSD2POP(1.0)	17/04/26 11:00:00	A	NRP	T	Y25-64	THS_PER	FRL0	2016	10.1		
ESTAT:LFST_R_LFSD2POP(1.0)	17/04/26 11:00:00	A	NRP	T	Y25-64	THS_PER	FRM0	2016		u	
ESTAT:LFST_R_LFSD2POP(1.0)	17/04/26 11:00:00	A	NRP	T	Y35-44	THS_PER	FR10	2016	4.2	u	
ESTAT:LFST_R_LFSD2POP(1.0)	17/04/26 11:00:00	A	NRP	T	Y35-44	THS_PER	FRC1	2016		u	
ESTAT:LFST_R_LFSD2POP(1.0)	17/04/26 11:00:00	A	NRP	T	Y35-44	THS_PER	FRC2	2016	0.5	u	
ESTAT:LFST_R_LFSD2POP(1.0)	17/04/26 11:00:00	A	NRP	T	Y35-44	THS_PER	FRD1	2016		u	
ESTAT:LFST_R_LFSD2POP(1.0)	17/04/26 11:00:00	A	NRP	T	Y35-44	THS_PER	FRD2	2016	0.6	u	
ESTAT:LFST_R_LFSD2POP(1.0)	17/04/26 11:00:00	A	NRP	T	Y35-44	THS_PER	FRE1	2016	1.1	u	
ESTAT:LFST_R_LFSD2POP(1.0)	17/04/26 11:00:00	A	NRP	T	Y35-44	THS_PER	FRE2	2016	0.6	u	
ESTAT:LFST_R_LFSD2POP(1.0)	17/04/26 11:00:00	A	NRP	T	Y35-44	THS_PER	FRF1	2016	0.8	u	
ESTAT:LFST_R_LFSD2POP(1.0)	17/04/26 11:00:00	A	NRP	T	Y35-44	THS_PER	FRF2	2016		u	
ESTAT:LFST_R_LFSD2POP(1.0)	17/04/26 11:00:00	A	NRP	T	Y35-44	THS_PER	FRH0	2016	0.7	u	
ESTAT:LFST_R_LFSD2POP(1.0)	17/04/26 11:00:00	A	NRP	T	Y35-44	THS_PER	FRI1	2016	1.5	u	
ESTAT:LFST_R_LFSD2POP(1.0)	17/04/26 11:00:00	A	NRP	T	Y35-44	THS_PER	FRI2	2016		u	
ESTAT:LFST_R_LFSD2POP(1.0)	17/04/26 11:00:00	A	NRP	T	Y35-44	THS_PER	FRI3	2016		u	
ESTAT:LFST_R_LFSD2POP(1.0)	17/04/26 11:00:00	A	NRP	T	Y35-44	THS_PER	FRJ1	2016	1.0	u	
ESTAT:LFST_R_LFSD2POP(1.0)	17/04/26 11:00:00	A	NRP	T	Y35-44	THS_PER	FRJ2	2016		u	
ESTAT:LFST_R_LFSD2POP(1.0)	17/04/26 11:00:00	A	NRP	T	Y35-44	THS_PER	FRK1	2016		u	
ESTAT:LFST_R_LFSD2POP(1.0)	17/04/26 11:00:00	A	NRP	T	Y35-44	THS_PER	FRK2	2016		u	
ESTAT:LFST_R_LFSD2POP(1.0)	17/04/26 11:00:00	A	NRP	T	Y35-44	THS_PER	FRL0	2016	2.1	u	
ESTAT:LFST_R_LFSD2POP(1.0)	17/04/26 11:00:00	A	NRP	T	Y45-54	THS_PER	FR10	2016	6.1	u	
ESTAT:LFST_R_LFSD2POP(1.0)	17/04/26 11:00:00	A	NRP	T	Y45-54	THS_PER	FRB0	2016		u	
ESTAT:LFST_R_LFSD2POP(1.0)	17/04/26 11:00:00	A	NRP	T	Y45-54	THS_PER	FRC1	2016		u	
ESTAT:LFST_R_LFSD2POP(1.0)	17/04/26 11:00:00	A	NRP	T	Y45-54	THS_PER	FRC2	2016	0.7	u	
ESTAT:LFST_R_LFSD2POP(1.0)	17/04/26 11:00:00	A	NRP	T	Y45-54	THS_PER	FRD1	2016		u	
ESTAT:LFST_R_LFSD2POP(1.0)	17/04/26 11:00:00	A	NRP	T	Y45-54	THS_PER	FRD2	2016	1.2	u	
ESTAT:LFST_R_LFSD2POP(1.0)	17/04/26 11:00:00	A	NRP	T	Y45-54	THS_PER	FRE1	2016	1.6	u	
ESTAT:LFST_R_LFSD2POP(1.0)	17/04/26 11:00:00	A	NRP	T	Y45-54	THS_PER	FRE2	2016		u	
ESTAT:LFST_R_LFSD2POP(1.0)	17/04/26 11:00:00	A	NRP	T	Y45-54	THS_PER	FRF2	2016		u	
ESTAT:LFST_R_LFSD2POP(1.0)	17/04/26 11:00:00	A	NRP	T	Y45-54	THS_PER	FRF3	2016		u	
ESTAT:LFST_R_LFSD2POP(1.0)	17/04/26 11:00:00	A	NRP	T	Y45-54	THS_PER	FRG0	2016	1.1	u	
ESTAT:LFST_R_LFSD2POP(1.0)	17/04/26 11:00:00	A	NRP	T	Y45-54	THS_PER	FRH0	2016		u	
ESTAT:LFST_R_LFSD2POP(1.0)	17/04/26 11:00:00	A	NRP	T	Y45-54	THS_PER	FRI1	2016	0.9	u	
ESTAT:LFST_R_LFSD2POP(1.0)	17/04/26 11:00:00	A	NRP	T	Y45-54	THS_PER	FRI2	2016		u	
ESTAT:LFST_R_LFSD2POP(1.0)	17/04/26 11:00:00	A	NRP	T	Y45-54	THS_PER	FRI3	2016		u	
ESTAT:LFST_R_LFSD2POP(1.0)	17/04/26 11:00:00	A	NRP	T	Y45-54	THS_PER	FRJ2	2016	1.0	u	
ESTAT:LFST_R_LFSD2POP(1.0)	17/04/26 11:00:00	A	NRP	T	Y45-54	THS_PER	FRK1	2016	0.6	u	
ESTAT:LFST_R_LFSD2POP(1.0)	17/04/26 11:00:00	A	NRP	T	Y45-54	THS_PER	FRK2	2016	5.1	u	
ESTAT:LFST_R_LFSD2POP(1.0)	17/04/26 11:00:00	A	NRP	T	Y45-54	THS_PER	FRL0	2016	3.2	u	
ESTAT:LFST_R_LFSD2POP(1.0)	17/04/26 11:00:00	A	NRP	T	Y45-54	THS_PER	FRM0	2016		u	
ESTAT:LFST_R_LFSD2POP(1.0)	17/04/26 11:00:00	A	NRP	T	Y55-64	THS_PER	FR10	2016	2.6	u	
ESTAT:LFST_R_LFSD2POP(1.0)	17/04/26 11:00:00	A	NRP	T	Y55-64	THS_PER	FRB0	2016		u	
ESTAT:LFST_R_LFSD2POP(1.0)	17/04/26 11:00:00	A	NRP	T	Y55-64	THS_PER	FRC1	2016		u	
ESTAT:LFST_R_LFSD2POP(1.0)	17/04/26 11:00:00	A	NRP	T	Y55-64	THS_PER	FRC2	2016		u	
ESTAT:LFST_R_LFSD2POP(1.0)	17/04/26 11:00:00	A	NRP	T	Y55-64	THS_PER	FRD1	2016		u	
ESTAT:LFST_R_LFSD2POP(1.0)	17/04/26 11:00:00	A	NRP	T	Y55-64	THS_PER	FRD2	2016		u	
ESTAT:LFST_R_LFSD2POP(1.0)	17/04/26 11:00:00	A	NRP	T	Y55-64	THS_PER	FRE1	2016		u	
ESTAT:LFST_R_LFSD2POP(1.0)	17/04/26 11:00:00	A	NRP	T	Y55-64	THS_PER	FRE2	2016		u	
ESTAT:LFST_R_LFSD2POP(1.0)	17/04/26 11:00:00	A	NRP	T	Y55-64	THS_PER	FRF1	2016		u	
ESTAT:LFST_R_LFSD2POP(1.0)	17/04/26 11:00:00	A	NRP	T	Y55-64	THS_PER	FRF3	2016	1.0	u	
ESTAT:LFST_R_LFSD2POP(1.0)	17/04/26 11:00:00	A	NRP	T	Y55-64	THS_PER	FRG0	2016	1.0	u	
ESTAT:LFST_R_LFSD2POP(1.0)	17/04/26 11:00:00	A	NRP	T	Y55-64	THS_PER	FRH0	2016		u	
ESTAT:LFST_R_LFSD2POP(1.0)	17/04/26 11:00:00	A	NRP	T	Y55-64	THS_PER	FRI1	2016	1.0	u	
ESTAT:LFST_R_LFSD2POP(1.0)	17/04/26 11:00:00	A	NRP	T	Y55-64	THS_PER	FRI2	2016		u	
ESTAT:LFST_R_LFSD2POP(1.0)	17/04/26 11:00:00	A	NRP	T	Y55-64	THS_PER	FRJ1	2016		u	
ESTAT:LFST_R_LFSD2POP(1.0)	17/04/26 11:00:00	A	NRP	T	Y55-64	THS_PER	FRJ2	2016	1.7	u	
ESTAT:LFST_R_LFSD2POP(1.0)	17/04/26 11:00:00	A	NRP	T	Y55-64	THS_PER	FRK1	2016		u	
ESTAT:LFST_R_LFSD2POP(1.0)	17/04/26 11:00:00	A	NRP	T	Y55-64	THS_PER	FRK2	2016	1.3	u	
ESTAT:LFST_R_LFSD2POP(1.0)	17/04/26 11:00:00	A	NRP	T	Y55-64	THS_PER	FRL0	2016	1.5	u	
ESTAT:LFST_R_LFSD2POP(1.0)	17/04/26 11:00:00	A	NRP	T	Y_GE15	THS_PER	FR10	2016	46.4		
ESTAT:LFST_R_LFSD2POP(1.0)	17/04/26 11:00:00	A	NRP	T	Y_GE15	THS_PER	FRB0	2016	2.1	u	
ESTAT:LFST_R_LFSD2POP(1.0)	17/04/26 11:00:00	A	NRP	T	Y_GE15	THS_PER	FRC1	2016	2.6	u	
ESTAT:LFST_R_LFSD2POP(1.0)	17/04/26 11:00:00	A	NRP	T	Y_GE15	THS_PER	FRC2	2016	3.2	u	
ESTAT:LFST_R_LFSD2POP(1.0)	17/04/26 11:00:00	A	NRP	T	Y_GE15	THS_PER	FRD1	2016	1.7	u	
ESTAT:LFST_R_LFSD2POP(1.0)	17/04/26 11:00:00	A	NRP	T	Y_GE15	THS_PER	FRD2	2016	3.6	u	
ESTAT:LFST_R_LFSD2POP(1.0)	17/04/26 11:00:00	A	NRP	T	Y_GE15	THS_PER	FRE1	2016	6.7	u	
ESTAT:LFST_R_LFSD2POP(1.0)	17/04/26 11:00:00	A	NRP	T	Y_GE15	THS_PER	FRE2	2016	4.4	u	
ESTAT:LFST_R_LFSD2POP(1.0)	17/04/26 11:00:00	A	NRP	T	Y_GE15	THS_PER	FRF1	2016	2.9	u	
ESTAT:LFST_R_LFSD2POP(1.0)	17/04/26 11:00:00	A	NRP	T	Y_GE15	THS_PER	FRF2	2016	2.0	u	
ESTAT:LFST_R_LFSD2POP(1.0)	17/04/26 11:00:00	A	NRP	T	Y_GE15	THS_PER	FRF3	2016	4.5	u	
ESTAT:LFST_R_LFSD2POP(1.0)	17/04/26 11:00:00	A	NRP	T	Y_GE15	THS_PER	FRG0	2016	5.8	u	
ESTAT:LFST_R_LFSD2POP(1.0)	17/04/26 11:00:00	A	NRP	T	Y_GE15	THS_PER	FRH0	2016	3.5	u	
ESTAT:LFST_R_LFSD2POP(1.0)	17/04/26 11:00:00	A	NRP	T	Y_GE15	THS_PER	FRI1	2016	6.4	u	
ESTAT:LFST_R_LFSD2POP(1.0)	17/04/26 11:00:00	A	NRP	T	Y_GE15	THS_PER	FRI2	2016	0.6	u	
ESTAT:LFST_R_LFSD2POP(1.0)	17/04/26 11:00:00	A	NRP	T	Y_GE15	THS_PER	FRI3	2016		u	
ESTAT:LFST_R_LFSD2POP(1.0)	17/04/26 11:00:00	A	NRP	T	Y_GE15	THS_PER	FRJ1	2016	4.5	u	
ESTAT:LFST_R_LFSD2POP(1.0)	17/04/26 11:00:00	A	NRP	T	Y_GE15	THS_PER	FRJ2	2016	6.2	u	
ESTAT:LFST_R_LFSD2POP(1.0)	17/04/26 11:00:00	A	NRP	T	Y_GE15	THS_PER	FRK1	2016	2.1	u	
ESTAT:LFST_R_LFSD2POP(1.0)	17/04/26 11:00:00	A	NRP	T	Y_GE15	THS_PER	FRK2	2016	13.0		
ESTAT:LFST_R_LFSD2POP(1.0)	17/04/26 11:00:00	A	NRP	T	Y_GE15	THS_PER	FRL0	2016	14.8		
ESTAT:LFST_R_LFSD2POP(1.0)	17/04/26 11:00:00	A	NRP	T	Y_GE15	THS_PER	FRM0	2016		u	
ESTAT:LFST_R_LFSD2POP(1.0)	17/04/26 11:00:00	A	NRP	T	Y_GE25	THS_PER	FR10	2016	30.3		
ESTAT:LFST_R_LFSD2POP(1.0)	17/04/26 11:00:00	A	NRP	T	Y_GE25	THS_PER	FRB0	2016	1.1	u	
ESTAT:LFST_R_LFSD2POP(1.0)	17/04/26 11:00:00	A	NRP	T	Y_GE25	THS_PER	FRC1	2016	1.9	u	
ESTAT:LFST_R_LFSD2POP(1.0)	17/04/26 11:00:00	A	NRP	T	Y_GE25	THS_PER	FRC2	2016	2.9	u	
ESTAT:LFST_R_LFSD2POP(1.0)	17/04/26 11:00:00	A	NRP	T	Y_GE25	THS_PER	FRD1	2016	1.0	u	
ESTAT:LFST_R_LFSD2POP(1.0)	17/04/26 11:00:00	A	NRP	T	Y_GE25	THS_PER	FRD2	2016	2.9	u	
ESTAT:LFST_R_LFSD2POP(1.0)	17/04/26 11:00:00	A	NRP	T	Y_GE25	THS_PER	FRE1	2016	4.6	u	
ESTAT:LFST_R_LFSD2POP(1.0)	17/04/26 11:00:00	A	NRP	T	Y_GE25	THS_PER	FRE2	2016	4.4	u	
ESTAT:LFST_R_LFSD2POP(1.0)	17/04/26 11:00:00	A	NRP	T	Y_GE25	THS_PER	FRF1	2016	1.5	u	
ESTAT:LFST_R_LFSD2POP(1.0)	17/04/26 11:00:00	A	NRP	T	Y_GE25	THS_PER	FRF2	2016	1.1	u	
ESTAT:LFST_R_LFSD2POP(1.0)	17/04/26 11:00:00	A	NRP	T	Y_GE25	THS_PER	FRF3	2016	2.6	u	
ESTAT:LFST_R_LFSD2POP(1.0)	17/04/26 11:00:00	A	NRP	T	Y_GE25	THS_PER	FRG0	2016	5.0	u	
ESTAT:LFST_R_LFSD2POP(1.0)	17/04/26 11:00:00	A	NRP	T	Y_GE25	THS_PER	FRH0	2016	1.5	u	
ESTAT:LFST_R_LFSD2POP(1.0)	17/04/26 11:00:00	A	NRP	T	Y_GE25	THS_PER	FRI1	2016	4.7	u	
ESTAT:LFST_R_LFSD2POP(1.0)	17/04/26 11:00:00	A	NRP	T	Y_GE25	THS_PER	FRI2	2016	0.6	u	
ESTAT:LFST_R_LFSD2POP(1.0)	17/04/26 11:00:00	A	NRP	T	Y_GE25	THS_PER	FRI3	2016		u	
ESTAT:LFST_R_LFSD2POP(1.0)	17/04/26 11:00:00	A	NRP	T	Y_GE25	THS_PER	FRJ1	2016	4.3	u	
ESTAT:LFST_R_LFSD2POP(1.0)	17/04/26 11:00:00	A	NRP	T	Y_GE25	THS_PER	FRJ2	2016	4.2	u	
ESTAT:LFST_R_LFSD2POP(1.0)	17/04/26 11:00:00	A	NRP	T	Y_GE25	THS_PER	FRK1	2016	1.4	u	
ESTAT:LFST_R_LFSD2POP(1.0)	17/04/26 11:00:00	A	NRP	T	Y_GE25	THS_PER	FRK2	2016	9.7	u	
ESTAT:LFST_R_LFSD2POP(1.0)	17/04/26 11:00:00	A	NRP	T	Y_GE25	THS_PER	FRL0	2016	11.0		
ESTAT:LFST_R_LFSD2POP(1.0)	17/04/26 11:00:00	A	NRP	T	Y_GE25	THS_PER	FRM0	2016		u	
ESTAT:LFST_R_LFSD2POP(1.0)	17/04/26 11:00:00	A	NRP	T	Y_GE65	THS_PER	FR10	2016	2.7	u	
ESTAT:LFST_R_LFSD2POP(1.0)	17/04/26 11:00:00	A	NRP	T	Y_GE65	THS_PER	FRD1	2016		u	
ESTAT:LFST_R_LFSD2POP(1.0)	17/04/26 11:00:00	A	NRP	T	Y_GE65	THS_PER	FRD2	2016		u	
ESTAT:LFST_R_LFSD2POP(1.0)	17/04/26 11:00:00	A	NRP	T	Y_GE65	THS_PER	FRE1	2016	0.5	u	
ESTAT:LFST_R_LFSD2POP(1.0)	17/04/26 11:00:00	A	NRP	T	Y_GE65	THS_PER	FRE2	2016		u	
ESTAT:LFST_R_LFSD2POP(1.0)	17/04/26 11:00:00	A	NRP	T	Y_GE65	THS_PER	FRF1	2016		u	
ESTAT:LFST_R_LFSD2POP(1.0)	17/04/26 11:00:00	A	NRP	T	Y_GE65	THS_PER	FRF3	2016		u	
ESTAT:LFST_R_LFSD2POP(1.0)	17/04/26 11:00:00	A	NRP	T	Y_GE65	THS_PER	FRH0	2016		u	
ESTAT:LFST_R_LFSD2POP(1.0)	17/04/26 11:00:00	A	NRP	T	Y_GE65	THS_PER	FRJ1	2016		u	
ESTAT:LFST_R_LFSD2POP(1.0)	17/04/26 11:00:00	A	NRP	T	Y_GE65	THS_PER	FRJ2	2016		u	
ESTAT:LFST_R_LFSD2POP(1.0)	17/04/26 11:00:00	A	NRP	T	Y_GE65	THS_PER	FRK1	2016		u	
ESTAT:LFST_R_LFSD2POP(1.0)	17/04/26 11:00:00	A	NRP	T	Y_GE65	THS_PER	FRK2	2016		u	
ESTAT:LFST_R_LFSD2POP(1.0)	17/04/26 11:00:00	A	NRP	T	Y_GE65	THS_PER	FRL0	2016	0.9	u	
ESTAT:LFST_R_LFSD2POP(1.0)	17/04/26 11:00:00	A	TOTAL	F	Y15-24	THS_PER	FR10	2016	758.3		
ESTAT:LFST_R_LFSD2POP(1.0)	17/04/26 11:00:00	A	TOTAL	F	Y15-24	THS_PER	FRB0	2016	140.4		
ESTAT:LFST_R_LFSD2POP(1.0)	17/04/26 11:00:00	A	TOTAL	F	Y15-24	THS_PER	FRC1	2016	90.3		
ESTAT:LFST_R_LFSD2POP(1.0)	17/04/26 11:00:00	A	TOTAL	F	Y15-24	THS_PER	FRC2	2016	57.3		
ESTAT:LFST_R_LFSD2POP(1.0)	17/04/26 11:00:00	A	TOTAL	F	Y15-24	THS_PER	FRD1	2016	77.7		
ESTAT:LFST_R_LFSD2POP(1.0)	17/04/26 11:00:00	A	TOTAL	F	Y15-24	THS_PER	FRD2	2016	103.9		
ESTAT:LFST_R_LFSD2POP(1.0)	17/04/26 11:00:00	A	TOTAL	F	Y15-24	THS_PER	FRE1	2016	244.0		
ESTAT:LFST_R_LFSD2POP(1.0)	17/04/26 11:00:00	A	TOTAL	F	Y15-24	THS_PER	FRE2	2016	111.0		
ESTAT:LFST_R_LFSD2POP(1.0)	17/04/26 11:00:00	A	TOTAL	F	Y15-24	THS_PER	FRF1	2016	104.6		
ESTAT:LFST_R_LFSD2POP(1.0)	17/04/26 11:00:00	A	TOTAL	F	Y15-24	THS_PER	FRF2	2016	70.1		
ESTAT:LFST_R_LFSD2POP(1.0)	17/04/26 11:00:00	A	TOTAL	F	Y15-24	THS_PER	FRF3	2016	135.4		
ESTAT:LFST_R_LFSD2POP(1.0)	17/04/26 11:00:00	A	TOTAL	F	Y15-24	THS_PER	FRG0	2016	216.4		
ESTAT:LFST_R_LFSD2POP(1.0)	17/04/26 11:00:00	A	TOTAL	F	Y15-24	THS_PER	FRH0	2016	196.6		
ESTAT:LFST_R_LFSD2POP(1.0)	17/04/26 11:00:00	A	TOTAL	F	Y15-24	THS_PER	FRI1	2016	190.4		
ESTAT:LFST_R_LFSD2POP(1.0)	17/04/26 11:00:00	A	TOTAL	F	Y15-24	THS_PER	FRI2	2016	37.2		
ESTAT:LFST_R_LFSD2POP(1.0)	17/04/26 11:00:00	A	TOTAL	F	Y15-24	THS_PER	FRI3	2016	87.5		
ESTAT:LFST_R_LFSD2POP(1.0)	17/04/26 11:00:00	A	TOTAL	F	Y15-24	THS_PER	FRJ1	2016	135.1		
ESTAT:LFST_R_LFSD2POP(1.0)	17/04/26 11:00:00	A	TOTAL	F	Y15-24	THS_PER	FRJ2	2016	143.2		
ESTAT:LFST_R_LFSD2POP(1.0)	17/04/26 11:00:00	A	TOTAL	F	Y15-24	THS_PER	FRK1	2016	73.1		
ESTAT:LFST_R_LFSD2POP(1.0)	17/04/26 11:00:00	A	TOTAL	F	Y15-24	THS_PER	FRK2	2016	371.2		
ESTAT:LFST_R_LFSD2POP(1.0)	17/04/26 11:00:00	A	TOTAL	F	Y15-24	THS_PER	FRL0	2016	263.0		
ESTAT:LFST_R_LFSD2POP(1.0)	17/04/26 11:00:00	A	TOTAL	F	Y15-24	THS_PER	FRM0	2016	7.8	u	
ESTAT:LFST_R_LFSD2POP(1.0)	17/04/26 11:00:00	A	TOTAL	F	Y15-64	THS_PER	FR10	2016	4064.0		
ESTAT:LFST_R_LFSD2POP(1.0)	17/04/26 11:00:00	A	TOTAL	F	Y15-64	THS_PER	FRB0	2016	780.9		
ESTAT:LFST_R_LFSD2POP(1.0)	17/04/26 11:00:00	A	TOTAL	F	Y15-64	THS_PER	FRC1	2016	499.3		
ESTAT:LFST_R_LFSD2POP(1.0)	17/04/26 11:00:00	A	TOTAL	F	Y15-64	THS_PER	FRC2	2016	364.9		
ESTAT:LFST_R_LFSD2POP(1.0)	17/04/26 11:00:00	A	TOTAL	F	Y15-64	THS_PER	FRD1	2016	444.8		
ESTAT:LFST_R_LFSD2POP(1.0)	17/04/26 11:00:00	A	TOTAL	F	Y15-64	THS_PER	FRD2	2016	578.2		
ESTAT:LFST_R_LFSD2POP(1.0)	17/04/26 11:00:00	A	TOTAL	F	Y15-64	THS_PER	FRE1	2016	1295.6		
ESTAT:LFST_R_LFSD2POP(1.0)	17/04/26 11:00:00	A	TOTAL	F	Y15-64	THS_PER	FRE2	2016	600.0		
ESTAT:LFST_R_LFSD2POP(1.0)	17/04/26 11:00:00	A	TOTAL	F	Y15-64	THS_PER	FRF1	2016	606.6		
ESTAT:LFST_R_LFSD2POP(1.0)	17/04/26 11:00:00	A	TOTAL	F	Y15-64	THS_PER	FRF2	2016	407.4		
ESTAT:LFST_R_LFSD2POP(1.0)	17/04/26 11:00:00	A	TOTAL	F	Y15-64	THS_PER	FRF3	2016	730.2		
ESTAT:LFST_R_LFSD2POP(1.0)	17/04/26 11:00:00	A	TOTAL	F	Y15-64	THS_PER	FRG0	2016	1146.1		
ESTAT:LFST_R_LFSD2POP(1.0)	17/04/26 11:00:00	A	TOTAL	F	Y15-64	THS_PER	FRH0	2016	1002.5		
ESTAT:LFST_R_LFSD2POP(1.0)	17/04/26 11:00:00	A	TOTAL	F	Y15-64	THS_PER	FRI1	2016	1055.6		
ESTAT:LFST_R_LFSD2POP(1.0)	17/04/26 11:00:00	A	TOTAL	F	Y15-64	THS_PER	FRI2	2016	222.7		
ESTAT:LFST_R_LFSD2POP(1.0)	17/04/26 11:00:00	A	TOTAL	F	Y15-64	THS_PER	FRI3	2016	536.4		
ESTAT:LFST_R_LFSD2POP(1.0)	17/04/26 11:00:00	A	TOTAL	F	Y15-64	THS_PER	FRJ1	2016	861.8		
ESTAT:LFST_R_LFSD2POP(1.0)	17/04/26 11:00:00	A	TOTAL	F	Y15-64	THS_PER	FRJ2	2016	925.2		
ESTAT:LFST_R_LFSD2POP(1.0)	17/04/26 11:00:00	A	TOTAL	F	Y15-64	THS_PER	FRK1	2016	415.1		
ESTAT:LFST_R_LFSD2POP(1.0)	17/04/26 11:00:00	A	TOTAL	F	Y15-64	THS_PER	FRK2	2016	2058.2		
ESTAT:LFST_R_LFSD2POP(1.0)	17/04/26 11:00:00	A	TOTAL	F	Y15-64	THS_PER	FRL0	2016	1551.2		
ESTAT:LFST_R_LFSD2POP(1.0)	17/04/26 11:00:00	A	TOTAL	F	Y15-64	THS_PER	FRM0	2016	75.9	u	
ESTAT:LFST_R_LFSD2POP(1.0)	17/04/26 11:00:00	A	TOTAL	F	Y15-74	THS_PER	FR10	2016	4556.2		
ESTAT:LFST_R_LFSD2POP(1.0)	17/04/26 11:00:00	A	TOTAL	F	Y15-74	THS_PER	FRB0	2016	934.6		
ESTAT:LFST_R_LFSD2POP(1.0)	17/04/26 11:00:00	A	TOTAL	F	Y15-74	THS_PER	FRC1	2016	598.0		
ESTAT:LFST_R_LFSD2POP(1.0)	17/04/26 11:00:00	A	TOTAL	F	Y15-74	THS_PER	FRC2	2016	427.2		
ESTAT:LFST_R_LFSD2POP(1.0)	17/04/26 11:00:00	A	TOTAL	F	Y15-74	THS_PER	FRD1	2016	524.3		
ESTAT:LFST_R_LFSD2POP(1.0)	17/04/26 11:00:00	A	TOTAL	F	Y15-74	THS_PER	FRD2	2016	673.8		
ESTAT:LFST_R_LFSD2POP(1.0)	17/04/26 11:00:00	A	TOTAL	F	Y15-74	THS_PER	FRE1	2016	1497.3		
ESTAT:LFST_R_LFSD2POP(1.0)	17/04/26 11:00:00	A	TOTAL	F	Y15-74	THS_PER	FRE2	2016	690.2		
ESTAT:LFST_R_LFSD2POP(1.0)	17/04/26 11:00:00	A	TOTAL	F	Y15-74	THS_PER	FRF1	2016	700.9		
ESTAT:LFST_R_LFSD2POP(1.0)	17/04/26 11:00:00	A	TOTAL	F	Y15-74	THS_PER	FRF2	2016	474.4		
ESTAT:LFST_R_LFSD2POP(1.0)	17/04/26 11:00:00	A	TOTAL	F	Y15-74	THS_PER	FRF3	2016	836.3		
ESTAT:LFST_R_LFSD2POP(1.0)	17/04/26 11:00:00	A	TOTAL	F	Y15-74	THS_PER	FRG0	2016	1333.6		
ESTAT:LFST_R_LFSD2POP(1.0)	17/04/26 11:00:00	A	TOTAL	F	Y15-74	THS_PER	FRH0	2016	1196.5		
ESTAT:LFST_R_LFSD2POP(1.0)	17/04/26 11:00:00	A	TOTAL	F	Y15-74	THS_PER	FRI1	2016	1240.7		
ESTAT:LFST_R_LFSD2POP(1.0)	17/04/26 11:00:00	A	TOTAL	F	Y15-74	THS_PER	FRI2	2016	265.9		
ESTAT:LFST_R_LFSD2POP(1.0)	17/04/26 11:00:00	A	TOTAL	F	Y15-74	THS_PER	FRI3	2016	658.3		
ESTAT:LFST_R_LFSD2POP(1.0)	17/04/26 11:00:00	A	TOTAL	F	Y15-74	THS_PER	FRJ1	2016	1047.6		
ESTAT:LFST_R_LFSD2POP(1.0)	17/04/26 11:00:00	A	TOTAL	F	Y15-74	THS_PER	FRJ2	2016	1093.1		
ESTAT:LFST_R_LFSD2POP(1.0)	17/04/26 11:00:00	A	TOTAL	F	Y15-74	THS_PER	FRK1	2016	493.8		
ESTAT:LFST_R_LFSD2POP(1.0)	17/04/26 11:00:00	A	TOTAL	F	Y15-74	THS_PER	FRK2	2016	2392.8		
ESTAT:LFST_R_LFSD2POP(1.0)	17/04/26 11:00:00	A	TOTAL	F	Y15-74	THS_PER	FRL0	2016	1867.4		
ESTAT:LFST_R_LFSD2POP(1.0)	17/04/26 11:00:00	A	TOTAL	F	Y15-74	THS_PER	FRM0	2016	109.1	u	
ESTAT:LFST_R_LFSD2POP(1.0)	17/04/26 11:00:00	A	TOTAL	F	Y20-64	THS_PER	FR10	2016	3702.3		
ESTAT:LFST_R_LFSD2POP(1.0)	17/04/26 11:00:00	A	TOTAL	F	Y20-64	THS_PER	FRB0	2016	705.0		
ESTAT:LFST_R_LFSD2POP(1.0)	17/04/26 11:00:00	A	TOTAL	F	Y20-64	THS_PER	FRC1	2016	444.0		
ESTAT:LFST_R_LFSD2POP(1.0)	17/04/26 11:00:00	A	TOTAL	F	Y20-64	THS_PER	FRC2	2016	335.5		
ESTAT:LFST_R_LFSD2POP(1.0)	17/04/26 11:00:00	A	TOTAL	F	Y20-64	THS_PER	FRD1	2016	400.0		
ESTAT:LFST_R_LFSD2POP(1.0)	17/04/26 11:00:00	A	TOTAL	F	Y20-64	THS_PER	FRD2	2016	526.5		
ESTAT:LFST_R_LFSD2POP(1.0)	17/04/26 11:00:00	A	TOTAL	F	Y20-64	THS_PER	FRE1	2016	1178.8		
ESTAT:LFST_R_LFSD2POP(1.0)	17/04/26 11:00:00	A	TOTAL	F	Y20-64	THS_PER	FRE2	2016	544.3		
ESTAT:LFST_R_LFSD2POP(1.0)	17/04/26 11:00:00	A	TOTAL	F	Y20-64	THS_PER	FRF1	2016	554.0		
ESTAT:LFST_R_LFSD2POP(1.0)	17/04/26 11:00:00	A	TOTAL	F	Y20-64	THS_PER	FRF2	2016	374.0		
ESTAT:LFST_R_LFSD2POP(1.0)	17/04/26 11:00:00	A	TOTAL	F	Y20-64	THS_PER	FRF3	2016	667.1		
ESTAT:LFST_R_LFSD2POP(1.0)	17/04/26 11:00:00	A	TOTAL	F	Y20-64	THS_PER	FRG0	2016	1030.6		
ESTAT:LFST_R_LFSD2POP(1.0)	17/04/26 11:00:00	A	TOTAL	F	Y20-64	THS_PER	FRH0	2016	901.7		
ESTAT:LFST_R_LFSD2POP(1.0)	17/04/26 11:00:00	A	TOTAL	F	Y20-64	THS_PER	FRI1	2016	961.3		
ESTAT:LFST_R_LFSD2POP(1.0)	17/04/26 11:00:00	A	TOTAL	F	Y20-64	THS_PER	FRI2	2016	204.5		
ESTAT:LFST_R_LFSD2POP(1.0)	17/04/26 11:00:00	A	TOTAL	F	Y20-64	THS_PER	FRI3	2016	492.2		
ESTAT:LFST_R_LFSD2POP(1.0)	17/04/26 11:00:00	A	TOTAL	F	Y20-64	THS_PER	FRJ1	2016	781.9		
ESTAT:LFST_R_LFSD2POP(1.0)	17/04/26 11:00:00	A	TOTAL	F	Y20-64	THS_PER	FRJ2	2016	847.3		
ESTAT:LFST_R_LFSD2POP(1.0)	17/04/26 11:00:00	A	TOTAL	F	Y20-64	THS_PER	FRK1	2016	377.9		
ESTAT:LFST_R_LFSD2POP(1.0)	17/04/26 11:00:00	A	TOTAL	F	Y20-64	THS_PER	FRK2	2016	1862.8		
ESTAT:LFST_R_LFSD2POP(1.0)	17/04/26 11:00:00	A	TOTAL	F	Y20-64	THS_PER	FRL0	2016	1405.5		
ESTAT:LFST_R_LFSD2POP(1.0)	17/04/26 11:00:00	A	TOTAL	F	Y20-64	THS_PER	FRM0	2016	70.4	u	
ESTAT:LFST_R_LFSD2POP(1.0)	17/04/26 11:00:00	A	TOTAL	F	Y25-34	THS_PER	FR10	2016	913.2		
ESTAT:LFST_R_LFSD2POP(1.0)	17/04/26 11:00:00	A	TOTAL	F	Y25-34	THS_PER	FRB0	2016	132.9		
ESTAT:LFST_R_LFSD2POP(1.0)	17/04/26 11:00:00	A	TOTAL	F	Y25-34	THS_PER	FRC1	2016	85.3		
ESTAT:LFST_R_LFSD2POP(1.0)	17/04/26 11:00:00	A	TOTAL	F	Y25-34	THS_PER	FRC2	2016	71.9		
ESTAT:LFST_R_LFSD2POP(1.0)	17/04/26 11:00:00	A	TOTAL	F	Y25-34	THS_PER	FRD1	2016	76.5		
ESTAT:LFST_R_LFSD2POP(1.0)	17/04/26 11:00:00	A	TOTAL	F	Y25-34	THS_PER	FRD2	2016	122.0		
ESTAT:LFST_R_LFSD2POP(1.0)	17/04/26 11:00:00	A	TOTAL	F	Y25-34	THS_PER	FRE1	2016	274.8		
ESTAT:LFST_R_LFSD2POP(1.0)	17/04/26 11:00:00	A	TOTAL	F	Y25-34	THS_PER	FRE2	2016	110.3		
ESTAT:LFST_R_LFSD2POP(1.0)	17/04/26 11:00:00	A	TOTAL	F	Y25-34	THS_PER	FRF1	2016	116.5		
ESTAT:LFST_R_LFSD2POP(1.0)	17/04/26 11:00:00	A	TOTAL	F	Y25-34	THS_PER	FRF2	2016	84.3		
ESTAT:LFST_R_LFSD2POP(1.0)	17/04/26 11:00:00	A	TOTAL	F	Y25-34	THS_PER	FRF3	2016	139.4		
ESTAT:LFST_R_LFSD2POP(1.0)	17/04/26 11:00:00	A	TOTAL	F	Y25-34	THS_PER	FRG0	2016	217.9		
ESTAT:LFST_R_LFSD2POP(1.0)	17/04/26 11:00:00	A	TOTAL	F	Y25-34	THS_PER	FRH0	2016	175.0		
ESTAT:LFST_R_LFSD2POP(1.0)	17/04/26 11:00:00	A	TOTAL	F	Y25-34	THS_PER	FRI1	2016	172.0		
ESTAT:LFST_R_LFSD2POP(1.0)	17/04/26 11:00:00	A	TOTAL	F	Y25-34	THS_PER	FRI2	2016	42.1		
ESTAT:LFST_R_LFSD2POP(1.0)	17/04/26 11:00:00	A	TOTAL	F	Y25-34	THS_PER	FRI3	2016	110.9		
ESTAT:LFST_R_LFSD2POP(1.0)	17/04/26 11:00:00	A	TOTAL	F	Y25-34	THS_PER	FRJ1	2016	152.9		
ESTAT:LFST_R_LFSD2POP(1.0)	17/04/26 11:00:00	A	TOTAL	F	Y25-34	THS_PER	FRJ2	2016	161.9		
ESTAT:LFST_R_LFSD2POP(1.0)	17/04/26 11:00:00	A	TOTAL	F	Y25-34	THS_PER	FRK1	2016	63.5		
ESTAT:LFST_R_LFSD2POP(1.0)	17/04/26 11:00:00	A	TOTAL	F	Y25-34	THS_PER	FRK2	2016	401.8		
ESTAT:LFST_R_LFSD2POP(1.0)	17/04/26 11:00:00	A	TOTAL	F	Y25-34	THS_PER	FRL0	2016	276.6		
ESTAT:LFST_R_LFSD2POP(1.0)	17/04/26 11:00:00	A	TOTAL	F	Y25-34	THS_PER	FRM0	2016	11.5	u	
ESTAT:LFST_R_LFSD2POP(1.0)	17/04/26 11:00:00	A	TOTAL	F	Y25-64	THS_PER	FR10	2016	3305.7		
ESTAT:LFST_R_LFSD2POP(1.0)	17/04/26 11:00:00	A	TOTAL	F	Y25-64	THS_PER	FRB0	2016	640.5		
ESTAT:LFST_R_LFSD2POP(1.0)	17/04/26 11:00:00	A	TOTAL	F	Y25-64	THS_PER	FRC1	2016	409.0		
ESTAT:LFST_R_LFSD2POP(1.0)	17/04/26 11:00:00	A	TOTAL	F	Y25-64	THS_PER	FRC2	2016	307.6		
ESTAT:LFST_R_LFSD2POP(1.0)	17/04/26 11:00:00	A	TOTAL	F	Y25-64	THS_PER	FRD1	2016	367.1		
ESTAT:LFST_R_LFSD2POP(1.0)	17/04/26 11:00:00	A	TOTAL	F	Y25-64	THS_PER	FRD2	2016	474.2		
ESTAT:LFST_R_LFSD2POP(1.0)	17/04/26 11:00:00	A	TOTAL	F	Y25-64	THS_PER	FRE1	2016	1051.7		
ESTAT:LFST_R_LFSD2POP(1.0)	17/04/26 11:00:00	A	TOTAL	F	Y25-64	THS_PER	FRE2	2016	489.0		
ESTAT:LFST_R_LFSD2POP(1.0)	17/04/26 11:00:00	A	TOTAL	F	Y25-64	THS_PER	FRF1	2016	502.0		
ESTAT:LFST_R_LFSD2POP(1.0)	17/04/26 11:00:00	A	TOTAL	F	Y25-64	THS_PER	FRF2	2016	337.4		
ESTAT:LFST_R_LFSD2POP(1.0)	17/04/26 11:00:00	A	TOTAL	F	Y25-64	THS_PER	FRF3	2016	594.8		
ESTAT:LFST_R_LFSD2POP(1.0)	17/04/26 11:00:00	A	TOTAL	F	Y25-64	THS_PER	FRG0	2016	929.7		
ESTAT:LFST_R_LFSD2POP(1.0)	17/04/26 11:00:00	A	TOTAL	F	Y25-64	THS_PER	FRH0	2016	805.9		
ESTAT:LFST_R_LFSD2POP(1.0)	17/04/26 11:00:00	A	TOTAL	F	Y25-64	THS_PER	FRI1	2016	865.3		
ESTAT:LFST_R_LFSD2POP(1.0)	17/04/26 11:00:00	A	TOTAL	F	Y25-64	THS_PER	FRI2	2016	185.5		
ESTAT:LFST_R_LFSD2POP(1.0)	17/04/26 11:00:00	A	TOTAL	F	Y25-64	THS_PER	FRI3	2016	448.9		
ESTAT:LFST_R_LFSD2POP(1.0)	17/04/26 11:00:00	A	TOTAL	F	Y25-64	THS_PER	FRJ1	2016	726.6		
ESTAT:LFST_R_LFSD2POP(1.0)	17/04/26 11:00:00	A	TOTAL	F	Y25-64	THS_PER	FRJ2	2016	782.0		
ESTAT:LFST_R_LFSD2POP(1.0)	17/04/26 11:00:00	A	TOTAL	F	Y25-64	THS_PER	FRK1	2016	342.1		
ESTAT:LFST_R_LFSD2POP(1.0)	17/04/26 11:00:00	A	TOTAL	F	Y25-64	THS_PER	FRK2	2016	1687.0		
ESTAT:LFST_R_LFSD2POP(1.0)	17/04/26 11:00:00	A	TOTAL	F	Y25-64	THS_PER	FRL0	2016	1288.2		
ESTAT:LFST_R_LFSD2POP(1.0)	17/04/26 11:00:00	A	TOTAL	F	Y25-64	THS_PER	FRM0	2016	68.2	u	
ESTAT:LFST_R_LFSD2POP(1.0)	17/04/26 11:00:00	A	TOTAL	F	Y35-44	THS_PER	FR10	2016	869.4		
ESTAT:LFST_R_LFSD2POP(1.0)	17/04/26 11:00:00	A	TOTAL	F	Y35-44	THS_PER	FRB0	2016	155.8		
ESTAT:LFST_R_LFSD2POP(1.0)	17/04/26 11:00:00	A	TOTAL	F	Y35-44	THS_PER	FRC1	2016	93.2		
ESTAT:LFST_R_LFSD2POP(1.0)	17/04/26 11:00:00	A	TOTAL	F	Y35-44	THS_PER	FRC2	2016	80.9		
ESTAT:LFST_R_LFSD2POP(1.0)	17/04/26 11:00:00	A	TOTAL	F	Y35-44	THS_PER	FRD1	2016	86.4		
ESTAT:LFST_R_LFSD2POP(1.0)	17/04/26 11:00:00	A	TOTAL	F	Y35-44	THS_PER	FRD2	2016	105.3		
ESTAT:LFST_R_LFSD2POP(1.0)	17/04/26 11:00:00	A	TOTAL	F	Y35-44	THS_PER	FRE1	2016	259.8		
ESTAT:LFST_R_LFSD2POP(1.0)	17/04/26 11:00:00	A	TOTAL	F	Y35-44	THS_PER	FRE2	2016	121.3		
ESTAT:LFST_R_LFSD2POP(1.0)	17/04/26 11:00:00	A	TOTAL	F	Y35-44	THS_PER	FRF1	2016	124.1		
ESTAT:LFST_R_LFSD2POP(1.0)	17/04/26 11:00:00	A	TOTAL	F	Y35-44	THS_PER	FRF2	2016	72.2		
ESTAT:LFST_R_LFSD2POP(1.0)	17/04/26 11:00:00	A	TOTAL	F	Y35-44	THS_PER	FRF3	2016	140.4		
ESTAT:LFST_R_LFSD2POP(1.0)	17/04/26 11:00:00	A	TOTAL	F	Y35-44	THS_PER	FRG0	2016	233.9		
ESTAT:LFST_R_LFSD2POP(1.0)	17/04/26 11:00:00	A	TOTAL	F	Y35-44	THS_PER	FRH0	2016	212.7		
ESTAT:LFST_R_LFSD2POP(1.0)	17/04/26 11:00:00	A	TOTAL	F	Y35-44	THS_PER	FRI1	2016	231.6		
ESTAT:LFST_R_LFSD2POP(1.0)	17/04/26 11:00:00	A	TOTAL	F	Y35-44	THS_PER	FRI2	2016	43.6		
ESTAT:LFST_R_LFSD2POP(1.0)	17/04/26 11:00:00	A	TOTAL	F	Y35-44	THS_PER	FRI3	2016	97.1		
ESTAT:LFST_R_LFSD2POP(1.0)	17/04/26 11:00:00	A	TOTAL	F	Y35-44	THS_PER	FRJ1	2016	155.5		
ESTAT:LFST_R_LFSD2POP(1.0)	17/04/26 11:00:00	A	TOTAL	F	Y35-44	THS_PER	FRJ2	2016	210.2		
ESTAT:LFST_R_LFSD2POP(1.0)	17/04/26 11:00:00	A	TOTAL	F	Y35-44	THS_PER	FRK1	2016	99.4		
ESTAT:LFST_R_LFSD2POP(1.0)	17/04/26 11:00:00	A	TOTAL	F	Y35-44	THS_PER	FRK2	2016	439.6		
ESTAT:LFST_R_LFSD2POP(1.0)	17/04/26 11:00:00	A	TOTAL	F	Y35-44	THS_PER	FRL0	2016	303.1		
ESTAT:LFST_R_LFSD2POP(1.0)	17/04/26 11:00:00	A	TOTAL	F	Y35-44	THS_PER	FRM0	2016	17.7	u	
ESTAT:LFST_R_LFSD2POP(1.0)	17/04/26 11:00:00	A	TOTAL	F	Y45-54	THS_PER	FR10	2016	826.6		
ESTAT:LFST_R_LFSD2POP(1.0)	17/04/26 11:00:00	A	TOTAL	F	Y45-54	THS_PER	FRB0	2016	176.8		
ESTAT:LFST_R_LFSD2POP(1.0)	17/04/26 11:00:00	A	TOTAL	F	Y45-54	THS_PER	FRC1	2016	101.0		
ESTAT:LFST_R_LFSD2POP(1.0)	17/04/26 11:00:00	A	TOTAL	F	Y45-54	THS_PER	FRC2	2016	79.6		
ESTAT:LFST_R_LFSD2POP(1.0)	17/04/26 11:00:00	A	TOTAL	F	Y45-54	THS_PER	FRD1	2016	99.2		
ESTAT:LFST_R_LFSD2POP(1.0)	17/04/26 11:00:00	A	TOTAL	F	Y45-54	THS_PER	FRD2	2016	119.6		
ESTAT:LFST_R_LFSD2POP(1.0)	17/04/26 11:00:00	A	TOTAL	F	Y45-54	THS_PER	FRE1	2016	255.8		
ESTAT:LFST_R_LFSD2POP(1.0)	17/04/26 11:00:00	A	TOTAL	F	Y45-54	THS_PER	FRE2	2016	128.8		
ESTAT:LFST_R_LFSD2POP(1.0)	17/04/26 11:00:00	A	TOTAL	F	Y45-54	THS_PER	FRF1	2016	139.1		
ESTAT:LFST_R_LFSD2POP(1.0)	17/04/26 11:00:00	A	TOTAL	F	Y45-54	THS_PER	FRF2	2016	91.4		
ESTAT:LFST_R_LFSD2POP(1.0)	17/04/26 11:00:00	A	TOTAL	F	Y45-54	THS_PER	FRF3	2016	150.8		
ESTAT:LFST_R_LFSD2POP(1.0)	17/04/26 11:00:00	A	TOTAL	F	Y45-54	THS_PER	FRG0	2016	257.6		
ESTAT:LFST_R_LFSD2POP(1.0)	17/04/26 11:00:00	A	TOTAL	F	Y45-54	THS_PER	FRH0	2016	216.3		
ESTAT:LFST_R_LFSD2POP(1.0)	17/04/26 11:00:00	A	TOTAL	F	Y45-54	THS_PER	FRI1	2016	239.7		
ESTAT:LFST_R_LFSD2POP(1.0)	17/04/26 11:00:00	A	TOTAL	F	Y45-54	THS_PER	FRI2	2016	47.2		
ESTAT:LFST_R_LFSD2POP(1.0)	17/04/26 11:00:00	A	TOTAL	F	Y45-54	THS_PER	FRI3	2016	118.4		
ESTAT:LFST_R_LFSD2POP(1.0)	17/04/26 11:00:00	A	TOTAL	F	Y45-54	THS_PER	FRJ1	2016	206.5		
ESTAT:LFST_R_LFSD2POP(1.0)	17/04/26 11:00:00	A	TOTAL	F	Y45-54	THS_PER	FRJ2	2016	201.8		
ESTAT:LFST_R_LFSD2POP(1.0)	17/04/26 11:00:00	A	TOTAL	F	Y45-54	THS_PER	FRK1	2016	81.2		
ESTAT:LFST_R_LFSD2POP(1.0)	17/04/26 11:00:00	A	TOTAL	F	Y45-54	THS_PER	FRK2	2016	446.4		
ESTAT:LFST_R_LFSD2POP(1.0)	17/04/26 11:00:00	A	TOTAL	F	Y45-54	THS_PER	FRL0	2016	380.0		
ESTAT:LFST_R_LFSD2POP(1.0)	17/04/26 11:00:00	A	TOTAL	F	Y45-54	THS_PER	FRM0	2016	15.5	u	
ESTAT:LFST_R_LFSD2POP(1.0)	17/04/26 11:00:00	A	TOTAL	F	Y55-64	THS_PER	FR10	2016	696.6		
ESTAT:LFST_R_LFSD2POP(1.0)	17/04/26 11:00:00	A	TOTAL	F	Y55-64	THS_PER	FRB0	2016	175.0		
ESTAT:LFST_R_LFSD2POP(1.0)	17/04/26 11:00:00	A	TOTAL	F	Y55-64	THS_PER	FRC1	2016	129.4		
ESTAT:LFST_R_LFSD2POP(1.0)	17/04/26 11:00:00	A	TOTAL	F	Y55-64	THS_PER	FRC2	2016	75.1		
ESTAT:LFST_R_LFSD2POP(1.0)	17/04/26 11:00:00	A	TOTAL	F	Y55-64	THS_PER	FRD1	2016	105.0		
ESTAT:LFST_R_LFSD2POP(1.0)	17/04/26 11:00:00	A	TOTAL	F	Y55-64	THS_PER	FRD2	2016	127.3		
ESTAT:LFST_R_LFSD2POP(1.0)	17/04/26 11:00:00	A	TOTAL	F	Y55-64	THS_PER	FRE1	2016	261.3		
ESTAT:LFST_R_LFSD2POP(1.0)	17/04/26 11:00:00	A	TOTAL	F	Y55-64	THS_PER	FRE2	2016	128.6		
ESTAT:LFST_R_LFSD2POP(1.0)	17/04/26 11:00:00	A	TOTAL	F	Y55-64	THS_PER	FRF1	2016	122.3		
ESTAT:LFST_R_LFSD2POP(1.0)	17/04/26 11:00:00	A	TOTAL	F	Y55-64	THS_PER	FRF2	2016	89.4		
ESTAT:LFST_R_LFSD2POP(1.0)	17/04/26 11:00:00	A	TOTAL	F	Y55-64	THS_PER	FRF3	2016	164.1		
ESTAT:LFST_R_LFSD2POP(1.0)	17/04/26 11:00:00	A	TOTAL	F	Y55-64	THS_PER	FRG0	2016	220.2		
ESTAT:LFST_R_LFSD2POP(1.0)	17/04/26 11:00:00	A	TOTAL	F	Y55-64	THS_PER	FRH0	2016	201.8		
ESTAT:LFST_R_LFSD2POP(1.0)	17/04/26 11:00:00	A	TOTAL	F	Y55-64	THS_PER	FRI1	2016	221.9		
ESTAT:LFST_R_LFSD2POP(1.0)	17/04/26 11:00:00	A	TOTAL	F	Y55-64	THS_PER	FRI2	2016	52.7		
ESTAT:LFST_R_LFSD2POP(1.0)	17/04/26 11:00:00	A	TOTAL	F	Y55-64	THS_PER	FRI3	2016	122.5		
ESTAT:LFST_R_LFSD2POP(1.0)	17/04/26 11:00:00	A	TOTAL	F	Y55-64	THS_PER	FRJ1	2016	211.7		
ESTAT:LFST_R_LFSD2POP(1.0)	17/04/26 11:00:00	A	TOTAL	F	Y55-64	THS_PER	FRJ2	2016	208.2		
ESTAT:LFST_R_LFSD2POP(1.0)	17/04/26 11:00:00	A	TOTAL	F	Y55-64	THS_PER	FRK1	2016	98.0		
ESTAT:LFST_R_LFSD2POP(1.0)	17/04/26 11:00:00	A	TOTAL	F	Y55-64	THS_PER	FRK2	2016	399.2		
ESTAT:LFST_R_LFSD2POP(1.0)	17/04/26 11:00:00	A	TOTAL	F	Y55-64	THS_PER	FRL0	2016	328.5		
ESTAT:LFST_R_LFSD2POP(1.0)	17/04/26 11:00:00	A	TOTAL	F	Y55-64	THS_PER	FRM0	2016	23.5	u	
ESTAT:LFST_R_LFSD2POP(1.0)	17/04/26 11:00:00	A	TOTAL	F	Y_GE15	THS_PER	FR10	2016	5023.2		
ESTAT:LFST_R_LFSD2POP(1.0)	17/04/26 11:00:00	A	TOTAL	F	Y_GE15	THS_PER	FRB0	2016	1072.0		
ESTAT:LFST_R_LFSD2POP(1.0)	17/04/26 11:00:00	A	TOTAL	F	Y_GE15	THS_PER	FRC1	2016	702.8		
ESTAT:LFST_R_LFSD2POP(1.0)	17/04/26 11:00:00	A	TOTAL	F	Y_GE15	THS_PER	FRC2	2016	480.6		
ESTAT:LFST_R_LFSD2POP(1.0)	17/04/26 11:00:00	A	TOTAL	F	Y_GE15	THS_PER	FRD1	2016	610.5		
ESTAT:LFST_R_LFSD2POP(1.0)	17/04/26 11:00:00	A	TOTAL	F	Y_GE15	THS_PER	FRD2	2016	770.3		
ESTAT:LFST_R_LFSD2POP(1.0)	17/04/26 11:00:00	A	TOTAL	F	Y_GE15	THS_PER	FRE1	2016	1674.1		
ESTAT:LFST_R_LFSD2POP(1.0)	17/04/26 11:00:00	A	TOTAL	F	Y_GE15	THS_PER	FRE2	2016	784.5		
ESTAT:LFST_R_LFSD2POP(1.0)	17/04/26 11:00:00	A	TOTAL	F	Y_GE15	THS_PER	FRF1	2016	797.1		
ESTAT:LFST_R_LFSD2POP(1.0)	17/04/26 11:00:00	A	TOTAL	F	Y_GE15	THS_PER	FRF2	2016	544.5		
ESTAT:LFST_R_LFSD2POP(1.0)	17/04/26 11:00:00	A	TOTAL	F	Y_GE15	THS_PER	FRF3	2016	975.3		
ESTAT:LFST_R_LFSD2POP(1.0)	17/04/26 11:00:00	A	TOTAL	F	Y_GE15	THS_PER	FRG0	2016	1534.2		
ESTAT:LFST_R_LFSD2POP(1.0)	17/04/26 11:00:00	A	TOTAL	F	Y_GE15	THS_PER	FRH0	2016	1388.1		
ESTAT:LFST_R_LFSD2POP(1.0)	17/04/26 11:00:00	A	TOTAL	F	Y_GE15	THS_PER	FRI1	2016	1436.7		
ESTAT:LFST_R_LFSD2POP(1.0)	17/04/26 11:00:00	A	TOTAL	F	Y_GE15	THS_PER	FRI2	2016	311.4		
ESTAT:LFST_R_LFSD2POP(1.0)	17/04/26 11:00:00	A	TOTAL	F	Y_GE15	THS_PER	FRI3	2016	762.9		
ESTAT:LFST_R_LFSD2POP(1.0)	17/04/26 11:00:00	A	TOTAL	F	Y_GE15	THS_PER	FRJ1	2016	1192.1		
ESTAT:LFST_R_LFSD2POP(1.0)	17/04/26 11:00:00	A	TOTAL	F	Y_GE15	THS_PER	FRJ2	2016	1255.5		
ESTAT:LFST_R_LFSD2POP(1.0)	17/04/26 11:00:00	A	TOTAL	F	Y_GE15	THS_PER	FRK1	2016	574.0		
ESTAT:LFST_R_LFSD2POP(1.0)	17/04/26 11:00:00	A	TOTAL	F	Y_GE15	THS_PER	FRK2	2016	2698.7		
ESTAT:LFST_R_LFSD2POP(1.0)	17/04/26 11:00:00	A	TOTAL	F	Y_GE15	THS_PER	FRL0	2016	2147.3		
ESTAT:LFST_R_LFSD2POP(1.0)	17/04/26 11:00:00	A	TOTAL	F	Y_GE15	THS_PER	FRM0	2016	154.1	u	
ESTAT:LFST_R_LFSD2POP(1.0)	17/04/26 11:00:00	A	TOTAL	F	Y_GE25	THS_PER	FR10	2016	4264.9		
ESTAT:LFST_R_LFSD2POP(1.0)	17/04/26 11:00:00	A	TOTAL	F	Y_GE25	THS_PER	FRB0	2016	931.6		
ESTAT:LFST_R_LFSD2POP(1.0)	17/04/26 11:00:00	A	TOTAL	F	Y_GE25	THS_PER	FRC1	2016	612.5		
ESTAT:LFST_R_LFSD2POP(1.0)	17/04/26 11:00:00	A	TOTAL	F	Y_GE25	THS_PER	FRC2	2016	423.3		
ESTAT:LFST_R_LFSD2POP(1.0)	17/04/26 11:00:00	A	TOTAL	F	Y_GE25	THS_PER	FRD1	2016	532.8		
ESTAT:LFST_R_LFSD2POP(1.0)	17/04/26 11:00:00	A	TOTAL	F	Y_GE25	THS_PER	FRD2	2016	666.4		
ESTAT:LFST_R_LFSD2POP(1.0)	17/04/26 11:00:00	A	TOTAL	F	Y_GE25	THS_PER	FRE1	2016	1430.2		
ESTAT:LFST_R_LFSD2POP(1.0)	17/04/26 11:00:00	A	TOTAL	F	Y_GE25	THS_PER	FRE2	2016	673.5		
ESTAT:LFST_R_LFSD2POP(1.0)	17/04/26 11:00:00	A	TOTAL	F	Y_GE25	THS_PER	FRF1	2016	692.5		
ESTAT:LFST_R_LFSD2POP(1.0)	17/04/26 11:00:00	A	TOTAL	F	Y_GE25	THS_PER	FRF2	2016	474.4		
ESTAT:LFST_R_LFSD2POP(1.0)	17/04/26 11:00:00	A	TOTAL	F	Y_GE25	THS_PER	FRF3	2016	839.9		
ESTAT:LFST_R_LFSD2POP(1.0)	17/04/26 11:00:00	A	TOTAL	F	Y_GE25	THS_PER	FRG0	2016	1317.7		
ESTAT:LFST_R_LFSD2POP(1.0)	17/04/26 11:00:00	A	TOTAL	F	Y_GE25	THS_PER	FRH0	2016	1191.5		
ESTAT:LFST_R_LFSD2POP(1.0)	17/04/26 11:00:00	A	TOTAL	F	Y_GE25	THS_PER	FRI1	2016	1246.3		
ESTAT:LFST_R_LFSD2POP(1.0)	17/04/26 11:00:00	A	TOTAL	F	Y_GE25	THS_PER	FRI2	2016	274.2		
ESTAT:LFST_R_LFSD2POP(1.0)	17/04/26 11:00:00	A	TOTAL	F	Y_GE25	THS_PER	FRI3	2016	675.4		
ESTAT:LFST_R_LFSD2POP(1.0)	17/04/26 11:00:00	A	TOTAL	F	Y_GE25	THS_PER	FRJ1	2016	1056.9		
ESTAT:LFST_R_LFSD2POP(1.0)	17/04/26 11:00:00	A	TOTAL	F	Y_GE25	THS_PER	FRJ2	2016	1112.3		
ESTAT:LFST_R_LFSD2POP(1.0)	17/04/26 11:00:00	A	TOTAL	F	Y_GE25	THS_PER	FRK1	2016	501.0		
ESTAT:LFST_R_LFSD2POP(1.0)	17/04/26 11:00:00	A	TOTAL	F	Y_GE25	THS_PER	FRK2	2016	2327.5		
ESTAT:LFST_R_LFSD2POP(1.0)	17/04/26 11:00:00	A	TOTAL	F	Y_GE25	THS_PER	FRL0	2016	1884.4		
ESTAT:LFST_R_LFSD2POP(1.0)	17/04/26 11:00:00	A	TOTAL	F	Y_GE25	THS_PER	FRM0	2016	146.4	u	
ESTAT:LFST_R_LFSD2POP(1.0)	17/04/26 11:00:00	A	TOTAL	F	Y_GE65	THS_PER	FR10	2016	959.2		
ESTAT:LFST_R_LFSD2POP(1.0)	17/04/26 11:00:00	A	TOTAL	F	Y_GE65	THS_PER	FRB0	2016	291.1		
ESTAT:LFST_R_LFSD2POP(1.0)	17/04/26 11:00:00	A	TOTAL	F	Y_GE65	THS_PER	FRC1	2016	203.5		
ESTAT:LFST_R_LFSD2POP(1.0)	17/04/26 11:00:00	A	TOTAL	F	Y_GE65	THS_PER	FRC2	2016	115.7		
ESTAT:LFST_R_LFSD2POP(1.0)	17/04/26 11:00:00	A	TOTAL	F	Y_GE65	THS_PER	FRD1	2016	165.7		
ESTAT:LFST_R_LFSD2POP(1.0)	17/04/26 11:00:00	A	TOTAL	F	Y_GE65	THS_PER	FRD2	2016	192.1		
ESTAT:LFST_R_LFSD2POP(1.0)	17/04/26 11:00:00	A	TOTAL	F	Y_GE65	THS_PER	FRE1	2016	378.5		
ESTAT:LFST_R_LFSD2POP(1.0)	17/04/26 11:00:00	A	TOTAL	F	Y_GE65	THS_PER	FRE2	2016	184.5		
ESTAT:LFST_R_LFSD2POP(1.0)	17/04/26 11:00:00	A	TOTAL	F	Y_GE65	THS_PER	FRF1	2016	190.5		
ESTAT:LFST_R_LFSD2POP(1.0)	17/04/26 11:00:00	A	TOTAL	F	Y_GE65	THS_PER	FRF2	2016	137.1		
ESTAT:LFST_R_LFSD2POP(1.0)	17/04/26 11:00:00	A	TOTAL	F	Y_GE65	THS_PER	FRF3	2016	245.1		
ESTAT:LFST_R_LFSD2POP(1.0)	17/04/26 11:00:00	A	TOTAL	F	Y_GE65	THS_PER	FRG0	2016	388.0		
ESTAT:LFST_R_LFSD2POP(1.0)	17/04/26 11:00:00	A	TOTAL	F	Y_GE65	THS_PER	FRH0	2016	385.6		
ESTAT:LFST_R_LFSD2POP(1.0)	17/04/26 11:00:00	A	TOTAL	F	Y_GE65	THS_PER	FRI1	2016	381.0		
ESTAT:LFST_R_LFSD2POP(1.0)	17/04/26 11:00:00	A	TOTAL	F	Y_GE65	THS_PER	FRI2	2016	88.6		
ESTAT:LFST_R_LFSD2POP(1.0)	17/04/26 11:00:00	A	TOTAL	F	Y_GE65	THS_PER	FRI3	2016	226.5		
ESTAT:LFST_R_LFSD2POP(1.0)	17/04/26 11:00:00	A	TOTAL	F	Y_GE65	THS_PER	FRJ1	2016	330.3		
ESTAT:LFST_R_LFSD2POP(1.0)	17/04/26 11:00:00	A	TOTAL	F	Y_GE65	THS_PER	FRJ2	2016	330.3		
ESTAT:LFST_R_LFSD2POP(1.0)	17/04/26 11:00:00	A	TOTAL	F	Y_GE65	THS_PER	FRK1	2016	158.9		
ESTAT:LFST_R_LFSD2POP(1.0)	17/04/26 11:00:00	A	TOTAL	F	Y_GE65	THS_PER	FRK2	2016	640.5		
ESTAT:LFST_R_LFSD2POP(1.0)	17/04/26 11:00:00	A	TOTAL	F	Y_GE65	THS_PER	FRL0	2016	596.1		
ESTAT:LFST_R_LFSD2POP(1.0)	17/04/26 11:00:00	A	TOTAL	F	Y_GE65	THS_PER	FRM0	2016	78.2	u	
ESTAT:LFST_R_LFSD2POP(1.0)	17/04/26 11:00:00	A	TOTAL	M	Y15-24	THS_PER	FR10	2016	738.6		
ESTAT:LFST_R_LFSD2POP(1.0)	17/04/26 11:00:00	A	TOTAL	M	Y15-24	THS_PER	FRB0	2016	142.7		
ESTAT:LFST_R_LFSD2POP(1.0)	17/04/26 11:00:00	A	TOTAL	M	Y15-24	THS_PER	FRC1	2016	94.6		
ESTAT:LFST_R_LFSD2POP(1.0)	17/04/26 11:00:00	A	TOTAL	M	Y15-24	THS_PER	FRC2	2016	62.8		
ESTAT:LFST_R_LFSD2POP(1.0)	17/04/26 11:00:00	A	TOTAL	M	Y15-24	THS_PER	FRD1	2016	85.0		
ESTAT:LFST_R_LFSD2POP(1.0)	17/04/26 11:00:00	A	TOTAL	M	Y15-24	THS_PER	FRD2	2016	98.1		
ESTAT:LFST_R_LFSD2POP(1.0)	17/04/26 11:00:00	A	TOTAL	M	Y15-24	THS_PER	FRE1	2016	259.7		
ESTAT:LFST_R_LFSD2POP(1.0)	17/04/26 11:00:00	A	TOTAL	M	Y15-24	THS_PER	FRE2	2016	100.0		
ESTAT:LFST_R_LFSD2POP(1.0)	17/04/26 11:00:00	A	TOTAL	M	Y15-24	THS_PER	FRF1	2016	100.8		
ESTAT:LFST_R_LFSD2POP(1.0)	17/04/26 11:00:00	A	TOTAL	M	Y15-24	THS_PER	FRF2	2016	81.5		
ESTAT:LFST_R_LFSD2POP(1.0)	17/04/26 11:00:00	A	TOTAL	M	Y15-24	THS_PER	FRF3	2016	145.2		
ESTAT:LFST_R_LFSD2POP(1.0)	17/04/26 11:00:00	A	TOTAL	M	Y15-24	THS_PER	FRG0	2016	224.3		
ESTAT:LFST_R_LFSD2POP(1.0)	17/04/26 11:00:00	A	TOTAL	M	Y15-24	THS_PER	FRH0	2016	185.7		
ESTAT:LFST_R_LFSD2POP(1.0)	17/04/26 11:00:00	A	TOTAL	M	Y15-24	THS_PER	FRI1	2016	203.8		
ESTAT:LFST_R_LFSD2POP(1.0)	17/04/26 11:00:00	A	TOTAL	M	Y15-24	THS_PER	FRI2	2016	33.0		
ESTAT:LFST_R_LFSD2POP(1.0)	17/04/26 11:00:00	A	TOTAL	M	Y15-24	THS_PER	FRI3	2016	89.1		
ESTAT:LFST_R_LFSD2POP(1.0)	17/04/26 11:00:00	A	TOTAL	M	Y15-24	THS_PER	FRJ1	2016	157.8		
ESTAT:LFST_R_LFSD2POP(1.0)	17/04/26 11:00:00	A	TOTAL	M	Y15-24	THS_PER	FRJ2	2016	155.0		
ESTAT:LFST_R_LFSD2POP(1.0)	17/04/26 11:00:00	A	TOTAL	M	Y15-24	THS_PER	FRK1	2016	64.5		
ESTAT:LFST_R_LFSD2POP(1.0)	17/04/26 11:00:00	A	TOTAL	M	Y15-24	THS_PER	FRK2	2016	373.4		
ESTAT:LFST_R_LFSD2POP(1.0)	17/04/26 11:00:00	A	TOTAL	M	Y15-24	THS_PER	FRL0	2016	270.8		
ESTAT:LFST_R_LFSD2POP(1.0)	17/04/26 11:00:00	A	TOTAL	M	Y15-24	THS_PER	FRM0	2016	17.7	u	
ESTAT:LFST_R_LFSD2POP(1.0)	17/04/26 11:00:00	A	TOTAL	M	Y15-64	THS_PER	FR10	2016	3807.1		
ESTAT:LFST_R_LFSD2POP(1.0)	17/04/26 11:00:00	A	TOTAL	M	Y15-64	THS_PER	FRB0	2016	755.2		
ESTAT:LFST_R_LFSD2POP(1.0)	17/04/26 11:00:00	A	TOTAL	M	Y15-64	THS_PER	FRC1	2016	481.4		
ESTAT:LFST_R_LFSD2POP(1.0)	17/04/26 11:00:00	A	TOTAL	M	Y15-64	THS_PER	FRC2	2016	355.7		
ESTAT:LFST_R_LFSD2POP(1.0)	17/04/26 11:00:00	A	TOTAL	M	Y15-64	THS_PER	FRD1	2016	445.4		
ESTAT:LFST_R_LFSD2POP(1.0)	17/04/26 11:00:00	A	TOTAL	M	Y15-64	THS_PER	FRD2	2016	552.4		
ESTAT:LFST_R_LFSD2POP(1.0)	17/04/26 11:00:00	A	TOTAL	M	Y15-64	THS_PER	FRE1	2016	1252.7		
ESTAT:LFST_R_LFSD2POP(1.0)	17/04/26 11:00:00	A	TOTAL	M	Y15-64	THS_PER	FRE2	2016	587.5		
ESTAT:LFST_R_LFSD2POP(1.0)	17/04/26 11:00:00	A	TOTAL	M	Y15-64	THS_PER	FRF1	2016	584.7		
ESTAT:LFST_R_LFSD2POP(1.0)	17/04/26 11:00:00	A	TOTAL	M	Y15-64	THS_PER	FRF2	2016	404.6		
ESTAT:LFST_R_LFSD2POP(1.0)	17/04/26 11:00:00	A	TOTAL	M	Y15-64	THS_PER	FRF3	2016	720.0		
ESTAT:LFST_R_LFSD2POP(1.0)	17/04/26 11:00:00	A	TOTAL	M	Y15-64	THS_PER	FRG0	2016	1133.3		
ESTAT:LFST_R_LFSD2POP(1.0)	17/04/26 11:00:00	A	TOTAL	M	Y15-64	THS_PER	FRH0	2016	991.6		
ESTAT:LFST_R_LFSD2POP(1.0)	17/04/26 11:00:00	A	TOTAL	M	Y15-64	THS_PER	FRI1	2016	1016.4		
ESTAT:LFST_R_LFSD2POP(1.0)	17/04/26 11:00:00	A	TOTAL	M	Y15-64	THS_PER	FRI2	2016	215.8		
ESTAT:LFST_R_LFSD2POP(1.0)	17/04/26 11:00:00	A	TOTAL	M	Y15-64	THS_PER	FRI3	2016	523.1		
ESTAT:LFST_R_LFSD2POP(1.0)	17/04/26 11:00:00	A	TOTAL	M	Y15-64	THS_PER	FRJ1	2016	812.3		
ESTAT:LFST_R_LFSD2POP(1.0)	17/04/26 11:00:00	A	TOTAL	M	Y15-64	THS_PER	FRJ2	2016	918.1		
ESTAT:LFST_R_LFSD2POP(1.0)	17/04/26 11:00:00	A	TOTAL	M	Y15-64	THS_PER	FRK1	2016	401.1		
ESTAT:LFST_R_LFSD2POP(1.0)	17/04/26 11:00:00	A	TOTAL	M	Y15-64	THS_PER	FRK2	2016	2003.7		
ESTAT:LFST_R_LFSD2POP(1.0)	17/04/26 11:00:00	A	TOTAL	M	Y15-64	THS_PER	FRL0	2016	1450.4		
ESTAT:LFST_R_LFSD2POP(1.0)	17/04/26 11:00:00	A	TOTAL	M	Y15-64	THS_PER	FRM0	2016	79.0	u	
ESTAT:LFST_R_LFSD2POP(1.0)	17/04/26 11:00:00	A	TOTAL	M	Y15-74	THS_PER	FR10	2016	4232.0		
ESTAT:LFST_R_LFSD2POP(1.0)	17/04/26 11:00:00	A	TOTAL	M	Y15-74	THS_PER	FRB0	2016	887.5		
ESTAT:LFST_R_LFSD2POP(1.0)	17/04/26 11:00:00	A	TOTAL	M	Y15-74	THS_PER	FRC1	2016	569.1		
ESTAT:LFST_R_LFSD2POP(1.0)	17/04/26 11:00:00	A	TOTAL	M	Y15-74	THS_PER	FRC2	2016	418.7		
ESTAT:LFST_R_LFSD2POP(1.0)	17/04/26 11:00:00	A	TOTAL	M	Y15-74	THS_PER	FRD1	2016	521.1		
ESTAT:LFST_R_LFSD2POP(1.0)	17/04/26 11:00:00	A	TOTAL	M	Y15-74	THS_PER	FRD2	2016	635.9		
ESTAT:LFST_R_LFSD2POP(1.0)	17/04/26 11:00:00	A	TOTAL	M	Y15-74	THS_PER	FRE1	2016	1429.4		
ESTAT:LFST_R_LFSD2POP(1.0)	17/04/26 11:00:00	A	TOTAL	M	Y15-74	THS_PER	FRE2	2016	665.1		
ESTAT:LFST_R_LFSD2POP(1.0)	17/04/26 11:00:00	A	TOTAL	M	Y15-74	THS_PER	FRF1	2016	664.4		
ESTAT:LFST_R_LFSD2POP(1.0)	17/04/26 11:00:00	A	TOTAL	M	Y15-74	THS_PER	FRF2	2016	464.9		
ESTAT:LFST_R_LFSD2POP(1.0)	17/04/26 11:00:00	A	TOTAL	M	Y15-74	THS_PER	FRF3	2016	821.9		
ESTAT:LFST_R_LFSD2POP(1.0)	17/04/26 11:00:00	A	TOTAL	M	Y15-74	THS_PER	FRG0	2016	1311.2		
ESTAT:LFST_R_LFSD2POP(1.0)	17/04/26 11:00:00	A	TOTAL	M	Y15-74	THS_PER	FRH0	2016	1141.7		
ESTAT:LFST_R_LFSD2POP(1.0)	17/04/26 11:00:00	A	TOTAL	M	Y15-74	THS_PER	FRI1	2016	1205.0		
ESTAT:LFST_R_LFSD2POP(1.0)	17/04/26 11:00:00	A	TOTAL	M	Y15-74	THS_PER	FRI2	2016	251.9		
ESTAT:LFST_R_LFSD2POP(1.0)	17/04/26 11:00:00	A	TOTAL	M	Y15-74	THS_PER	FRI3	2016	624.0		
ESTAT:LFST_R_LFSD2POP(1.0)	17/04/26 11:00:00	A	TOTAL	M	Y15-74	THS_PER	FRJ1	2016	971.6		
ESTAT:LFST_R_LFSD2POP(1.0)	17/04/26 11:00:00	A	TOTAL	M	Y15-74	THS_PER	FRJ2	2016	1074.4		
ESTAT:LFST_R_LFSD2POP(1.0)	17/04/26 11:00:00	A	TOTAL	M	Y15-74	THS_PER	FRK1	2016	476.3		
ESTAT:LFST_R_LFSD2POP(1.0)	17/04/26 11:00:00	A	TOTAL	M	Y15-74	THS_PER	FRK2	2016	2291.2		
ESTAT:LFST_R_LFSD2POP(1.0)	17/04/26 11:00:00	A	TOTAL	M	Y15-74	THS_PER	FRL0	2016	1710.9		
ESTAT:LFST_R_LFSD2POP(1.0)	17/04/26 11:00:00	A	TOTAL	M	Y15-74	THS_PER	FRM0	2016	103.1	u	
ESTAT:LFST_R_LFSD2POP(1.0)	17/04/26 11:00:00	A	TOTAL	M	Y20-64	THS_PER	FR10	2016	3436.4		
ESTAT:LFST_R_LFSD2POP(1.0)	17/04/26 11:00:00	A	TOTAL	M	Y20-64	THS_PER	FRB0	2016	681.6		
ESTAT:LFST_R_LFSD2POP(1.0)	17/04/26 11:00:00	A	TOTAL	M	Y20-64	THS_PER	FRC1	2016	431.6		
ESTAT:LFST_R_LFSD2POP(1.0)	17/04/26 11:00:00	A	TOTAL	M	Y20-64	THS_PER	FRC2	2016	320.1		
ESTAT:LFST_R_LFSD2POP(1.0)	17/04/26 11:00:00	A	TOTAL	M	Y20-64	THS_PER	FRD1	2016	398.2		
ESTAT:LFST_R_LFSD2POP(1.0)	17/04/26 11:00:00	A	TOTAL	M	Y20-64	THS_PER	FRD2	2016	502.3		
ESTAT:LFST_R_LFSD2POP(1.0)	17/04/26 11:00:00	A	TOTAL	M	Y20-64	THS_PER	FRE1	2016	1125.9		
ESTAT:LFST_R_LFSD2POP(1.0)	17/04/26 11:00:00	A	TOTAL	M	Y20-64	THS_PER	FRE2	2016	530.3		
ESTAT:LFST_R_LFSD2POP(1.0)	17/04/26 11:00:00	A	TOTAL	M	Y20-64	THS_PER	FRF1	2016	528.7		
ESTAT:LFST_R_LFSD2POP(1.0)	17/04/26 11:00:00	A	TOTAL	M	Y20-64	THS_PER	FRF2	2016	362.2		
ESTAT:LFST_R_LFSD2POP(1.0)	17/04/26 11:00:00	A	TOTAL	M	Y20-64	THS_PER	FRF3	2016	651.3		
ESTAT:LFST_R_LFSD2POP(1.0)	17/04/26 11:00:00	A	TOTAL	M	Y20-64	THS_PER	FRG0	2016	1008.6		
ESTAT:LFST_R_LFSD2POP(1.0)	17/04/26 11:00:00	A	TOTAL	M	Y20-64	THS_PER	FRH0	2016	890.0		
ESTAT:LFST_R_LFSD2POP(1.0)	17/04/26 11:00:00	A	TOTAL	M	Y20-64	THS_PER	FRI1	2016	912.1		
ESTAT:LFST_R_LFSD2POP(1.0)	17/04/26 11:00:00	A	TOTAL	M	Y20-64	THS_PER	FRI2	2016	200.7		
ESTAT:LFST_R_LFSD2POP(1.0)	17/04/26 11:00:00	A	TOTAL	M	Y20-64	THS_PER	FRI3	2016	472.2		
ESTAT:LFST_R_LFSD2POP(1.0)	17/04/26 11:00:00	A	TOTAL	M	Y20-64	THS_PER	FRJ1	2016	726.0		
ESTAT:LFST_R_LFSD2POP(1.0)	17/04/26 11:00:00	A	TOTAL	M	Y20-64	THS_PER	FRJ2	2016	826.9		
ESTAT:LFST_R_LFSD2POP(1.0)	17/04/26 11:00:00	A	TOTAL	M	Y20-64	THS_PER	FRK1	2016	364.4		
ESTAT:LFST_R_LFSD2POP(1.0)	17/04/26 11:00:00	A	TOTAL	M	Y20-64	THS_PER	FRK2	2016	1810.6		
ESTAT:LFST_R_LFSD2POP(1.0)	17/04/26 11:00:00	A	TOTAL	M	Y20-64	THS_PER	FRL0	2016	1306.8		
ESTAT:LFST_R_LFSD2POP(1.0)	17/04/26 11:00:00	A	TOTAL	M	Y20-64	THS_PER	FRM0	2016	66.8	u	
ESTAT:LFST_R_LFSD2POP(1.0)	17/04/26 11:00:00	A	TOTAL	M	Y25-34	THS_PER	FR10	2016	834.5		
ESTAT:LFST_R_LFSD2POP(1.0)	17/04/26 11:00:00	A	TOTAL	M	Y25-34	THS_PER	FRB0	2016	125.2		
ESTAT:LFST_R_LFSD2POP(1.0)	17/04/26 11:00:00	A	TOTAL	M	Y25-34	THS_PER	FRC1	2016	87.6		
ESTAT:LFST_R_LFSD2POP(1.0)	17/04/26 11:00:00	A	TOTAL	M	Y25-34	THS_PER	FRC2	2016	60.7		
ESTAT:LFST_R_LFSD2POP(1.0)	17/04/26 11:00:00	A	TOTAL	M	Y25-34	THS_PER	FRD1	2016	68.3		
ESTAT:LFST_R_LFSD2POP(1.0)	17/04/26 11:00:00	A	TOTAL	M	Y25-34	THS_PER	FRD2	2016	116.8		
ESTAT:LFST_R_LFSD2POP(1.0)	17/04/26 11:00:00	A	TOTAL	M	Y25-34	THS_PER	FRE1	2016	261.3		
ESTAT:LFST_R_LFSD2POP(1.0)	17/04/26 11:00:00	A	TOTAL	M	Y25-34	THS_PER	FRE2	2016	111.7		
ESTAT:LFST_R_LFSD2POP(1.0)	17/04/26 11:00:00	A	TOTAL	M	Y25-34	THS_PER	FRF1	2016	111.5		
ESTAT:LFST_R_LFSD2POP(1.0)	17/04/26 11:00:00	A	TOTAL	M	Y25-34	THS_PER	FRF2	2016	79.3		
ESTAT:LFST_R_LFSD2POP(1.0)	17/04/26 11:00:00	A	TOTAL	M	Y25-34	THS_PER	FRF3	2016	136.1		
ESTAT:LFST_R_LFSD2POP(1.0)	17/04/26 11:00:00	A	TOTAL	M	Y25-34	THS_PER	FRG0	2016	213.0		
ESTAT:LFST_R_LFSD2POP(1.0)	17/04/26 11:00:00	A	TOTAL	M	Y25-34	THS_PER	FRH0	2016	186.1		
ESTAT:LFST_R_LFSD2POP(1.0)	17/04/26 11:00:00	A	TOTAL	M	Y25-34	THS_PER	FRI1	2016	170.4		
ESTAT:LFST_R_LFSD2POP(1.0)	17/04/26 11:00:00	A	TOTAL	M	Y25-34	THS_PER	FRI2	2016	35.6		
ESTAT:LFST_R_LFSD2POP(1.0)	17/04/26 11:00:00	A	TOTAL	M	Y25-34	THS_PER	FRI3	2016	96.1		
ESTAT:LFST_R_LFSD2POP(1.0)	17/04/26 11:00:00	A	TOTAL	M	Y25-34	THS_PER	FRJ1	2016	128.8		
ESTAT:LFST_R_LFSD2POP(1.0)	17/04/26 11:00:00	A	TOTAL	M	Y25-34	THS_PER	FRJ2	2016	167.7		
ESTAT:LFST_R_LFSD2POP(1.0)	17/04/26 11:00:00	A	TOTAL	M	Y25-34	THS_PER	FRK1	2016	70.3		
ESTAT:LFST_R_LFSD2POP(1.0)	17/04/26 11:00:00	A	TOTAL	M	Y25-34	THS_PER	FRK2	2016	391.7		
ESTAT:LFST_R_LFSD2POP(1.0)	17/04/26 11:00:00	A	TOTAL	M	Y25-34	THS_PER	FRL0	2016	260.2		
ESTAT:LFST_R_LFSD2POP(1.0)	17/04/26 11:00:00	A	TOTAL	M	Y25-34	THS_PER	FRM0	2016	10.5	u	
ESTAT:LFST_R_LFSD2POP(1.0)	17/04/26 11:00:00	A	TOTAL	M	Y25-64	THS_PER	FR10	2016	3068.4		
ESTAT:LFST_R_LFSD2POP(1.0)	17/04/26 11:00:00	A	TOTAL	M	Y25-64	THS_PER	FRB0	2016	612.5		
ESTAT:LFST_R_LFSD2POP(1.0)	17/04/26 11:00:00	A	TOTAL	M	Y25-64	THS_PER	FRC1	2016	386.8		
ESTAT:LFST_R_LFSD2POP(1.0)	17/04/26 11:00:00	A	TOTAL	M	Y25-64	THS_PER	FRC2	2016	292.9		
ESTAT:LFST_R_LFSD2POP(1.0)	17/04/26 11:00:00	A	TOTAL	M	Y25-64	THS_PER	FRD1	2016	360.4		
ESTAT:LFST_R_LFSD2POP(1.0)	17/04/26 11:00:00	A	TOTAL	M	Y25-64	THS_PER	FRD2	2016	454.3		
ESTAT:LFST_R_LFSD2POP(1.0)	17/04/26 11:00:00	A	TOTAL	M	Y25-64	THS_PER	FRE1	2016	993.0		
ESTAT:LFST_R_LFSD2POP(1.0)	17/04/26 11:00:00	A	TOTAL	M	Y25-64	THS_PER	FRE2	2016	487.4		
ESTAT:LFST_R_LFSD2POP(1.0)	17/04/26 11:00:00	A	TOTAL	M	Y25-64	THS_PER	FRF1	2016	483.9		
ESTAT:LFST_R_LFSD2POP(1.0)	17/04/26 11:00:00	A	TOTAL	M	Y25-64	THS_PER	FRF2	2016	323.1		
ESTAT:LFST_R_LFSD2POP(1.0)	17/04/26 11:00:00	A	TOTAL	M	Y25-64	THS_PER	FRF3	2016	574.8		
ESTAT:LFST_R_LFSD2POP(1.0)	17/04/26 11:00:00	A	TOTAL	M	Y25-64	THS_PER	FRG0	2016	909.0		
ESTAT:LFST_R_LFSD2POP(1.0)	17/04/26 11:00:00	A	TOTAL	M	Y25-64	THS_PER	FRH0	2016	805.9		
ESTAT:LFST_R_LFSD2POP(1.0)	17/04/26 11:00:00	A	TOTAL	M	Y25-64	THS_PER	FRI1	2016	812.6		
ESTAT:LFST_R_LFSD2POP(1.0)	17/04/26 11:00:00	A	TOTAL	M	Y25-64	THS_PER	FRI2	2016	182.8		
ESTAT:LFST_R_LFSD2POP(1.0)	17/04/26 11:00:00	A	TOTAL	M	Y25-64	THS_PER	FRI3	2016	434.0		
ESTAT:LFST_R_LFSD2POP(1.0)	17/04/26 11:00:00	A	TOTAL	M	Y25-64	THS_PER	FRJ1	2016	654.5		
ESTAT:LFST_R_LFSD2POP(1.0)	17/04/26 11:00:00	A	TOTAL	M	Y25-64	THS_PER	FRJ2	2016	763.1		
ESTAT:LFST_R_LFSD2POP(1.0)	17/04/26 11:00:00	A	TOTAL	M	Y25-64	THS_PER	FRK1	2016	336.6		
ESTAT:LFST_R_LFSD2POP(1.0)	17/04/26 11:00:00	A	TOTAL	M	Y25-64	THS_PER	FRK2	2016	1630.2		
ESTAT:LFST_R_LFSD2POP(1.0)	17/04/26 11:00:00	A	TOTAL	M	Y25-64	THS_PER	FRL0	2016	1179.6		
ESTAT:LFST_R_LFSD2POP(1.0)	17/04/26 11:00:00	A	TOTAL	M	Y25-64	THS_PER	FRM0	2016	61.3	u	
ESTAT:LFST_R_LFSD2POP(1.0)	17/04/26 11:00:00	A	TOTAL	M	Y35-44	THS_PER	FR10	2016	835.1		
ESTAT:LFST_R_LFSD2POP(1.0)	17/04/26 11:00:00	A	TOTAL	M	Y35-44	THS_PER	FRB0	2016	146.1		
ESTAT:LFST_R_LFSD2POP(1.0)	17/04/26 11:00:00	A	TOTAL	M	Y35-44	THS_PER	FRC1	2016	98.3		
ESTAT:LFST_R_LFSD2POP(1.0)	17/04/26 11:00:00	A	TOTAL	M	Y35-44	THS_PER	FRC2	2016	83.0		
ESTAT:LFST_R_LFSD2POP(1.0)	17/04/26 11:00:00	A	TOTAL	M	Y35-44	THS_PER	FRD1	2016	86.4		
ESTAT:LFST_R_LFSD2POP(1.0)	17/04/26 11:00:00	A	TOTAL	M	Y35-44	THS_PER	FRD2	2016	111.0		
ESTAT:LFST_R_LFSD2POP(1.0)	17/04/26 11:00:00	A	TOTAL	M	Y35-44	THS_PER	FRE1	2016	248.8		
ESTAT:LFST_R_LFSD2POP(1.0)	17/04/26 11:00:00	A	TOTAL	M	Y35-44	THS_PER	FRE2	2016	121.5		
ESTAT:LFST_R_LFSD2POP(1.0)	17/04/26 11:00:00	A	TOTAL	M	Y35-44	THS_PER	FRF1	2016	119.2		
ESTAT:LFST_R_LFSD2POP(1.0)	17/04/26 11:00:00	A	TOTAL	M	Y35-44	THS_PER	FRF2	2016	69.9		
ESTAT:LFST_R_LFSD2POP(1.0)	17/04/26 11:00:00	A	TOTAL	M	Y35-44	THS_PER	FRF3	2016	134.0		
ESTAT:LFST_R_LFSD2POP(1.0)	17/04/26 11:00:00	A	TOTAL	M	Y35-44	THS_PER	FRG0	2016	230.1		
ESTAT:LFST_R_LFSD2POP(1.0)	17/04/26 11:00:00	A	TOTAL	M	Y35-44	THS_PER	FRH0	2016	197.9		
ESTAT:LFST_R_LFSD2POP(1.0)	17/04/26 11:00:00	A	TOTAL	M	Y35-44	THS_PER	FRI1	2016	205.6		
ESTAT:LFST_R_LFSD2POP(1.0)	17/04/26 11:00:00	A	TOTAL	M	Y35-44	THS_PER	FRI2	2016	48.2		
ESTAT:LFST_R_LFSD2POP(1.0)	17/04/26 11:00:00	A	TOTAL	M	Y35-44	THS_PER	FRI3	2016	111.0		
ESTAT:LFST_R_LFSD2POP(1.0)	17/04/26 11:00:00	A	TOTAL	M	Y35-44	THS_PER	FRJ1	2016	167.1		
ESTAT:LFST_R_LFSD2POP(1.0)	17/04/26 11:00:00	A	TOTAL	M	Y35-44	THS_PER	FRJ2	2016	194.1		
ESTAT:LFST_R_LFSD2POP(1.0)	17/04/26 11:00:00	A	TOTAL	M	Y35-44	THS_PER	FRK1	2016	88.7		
ESTAT:LFST_R_LFSD2POP(1.0)	17/04/26 11:00:00	A	TOTAL	M	Y35-44	THS_PER	FRK2	2016	420.1		
ESTAT:LFST_R_LFSD2POP(1.0)	17/04/26 11:00:00	A	TOTAL	M	Y35-44	THS_PER	FRL0	2016	294.1		
ESTAT:LFST_R_LFSD2POP(1.0)	17/04/26 11:00:00	A	TOTAL	M	Y35-44	THS_PER	FRM0	2016	14.5	u	
ESTAT:LFST_R_LFSD2POP(1.0)	17/04/26 11:00:00	A	TOTAL	M	Y45-54	THS_PER	FR10	2016	774.9		
ESTAT:LFST_R_LFSD2POP(1.0)	17/04/26 11:00:00	A	TOTAL	M	Y45-54	THS_PER	FRB0	2016	170.0		
ESTAT:LFST_R_LFSD2POP(1.0)	17/04/26 11:00:00	A	TOTAL	M	Y45-54	THS_PER	FRC1	2016	94.1		
ESTAT:LFST_R_LFSD2POP(1.0)	17/04/26 11:00:00	A	TOTAL	M	Y45-54	THS_PER	FRC2	2016	76.1		
ESTAT:LFST_R_LFSD2POP(1.0)	17/04/26 11:00:00	A	TOTAL	M	Y45-54	THS_PER	FRD1	2016	106.3		
ESTAT:LFST_R_LFSD2POP(1.0)	17/04/26 11:00:00	A	TOTAL	M	Y45-54	THS_PER	FRD2	2016	122.7		
ESTAT:LFST_R_LFSD2POP(1.0)	17/04/26 11:00:00	A	TOTAL	M	Y45-54	THS_PER	FRE1	2016	237.6		
ESTAT:LFST_R_LFSD2POP(1.0)	17/04/26 11:00:00	A	TOTAL	M	Y45-54	THS_PER	FRE2	2016	124.9		
ESTAT:LFST_R_LFSD2POP(1.0)	17/04/26 11:00:00	A	TOTAL	M	Y45-54	THS_PER	FRF1	2016	141.5		
ESTAT:LFST_R_LFSD2POP(1.0)	17/04/26 11:00:00	A	TOTAL	M	Y45-54	THS_PER	FRF2	2016	86.5		
ESTAT:LFST_R_LFSD2POP(1.0)	17/04/26 11:00:00	A	TOTAL	M	Y45-54	THS_PER	FRF3	2016	160.9		
ESTAT:LFST_R_LFSD2POP(1.0)	17/04/26 11:00:00	A	TOTAL	M	Y45-54	THS_PER	FRG0	2016	238.1		
ESTAT:LFST_R_LFSD2POP(1.0)	17/04/26 11:00:00	A	TOTAL	M	Y45-54	THS_PER	FRH0	2016	225.4		
ESTAT:LFST_R_LFSD2POP(1.0)	17/04/26 11:00:00	A	TOTAL	M	Y45-54	THS_PER	FRI1	2016	236.5		
ESTAT:LFST_R_LFSD2POP(1.0)	17/04/26 11:00:00	A	TOTAL	M	Y45-54	THS_PER	FRI2	2016	48.9		
ESTAT:LFST_R_LFSD2POP(1.0)	17/04/26 11:00:00	A	TOTAL	M	Y45-54	THS_PER	FRI3	2016	122.3		
ESTAT:LFST_R_LFSD2POP(1.0)	17/04/26 11:00:00	A	TOTAL	M	Y45-54	THS_PER	FRJ1	2016	167.6		
ESTAT:LFST_R_LFSD2POP(1.0)	17/04/26 11:00:00	A	TOTAL	M	Y45-54	THS_PER	FRJ2	2016	203.8		
ESTAT:LFST_R_LFSD2POP(1.0)	17/04/26 11:00:00	A	TOTAL	M	Y45-54	THS_PER	FRK1	2016	92.0		
ESTAT:LFST_R_LFSD2POP(1.0)	17/04/26 11:00:00	A	TOTAL	M	Y45-54	THS_PER	FRK2	2016	450.8		
ESTAT:LFST_R_LFSD2POP(1.0)	17/04/26 11:00:00	A	TOTAL	M	Y45-54	THS_PER	FRL0	2016	323.7		
ESTAT:LFST_R_LFSD2POP(1.0)	17/04/26 11:00:00	A	TOTAL	M	Y45-54	THS_PER	FRM0	2016	15.5	u	
ESTAT:LFST_R_LFSD2POP(1.0)	17/04/26 11:00:00	A	TOTAL	M	Y55-64	THS_PER	FR10	2016	623.8		
ESTAT:LFST_R_LFSD2POP(1.0)	17/04/26 11:00:00	A	TOTAL	M	Y55-64	THS_PER	FRB0	2016	171.2		
ESTAT:LFST_R_LFSD2POP(1.0)	17/04/26 11:00:00	A	TOTAL	M	Y55-64	THS_PER	FRC1	2016	106.8		
ESTAT:LFST_R_LFSD2POP(1.0)	17/04/26 11:00:00	A	TOTAL	M	Y55-64	THS_PER	FRC2	2016	73.1		
ESTAT:LFST_R_LFSD2POP(1.0)	17/04/26 11:00:00	A	TOTAL	M	Y55-64	THS_PER	FRD1	2016	99.5		
ESTAT:LFST_R_LFSD2POP(1.0)	17/04/26 11:00:00	A	TOTAL	M	Y55-64	THS_PER	FRD2	2016	103.7		
ESTAT:LFST_R_LFSD2POP(1.0)	17/04/26 11:00:00	A	TOTAL	M	Y55-64	THS_PER	FRE1	2016	245.3		
ESTAT:LFST_R_LFSD2POP(1.0)	17/04/26 11:00:00	A	TOTAL	M	Y55-64	THS_PER	FRE2	2016	129.3		
ESTAT:LFST_R_LFSD2POP(1.0)	17/04/26 11:00:00	A	TOTAL	M	Y55-64	THS_PER	FRF1	2016	111.7		
ESTAT:LFST_R_LFSD2POP(1.0)	17/04/26 11:00:00	A	TOTAL	M	Y55-64	THS_PER	FRF2	2016	87.4		
ESTAT:LFST_R_LFSD2POP(1.0)	17/04/26 11:00:00	A	TOTAL	M	Y55-64	THS_PER	FRF3	2016	143.8		
ESTAT:LFST_R_LFSD2POP(1.0)	17/04/26 11:00:00	A	TOTAL	M	Y55-64	THS_PER	FRG0	2016	227.9		
ESTAT:LFST_R_LFSD2POP(1.0)	17/04/26 11:00:00	A	TOTAL	M	Y55-64	THS_PER	FRH0	2016	196.5		
ESTAT:LFST_R_LFSD2POP(1.0)	17/04/26 11:00:00	A	TOTAL	M	Y55-64	THS_PER	FRI1	2016	200.2		
ESTAT:LFST_R_LFSD2POP(1.0)	17/04/26 11:00:00	A	TOTAL	M	Y55-64	THS_PER	FRI2	2016	50.0		
ESTAT:LFST_R_LFSD2POP(1.0)	17/04/26 11:00:00	A	TOTAL	M	Y55-64	THS_PER	FRI3	2016	104.6		
ESTAT:LFST_R_LFSD2POP(1.0)	17/04/26 11:00:00	A	TOTAL	M	Y55-64	THS_PER	FRJ1	2016	190.9		
ESTAT:LFST_R_LFSD2POP(1.0)	17/04/26 11:00:00	A	TOTAL	M	Y55-64	THS_PER	FRJ2	2016	197.5		
ESTAT:LFST_R_LFSD2POP(1.0)	17/04/26 11:00:00	A	TOTAL	M	Y55-64	THS_PER	FRK1	2016	85.6		
ESTAT:LFST_R_LFSD2POP(1.0)	17/04/26 11:00:00	A	TOTAL	M	Y55-64	THS_PER	FRK2	2016	367.6		
ESTAT:LFST_R_LFSD2POP(1.0)	17/04/26 11:00:00	A	TOTAL	M	Y55-64	THS_PER	FRL0	2016	301.7		
ESTAT:LFST_R_LFSD2POP(1.0)	17/04/26 11:00:00	A	TOTAL	M	Y55-64	THS_PER	FRM0	2016	20.8	u	
ESTAT:LFST_R_LFSD2POP(1.0)	17/04/26 11:00:00	A	TOTAL	M	Y_GE15	THS_PER	FR10	2016	4525.5		
ESTAT:LFST_R_LFSD2POP(1.0)	17/04/26 11:00:00	A	TOTAL	M	Y_GE15	THS_PER	FRB0	2016	987.4		
ESTAT:LFST_R_LFSD2POP(1.0)	17/04/26 11:00:00	A	TOTAL	M	Y_GE15	THS_PER	FRC1	2016	632.9		
ESTAT:LFST_R_LFSD2POP(1.0)	17/04/26 11:00:00	A	TOTAL	M	Y_GE15	THS_PER	FRC2	2016	451.0		
ESTAT:LFST_R_LFSD2POP(1.0)	17/04/26 11:00:00	A	TOTAL	M	Y_GE15	THS_PER	FRD1	2016	578.3		
ESTAT:LFST_R_LFSD2POP(1.0)	17/04/26 11:00:00	A	TOTAL	M	Y_GE15	THS_PER	FRD2	2016	689.9		
ESTAT:LFST_R_LFSD2POP(1.0)	17/04/26 11:00:00	A	TOTAL	M	Y_GE15	THS_PER	FRE1	2016	1523.5		
ESTAT:LFST_R_LFSD2POP(1.0)	17/04/26 11:00:00	A	TOTAL	M	Y_GE15	THS_PER	FRE2	2016	729.1		
ESTAT:LFST_R_LFSD2POP(1.0)	17/04/26 11:00:00	A	TOTAL	M	Y_GE15	THS_PER	FRF1	2016	728.5		
ESTAT:LFST_R_LFSD2POP(1.0)	17/04/26 11:00:00	A	TOTAL	M	Y_GE15	THS_PER	FRF2	2016	508.2		
ESTAT:LFST_R_LFSD2POP(1.0)	17/04/26 11:00:00	A	TOTAL	M	Y_GE15	THS_PER	FRF3	2016	906.0		
ESTAT:LFST_R_LFSD2POP(1.0)	17/04/26 11:00:00	A	TOTAL	M	Y_GE15	THS_PER	FRG0	2016	1432.4		
ESTAT:LFST_R_LFSD2POP(1.0)	17/04/26 11:00:00	A	TOTAL	M	Y_GE15	THS_PER	FRH0	2016	1265.9		
ESTAT:LFST_R_LFSD2POP(1.0)	17/04/26 11:00:00	A	TOTAL	M	Y_GE15	THS_PER	FRI1	2016	1343.4		
ESTAT:LFST_R_LFSD2POP(1.0)	17/04/26 11:00:00	A	TOTAL	M	Y_GE15	THS_PER	FRI2	2016	285.7		
ESTAT:LFST_R_LFSD2POP(1.0)	17/04/26 11:00:00	A	TOTAL	M	Y_GE15	THS_PER	FRI3	2016	700.2		
ESTAT:LFST_R_LFSD2POP(1.0)	17/04/26 11:00:00	A	TOTAL	M	Y_GE15	THS_PER	FRJ1	2016	1082.2		
ESTAT:LFST_R_LFSD2POP(1.0)	17/04/26 11:00:00	A	TOTAL	M	Y_GE15	THS_PER	FRJ2	2016	1188.5		
ESTAT:LFST_R_LFSD2POP(1.0)	17/04/26 11:00:00	A	TOTAL	M	Y_GE15	THS_PER	FRK1	2016	516.3		
ESTAT:LFST_R_LFSD2POP(1.0)	17/04/26 11:00:00	A	TOTAL	M	Y_GE15	THS_PER	FRK2	2016	2497.0		
ESTAT:LFST_R_LFSD2POP(1.0)	17/04/26 11:00:00	A	TOTAL	M	Y_GE15	THS_PER	FRL0	2016	1913.9		
ESTAT:LFST_R_LFSD2POP(1.0)	17/04/26 11:00:00	A	TOTAL	M	Y_GE15	THS_PER	FRM0	2016	142.6	u	
ESTAT:LFST_R_LFSD2POP(1.0)	17/04/26 11:00:00	A	TOTAL	M	Y_GE25	THS_PER	FR10	2016	3786.9		
ESTAT:LFST_R_LFSD2POP(1.0)	17/04/26 11:00:00	A	TOTAL	M	Y_GE25	THS_PER	FRB0	2016	844.8		
ESTAT:LFST_R_LFSD2POP(1.0)	17/04/26 11:00:00	A	TOTAL	M	Y_GE25	THS_PER	FRC1	2016	538.3		
ESTAT:LFST_R_LFSD2POP(1.0)	17/04/26 11:00:00	A	TOTAL	M	Y_GE25	THS_PER	FRC2	2016	388.2		
ESTAT:LFST_R_LFSD2POP(1.0)	17/04/26 11:00:00	A	TOTAL	M	Y_GE25	THS_PER	FRD1	2016	493.4		
ESTAT:LFST_R_LFSD2POP(1.0)	17/04/26 11:00:00	A	TOTAL	M	Y_GE25	THS_PER	FRD2	2016	591.8		
ESTAT:LFST_R_LFSD2POP(1.0)	17/04/26 11:00:00	A	TOTAL	M	Y_GE25	THS_PER	FRE1	2016	1263.8		
ESTAT:LFST_R_LFSD2POP(1.0)	17/04/26 11:00:00	A	TOTAL	M	Y_GE25	THS_PER	FRE2	2016	629.0		
ESTAT:LFST_R_LFSD2POP(1.0)	17/04/26 11:00:00	A	TOTAL	M	Y_GE25	THS_PER	FRF1	2016	627.6		
ESTAT:LFST_R_LFSD2POP(1.0)	17/04/26 11:00:00	A	TOTAL	M	Y_GE25	THS_PER	FRF2	2016	426.7		
ESTAT:LFST_R_LFSD2POP(1.0)	17/04/26 11:00:00	A	TOTAL	M	Y_GE25	THS_PER	FRF3	2016	760.8		
ESTAT:LFST_R_LFSD2POP(1.0)	17/04/26 11:00:00	A	TOTAL	M	Y_GE25	THS_PER	FRG0	2016	1208.2		
ESTAT:LFST_R_LFSD2POP(1.0)	17/04/26 11:00:00	A	TOTAL	M	Y_GE25	THS_PER	FRH0	2016	1080.2		
ESTAT:LFST_R_LFSD2POP(1.0)	17/04/26 11:00:00	A	TOTAL	M	Y_GE25	THS_PER	FRI1	2016	1139.6		
ESTAT:LFST_R_LFSD2POP(1.0)	17/04/26 11:00:00	A	TOTAL	M	Y_GE25	THS_PER	FRI2	2016	252.8		
ESTAT:LFST_R_LFSD2POP(1.0)	17/04/26 11:00:00	A	TOTAL	M	Y_GE25	THS_PER	FRI3	2016	611.2		
ESTAT:LFST_R_LFSD2POP(1.0)	17/04/26 11:00:00	A	TOTAL	M	Y_GE25	THS_PER	FRJ1	2016	924.4		
ESTAT:LFST_R_LFSD2POP(1.0)	17/04/26 11:00:00	A	TOTAL	M	Y_GE25	THS_PER	FRJ2	2016	1033.5		
ESTAT:LFST_R_LFSD2POP(1.0)	17/04/26 11:00:00	A	TOTAL	M	Y_GE25	THS_PER	FRK1	2016	451.8		
ESTAT:LFST_R_LFSD2POP(1.0)	17/04/26 11:00:00	A	TOTAL	M	Y_GE25	THS_PER	FRK2	2016	2123.5		
ESTAT:LFST_R_LFSD2POP(1.0)	17/04/26 11:00:00	A	TOTAL	M	Y_GE25	THS_PER	FRL0	2016	1643.1		
ESTAT:LFST_R_LFSD2POP(1.0)	17/04/26 11:00:00	A	TOTAL	M	Y_GE25	THS_PER	FRM0	2016	124.9	u	
ESTAT:LFST_R_LFSD2POP(1.0)	17/04/26 11:00:00	A	TOTAL	M	Y_GE65	THS_PER	FR10	2016	718.4		
ESTAT:LFST_R_LFSD2POP(1.0)	17/04/26 11:00:00	A	TOTAL	M	Y_GE65	THS_PER	FRB0	2016	232.3		
ESTAT:LFST_R_LFSD2POP(1.0)	17/04/26 11:00:00	A	TOTAL	M	Y_GE65	THS_PER	FRC1	2016	151.5		
ESTAT:LFST_R_LFSD2POP(1.0)	17/04/26 11:00:00	A	TOTAL	M	Y_GE65	THS_PER	FRC2	2016	95.4		
ESTAT:LFST_R_LFSD2POP(1.0)	17/04/26 11:00:00	A	TOTAL	M	Y_GE65	THS_PER	FRD1	2016	132.9		
ESTAT:LFST_R_LFSD2POP(1.0)	17/04/26 11:00:00	A	TOTAL	M	Y_GE65	THS_PER	FRD2	2016	137.5		
ESTAT:LFST_R_LFSD2POP(1.0)	17/04/26 11:00:00	A	TOTAL	M	Y_GE65	THS_PER	FRE1	2016	270.8		
ESTAT:LFST_R_LFSD2POP(1.0)	17/04/26 11:00:00	A	TOTAL	M	Y_GE65	THS_PER	FRE2	2016	141.6		
ESTAT:LFST_R_LFSD2POP(1.0)	17/04/26 11:00:00	A	TOTAL	M	Y_GE65	THS_PER	FRF1	2016	143.8		
ESTAT:LFST_R_LFSD2POP(1.0)	17/04/26 11:00:00	A	TOTAL	M	Y_GE65	THS_PER	FRF2	2016	103.6		
ESTAT:LFST_R_LFSD2POP(1.0)	17/04/26 11:00:00	A	TOTAL	M	Y_GE65	THS_PER	FRF3	2016	186.0		
ESTAT:LFST_R_LFSD2POP(1.0)	17/04/26 11:00:00	A	TOTAL	M	Y_GE65	THS_PER	FRG0	2016	299.1		
ESTAT:LFST_R_LFSD2POP(1.0)	17/04/26 11:00:00	A	TOTAL	M	Y_GE65	THS_PER	FRH0	2016	274.3		
ESTAT:LFST_R_LFSD2POP(1.0)	17/04/26 11:00:00	A	TOTAL	M	Y_GE65	THS_PER	FRI1	2016	327.0		
ESTAT:LFST_R_LFSD2POP(1.0)	17/04/26 11:00:00	A	TOTAL	M	Y_GE65	THS_PER	FRI2	2016	70.0		
ESTAT:LFST_R_LFSD2POP(1.0)	17/04/26 11:00:00	A	TOTAL	M	Y_GE65	THS_PER	FRI3	2016	177.1		
ESTAT:LFST_R_LFSD2POP(1.0)	17/04/26 11:00:00	A	TOTAL	M	Y_GE65	THS_PER	FRJ1	2016	270.0		
ESTAT:LFST_R_LFSD2POP(1.0)	17/04/26 11:00:00	A	TOTAL	M	Y_GE65	THS_PER	FRJ2	2016	270.4		
ESTAT:LFST_R_LFSD2POP(1.0)	17/04/26 11:00:00	A	TOTAL	M	Y_GE65	THS_PER	FRK1	2016	115.2		
ESTAT:LFST_R_LFSD2POP(1.0)	17/04/26 11:00:00	A	TOTAL	M	Y_GE65	THS_PER	FRK2	2016	493.3		
ESTAT:LFST_R_LFSD2POP(1.0)	17/04/26 11:00:00	A	TOTAL	M	Y_GE65	THS_PER	FRL0	2016	463.4		
ESTAT:LFST_R_LFSD2POP(1.0)	17/04/26 11:00:00	A	TOTAL	M	Y_GE65	THS_PER	FRM0	2016	63.5	u	
ESTAT:LFST_R_LFSD2POP(1.0)	17/04/26 11:00:00	A	TOTAL	T	Y15-24	THS_PER	FR10	2016	1496.9		
ESTAT:LFST_R_LFSD2POP(1.0)	17/04/26 11:00:00	A	TOTAL	T	Y15-24	THS_PER	FRB0	2016	283.1		
ESTAT:LFST_R_LFSD2POP(1.0)	17/04/26 11:00:00	A	TOTAL	T	Y15-24	THS_PER	FRC1	2016	184.9		
ESTAT:LFST_R_LFSD2POP(1.0)	17/04/26 11:00:00	A	TOTAL	T	Y15-24	THS_PER	FRC2	2016	120.1		
ESTAT:LFST_R_LFSD2POP(1.0)	17/04/26 11:00:00	A	TOTAL	T	Y15-24	THS_PER	FRD1	2016	162.6		
ESTAT:LFST_R_LFSD2POP(1.0)	17/04/26 11:00:00	A	TOTAL	T	Y15-24	THS_PER	FRD2	2016	202.0		
ESTAT:LFST_R_LFSD2POP(1.0)	17/04/26 11:00:00	A	TOTAL	T	Y15-24	THS_PER	FRE1	2016	503.6		
ESTAT:LFST_R_LFSD2POP(1.0)	17/04/26 11:00:00	A	TOTAL	T	Y15-24	THS_PER	FRE2	2016	211.1		
ESTAT:LFST_R_LFSD2POP(1.0)	17/04/26 11:00:00	A	TOTAL	T	Y15-24	THS_PER	FRF1	2016	205.5		
ESTAT:LFST_R_LFSD2POP(1.0)	17/04/26 11:00:00	A	TOTAL	T	Y15-24	THS_PER	FRF2	2016	151.6		
ESTAT:LFST_R_LFSD2POP(1.0)	17/04/26 11:00:00	A	TOTAL	T	Y15-24	THS_PER	FRF3	2016	280.6		
ESTAT:LFST_R_LFSD2POP(1.0)	17/04/26 11:00:00	A	TOTAL	T	Y15-24	THS_PER	FRG0	2016	440.7		
ESTAT:LFST_R_LFSD2POP(1.0)	17/04/26 11:00:00	A	TOTAL	T	Y15-24	THS_PER	FRH0	2016	382.3		
ESTAT:LFST_R_LFSD2POP(1.0)	17/04/26 11:00:00	A	TOTAL	T	Y15-24	THS_PER	FRI1	2016	394.1		
ESTAT:LFST_R_LFSD2POP(1.0)	17/04/26 11:00:00	A	TOTAL	T	Y15-24	THS_PER	FRI2	2016	70.2		
ESTAT:LFST_R_LFSD2POP(1.0)	17/04/26 11:00:00	A	TOTAL	T	Y15-24	THS_PER	FRI3	2016	176.5		
ESTAT:LFST_R_LFSD2POP(1.0)	17/04/26 11:00:00	A	TOTAL	T	Y15-24	THS_PER	FRJ1	2016	293.0		
ESTAT:LFST_R_LFSD2POP(1.0)	17/04/26 11:00:00	A	TOTAL	T	Y15-24	THS_PER	FRJ2	2016	298.2		
ESTAT:LFST_R_LFSD2POP(1.0)	17/04/26 11:00:00	A	TOTAL	T	Y15-24	THS_PER	FRK1	2016	137.6		
ESTAT:LFST_R_LFSD2POP(1.0)	17/04/26 11:00:00	A	TOTAL	T	Y15-24	THS_PER	FRK2	2016	744.6		
ESTAT:LFST_R_LFSD2POP(1.0)	17/04/26 11:00:00	A	TOTAL	T	Y15-24	THS_PER	FRL0	2016	533.8		
ESTAT:LFST_R_LFSD2POP(1.0)	17/04/26 11:00:00	A	TOTAL	T	Y15-24	THS_PER	FRM0	2016	25.5	u	
ESTAT:LFST_R_LFSD2POP(1.0)	17/04/26 11:00:00	A	TOTAL	T	Y15-64	THS_PER	FR10	2016	7871.1		
ESTAT:LFST_R_LFSD2POP(1.0)	17/04/26 11:00:00	A	TOTAL	T	Y15-64	THS_PER	FRB0	2016	1536.1		
ESTAT:LFST_R_LFSD2POP(1.0)	17/04/26 11:00:00	A	TOTAL	T	Y15-64	THS_PER	FRC1	2016	980.6		
ESTAT:LFST_R_LFSD2POP(1.0)	17/04/26 11:00:00	A	TOTAL	T	Y15-64	THS_PER	FRC2	2016	720.6		
ESTAT:LFST_R_LFSD2POP(1.0)	17/04/26 11:00:00	A	TOTAL	T	Y15-64	THS_PER	FRD1	2016	890.2		
ESTAT:LFST_R_LFSD2POP(1.0)	17/04/26 11:00:00	A	TOTAL	T	Y15-64	THS_PER	FRD2	2016	1130.5		
ESTAT:LFST_R_LFSD2POP(1.0)	17/04/26 11:00:00	A	TOTAL	T	Y15-64	THS_PER	FRE1	2016	2548.3		
ESTAT:LFST_R_LFSD2POP(1.0)	17/04/26 11:00:00	A	TOTAL	T	Y15-64	THS_PER	FRE2	2016	1187.5		
ESTAT:LFST_R_LFSD2POP(1.0)	17/04/26 11:00:00	A	TOTAL	T	Y15-64	THS_PER	FRF1	2016	1191.3		
ESTAT:LFST_R_LFSD2POP(1.0)	17/04/26 11:00:00	A	TOTAL	T	Y15-64	THS_PER	FRF2	2016	812.0		
ESTAT:LFST_R_LFSD2POP(1.0)	17/04/26 11:00:00	A	TOTAL	T	Y15-64	THS_PER	FRF3	2016	1450.2		
ESTAT:LFST_R_LFSD2POP(1.0)	17/04/26 11:00:00	A	TOTAL	T	Y15-64	THS_PER	FRG0	2016	2279.4		
ESTAT:LFST_R_LFSD2POP(1.0)	17/04/26 11:00:00	A	TOTAL	T	Y15-64	THS_PER	FRH0	2016	1994.1		
ESTAT:LFST_R_LFSD2POP(1.0)	17/04/26 11:00:00	A	TOTAL	T	Y15-64	THS_PER	FRI1	2016	2072.0		
ESTAT:LFST_R_LFSD2POP(1.0)	17/04/26 11:00:00	A	TOTAL	T	Y15-64	THS_PER	FRI2	2016	438.5		
ESTAT:LFST_R_LFSD2POP(1.0)	17/04/26 11:00:00	A	TOTAL	T	Y15-64	THS_PER	FRI3	2016	1059.5		
ESTAT:LFST_R_LFSD2POP(1.0)	17/04/26 11:00:00	A	TOTAL	T	Y15-64	THS_PER	FRJ1	2016	1674.1		
ESTAT:LFST_R_LFSD2POP(1.0)	17/04/26 11:00:00	A	TOTAL	T	Y15-64	THS_PER	FRJ2	2016	1843.4		
ESTAT:LFST_R_LFSD2POP(1.0)	17/04/26 11:00:00	A	TOTAL	T	Y15-64	THS_PER	FRK1	2016	816.2		
ESTAT:LFST_R_LFSD2POP(1.0)	17/04/26 11:00:00	A	TOTAL	T	Y15-64	THS_PER	FRK2	2016	4061.8		
ESTAT:LFST_R_LFSD2POP(1.0)	17/04/26 11:00:00	A	TOTAL	T	Y15-64	THS_PER	FRL0	2016	3001.7		
ESTAT:LFST_R_LFSD2POP(1.0)	17/04/26 11:00:00	A	TOTAL	T	Y15-64	THS_PER	FRM0	2016	155.0	u	
ESTAT:LFST_R_LFSD2POP(1.0)	17/04/26 11:00:00	A	TOTAL	T	Y15-74	THS_PER	FR10	2016	8788.2		
ESTAT:LFST_R_LFSD2POP(1.0)	17/04/26 11:00:00	A	TOTAL	T	Y15-74	THS_PER	FRB0	2016	1822.2		
ESTAT:LFST_R_LFSD2POP(1.0)	17/04/26 11:00:00	A	TOTAL	T	Y15-74	THS_PER	FRC1	2016	1167.1		
ESTAT:LFST_R_LFSD2POP(1.0)	17/04/26 11:00:00	A	TOTAL	T	Y15-74	THS_PER	FRC2	2016	845.9		
ESTAT:LFST_R_LFSD2POP(1.0)	17/04/26 11:00:00	A	TOTAL	T	Y15-74	THS_PER	FRD1	2016	1045.4		
ESTAT:LFST_R_LFSD2POP(1.0)	17/04/26 11:00:00	A	TOTAL	T	Y15-74	THS_PER	FRD2	2016	1309.7		
ESTAT:LFST_R_LFSD2POP(1.0)	17/04/26 11:00:00	A	TOTAL	T	Y15-74	THS_PER	FRE1	2016	2926.8		
ESTAT:LFST_R_LFSD2POP(1.0)	17/04/26 11:00:00	A	TOTAL	T	Y15-74	THS_PER	FRE2	2016	1355.3		
ESTAT:LFST_R_LFSD2POP(1.0)	17/04/26 11:00:00	A	TOTAL	T	Y15-74	THS_PER	FRF1	2016	1365.3		
ESTAT:LFST_R_LFSD2POP(1.0)	17/04/26 11:00:00	A	TOTAL	T	Y15-74	THS_PER	FRF2	2016	939.3		
ESTAT:LFST_R_LFSD2POP(1.0)	17/04/26 11:00:00	A	TOTAL	T	Y15-74	THS_PER	FRF3	2016	1658.2		
ESTAT:LFST_R_LFSD2POP(1.0)	17/04/26 11:00:00	A	TOTAL	T	Y15-74	THS_PER	FRG0	2016	2644.8		
ESTAT:LFST_R_LFSD2POP(1.0)	17/04/26 11:00:00	A	TOTAL	T	Y15-74	THS_PER	FRH0	2016	2338.2		
ESTAT:LFST_R_LFSD2POP(1.0)	17/04/26 11:00:00	A	TOTAL	T	Y15-74	THS_PER	FRI1	2016	2445.7		
ESTAT:LFST_R_LFSD2POP(1.0)	17/04/26 11:00:00	A	TOTAL	T	Y15-74	THS_PER	FRI2	2016	517.8		
ESTAT:LFST_R_LFSD2POP(1.0)	17/04/26 11:00:00	A	TOTAL	T	Y15-74	THS_PER	FRI3	2016	1282.3		
ESTAT:LFST_R_LFSD2POP(1.0)	17/04/26 11:00:00	A	TOTAL	T	Y15-74	THS_PER	FRJ1	2016	2019.2		
ESTAT:LFST_R_LFSD2POP(1.0)	17/04/26 11:00:00	A	TOTAL	T	Y15-74	THS_PER	FRJ2	2016	2167.5		
ESTAT:LFST_R_LFSD2POP(1.0)	17/04/26 11:00:00	A	TOTAL	T	Y15-74	THS_PER	FRK1	2016	970.1		
ESTAT:LFST_R_LFSD2POP(1.0)	17/04/26 11:00:00	A	TOTAL	T	Y15-74	THS_PER	FRK2	2016	4684.0		
ESTAT:LFST_R_LFSD2POP(1.0)	17/04/26 11:00:00	A	TOTAL	T	Y15-74	THS_PER	FRL0	2016	3578.3		
ESTAT:LFST_R_LFSD2POP(1.0)	17/04/26 11:00:00	A	TOTAL	T	Y15-74	THS_PER	FRM0	2016	212.2	u	
ESTAT:LFST_R_LFSD2POP(1.0)	17/04/26 11:00:00	A	TOTAL	T	Y20-64	THS_PER	FR10	2016	7138.8		
ESTAT:LFST_R_LFSD2POP(1.0)	17/04/26 11:00:00	A	TOTAL	T	Y20-64	THS_PER	FRB0	2016	1386.6		
ESTAT:LFST_R_LFSD2POP(1.0)	17/04/26 11:00:00	A	TOTAL	T	Y20-64	THS_PER	FRC1	2016	875.5		
ESTAT:LFST_R_LFSD2POP(1.0)	17/04/26 11:00:00	A	TOTAL	T	Y20-64	THS_PER	FRC2	2016	655.6		
ESTAT:LFST_R_LFSD2POP(1.0)	17/04/26 11:00:00	A	TOTAL	T	Y20-64	THS_PER	FRD1	2016	798.3		
ESTAT:LFST_R_LFSD2POP(1.0)	17/04/26 11:00:00	A	TOTAL	T	Y20-64	THS_PER	FRD2	2016	1028.8		
ESTAT:LFST_R_LFSD2POP(1.0)	17/04/26 11:00:00	A	TOTAL	T	Y20-64	THS_PER	FRE1	2016	2304.7		
ESTAT:LFST_R_LFSD2POP(1.0)	17/04/26 11:00:00	A	TOTAL	T	Y20-64	THS_PER	FRE2	2016	1074.6		
ESTAT:LFST_R_LFSD2POP(1.0)	17/04/26 11:00:00	A	TOTAL	T	Y20-64	THS_PER	FRF1	2016	1082.7		
ESTAT:LFST_R_LFSD2POP(1.0)	17/04/26 11:00:00	A	TOTAL	T	Y20-64	THS_PER	FRF2	2016	736.2		
ESTAT:LFST_R_LFSD2POP(1.0)	17/04/26 11:00:00	A	TOTAL	T	Y20-64	THS_PER	FRF3	2016	1318.4		
ESTAT:LFST_R_LFSD2POP(1.0)	17/04/26 11:00:00	A	TOTAL	T	Y20-64	THS_PER	FRG0	2016	2039.2		
ESTAT:LFST_R_LFSD2POP(1.0)	17/04/26 11:00:00	A	TOTAL	T	Y20-64	THS_PER	FRH0	2016	1791.7		
ESTAT:LFST_R_LFSD2POP(1.0)	17/04/26 11:00:00	A	TOTAL	T	Y20-64	THS_PER	FRI1	2016	1873.4		
ESTAT:LFST_R_LFSD2POP(1.0)	17/04/26 11:00:00	A	TOTAL	T	Y20-64	THS_PER	FRI2	2016	405.2		
ESTAT:LFST_R_LFSD2POP(1.0)	17/04/26 11:00:00	A	TOTAL	T	Y20-64	THS_PER	FRI3	2016	964.4		
ESTAT:LFST_R_LFSD2POP(1.0)	17/04/26 11:00:00	A	TOTAL	T	Y20-64	THS_PER	FRJ1	2016	1507.9		
ESTAT:LFST_R_LFSD2POP(1.0)	17/04/26 11:00:00	A	TOTAL	T	Y20-64	THS_PER	FRJ2	2016	1674.2		
ESTAT:LFST_R_LFSD2POP(1.0)	17/04/26 11:00:00	A	TOTAL	T	Y20-64	THS_PER	FRK1	2016	742.3		
ESTAT:LFST_R_LFSD2POP(1.0)	17/04/26 11:00:00	A	TOTAL	T	Y20-64	THS_PER	FRK2	2016	3673.4		
ESTAT:LFST_R_LFSD2POP(1.0)	17/04/26 11:00:00	A	TOTAL	T	Y20-64	THS_PER	FRL0	2016	2712.2		
ESTAT:LFST_R_LFSD2POP(1.0)	17/04/26 11:00:00	A	TOTAL	T	Y20-64	THS_PER	FRM0	2016	137.2	u	
ESTAT:LFST_R_LFSD2POP(1.0)	17/04/26 11:00:00	A	TOTAL	T	Y25-34	THS_PER	FR10	2016	1747.7		
ESTAT:LFST_R_LFSD2POP(1.0)	17/04/26 11:00:00	A	TOTAL	T	Y25-34	THS_PER	FRB0	2016	258.0		
ESTAT:LFST_R_LFSD2POP(1.0)	17/04/26 11:00:00	A	TOTAL	T	Y25-34	THS_PER	FRC1	2016	172.9		
ESTAT:LFST_R_LFSD2POP(1.0)	17/04/26 11:00:00	A	TOTAL	T	Y25-34	THS_PER	FRC2	2016	132.7		
ESTAT:LFST_R_LFSD2POP(1.0)	17/04/26 11:00:00	A	TOTAL	T	Y25-34	THS_PER	FRD1	2016	144.8		
ESTAT:LFST_R_LFSD2POP(1.0)	17/04/26 11:00:00	A	TOTAL	T	Y25-34	THS_PER	FRD2	2016	238.8		
ESTAT:LFST_R_LFSD2POP(1.0)	17/04/26 11:00:00	A	TOTAL	T	Y25-34	THS_PER	FRE1	2016	536.0		
ESTAT:LFST_R_LFSD2POP(1.0)	17/04/26 11:00:00	A	TOTAL	T	Y25-34	THS_PER	FRE2	2016	222.0		
ESTAT:LFST_R_LFSD2POP(1.0)	17/04/26 11:00:00	A	TOTAL	T	Y25-34	THS_PER	FRF1	2016	228.0		
ESTAT:LFST_R_LFSD2POP(1.0)	17/04/26 11:00:00	A	TOTAL	T	Y25-34	THS_PER	FRF2	2016	163.6		
ESTAT:LFST_R_LFSD2POP(1.0)	17/04/26 11:00:00	A	TOTAL	T	Y25-34	THS_PER	FRF3	2016	275.4		
ESTAT:LFST_R_LFSD2POP(1.0)	17/04/26 11:00:00	A	TOTAL	T	Y25-34	THS_PER	FRG0	2016	430.9		
ESTAT:LFST_R_LFSD2POP(1.0)	17/04/26 11:00:00	A	TOTAL	T	Y25-34	THS_PER	FRH0	2016	361.2		
ESTAT:LFST_R_LFSD2POP(1.0)	17/04/26 11:00:00	A	TOTAL	T	Y25-34	THS_PER	FRI1	2016	342.4		
ESTAT:LFST_R_LFSD2POP(1.0)	17/04/26 11:00:00	A	TOTAL	T	Y25-34	THS_PER	FRI2	2016	77.7		
ESTAT:LFST_R_LFSD2POP(1.0)	17/04/26 11:00:00	A	TOTAL	T	Y25-34	THS_PER	FRI3	2016	207.0		
ESTAT:LFST_R_LFSD2POP(1.0)	17/04/26 11:00:00	A	TOTAL	T	Y25-34	THS_PER	FRJ1	2016	281.7		
ESTAT:LFST_R_LFSD2POP(1.0)	17/04/26 11:00:00	A	TOTAL	T	Y25-34	THS_PER	FRJ2	2016	329.5		
ESTAT:LFST_R_LFSD2POP(1.0)	17/04/26 11:00:00	A	TOTAL	T	Y25-34	THS_PER	FRK1	2016	133.8		
ESTAT:LFST_R_LFSD2POP(1.0)	17/04/26 11:00:00	A	TOTAL	T	Y25-34	THS_PER	FRK2	2016	793.5		
ESTAT:LFST_R_LFSD2POP(1.0)	17/04/26 11:00:00	A	TOTAL	T	Y25-34	THS_PER	FRL0	2016	536.8		
ESTAT:LFST_R_LFSD2POP(1.0)	17/04/26 11:00:00	A	TOTAL	T	Y25-34	THS_PER	FRM0	2016	22.0	u	
ESTAT:LFST_R_LFSD2POP(1.0)	17/04/26 11:00:00	A	TOTAL	T	Y25-64	THS_PER	FR10	2016	6374.2		
ESTAT:LFST_R_LFSD2POP(1.0)	17/04/26 11:00:00	A	TOTAL	T	Y25-64	THS_PER	FRB0	2016	1253.0		
ESTAT:LFST_R_LFSD2POP(1.0)	17/04/26 11:00:00	A	TOTAL	T	Y25-64	THS_PER	FRC1	2016	795.8		
ESTAT:LFST_R_LFSD2POP(1.0)	17/04/26 11:00:00	A	TOTAL	T	Y25-64	THS_PER	FRC2	2016	600.5		
ESTAT:LFST_R_LFSD2POP(1.0)	17/04/26 11:00:00	A	TOTAL	T	Y25-64	THS_PER	FRD1	2016	727.5		
ESTAT:LFST_R_LFSD2POP(1.0)	17/04/26 11:00:00	A	TOTAL	T	Y25-64	THS_PER	FRD2	2016	928.5		
ESTAT:LFST_R_LFSD2POP(1.0)	17/04/26 11:00:00	A	TOTAL	T	Y25-64	THS_PER	FRE1	2016	2044.7		
ESTAT:LFST_R_LFSD2POP(1.0)	17/04/26 11:00:00	A	TOTAL	T	Y25-64	THS_PER	FRE2	2016	976.5		
ESTAT:LFST_R_LFSD2POP(1.0)	17/04/26 11:00:00	A	TOTAL	T	Y25-64	THS_PER	FRF1	2016	985.8		
ESTAT:LFST_R_LFSD2POP(1.0)	17/04/26 11:00:00	A	TOTAL	T	Y25-64	THS_PER	FRF2	2016	660.5		
ESTAT:LFST_R_LFSD2POP(1.0)	17/04/26 11:00:00	A	TOTAL	T	Y25-64	THS_PER	FRF3	2016	1169.5		
ESTAT:LFST_R_LFSD2POP(1.0)	17/04/26 11:00:00	A	TOTAL	T	Y25-64	THS_PER	FRG0	2016	1838.7		
ESTAT:LFST_R_LFSD2POP(1.0)	17/04/26 11:00:00	A	TOTAL	T	Y25-64	THS_PER	FRH0	2016	1611.8		
ESTAT:LFST_R_LFSD2POP(1.0)	17/04/26 11:00:00	A	TOTAL	T	Y25-64	THS_PER	FRI1	2016	1677.9		
ESTAT:LFST_R_LFSD2POP(1.0)	17/04/26 11:00:00	A	TOTAL	T	Y25-64	THS_PER	FRI2	2016	368.3		
ESTAT:LFST_R_LFSD2POP(1.0)	17/04/26 11:00:00	A	TOTAL	T	Y25-64	THS_PER	FRI3	2016	883.0		
ESTAT:LFST_R_LFSD2POP(1.0)	17/04/26 11:00:00	A	TOTAL	T	Y25-64	THS_PER	FRJ1	2016	1381.1		
ESTAT:LFST_R_LFSD2POP(1.0)	17/04/26 11:00:00	A	TOTAL	T	Y25-64	THS_PER	FRJ2	2016	1545.1		
ESTAT:LFST_R_LFSD2POP(1.0)	17/04/26 11:00:00	A	TOTAL	T	Y25-64	THS_PER	FRK1	2016	678.7		
ESTAT:LFST_R_LFSD2POP(1.0)	17/04/26 11:00:00	A	TOTAL	T	Y25-64	THS_PER	FRK2	2016	3317.2		
ESTAT:LFST_R_LFSD2POP(1.0)	17/04/26 11:00:00	A	TOTAL	T	Y25-64	THS_PER	FRL0	2016	2467.9		
ESTAT:LFST_R_LFSD2POP(1.0)	17/04/26 11:00:00	A	TOTAL	T	Y25-64	THS_PER	FRM0	2016	129.5	u	
ESTAT:LFST_R_LFSD2POP(1.0)	17/04/26 11:00:00	A	TOTAL	T	Y35-44	THS_PER	FR10	2016	1704.5		
ESTAT:LFST_R_LFSD2POP(1.0)	17/04/26 11:00:00	A	TOTAL	T	Y35-44	THS_PER	FRB0	2016	302.0		
ESTAT:LFST_R_LFSD2POP(1.0)	17/04/26 11:00:00	A	TOTAL	T	Y35-44	THS_PER	FRC1	2016	191.5		
ESTAT:LFST_R_LFSD2POP(1.0)	17/04/26 11:00:00	A	TOTAL	T	Y35-44	THS_PER	FRC2	2016	163.9		
ESTAT:LFST_R_LFSD2POP(1.0)	17/04/26 11:00:00	A	TOTAL	T	Y35-44	THS_PER	FRD1	2016	172.8		
ESTAT:LFST_R_LFSD2POP(1.0)	17/04/26 11:00:00	A	TOTAL	T	Y35-44	THS_PER	FRD2	2016	216.4		
ESTAT:LFST_R_LFSD2POP(1.0)	17/04/26 11:00:00	A	TOTAL	T	Y35-44	THS_PER	FRE1	2016	508.6		
ESTAT:LFST_R_LFSD2POP(1.0)	17/04/26 11:00:00	A	TOTAL	T	Y35-44	THS_PER	FRE2	2016	242.8		
ESTAT:LFST_R_LFSD2POP(1.0)	17/04/26 11:00:00	A	TOTAL	T	Y35-44	THS_PER	FRF1	2016	243.2		
ESTAT:LFST_R_LFSD2POP(1.0)	17/04/26 11:00:00	A	TOTAL	T	Y35-44	THS_PER	FRF2	2016	142.1		
ESTAT:LFST_R_LFSD2POP(1.0)	17/04/26 11:00:00	A	TOTAL	T	Y35-44	THS_PER	FRF3	2016	274.4		
ESTAT:LFST_R_LFSD2POP(1.0)	17/04/26 11:00:00	A	TOTAL	T	Y35-44	THS_PER	FRG0	2016	464.0		
ESTAT:LFST_R_LFSD2POP(1.0)	17/04/26 11:00:00	A	TOTAL	T	Y35-44	THS_PER	FRH0	2016	410.6		
ESTAT:LFST_R_LFSD2POP(1.0)	17/04/26 11:00:00	A	TOTAL	T	Y35-44	THS_PER	FRI1	2016	437.1		
ESTAT:LFST_R_LFSD2POP(1.0)	17/04/26 11:00:00	A	TOTAL	T	Y35-44	THS_PER	FRI2	2016	91.8		
ESTAT:LFST_R_LFSD2POP(1.0)	17/04/26 11:00:00	A	TOTAL	T	Y35-44	THS_PER	FRI3	2016	208.1		
ESTAT:LFST_R_LFSD2POP(1.0)	17/04/26 11:00:00	A	TOTAL	T	Y35-44	THS_PER	FRJ1	2016	322.6		
ESTAT:LFST_R_LFSD2POP(1.0)	17/04/26 11:00:00	A	TOTAL	T	Y35-44	THS_PER	FRJ2	2016	404.3		
ESTAT:LFST_R_LFSD2POP(1.0)	17/04/26 11:00:00	A	TOTAL	T	Y35-44	THS_PER	FRK1	2016	188.1		
ESTAT:LFST_R_LFSD2POP(1.0)	17/04/26 11:00:00	A	TOTAL	T	Y35-44	THS_PER	FRK2	2016	859.8		
ESTAT:LFST_R_LFSD2POP(1.0)	17/04/26 11:00:00	A	TOTAL	T	Y35-44	THS_PER	FRL0	2016	597.2		
ESTAT:LFST_R_LFSD2POP(1.0)	17/04/26 11:00:00	A	TOTAL	T	Y35-44	THS_PER	FRM0	2016	32.1	u	
ESTAT:LFST_R_LFSD2POP(1.0)	17/04/26 11:00:00	A	TOTAL	T	Y45-54	THS_PER	FR10	2016	1601.5		
ESTAT:LFST_R_LFSD2POP(1.0)	17/04/26 11:00:00	A	TOTAL	T	Y45-54	THS_PER	FRB0	2016	346.8		
ESTAT:LFST_R_LFSD2POP(1.0)	17/04/26 11:00:00	A	TOTAL	T	Y45-54	THS_PER	FRC1	2016	195.1		
ESTAT:LFST_R_LFSD2POP(1.0)	17/04/26 11:00:00	A	TOTAL	T	Y45-54	THS_PER	FRC2	2016	155.7		
ESTAT:LFST_R_LFSD2POP(1.0)	17/04/26 11:00:00	A	TOTAL	T	Y45-54	THS_PER	FRD1	2016	205.5		
ESTAT:LFST_R_LFSD2POP(1.0)	17/04/26 11:00:00	A	TOTAL	T	Y45-54	THS_PER	FRD2	2016	242.3		
ESTAT:LFST_R_LFSD2POP(1.0)	17/04/26 11:00:00	A	TOTAL	T	Y45-54	THS_PER	FRE1	2016	493.5		
ESTAT:LFST_R_LFSD2POP(1.0)	17/04/26 11:00:00	A	TOTAL	T	Y45-54	THS_PER	FRE2	2016	253.7		
ESTAT:LFST_R_LFSD2POP(1.0)	17/04/26 11:00:00	A	TOTAL	T	Y45-54	THS_PER	FRF1	2016	280.6		
ESTAT:LFST_R_LFSD2POP(1.0)	17/04/26 11:00:00	A	TOTAL	T	Y45-54	THS_PER	FRF2	2016	178.0		
ESTAT:LFST_R_LFSD2POP(1.0)	17/04/26 11:00:00	A	TOTAL	T	Y45-54	THS_PER	FRF3	2016	311.8		
ESTAT:LFST_R_LFSD2POP(1.0)	17/04/26 11:00:00	A	TOTAL	T	Y45-54	THS_PER	FRG0	2016	495.7		
ESTAT:LFST_R_LFSD2POP(1.0)	17/04/26 11:00:00	A	TOTAL	T	Y45-54	THS_PER	FRH0	2016	441.7		
ESTAT:LFST_R_LFSD2POP(1.0)	17/04/26 11:00:00	A	TOTAL	T	Y45-54	THS_PER	FRI1	2016	476.2		
ESTAT:LFST_R_LFSD2POP(1.0)	17/04/26 11:00:00	A	TOTAL	T	Y45-54	THS_PER	FRI2	2016	96.1		
ESTAT:LFST_R_LFSD2POP(1.0)	17/04/26 11:00:00	A	TOTAL	T	Y45-54	THS_PER	FRI3	2016	240.8		
ESTAT:LFST_R_LFSD2POP(1.0)	17/04/26 11:00:00	A	TOTAL	T	Y45-54	THS_PER	FRJ1	2016	374.2		
ESTAT:LFST_R_LFSD2POP(1.0)	17/04/26 11:00:00	A	TOTAL	T	Y45-54	THS_PER	FRJ2	2016	405.6		
ESTAT:LFST_R_LFSD2POP(1.0)	17/04/26 11:00:00	A	TOTAL	T	Y45-54	THS_PER	FRK1	2016	173.1		
ESTAT:LFST_R_LFSD2POP(1.0)	17/04/26 11:00:00	A	TOTAL	T	Y45-54	THS_PER	FRK2	2016	897.2		
ESTAT:LFST_R_LFSD2POP(1.0)	17/04/26 11:00:00	A	TOTAL	T	Y45-54	THS_PER	FRL0	2016	703.7		
ESTAT:LFST_R_LFSD2POP(1.0)	17/04/26 11:00:00	A	TOTAL	T	Y45-54	THS_PER	FRM0	2016	31.0	u	
ESTAT:LFST_R_LFSD2POP(1.0)	17/04/26 11:00:00	A	TOTAL	T	Y55-64	THS_PER	FR10	2016	1320.5		
ESTAT:LFST_R_LFSD2POP(1.0)	17/04/26 11:00:00	A	TOTAL	T	Y55-64	THS_PER	FRB0	2016	346.2		
ESTAT:LFST_R_LFSD2POP(1.0)	17/04/26 11:00:00	A	TOTAL	T	Y55-64	THS_PER	FRC1	2016	236.3		
ESTAT:LFST_R_LFSD2POP(1.0)	17/04/26 11:00:00	A	TOTAL	T	Y55-64	THS_PER	FRC2	2016	148.2		
ESTAT:LFST_R_LFSD2POP(1.0)	17/04/26 11:00:00	A	TOTAL	T	Y55-64	THS_PER	FRD1	2016	204.5		
ESTAT:LFST_R_LFSD2POP(1.0)	17/04/26 11:00:00	A	TOTAL	T	Y55-64	THS_PER	FRD2	2016	231.0		
ESTAT:LFST_R_LFSD2POP(1.0)	17/04/26 11:00:00	A	TOTAL	T	Y55-64	THS_PER	FRE1	2016	506.6		
ESTAT:LFST_R_LFSD2POP(1.0)	17/04/26 11:00:00	A	TOTAL	T	Y55-64	THS_PER	FRE2	2016	257.9		
ESTAT:LFST_R_LFSD2POP(1.0)	17/04/26 11:00:00	A	TOTAL	T	Y55-64	THS_PER	FRF1	2016	234.0		
ESTAT:LFST_R_LFSD2POP(1.0)	17/04/26 11:00:00	A	TOTAL	T	Y55-64	THS_PER	FRF2	2016	176.8		
ESTAT:LFST_R_LFSD2POP(1.0)	17/04/26 11:00:00	A	TOTAL	T	Y55-64	THS_PER	FRF3	2016	307.9		
ESTAT:LFST_R_LFSD2POP(1.0)	17/04/26 11:00:00	A	TOTAL	T	Y55-64	THS_PER	FRG0	2016	448.1		
ESTAT:LFST_R_LFSD2POP(1.0)	17/04/26 11:00:00	A	TOTAL	T	Y55-64	THS_PER	FRH0	2016	398.4		
ESTAT:LFST_R_LFSD2POP(1.0)	17/04/26 11:00:00	A	TOTAL	T	Y55-64	THS_PER	FRI1	2016	422.2		
ESTAT:LFST_R_LFSD2POP(1.0)	17/04/26 11:00:00	A	TOTAL	T	Y55-64	THS_PER	FRI2	2016	102.7		
ESTAT:LFST_R_LFSD2POP(1.0)	17/04/26 11:00:00	A	TOTAL	T	Y55-64	THS_PER	FRI3	2016	227.1		
ESTAT:LFST_R_LFSD2POP(1.0)	17/04/26 11:00:00	A	TOTAL	T	Y55-64	THS_PER	FRJ1	2016	402.6		
ESTAT:LFST_R_LFSD2POP(1.0)	17/04/26 11:00:00	A	TOTAL	T	Y55-64	THS_PER	FRJ2	2016	405.6		
ESTAT:LFST_R_LFSD2POP(1.0)	17/04/26 11:00:00	A	TOTAL	T	Y55-64	THS_PER	FRK1	2016	183.7		
ESTAT:LFST_R_LFSD2POP(1.0)	17/04/26 11:00:00	A	TOTAL	T	Y55-64	THS_PER	FRK2	2016	766.8		
ESTAT:LFST_R_LFSD2POP(1.0)	17/04/26 11:00:00	A	TOTAL	T	Y55-64	THS_PER	FRL0	2016	630.2		
ESTAT:LFST_R_LFSD2POP(1.0)	17/04/26 11:00:00	A	TOTAL	T	Y55-64	THS_PER	FRM0	2016	44.4	u	
ESTAT:LFST_R_LFSD2POP(1.0)	17/04/26 11:00:00	A	TOTAL	T	Y_GE15	THS_PER	FR10	2016	9548.7		
ESTAT:LFST_R_LFSD2POP(1.0)	17/04/26 11:00:00	A	TOTAL	T	Y_GE15	THS_PER	FRB0	2016	2059.4		
ESTAT:LFST_R_LFSD2POP(1.0)	17/04/26 11:00:00	A	TOTAL	T	Y_GE15	THS_PER	FRC1	2016	1335.7		
ESTAT:LFST_R_LFSD2POP(1.0)	17/04/26 11:00:00	A	TOTAL	T	Y_GE15	THS_PER	FRC2	2016	931.6		
ESTAT:LFST_R_LFSD2POP(1.0)	17/04/26 11:00:00	A	TOTAL	T	Y_GE15	THS_PER	FRD1	2016	1188.8		
ESTAT:LFST_R_LFSD2POP(1.0)	17/04/26 11:00:00	A	TOTAL	T	Y_GE15	THS_PER	FRD2	2016	1460.2		
ESTAT:LFST_R_LFSD2POP(1.0)	17/04/26 11:00:00	A	TOTAL	T	Y_GE15	THS_PER	FRE1	2016	3197.6		
ESTAT:LFST_R_LFSD2POP(1.0)	17/04/26 11:00:00	A	TOTAL	T	Y_GE15	THS_PER	FRE2	2016	1513.6		
ESTAT:LFST_R_LFSD2POP(1.0)	17/04/26 11:00:00	A	TOTAL	T	Y_GE15	THS_PER	FRF1	2016	1525.6		
ESTAT:LFST_R_LFSD2POP(1.0)	17/04/26 11:00:00	A	TOTAL	T	Y_GE15	THS_PER	FRF2	2016	1052.7		
ESTAT:LFST_R_LFSD2POP(1.0)	17/04/26 11:00:00	A	TOTAL	T	Y_GE15	THS_PER	FRF3	2016	1881.3		
ESTAT:LFST_R_LFSD2POP(1.0)	17/04/26 11:00:00	A	TOTAL	T	Y_GE15	THS_PER	FRG0	2016	2966.6		
ESTAT:LFST_R_LFSD2POP(1.0)	17/04/26 11:00:00	A	TOTAL	T	Y_GE15	THS_PER	FRH0	2016	2654.0		
ESTAT:LFST_R_LFSD2POP(1.0)	17/04/26 11:00:00	A	TOTAL	T	Y_GE15	THS_PER	FRI1	2016	2780.1		
ESTAT:LFST_R_LFSD2POP(1.0)	17/04/26 11:00:00	A	TOTAL	T	Y_GE15	THS_PER	FRI2	2016	597.1		
ESTAT:LFST_R_LFSD2POP(1.0)	17/04/26 11:00:00	A	TOTAL	T	Y_GE15	THS_PER	FRI3	2016	1463.1		
ESTAT:LFST_R_LFSD2POP(1.0)	17/04/26 11:00:00	A	TOTAL	T	Y_GE15	THS_PER	FRJ1	2016	2274.3		
ESTAT:LFST_R_LFSD2POP(1.0)	17/04/26 11:00:00	A	TOTAL	T	Y_GE15	THS_PER	FRJ2	2016	2444.0		
ESTAT:LFST_R_LFSD2POP(1.0)	17/04/26 11:00:00	A	TOTAL	T	Y_GE15	THS_PER	FRK1	2016	1090.3		
ESTAT:LFST_R_LFSD2POP(1.0)	17/04/26 11:00:00	A	TOTAL	T	Y_GE15	THS_PER	FRK2	2016	5195.6		
ESTAT:LFST_R_LFSD2POP(1.0)	17/04/26 11:00:00	A	TOTAL	T	Y_GE15	THS_PER	FRL0	2016	4061.2		
ESTAT:LFST_R_LFSD2POP(1.0)	17/04/26 11:00:00	A	TOTAL	T	Y_GE15	THS_PER	FRM0	2016	296.7	u	
ESTAT:LFST_R_LFSD2POP(1.0)	17/04/26 11:00:00	A	TOTAL	T	Y_GE25	THS_PER	FR10	2016	8051.8		
ESTAT:LFST_R_LFSD2POP(1.0)	17/04/26 11:00:00	A	TOTAL	T	Y_GE25	THS_PER	FRB0	2016	1776.4		
ESTAT:LFST_R_LFSD2POP(1.0)	17/04/26 11:00:00	A	TOTAL	T	Y_GE25	THS_PER	FRC1	2016	1150.8		
ESTAT:LFST_R_LFSD2POP(1.0)	17/04/26 11:00:00	A	TOTAL	T	Y_GE25	THS_PER	FRC2	2016	811.5		
ESTAT:LFST_R_LFSD2POP(1.0)	17/04/26 11:00:00	A	TOTAL	T	Y_GE25	THS_PER	FRD1	2016	1026.2		
ESTAT:LFST_R_LFSD2POP(1.0)	17/04/26 11:00:00	A	TOTAL	T	Y_GE25	THS_PER	FRD2	2016	1258.2		
ESTAT:LFST_R_LFSD2POP(1.0)	17/04/26 11:00:00	A	TOTAL	T	Y_GE25	THS_PER	FRE1	2016	2694.0		
ESTAT:LFST_R_LFSD2POP(1.0)	17/04/26 11:00:00	A	TOTAL	T	Y_GE25	THS_PER	FRE2	2016	1302.5		
ESTAT:LFST_R_LFSD2POP(1.0)	17/04/26 11:00:00	A	TOTAL	T	Y_GE25	THS_PER	FRF1	2016	1320.1		
ESTAT:LFST_R_LFSD2POP(1.0)	17/04/26 11:00:00	A	TOTAL	T	Y_GE25	THS_PER	FRF2	2016	901.1		
ESTAT:LFST_R_LFSD2POP(1.0)	17/04/26 11:00:00	A	TOTAL	T	Y_GE25	THS_PER	FRF3	2016	1600.7		
ESTAT:LFST_R_LFSD2POP(1.0)	17/04/26 11:00:00	A	TOTAL	T	Y_GE25	THS_PER	FRG0	2016	2525.9		
ESTAT:LFST_R_LFSD2POP(1.0)	17/04/26 11:00:00	A	TOTAL	T	Y_GE25	THS_PER	FRH0	2016	2271.7		
ESTAT:LFST_R_LFSD2POP(1.0)	17/04/26 11:00:00	A	TOTAL	T	Y_GE25	THS_PER	FRI1	2016	2385.9		
ESTAT:LFST_R_LFSD2POP(1.0)	17/04/26 11:00:00	A	TOTAL	T	Y_GE25	THS_PER	FRI2	2016	526.9		
ESTAT:LFST_R_LFSD2POP(1.0)	17/04/26 11:00:00	A	TOTAL	T	Y_GE25	THS_PER	FRI3	2016	1286.6		
ESTAT:LFST_R_LFSD2POP(1.0)	17/04/26 11:00:00	A	TOTAL	T	Y_GE25	THS_PER	FRJ1	2016	1981.4		
ESTAT:LFST_R_LFSD2POP(1.0)	17/04/26 11:00:00	A	TOTAL	T	Y_GE25	THS_PER	FRJ2	2016	2145.8		
ESTAT:LFST_R_LFSD2POP(1.0)	17/04/26 11:00:00	A	TOTAL	T	Y_GE25	THS_PER	FRK1	2016	952.8		
ESTAT:LFST_R_LFSD2POP(1.0)	17/04/26 11:00:00	A	TOTAL	T	Y_GE25	THS_PER	FRK2	2016	4451.1		
ESTAT:LFST_R_LFSD2POP(1.0)	17/04/26 11:00:00	A	TOTAL	T	Y_GE25	THS_PER	FRL0	2016	3527.4		
ESTAT:LFST_R_LFSD2POP(1.0)	17/04/26 11:00:00	A	TOTAL	T	Y_GE25	THS_PER	FRM0	2016	271.2	u	
ESTAT:LFST_R_LFSD2POP(1.0)	17/04/26 11:00:00	A	TOTAL	T	Y_GE65	THS_PER	FR10	2016	1677.6		
ESTAT:LFST_R_LFSD2POP(1.0)	17/04/26 11:00:00	A	TOTAL	T	Y_GE65	THS_PER	FRB0	2016	523.4		
ESTAT:LFST_R_LFSD2POP(1.0)	17/04/26 11:00:00	A	TOTAL	T	Y_GE65	THS_PER	FRC1	2016	355.0		
ESTAT:LFST_R_LFSD2POP(1.0)	17/04/26 11:00:00	A	TOTAL	T	Y_GE65	THS_PER	FRC2	2016	211.0		
ESTAT:LFST_R_LFSD2POP(1.0)	17/04/26 11:00:00	A	TOTAL	T	Y_GE65	THS_PER	FRD1	2016	298.7		
ESTAT:LFST_R_LFSD2POP(1.0)	17/04/26 11:00:00	A	TOTAL	T	Y_GE65	THS_PER	FRD2	2016	329.7		
ESTAT:LFST_R_LFSD2POP(1.0)	17/04/26 11:00:00	A	TOTAL	T	Y_GE65	THS_PER	FRE1	2016	649.3		
ESTAT:LFST_R_LFSD2POP(1.0)	17/04/26 11:00:00	A	TOTAL	T	Y_GE65	THS_PER	FRE2	2016	326.1		
ESTAT:LFST_R_LFSD2POP(1.0)	17/04/26 11:00:00	A	TOTAL	T	Y_GE65	THS_PER	FRF1	2016	334.2		
ESTAT:LFST_R_LFSD2POP(1.0)	17/04/26 11:00:00	A	TOTAL	T	Y_GE65	THS_PER	FRF2	2016	240.6		
ESTAT:LFST_R_LFSD2POP(1.0)	17/04/26 11:00:00	A	TOTAL	T	Y_GE65	THS_PER	FRF3	2016	431.2		
ESTAT:LFST_R_LFSD2POP(1.0)	17/04/26 11:00:00	A	TOTAL	T	Y_GE65	THS_PER	FRG0	2016	687.2		
ESTAT:LFST_R_LFSD2POP(1.0)	17/04/26 11:00:00	A	TOTAL	T	Y_GE65	THS_PER	FRH0	2016	659.9		
ESTAT:LFST_R_LFSD2POP(1.0)	17/04/26 11:00:00	A	TOTAL	T	Y_GE65	THS_PER	FRI1	2016	708.0		
ESTAT:LFST_R_LFSD2POP(1.0)	17/04/26 11:00:00	A	TOTAL	T	Y_GE65	THS_PER	FRI2	2016	158.6		
ESTAT:LFST_R_LFSD2POP(1.0)	17/04/26 11:00:00	A	TOTAL	T	Y_GE65	THS_PER	FRI3	2016	403.6		
ESTAT:LFST_R_LFSD2POP(1.0)	17/04/26 11:00:00	A	TOTAL	T	Y_GE65	THS_PER	FRJ1	2016	600.3		
ESTAT:LFST_R_LFSD2POP(1.0)	17/04/26 11:00:00	A	TOTAL	T	Y_GE65	THS_PER	FRJ2	2016	600.7		
ESTAT:LFST_R_LFSD2POP(1.0)	17/04/26 11:00:00	A	TOTAL	T	Y_GE65	THS_PER	FRK1	2016	274.1		
ESTAT:LFST_R_LFSD2POP(1.0)	17/04/26 11:00:00	A	TOTAL	T	Y_GE65	THS_PER	FRK2	2016	1133.8		
ESTAT:LFST_R_LFSD2POP(1.0)	17/04/26 11:00:00	A	TOTAL	T	Y_GE65	THS_PER	FRL0	2016	1059.6		
ESTAT:LFST_R_LFSD2POP(1.0)	17/04/26 11:00:00	A	TOTAL	T	Y_GE65	THS_PER	FRM0	2016	141.7	u	
ESTAT:LFST_R_LFSD2POP(1.0)	17/04/26 11:00:00	A	UNK	F	Y_GE15	THS_PER	FR10	2016	57.8		
ESTAT:LFST_R_LFSD2POP(1.0)	17/04/26 11:00:00	A	UNK	F	Y_GE15	THS_PER	FRB0	2016	14.1		
ESTAT:LFST_R_LFSD2POP(1.0)	17/04/26 11:00:00	A	UNK	F	Y_GE15	THS_PER	FRC1	2016	8.1	u	
ESTAT:LFST_R_LFSD2POP(1.0)	17/04/26 11:00:00	A	UNK	F	Y_GE15	THS_PER	FRC2	2016	6.2	u	
ESTAT:LFST_R_LFSD2POP(1.0)	17/04/26 11:00:00	A	UNK	F	Y_GE15	THS_PER	FRD1	2016	8.6	u	
ESTAT:LFST_R_LFSD2POP(1.0)	17/04/26 11:00:00	A	UNK	F	Y_GE15	THS_PER	FRD2	2016	8.1	u	
ESTAT:LFST_R_LFSD2POP(1.0)	17/04/26 11:00:00	A	UNK	F	Y_GE15	THS_PER	FRE1	2016	19.4		
ESTAT:LFST_R_LFSD2POP(1.0)	17/04/26 11:00:00	A	UNK	F	Y_GE15	THS_PER	FRE2	2016	11.9		
ESTAT:LFST_R_LFSD2POP(1.0)	17/04/26 11:00:00	A	UNK	F	Y_GE15	THS_PER	FRF1	2016	7.9	u	
ESTAT:LFST_R_LFSD2POP(1.0)	17/04/26 11:00:00	A	UNK	F	Y_GE15	THS_PER	FRF2	2016	6.8	u	
ESTAT:LFST_R_LFSD2POP(1.0)	17/04/26 11:00:00	A	UNK	F	Y_GE15	THS_PER	FRF3	2016	12.3		
ESTAT:LFST_R_LFSD2POP(1.0)	17/04/26 11:00:00	A	UNK	F	Y_GE15	THS_PER	FRG0	2016	19.4		
ESTAT:LFST_R_LFSD2POP(1.0)	17/04/26 11:00:00	A	UNK	F	Y_GE15	THS_PER	FRH0	2016	19.4		
ESTAT:LFST_R_LFSD2POP(1.0)	17/04/26 11:00:00	A	UNK	F	Y_GE15	THS_PER	FRI1	2016	20.9		
ESTAT:LFST_R_LFSD2POP(1.0)	17/04/26 11:00:00	A	UNK	F	Y_GE15	THS_PER	FRI2	2016	6.0	u	
ESTAT:LFST_R_LFSD2POP(1.0)	17/04/26 11:00:00	A	UNK	F	Y_GE15	THS_PER	FRI3	2016	14.1		
ESTAT:LFST_R_LFSD2POP(1.0)	17/04/26 11:00:00	A	UNK	F	Y_GE15	THS_PER	FRJ1	2016	14.3		
ESTAT:LFST_R_LFSD2POP(1.0)	17/04/26 11:00:00	A	UNK	F	Y_GE15	THS_PER	FRJ2	2016	23.9		
ESTAT:LFST_R_LFSD2POP(1.0)	17/04/26 11:00:00	A	UNK	F	Y_GE15	THS_PER	FRK1	2016	9.7	u	
ESTAT:LFST_R_LFSD2POP(1.0)	17/04/26 11:00:00	A	UNK	F	Y_GE15	THS_PER	FRK2	2016	34.4		
ESTAT:LFST_R_LFSD2POP(1.0)	17/04/26 11:00:00	A	UNK	F	Y_GE15	THS_PER	FRL0	2016	29.2		
ESTAT:LFST_R_LFSD2POP(1.0)	17/04/26 11:00:00	A	UNK	F	Y_GE15	THS_PER	FRM0	2016	9.3	u	
ESTAT:LFST_R_LFSD2POP(1.0)	17/04/26 11:00:00	A	UNK	F	Y_GE25	THS_PER	FR10	2016	57.8		
ESTAT:LFST_R_LFSD2POP(1.0)	17/04/26 11:00:00	A	UNK	F	Y_GE25	THS_PER	FRB0	2016	14.1		
ESTAT:LFST_R_LFSD2POP(1.0)	17/04/26 11:00:00	A	UNK	F	Y_GE25	THS_PER	FRC1	2016	8.1	u	
ESTAT:LFST_R_LFSD2POP(1.0)	17/04/26 11:00:00	A	UNK	F	Y_GE25	THS_PER	FRC2	2016	6.2	u	
ESTAT:LFST_R_LFSD2POP(1.0)	17/04/26 11:00:00	A	UNK	F	Y_GE25	THS_PER	FRD1	2016	8.6	u	
ESTAT:LFST_R_LFSD2POP(1.0)	17/04/26 11:00:00	A	UNK	F	Y_GE25	THS_PER	FRD2	2016	8.1	u	
ESTAT:LFST_R_LFSD2POP(1.0)	17/04/26 11:00:00	A	UNK	F	Y_GE25	THS_PER	FRE1	2016	19.4		
ESTAT:LFST_R_LFSD2POP(1.0)	17/04/26 11:00:00	A	UNK	F	Y_GE25	THS_PER	FRE2	2016	11.9		
ESTAT:LFST_R_LFSD2POP(1.0)	17/04/26 11:00:00	A	UNK	F	Y_GE25	THS_PER	FRF1	2016	7.9	u	
ESTAT:LFST_R_LFSD2POP(1.0)	17/04/26 11:00:00	A	UNK	F	Y_GE25	THS_PER	FRF2	2016	6.8	u	
ESTAT:LFST_R_LFSD2POP(1.0)	17/04/26 11:00:00	A	UNK	F	Y_GE25	THS_PER	FRF3	2016	12.3		
ESTAT:LFST_R_LFSD2POP(1.0)	17/04/26 11:00:00	A	UNK	F	Y_GE25	THS_PER	FRG0	2016	19.4		
ESTAT:LFST_R_LFSD2POP(1.0)	17/04/26 11:00:00	A	UNK	F	Y_GE25	THS_PER	FRH0	2016	19.4		
ESTAT:LFST_R_LFSD2POP(1.0)	17/04/26 11:00:00	A	UNK	F	Y_GE25	THS_PER	FRI1	2016	20.9		
ESTAT:LFST_R_LFSD2POP(1.0)	17/04/26 11:00:00	A	UNK	F	Y_GE25	THS_PER	FRI2	2016	6.0	u	
ESTAT:LFST_R_LFSD2POP(1.0)	17/04/26 11:00:00	A	UNK	F	Y_GE25	THS_PER	FRI3	2016	14.1		
ESTAT:LFST_R_LFSD2POP(1.0)	17/04/26 11:00:00	A	UNK	F	Y_GE25	THS_PER	FRJ1	2016	14.3		
ESTAT:LFST_R_LFSD2POP(1.0)	17/04/26 11:00:00	A	UNK	F	Y_GE25	THS_PER	FRJ2	2016	23.9		
ESTAT:LFST_R_LFSD2POP(1.0)	17/04/26 11:00:00	A	UNK	F	Y_GE25	THS_PER	FRK1	2016	9.7	u	
ESTAT:LFST_R_LFSD2POP(1.0)	17/04/26 11:00:00	A	UNK	F	Y_GE25	THS_PER	FRK2	2016	34.4		
ESTAT:LFST_R_LFSD2POP(1.0)	17/04/26 11:00:00	A	UNK	F	Y_GE25	THS_PER	FRL0	2016	29.2		
ESTAT:LFST_R_LFSD2POP(1.0)	17/04/26 11:00:00	A	UNK	F	Y_GE25	THS_PER	FRM0	2016	9.3	u	
ESTAT:LFST_R_LFSD2POP(1.0)	17/04/26 11:00:00	A	UNK	F	Y_GE65	THS_PER	FR10	2016	57.8		
ESTAT:LFST_R_LFSD2POP(1.0)	17/04/26 11:00:00	A	UNK	F	Y_GE65	THS_PER	FRB0	2016	14.1		
ESTAT:LFST_R_LFSD2POP(1.0)	17/04/26 11:00:00	A	UNK	F	Y_GE65	THS_PER	FRC1	2016	8.1	u	
ESTAT:LFST_R_LFSD2POP(1.0)	17/04/26 11:00:00	A	UNK	F	Y_GE65	THS_PER	FRC2	2016	6.2	u	
ESTAT:LFST_R_LFSD2POP(1.0)	17/04/26 11:00:00	A	UNK	F	Y_GE65	THS_PER	FRD1	2016	8.6	u	
ESTAT:LFST_R_LFSD2POP(1.0)	17/04/26 11:00:00	A	UNK	F	Y_GE65	THS_PER	FRD2	2016	8.1	u	
ESTAT:LFST_R_LFSD2POP(1.0)	17/04/26 11:00:00	A	UNK	F	Y_GE65	THS_PER	FRE1	2016	19.4		
ESTAT:LFST_R_LFSD2POP(1.0)	17/04/26 11:00:00	A	UNK	F	Y_GE65	THS_PER	FRE2	2016	11.9		
ESTAT:LFST_R_LFSD2POP(1.0)	17/04/26 11:00:00	A	UNK	F	Y_GE65	THS_PER	FRF1	2016	7.9	u	
ESTAT:LFST_R_LFSD2POP(1.0)	17/04/26 11:00:00	A	UNK	F	Y_GE65	THS_PER	FRF2	2016	6.8	u	
ESTAT:LFST_R_LFSD2POP(1.0)	17/04/26 11:00:00	A	UNK	F	Y_GE65	THS_PER	FRF3	2016	12.3		
ESTAT:LFST_R_LFSD2POP(1.0)	17/04/26 11:00:00	A	UNK	F	Y_GE65	THS_PER	FRG0	2016	19.4		
ESTAT:LFST_R_LFSD2POP(1.0)	17/04/26 11:00:00	A	UNK	F	Y_GE65	THS_PER	FRH0	2016	19.4		
ESTAT:LFST_R_LFSD2POP(1.0)	17/04/26 11:00:00	A	UNK	F	Y_GE65	THS_PER	FRI1	2016	20.9		
ESTAT:LFST_R_LFSD2POP(1.0)	17/04/26 11:00:00	A	UNK	F	Y_GE65	THS_PER	FRI2	2016	6.0	u	
ESTAT:LFST_R_LFSD2POP(1.0)	17/04/26 11:00:00	A	UNK	F	Y_GE65	THS_PER	FRI3	2016	14.1		
ESTAT:LFST_R_LFSD2POP(1.0)	17/04/26 11:00:00	A	UNK	F	Y_GE65	THS_PER	FRJ1	2016	14.3		
ESTAT:LFST_R_LFSD2POP(1.0)	17/04/26 11:00:00	A	UNK	F	Y_GE65	THS_PER	FRJ2	2016	23.9		
ESTAT:LFST_R_LFSD2POP(1.0)	17/04/26 11:00:00	A	UNK	F	Y_GE65	THS_PER	FRK1	2016	9.7	u	
ESTAT:LFST_R_LFSD2POP(1.0)	17/04/26 11:00:00	A	UNK	F	Y_GE65	THS_PER	FRK2	2016	34.4		
ESTAT:LFST_R_LFSD2POP(1.0)	17/04/26 11:00:00	A	UNK	F	Y_GE65	THS_PER	FRL0	2016	29.2		
ESTAT:LFST_R_LFSD2POP(1.0)	17/04/26 11:00:00	A	UNK	F	Y_GE65	THS_PER	FRM0	2016	9.3	u	
ESTAT:LFST_R_LFSD2POP(1.0)	17/04/26 11:00:00	A	UNK	M	Y_GE15	THS_PER	FR10	2016	23.2		
ESTAT:LFST_R_LFSD2POP(1.0)	17/04/26 11:00:00	A	UNK	M	Y_GE15	THS_PER	FRB0	2016	8.8	u	
ESTAT:LFST_R_LFSD2POP(1.0)	17/04/26 11:00:00	A	UNK	M	Y_GE15	THS_PER	FRC1	2016	4.8	u	
ESTAT:LFST_R_LFSD2POP(1.0)	17/04/26 11:00:00	A	UNK	M	Y_GE15	THS_PER	FRC2	2016	2.2	u	
ESTAT:LFST_R_LFSD2POP(1.0)	17/04/26 11:00:00	A	UNK	M	Y_GE15	THS_PER	FRD1	2016	3.1	u	
ESTAT:LFST_R_LFSD2POP(1.0)	17/04/26 11:00:00	A	UNK	M	Y_GE15	THS_PER	FRD2	2016	3.9	u	
ESTAT:LFST_R_LFSD2POP(1.0)	17/04/26 11:00:00	A	UNK	M	Y_GE15	THS_PER	FRE1	2016	6.8	u	
ESTAT:LFST_R_LFSD2POP(1.0)	17/04/26 11:00:00	A	UNK	M	Y_GE15	THS_PER	FRE2	2016	3.2	u	
ESTAT:LFST_R_LFSD2POP(1.0)	17/04/26 11:00:00	A	UNK	M	Y_GE15	THS_PER	FRF1	2016	3.4	u	
ESTAT:LFST_R_LFSD2POP(1.0)	17/04/26 11:00:00	A	UNK	M	Y_GE15	THS_PER	FRF2	2016	2.9	u	
ESTAT:LFST_R_LFSD2POP(1.0)	17/04/26 11:00:00	A	UNK	M	Y_GE15	THS_PER	FRF3	2016	4.9	u	
ESTAT:LFST_R_LFSD2POP(1.0)	17/04/26 11:00:00	A	UNK	M	Y_GE15	THS_PER	FRG0	2016	9.8	u	
ESTAT:LFST_R_LFSD2POP(1.0)	17/04/26 11:00:00	A	UNK	M	Y_GE15	THS_PER	FRH0	2016	5.4	u	
ESTAT:LFST_R_LFSD2POP(1.0)	17/04/26 11:00:00	A	UNK	M	Y_GE15	THS_PER	FRI1	2016	13.4		
ESTAT:LFST_R_LFSD2POP(1.0)	17/04/26 11:00:00	A	UNK	M	Y_GE15	THS_PER	FRI2	2016	2.6	u	
ESTAT:LFST_R_LFSD2POP(1.0)	17/04/26 11:00:00	A	UNK	M	Y_GE15	THS_PER	FRI3	2016	5.7	u	
ESTAT:LFST_R_LFSD2POP(1.0)	17/04/26 11:00:00	A	UNK	M	Y_GE15	THS_PER	FRJ1	2016	9.1	u	
ESTAT:LFST_R_LFSD2POP(1.0)	17/04/26 11:00:00	A	UNK	M	Y_GE15	THS_PER	FRJ2	2016	5.6	u	
ESTAT:LFST_R_LFSD2POP(1.0)	17/04/26 11:00:00	A	UNK	M	Y_GE15	THS_PER	FRK1	2016	2.3	u	
ESTAT:LFST_R_LFSD2POP(1.0)	17/04/26 11:00:00	A	UNK	M	Y_GE15	THS_PER	FRK2	2016	16.7		
ESTAT:LFST_R_LFSD2POP(1.0)	17/04/26 11:00:00	A	UNK	M	Y_GE15	THS_PER	FRL0	2016	13.5		
ESTAT:LFST_R_LFSD2POP(1.0)	17/04/26 11:00:00	A	UNK	M	Y_GE15	THS_PER	FRM0	2016	8.6	u	
ESTAT:LFST_R_LFSD2POP(1.0)	17/04/26 11:00:00	A	UNK	M	Y_GE25	THS_PER	FR10	2016	23.2		
ESTAT:LFST_R_LFSD2POP(1.0)	17/04/26 11:00:00	A	UNK	M	Y_GE25	THS_PER	FRB0	2016	8.8	u	
ESTAT:LFST_R_LFSD2POP(1.0)	17/04/26 11:00:00	A	UNK	M	Y_GE25	THS_PER	FRC1	2016	4.8	u	
ESTAT:LFST_R_LFSD2POP(1.0)	17/04/26 11:00:00	A	UNK	M	Y_GE25	THS_PER	FRC2	2016	2.2	u	
ESTAT:LFST_R_LFSD2POP(1.0)	17/04/26 11:00:00	A	UNK	M	Y_GE25	THS_PER	FRD1	2016	3.1	u	
ESTAT:LFST_R_LFSD2POP(1.0)	17/04/26 11:00:00	A	UNK	M	Y_GE25	THS_PER	FRD2	2016	3.9	u	
ESTAT:LFST_R_LFSD2POP(1.0)	17/04/26 11:00:00	A	UNK	M	Y_GE25	THS_PER	FRE1	2016	6.8	u	
ESTAT:LFST_R_LFSD2POP(1.0)	17/04/26 11:00:00	A	UNK	M	Y_GE25	THS_PER	FRE2	2016	3.2	u	
ESTAT:LFST_R_LFSD2POP(1.0)	17/04/26 11:00:00	A	UNK	M	Y_GE25	THS_PER	FRF1	2016	3.4	u	
ESTAT:LFST_R_LFSD2POP(1.0)	17/04/26 11:00:00	A	UNK	M	Y_GE25	THS_PER	FRF2	2016	2.9	u	
ESTAT:LFST_R_LFSD2POP(1.0)	17/04/26 11:00:00	A	UNK	M	Y_GE25	THS_PER	FRF3	2016	4.9	u	
ESTAT:LFST_R_LFSD2POP(1.0)	17/04/26 11:00:00	A	UNK	M	Y_GE25	THS_PER	FRG0	2016	9.8	u	
ESTAT:LFST_R_LFSD2POP(1.0)	17/04/26 11:00:00	A	UNK	M	Y_GE25	THS_PER	FRH0	2016	5.4	u	
ESTAT:LFST_R_LFSD2POP(1.0)	17/04/26 11:00:00	A	UNK	M	Y_GE25	THS_PER	FRI1	2016	13.4		
ESTAT:LFST_R_LFSD2POP(1.0)	17/04/26 11:00:00	A	UNK	M	Y_GE25	THS_PER	FRI2	2016	2.6	u	
ESTAT:LFST_R_LFSD2POP(1.0)	17/04/26 11:00:00	A	UNK	M	Y_GE25	THS_PER	FRI3	2016	5.7	u	
ESTAT:LFST_R_LFSD2POP(1.0)	17/04/26 11:00:00	A	UNK	M	Y_GE25	THS_PER	FRJ1	2016	9.1	u	
ESTAT:LFST_R_LFSD2POP(1.0)	17/04/26 11:00:00	A	UNK	M	Y_GE25	THS_PER	FRJ2	2016	5.6	u	
ESTAT:LFST_R_LFSD2POP(1.0)	17/04/26 11:00:00	A	UNK	M	Y_GE25	THS_PER	FRK1	2016	2.3	u	
ESTAT:LFST_R_LFSD2POP(1.0)	17/04/26 11:00:00	A	UNK	M	Y_GE25	THS_PER	FRK2	2016	16.7		
ESTAT:LFST_R_LFSD2POP(1.0)	17/04/26 11:00:00	A	UNK	M	Y_GE25	THS_PER	FRL0	2016	13.5		
ESTAT:LFST_R_LFSD2POP(1.0)	17/04/26 11:00:00	A	UNK	M	Y_GE25	THS_PER	FRM0	2016	8.6	u	
ESTAT:LFST_R_LFSD2POP(1.0)	17/04/26 11:00:00	A	UNK	M	Y_GE65	THS_PER	FR10	2016	23.2		
ESTAT:LFST_R_LFSD2POP(1.0)	17/04/26 11:00:00	A	UNK	M	Y_GE65	THS_PER	FRB0	2016	8.8	u	
ESTAT:LFST_R_LFSD2POP(1.0)	17/04/26 11:00:00	A	UNK	M	Y_GE65	THS_PER	FRC1	2016	4.8	u	
ESTAT:LFST_R_LFSD2POP(1.0)	17/04/26 11:00:00	A	UNK	M	Y_GE65	THS_PER	FRC2	2016	2.2	u	
ESTAT:LFST_R_LFSD2POP(1.0)	17/04/26 11:00:00	A	UNK	M	Y_GE65	THS_PER	FRD1	2016	3.1	u	
ESTAT:LFST_R_LFSD2POP(1.0)	17/04/26 11:00:00	A	UNK	M	Y_GE65	THS_PER	FRD2	2016	3.9	u	
ESTAT:LFST_R_LFSD2POP(1.0)	17/04/26 11:00:00	A	UNK	M	Y_GE65	THS_PER	FRE1	2016	6.8	u	
ESTAT:LFST_R_LFSD2POP(1.0)	17/04/26 11:00:00	A	UNK	M	Y_GE65	THS_PER	FRE2	2016	3.2	u	
ESTAT:LFST_R_LFSD2POP(1.0)	17/04/26 11:00:00	A	UNK	M	Y_GE65	THS_PER	FRF1	2016	3.4	u	
ESTAT:LFST_R_LFSD2POP(1.0)	17/04/26 11:00:00	A	UNK	M	Y_GE65	THS_PER	FRF2	2016	2.9	u	
ESTAT:LFST_R_LFSD2POP(1.0)	17/04/26 11:00:00	A	UNK	M	Y_GE65	THS_PER	FRF3	2016	4.9	u	
ESTAT:LFST_R_LFSD2POP(1.0)	17/04/26 11:00:00	A	UNK	M	Y_GE65	THS_PER	FRG0	2016	9.8	u	
ESTAT:LFST_R_LFSD2POP(1.0)	17/04/26 11:00:00	A	UNK	M	Y_GE65	THS_PER	FRH0	2016	5.4	u	
ESTAT:LFST_R_LFSD2POP(1.0)	17/04/26 11:00:00	A	UNK	M	Y_GE65	THS_PER	FRI1	2016	13.4		
ESTAT:LFST_R_LFSD2POP(1.0)	17/04/26 11:00:00	A	UNK	M	Y_GE65	THS_PER	FRI2	2016	2.6	u	
ESTAT:LFST_R_LFSD2POP(1.0)	17/04/26 11:00:00	A	UNK	M	Y_GE65	THS_PER	FRI3	2016	5.7	u	
ESTAT:LFST_R_LFSD2POP(1.0)	17/04/26 11:00:00	A	UNK	M	Y_GE65	THS_PER	FRJ1	2016	9.1	u	
ESTAT:LFST_R_LFSD2POP(1.0)	17/04/26 11:00:00	A	UNK	M	Y_GE65	THS_PER	FRJ2	2016	5.6	u	
ESTAT:LFST_R_LFSD2POP(1.0)	17/04/26 11:00:00	A	UNK	M	Y_GE65	THS_PER	FRK1	2016	2.3	u	
ESTAT:LFST_R_LFSD2POP(1.0)	17/04/26 11:00:00	A	UNK	M	Y_GE65	THS_PER	FRK2	2016	16.7		
ESTAT:LFST_R_LFSD2POP(1.0)	17/04/26 11:00:00	A	UNK	M	Y_GE65	THS_PER	FRL0	2016	13.5		
ESTAT:LFST_R_LFSD2POP(1.0)	17/04/26 11:00:00	A	UNK	M	Y_GE65	THS_PER	FRM0	2016	8.6	u	
ESTAT:LFST_R_LFSD2POP(1.0)	17/04/26 11:00:00	A	UNK	T	Y_GE15	THS_PER	FR10	2016	81.0		
ESTAT:LFST_R_LFSD2POP(1.0)	17/04/26 11:00:00	A	UNK	T	Y_GE15	THS_PER	FRB0	2016	22.9		
ESTAT:LFST_R_LFSD2POP(1.0)	17/04/26 11:00:00	A	UNK	T	Y_GE15	THS_PER	FRC1	2016	12.9		
ESTAT:LFST_R_LFSD2POP(1.0)	17/04/26 11:00:00	A	UNK	T	Y_GE15	THS_PER	FRC2	2016	8.4	u	
ESTAT:LFST_R_LFSD2POP(1.0)	17/04/26 11:00:00	A	UNK	T	Y_GE15	THS_PER	FRD1	2016	11.7		
ESTAT:LFST_R_LFSD2POP(1.0)	17/04/26 11:00:00	A	UNK	T	Y_GE15	THS_PER	FRD2	2016	11.9		
ESTAT:LFST_R_LFSD2POP(1.0)	17/04/26 11:00:00	A	UNK	T	Y_GE15	THS_PER	FRE1	2016	26.3		
ESTAT:LFST_R_LFSD2POP(1.0)	17/04/26 11:00:00	A	UNK	T	Y_GE15	THS_PER	FRE2	2016	15.1		
ESTAT:LFST_R_LFSD2POP(1.0)	17/04/26 11:00:00	A	UNK	T	Y_GE15	THS_PER	FRF1	2016	11.4		
ESTAT:LFST_R_LFSD2POP(1.0)	17/04/26 11:00:00	A	UNK	T	Y_GE15	THS_PER	FRF2	2016	9.6	u	
ESTAT:LFST_R_LFSD2POP(1.0)	17/04/26 11:00:00	A	UNK	T	Y_GE15	THS_PER	FRF3	2016	17.2		
ESTAT:LFST_R_LFSD2POP(1.0)	17/04/26 11:00:00	A	UNK	T	Y_GE15	THS_PER	FRG0	2016	29.2		
ESTAT:LFST_R_LFSD2POP(1.0)	17/04/26 11:00:00	A	UNK	T	Y_GE15	THS_PER	FRH0	2016	24.8		
ESTAT:LFST_R_LFSD2POP(1.0)	17/04/26 11:00:00	A	UNK	T	Y_GE15	THS_PER	FRI1	2016	34.3		
ESTAT:LFST_R_LFSD2POP(1.0)	17/04/26 11:00:00	A	UNK	T	Y_GE15	THS_PER	FRI2	2016	8.6	u	
ESTAT:LFST_R_LFSD2POP(1.0)	17/04/26 11:00:00	A	UNK	T	Y_GE15	THS_PER	FRI3	2016	19.8		
ESTAT:LFST_R_LFSD2POP(1.0)	17/04/26 11:00:00	A	UNK	T	Y_GE15	THS_PER	FRJ1	2016	23.4		
ESTAT:LFST_R_LFSD2POP(1.0)	17/04/26 11:00:00	A	UNK	T	Y_GE15	THS_PER	FRJ2	2016	29.5		
ESTAT:LFST_R_LFSD2POP(1.0)	17/04/26 11:00:00	A	UNK	T	Y_GE15	THS_PER	FRK1	2016	12.0		
ESTAT:LFST_R_LFSD2POP(1.0)	17/04/26 11:00:00	A	UNK	T	Y_GE15	THS_PER	FRK2	2016	51.1		
ESTAT:LFST_R_LFSD2POP(1.0)	17/04/26 11:00:00	A	UNK	T	Y_GE15	THS_PER	FRL0	2016	42.8		
ESTAT:LFST_R_LFSD2POP(1.0)	17/04/26 11:00:00	A	UNK	T	Y_GE15	THS_PER	FRM0	2016	17.9	u	
ESTAT:LFST_R_LFSD2POP(1.0)	17/04/26 11:00:00	A	UNK	T	Y_GE25	THS_PER	FR10	2016	81.0		
ESTAT:LFST_R_LFSD2POP(1.0)	17/04/26 11:00:00	A	UNK	T	Y_GE25	THS_PER	FRB0	2016	22.9		
ESTAT:LFST_R_LFSD2POP(1.0)	17/04/26 11:00:00	A	UNK	T	Y_GE25	THS_PER	FRC1	2016	12.9		
ESTAT:LFST_R_LFSD2POP(1.0)	17/04/26 11:00:00	A	UNK	T	Y_GE25	THS_PER	FRC2	2016	8.4	u	
ESTAT:LFST_R_LFSD2POP(1.0)	17/04/26 11:00:00	A	UNK	T	Y_GE25	THS_PER	FRD1	2016	11.7		
ESTAT:LFST_R_LFSD2POP(1.0)	17/04/26 11:00:00	A	UNK	T	Y_GE25	THS_PER	FRD2	2016	11.9		
ESTAT:LFST_R_LFSD2POP(1.0)	17/04/26 11:00:00	A	UNK	T	Y_GE25	THS_PER	FRE1	2016	26.3		
ESTAT:LFST_R_LFSD2POP(1.0)	17/04/26 11:00:00	A	UNK	T	Y_GE25	THS_PER	FRE2	2016	15.1		
ESTAT:LFST_R_LFSD2POP(1.0)	17/04/26 11:00:00	A	UNK	T	Y_GE25	THS_PER	FRF1	2016	11.4		
ESTAT:LFST_R_LFSD2POP(1.0)	17/04/26 11:00:00	A	UNK	T	Y_GE25	THS_PER	FRF2	2016	9.6	u	
ESTAT:LFST_R_LFSD2POP(1.0)	17/04/26 11:00:00	A	UNK	T	Y_GE25	THS_PER	FRF3	2016	17.2		
ESTAT:LFST_R_LFSD2POP(1.0)	17/04/26 11:00:00	A	UNK	T	Y_GE25	THS_PER	FRG0	2016	29.2		
ESTAT:LFST_R_LFSD2POP(1.0)	17/04/26 11:00:00	A	UNK	T	Y_GE25	THS_PER	FRH0	2016	24.8		
ESTAT:LFST_R_LFSD2POP(1.0)	17/04/26 11:00:00	A	UNK	T	Y_GE25	THS_PER	FRI1	2016	34.3		
ESTAT:LFST_R_LFSD2POP(1.0)	17/04/26 11:00:00	A	UNK	T	Y_GE25	THS_PER	FRI2	2016	8.6	u	
ESTAT:LFST_R_LFSD2POP(1.0)	17/04/26 11:00:00	A	UNK	T	Y_GE25	THS_PER	FRI3	2016	19.8		
ESTAT:LFST_R_LFSD2POP(1.0)	17/04/26 11:00:00	A	UNK	T	Y_GE25	THS_PER	FRJ1	2016	23.4		
ESTAT:LFST_R_LFSD2POP(1.0)	17/04/26 11:00:00	A	UNK	T	Y_GE25	THS_PER	FRJ2	2016	29.5		
ESTAT:LFST_R_LFSD2POP(1.0)	17/04/26 11:00:00	A	UNK	T	Y_GE25	THS_PER	FRK1	2016	12.0		
ESTAT:LFST_R_LFSD2POP(1.0)	17/04/26 11:00:00	A	UNK	T	Y_GE25	THS_PER	FRK2	2016	51.1		
ESTAT:LFST_R_LFSD2POP(1.0)	17/04/26 11:00:00	A	UNK	T	Y_GE25	THS_PER	FRL0	2016	42.8		
ESTAT:LFST_R_LFSD2POP(1.0)	17/04/26 11:00:00	A	UNK	T	Y_GE25	THS_PER	FRM0	2016	17.9	u	
ESTAT:LFST_R_LFSD2POP(1.0)	17/04/26 11:00:00	A	UNK	T	Y_GE65	THS_PER	FR10	2016	81.0		
ESTAT:LFST_R_LFSD2POP(1.0)	17/04/26 11:00:00	A	UNK	T	Y_GE65	THS_PER	FRB0	2016	22.9		
ESTAT:LFST_R_LFSD2POP(1.0)	17/04/26 11:00:00	A	UNK	T	Y_GE65	THS_PER	FRC1	2016	12.9		
ESTAT:LFST_R_LFSD2POP(1.0)	17/04/26 11:00:00	A	UNK	T	Y_GE65	THS_PER	FRC2	2016	8.4	u	
ESTAT:LFST_R_LFSD2POP(1.0)	17/04/26 11:00:00	A	UNK	T	Y_GE65	THS_PER	FRD1	2016	11.7		
ESTAT:LFST_R_LFSD2POP(1.0)	17/04/26 11:00:00	A	UNK	T	Y_GE65	THS_PER	FRD2	2016	11.9		
ESTAT:LFST_R_LFSD2POP(1.0)	17/04/26 11:00:00	A	UNK	T	Y_GE65	THS_PER	FRE1	2016	26.3		
ESTAT:LFST_R_LFSD2POP(1.0)	17/04/26 11:00:00	A	UNK	T	Y_GE65	THS_PER	FRE2	2016	15.1		
ESTAT:LFST_R_LFSD2POP(1.0)	17/04/26 11:00:00	A	UNK	T	Y_GE65	THS_PER	FRF1	2016	11.4		
ESTAT:LFST_R_LFSD2POP(1.0)	17/04/26 11:00:00	A	UNK	T	Y_GE65	THS_PER	FRF2	2016	9.6	u	
ESTAT:LFST_R_LFSD2POP(1.0)	17/04/26 11:00:00	A	UNK	T	Y_GE65	THS_PER	FRF3	2016	17.2		
ESTAT:LFST_R_LFSD2POP(1.0)	17/04/26 11:00:00	A	UNK	T	Y_GE65	THS_PER	FRG0	2016	29.2		
ESTAT:LFST_R_LFSD2POP(1.0)	17/04/26 11:00:00	A	UNK	T	Y_GE65	THS_PER	FRH0	2016	24.8		
ESTAT:LFST_R_LFSD2POP(1.0)	17/04/26 11:00:00	A	UNK	T	Y_GE65	THS_PER	FRI1	2016	34.3		
ESTAT:LFST_R_LFSD2POP(1.0)	17/04/26 11:00:00	A	UNK	T	Y_GE65	THS_PER	FRI2	2016	8.6	u	
ESTAT:LFST_R_LFSD2POP(1.0)	17/04/26 11:00:00	A	UNK	T	Y_GE65	THS_PER	FRI3	2016	19.8		
ESTAT:LFST_R_LFSD2POP(1.0)	17/04/26 11:00:00	A	UNK	T	Y_GE65	THS_PER	FRJ1	2016	23.4		
ESTAT:LFST_R_LFSD2POP(1.0)	17/04/26 11:00:00	A	UNK	T	Y_GE65	THS_PER	FRJ2	2016	29.5		
ESTAT:LFST_R_LFSD2POP(1.0)	17/04/26 11:00:00	A	UNK	T	Y_GE65	THS_PER	FRK1	2016	12.0		
ESTAT:LFST_R_LFSD2POP(1.0)	17/04/26 11:00:00	A	UNK	T	Y_GE65	THS_PER	FRK2	2016	51.1		
ESTAT:LFST_R_LFSD2POP(1.0)	17/04/26 11:00:00	A	UNK	T	Y_GE65	THS_PER	FRL0	2016	42.8		
ESTAT:LFST_R_LFSD2POP(1.0)	17/04/26 11:00:00	A	UNK	T	Y_GE65	THS_PER	FRM0	2016	17.9	u	
